{
    "model.layers.0.self_attn.q_proj": 813.6921997070312,
    "model.layers.0.self_attn.k_proj": 813.6981811523438,
    "model.layers.0.self_attn.v_proj": 813.6676635742188,
    "model.layers.0.self_attn.o_proj": 814.21044921875,
    "model.layers.0.mlp.gate_proj": 1188.4779052734375,
    "model.layers.0.mlp.up_proj": 1188.6414794921875,
    "model.layers.0.mlp.down_proj": 1186.6776123046875,
    "model.layers.1.self_attn.q_proj": 813.5818481445312,
    "model.layers.1.self_attn.k_proj": 809.3562622070312,
    "model.layers.1.self_attn.v_proj": 793.8681030273438,
    "model.layers.1.self_attn.o_proj": 823.9412841796875,
    "model.layers.1.mlp.gate_proj": 1194.1546630859375,
    "model.layers.1.mlp.up_proj": 1185.392333984375,
    "model.layers.1.mlp.down_proj": 1177.2099609375,
    "model.layers.2.self_attn.q_proj": 811.8681640625,
    "model.layers.2.self_attn.k_proj": 819.5368041992188,
    "model.layers.2.self_attn.v_proj": 976.8272094726562,
    "model.layers.2.self_attn.o_proj": 844.6844482421875,
    "model.layers.2.mlp.gate_proj": 1182.0233154296875,
    "model.layers.2.mlp.up_proj": 1195.093994140625,
    "model.layers.2.mlp.down_proj": 1190.5198974609375,
    "model.layers.3.self_attn.q_proj": 818.2769775390625,
    "model.layers.3.self_attn.k_proj": 750.0562744140625,
    "model.layers.3.self_attn.v_proj": 873.3846435546875,
    "model.layers.3.self_attn.o_proj": 817.057861328125,
    "model.layers.3.mlp.gate_proj": 1185.7845458984375,
    "model.layers.3.mlp.up_proj": 1189.272216796875,
    "model.layers.3.mlp.down_proj": 1205.3818359375,
    "model.layers.4.self_attn.q_proj": 787.1907958984375,
    "model.layers.4.self_attn.k_proj": 816.0106201171875,
    "model.layers.4.self_attn.v_proj": 854.9868774414062,
    "model.layers.4.self_attn.o_proj": 806.5453491210938,
    "model.layers.4.mlp.gate_proj": 1183.6282958984375,
    "model.layers.4.mlp.up_proj": 1200.7923583984375,
    "model.layers.4.mlp.down_proj": 1173.830078125,
    "model.layers.5.self_attn.q_proj": 784.72265625,
    "model.layers.5.self_attn.k_proj": 945.9054565429688,
    "model.layers.5.self_attn.v_proj": 937.1820678710938,
    "model.layers.5.self_attn.o_proj": 768.1944580078125,
    "model.layers.5.mlp.gate_proj": 1212.7059326171875,
    "model.layers.5.mlp.up_proj": 1182.114013671875,
    "model.layers.5.mlp.down_proj": 1179.286865234375,
    "model.layers.6.self_attn.q_proj": 823.427001953125,
    "model.layers.6.self_attn.k_proj": 825.4544677734375,
    "model.layers.6.self_attn.v_proj": 924.3157348632812,
    "model.layers.6.self_attn.o_proj": 774.7755737304688,
    "model.layers.6.mlp.gate_proj": 1190.185791015625,
    "model.layers.6.mlp.up_proj": 1146.7960205078125,
    "model.layers.6.mlp.down_proj": 1153.4505615234375,
    "model.layers.7.self_attn.q_proj": 839.1124877929688,
    "model.layers.7.self_attn.k_proj": 954.229248046875,
    "model.layers.7.self_attn.v_proj": 948.9971313476562,
    "model.layers.7.self_attn.o_proj": 781.1432495117188,
    "model.layers.7.mlp.gate_proj": 1193.2496337890625,
    "model.layers.7.mlp.up_proj": 1200.2601318359375,
    "model.layers.7.mlp.down_proj": 1223.1395263671875,
    "model.layers.8.self_attn.q_proj": 820.2440795898438,
    "model.layers.8.self_attn.k_proj": 876.3987426757812,
    "model.layers.8.self_attn.v_proj": 941.9310913085938,
    "model.layers.8.self_attn.o_proj": 844.5961303710938,
    "model.layers.8.mlp.gate_proj": 1149.696533203125,
    "model.layers.8.mlp.up_proj": 1180.861083984375,
    "model.layers.8.mlp.down_proj": 1174.5291748046875,
    "model.layers.9.self_attn.q_proj": 794.3170776367188,
    "model.layers.9.self_attn.k_proj": 847.9058227539062,
    "model.layers.9.self_attn.v_proj": 861.4678344726562,
    "model.layers.9.self_attn.o_proj": 801.0189208984375,
    "model.layers.9.mlp.gate_proj": 1173.554931640625,
    "model.layers.9.mlp.up_proj": 1178.653076171875,
    "model.layers.9.mlp.down_proj": 1197.126708984375,
    "model.layers.10.self_attn.q_proj": 805.1685180664062,
    "model.layers.10.self_attn.k_proj": 910.9395751953125,
    "model.layers.10.self_attn.v_proj": 788.5538940429688,
    "model.layers.10.self_attn.o_proj": 781.3641967773438,
    "model.layers.10.mlp.gate_proj": 1154.0302734375,
    "model.layers.10.mlp.up_proj": 1178.2265625,
    "model.layers.10.mlp.down_proj": 1211.5103759765625,
    "model.layers.11.self_attn.q_proj": 818.2691650390625,
    "model.layers.11.self_attn.k_proj": 846.2041015625,
    "model.layers.11.self_attn.v_proj": 918.7293090820312,
    "model.layers.11.self_attn.o_proj": 761.8803100585938,
    "model.layers.11.mlp.gate_proj": 1175.1572265625,
    "model.layers.11.mlp.up_proj": 1180.956298828125,
    "model.layers.11.mlp.down_proj": 1195.6971435546875,
    "model.layers.12.self_attn.q_proj": 814.4970092773438,
    "model.layers.12.self_attn.k_proj": 853.0956420898438,
    "model.layers.12.self_attn.v_proj": 898.2388305664062,
    "model.layers.12.self_attn.o_proj": 772.777099609375,
    "model.layers.12.mlp.gate_proj": 1175.095703125,
    "model.layers.12.mlp.up_proj": 1186.82861328125,
    "model.layers.12.mlp.down_proj": 1180.78564453125,
    "model.layers.13.self_attn.q_proj": 817.774658203125,
    "model.layers.13.self_attn.k_proj": 833.296142578125,
    "model.layers.13.self_attn.v_proj": 917.3644409179688,
    "model.layers.13.self_attn.o_proj": 787.039794921875,
    "model.layers.13.mlp.gate_proj": 1183.4134521484375,
    "model.layers.13.mlp.up_proj": 1179.40380859375,
    "model.layers.13.mlp.down_proj": 1186.19775390625,
    "model.layers.14.self_attn.q_proj": 812.43505859375,
    "model.layers.14.self_attn.k_proj": 820.2286987304688,
    "model.layers.14.self_attn.v_proj": 887.2239990234375,
    "model.layers.14.self_attn.o_proj": 786.6693725585938,
    "model.layers.14.mlp.gate_proj": 1179.982421875,
    "model.layers.14.mlp.up_proj": 1187.31982421875,
    "model.layers.14.mlp.down_proj": 1186.2064208984375,
    "model.layers.15.self_attn.q_proj": 806.1467895507812,
    "model.layers.15.self_attn.k_proj": 885.3655395507812,
    "model.layers.15.self_attn.v_proj": 965.9736328125,
    "model.layers.15.self_attn.o_proj": 792.2883911132812,
    "model.layers.15.mlp.gate_proj": 1184.526611328125,
    "model.layers.15.mlp.up_proj": 1181.6024169921875,
    "model.layers.15.mlp.down_proj": 1198.190185546875,
    "model.layers.16.self_attn.q_proj": 795.7568359375,
    "model.layers.16.self_attn.k_proj": 821.243896484375,
    "model.layers.16.self_attn.v_proj": 906.5160522460938,
    "model.layers.16.self_attn.o_proj": 689.7356567382812,
    "model.layers.16.mlp.gate_proj": 1176.263427734375,
    "model.layers.16.mlp.up_proj": 1183.690673828125,
    "model.layers.16.mlp.down_proj": 1171.98046875,
    "model.layers.17.self_attn.q_proj": 810.3767700195312,
    "model.layers.17.self_attn.k_proj": 838.5634155273438,
    "model.layers.17.self_attn.v_proj": 877.9661865234375,
    "model.layers.17.self_attn.o_proj": 770.4593505859375,
    "model.layers.17.mlp.gate_proj": 1179.6715087890625,
    "model.layers.17.mlp.up_proj": 1195.96533203125,
    "model.layers.17.mlp.down_proj": 1190.25341796875,
    "model.layers.18.self_attn.q_proj": 806.8344116210938,
    "model.layers.18.self_attn.k_proj": 854.2803344726562,
    "model.layers.18.self_attn.v_proj": 888.7127075195312,
    "model.layers.18.self_attn.o_proj": 765.5370483398438,
    "model.layers.18.mlp.gate_proj": 1187.4169921875,
    "model.layers.18.mlp.up_proj": 1192.967041015625,
    "model.layers.18.mlp.down_proj": 1188.8880615234375,
    "model.layers.19.self_attn.q_proj": 812.0145874023438,
    "model.layers.19.self_attn.k_proj": 812.0256958007812,
    "model.layers.19.self_attn.v_proj": 878.6707763671875,
    "model.layers.19.self_attn.o_proj": 786.8121337890625,
    "model.layers.19.mlp.gate_proj": 1219.587158203125,
    "model.layers.19.mlp.up_proj": 1218.3511962890625,
    "model.layers.19.mlp.down_proj": 1201.47802734375,
    "model.layers.20.self_attn.q_proj": 816.7677612304688,