{
    "model.layers.0.self_attn.q_proj": 817.0305786132812,
    "model.layers.0.self_attn.k_proj": 817.0228271484375,
    "model.layers.0.self_attn.v_proj": 816.9921264648438,
    "model.layers.0.self_attn.o_proj": 817.809814453125,
    "model.layers.0.mlp.gate_proj": 1191.8297119140625,
    "model.layers.0.mlp.up_proj": 1191.9862060546875,
    "model.layers.0.mlp.down_proj": 1189.716796875,
    "model.layers.1.self_attn.q_proj": 817.77880859375,
    "model.layers.1.self_attn.k_proj": 814.6287231445312,
    "model.layers.1.self_attn.v_proj": 799.1444702148438,
    "model.layers.1.self_attn.o_proj": 823.1410522460938,
    "model.layers.1.mlp.gate_proj": 1195.9124755859375,
    "model.layers.1.mlp.up_proj": 1189.640869140625,
    "model.layers.1.mlp.down_proj": 1182.6629638671875,
    "model.layers.2.self_attn.q_proj": 816.8474731445312,
    "model.layers.2.self_attn.k_proj": 821.32421875,
    "model.layers.2.self_attn.v_proj": 925.2686767578125,
    "model.layers.2.self_attn.o_proj": 841.8181762695312,
    "model.layers.2.mlp.gate_proj": 1185.63037109375,
    "model.layers.2.mlp.up_proj": 1200.5697021484375,
    "model.layers.2.mlp.down_proj": 1195.51416015625,
    "model.layers.3.self_attn.q_proj": 818.082763671875,
    "model.layers.3.self_attn.k_proj": 784.2432861328125,
    "model.layers.3.self_attn.v_proj": 868.1801147460938,
    "model.layers.3.self_attn.o_proj": 811.2492065429688,
    "model.layers.3.mlp.gate_proj": 1199.576171875,
    "model.layers.3.mlp.up_proj": 1191.74853515625,
    "model.layers.3.mlp.down_proj": 1192.395751953125,
    "model.layers.4.self_attn.q_proj": 795.6058959960938,
    "model.layers.4.self_attn.k_proj": 796.025634765625,
    "model.layers.4.self_attn.v_proj": 848.93359375,
    "model.layers.4.self_attn.o_proj": 796.8978271484375,
    "model.layers.4.mlp.gate_proj": 1180.9576416015625,
    "model.layers.4.mlp.up_proj": 1208.5001220703125,
    "model.layers.4.mlp.down_proj": 1180.8197021484375,
    "model.layers.5.self_attn.q_proj": 795.4530029296875,
    "model.layers.5.self_attn.k_proj": 908.7127685546875,
    "model.layers.5.self_attn.v_proj": 910.9537353515625,
    "model.layers.5.self_attn.o_proj": 767.8526611328125,
    "model.layers.5.mlp.gate_proj": 1207.4400634765625,
    "model.layers.5.mlp.up_proj": 1186.2379150390625,
    "model.layers.5.mlp.down_proj": 1179.40869140625,
    "model.layers.6.self_attn.q_proj": 826.473388671875,
    "model.layers.6.self_attn.k_proj": 826.7662963867188,
    "model.layers.6.self_attn.v_proj": 890.9542846679688,
    "model.layers.6.self_attn.o_proj": 784.154541015625,
    "model.layers.6.mlp.gate_proj": 1199.211181640625,
    "model.layers.6.mlp.up_proj": 1154.751953125,
    "model.layers.6.mlp.down_proj": 1157.6971435546875,
    "model.layers.7.self_attn.q_proj": 837.4439697265625,
    "model.layers.7.self_attn.k_proj": 922.0457153320312,
    "model.layers.7.self_attn.v_proj": 926.8002319335938,
    "model.layers.7.self_attn.o_proj": 772.7110595703125,
    "model.layers.7.mlp.gate_proj": 1197.07568359375,
    "model.layers.7.mlp.up_proj": 1194.0213623046875,
    "model.layers.7.mlp.down_proj": 1212.234130859375,
    "model.layers.8.self_attn.q_proj": 839.7388305664062,
    "model.layers.8.self_attn.k_proj": 863.66796875,
    "model.layers.8.self_attn.v_proj": 913.7518920898438,
    "model.layers.8.self_attn.o_proj": 835.968017578125,
    "model.layers.8.mlp.gate_proj": 1162.4898681640625,
    "model.layers.8.mlp.up_proj": 1188.4036865234375,
    "model.layers.8.mlp.down_proj": 1185.1802978515625,
    "model.layers.9.self_attn.q_proj": 812.6199951171875,
    "model.layers.9.self_attn.k_proj": 843.1956176757812,
    "model.layers.9.self_attn.v_proj": 858.35986328125,
    "model.layers.9.self_attn.o_proj": 813.5958862304688,
    "model.layers.9.mlp.gate_proj": 1183.7374267578125,
    "model.layers.9.mlp.up_proj": 1185.84033203125,
    "model.layers.9.mlp.down_proj": 1190.4107666015625,
    "model.layers.10.self_attn.q_proj": 810.7213134765625,
    "model.layers.10.self_attn.k_proj": 887.9471435546875,
    "model.layers.10.self_attn.v_proj": 804.6950073242188,
    "model.layers.10.self_attn.o_proj": 793.6058959960938,
    "model.layers.10.mlp.gate_proj": 1166.4998779296875,
    "model.layers.10.mlp.up_proj": 1177.344482421875,
    "model.layers.10.mlp.down_proj": 1216.26611328125,
    "model.layers.11.self_attn.q_proj": 813.1187744140625,
    "model.layers.11.self_attn.k_proj": 814.0711669921875,
    "model.layers.11.self_attn.v_proj": 862.2307739257812,
    "model.layers.11.self_attn.o_proj": 784.6312255859375,
    "model.layers.11.mlp.gate_proj": 1180.8758544921875,
    "model.layers.11.mlp.up_proj": 1189.8582763671875,
    "model.layers.11.mlp.down_proj": 1199.8013916015625,
    "model.layers.12.self_attn.q_proj": 813.8714599609375,
    "model.layers.12.self_attn.k_proj": 842.3568725585938,
    "model.layers.12.self_attn.v_proj": 875.1056518554688,
    "model.layers.12.self_attn.o_proj": 792.5736083984375,
    "model.layers.12.mlp.gate_proj": 1184.214111328125,
    "model.layers.12.mlp.up_proj": 1188.189697265625,
    "model.layers.12.mlp.down_proj": 1194.08740234375,
    "model.layers.13.self_attn.q_proj": 817.2545776367188,
    "model.layers.13.self_attn.k_proj": 833.1847534179688,
    "model.layers.13.self_attn.v_proj": 912.0608520507812,
    "model.layers.13.self_attn.o_proj": 794.4749755859375,
    "model.layers.13.mlp.gate_proj": 1186.8515625,
    "model.layers.13.mlp.up_proj": 1193.72802734375,
    "model.layers.13.mlp.down_proj": 1191.242431640625,
    "model.layers.14.self_attn.q_proj": 811.2601928710938,
    "model.layers.14.self_attn.k_proj": 821.53173828125,
    "model.layers.14.self_attn.v_proj": 870.9834594726562,
    "model.layers.14.self_attn.o_proj": 799.8097534179688,
    "model.layers.14.mlp.gate_proj": 1186.983154296875,
    "model.layers.14.mlp.up_proj": 1192.8868408203125,
    "model.layers.14.mlp.down_proj": 1193.4404296875,
    "model.layers.15.self_attn.q_proj": 812.4814453125,
    "model.layers.15.self_attn.k_proj": 867.919189453125,
    "model.layers.15.self_attn.v_proj": 908.4060668945312,
    "model.layers.15.self_attn.o_proj": 798.0872192382812,
    "model.layers.15.mlp.gate_proj": 1195.0340576171875,
    "model.layers.15.mlp.up_proj": 1184.267822265625,
    "model.layers.15.mlp.down_proj": 1199.1419677734375,
    "model.layers.16.self_attn.q_proj": 811.1797485351562,
    "model.layers.16.self_attn.k_proj": 825.3826293945312,
    "model.layers.16.self_attn.v_proj": 877.2958374023438,
    "model.layers.16.self_attn.o_proj": 738.6349487304688,
    "model.layers.16.mlp.gate_proj": 1183.11865234375,
    "model.layers.16.mlp.up_proj": 1188.2930908203125,
    "model.layers.16.mlp.down_proj": 1181.7430419921875,
    "model.layers.17.self_attn.q_proj": 815.5161743164062,
    "model.layers.17.self_attn.k_proj": 835.0489501953125,
    "model.layers.17.self_attn.v_proj": 854.0675659179688,
    "model.layers.17.self_attn.o_proj": 788.6119384765625,
    "model.layers.17.mlp.gate_proj": 1190.095947265625,
    "model.layers.17.mlp.up_proj": 1201.211669921875,
    "model.layers.17.mlp.down_proj": 1195.6114501953125,
    "model.layers.18.self_attn.q_proj": 814.0433959960938,
    "model.layers.18.self_attn.k_proj": 841.3178100585938,
    "model.layers.18.self_attn.v_proj": 853.9719848632812,
    "model.layers.18.self_attn.o_proj": 788.8687133789062,
    "model.layers.18.mlp.gate_proj": 1193.232177734375,
    "model.layers.18.mlp.up_proj": 1194.7196044921875,
    "model.layers.18.mlp.down_proj": 1193.92041015625,
    "model.layers.19.self_attn.q_proj": 815.1851196289062,
    "model.layers.19.self_attn.k_proj": 817.5307006835938,
    "model.layers.19.self_attn.v_proj": 856.7062377929688,
    "model.layers.19.self_attn.o_proj": 802.1993408203125,
    "model.layers.19.mlp.gate_proj": 1207.3070068359375,
    "model.layers.19.mlp.up_proj": 1212.79541015625,
    "model.layers.19.mlp.down_proj": 1199.48486328125,
    "model.layers.20.self_attn.q_proj": 823.0537109375,