{
    "model.layers.0.self_attn.q_proj": 813.5967407226562,
    "model.layers.0.self_attn.k_proj": 813.6077270507812,
    "model.layers.0.self_attn.v_proj": 813.5784912109375,
    "model.layers.0.self_attn.o_proj": 814.1254272460938,
    "model.layers.0.mlp.gate_proj": 1188.3831787109375,
    "model.layers.0.mlp.up_proj": 1188.555419921875,
    "model.layers.0.mlp.down_proj": 1186.91064453125,
    "model.layers.1.self_attn.q_proj": 812.533203125,
    "model.layers.1.self_attn.k_proj": 809.2169189453125,
    "model.layers.1.self_attn.v_proj": 790.8839721679688,
    "model.layers.1.self_attn.o_proj": 822.2188110351562,
    "model.layers.1.mlp.gate_proj": 1194.2255859375,
    "model.layers.1.mlp.up_proj": 1185.3017578125,
    "model.layers.1.mlp.down_proj": 1175.98828125,
    "model.layers.2.self_attn.q_proj": 813.1685791015625,
    "model.layers.2.self_attn.k_proj": 820.0205688476562,
    "model.layers.2.self_attn.v_proj": 988.206787109375,
    "model.layers.2.self_attn.o_proj": 847.830810546875,
    "model.layers.2.mlp.gate_proj": 1182.7598876953125,
    "model.layers.2.mlp.up_proj": 1196.5299072265625,
    "model.layers.2.mlp.down_proj": 1191.919189453125,
    "model.layers.3.self_attn.q_proj": 817.2135620117188,
    "model.layers.3.self_attn.k_proj": 743.568603515625,
    "model.layers.3.self_attn.v_proj": 874.7095947265625,
    "model.layers.3.self_attn.o_proj": 816.5899047851562,
    "model.layers.3.mlp.gate_proj": 1183.525146484375,
    "model.layers.3.mlp.up_proj": 1190.2515869140625,
    "model.layers.3.mlp.down_proj": 1201.4984130859375,
    "model.layers.4.self_attn.q_proj": 783.9267578125,
    "model.layers.4.self_attn.k_proj": 810.33740234375,
    "model.layers.4.self_attn.v_proj": 842.0969848632812,
    "model.layers.4.self_attn.o_proj": 806.7079467773438,
    "model.layers.4.mlp.gate_proj": 1187.2708740234375,
    "model.layers.4.mlp.up_proj": 1200.8115234375,
    "model.layers.4.mlp.down_proj": 1178.2548828125,
    "model.layers.5.self_attn.q_proj": 787.4531860351562,
    "model.layers.5.self_attn.k_proj": 955.4671630859375,
    "model.layers.5.self_attn.v_proj": 939.4456787109375,
    "model.layers.5.self_attn.o_proj": 759.7279663085938,
    "model.layers.5.mlp.gate_proj": 1203.8013916015625,
    "model.layers.5.mlp.up_proj": 1181.9588623046875,
    "model.layers.5.mlp.down_proj": 1176.69384765625,
    "model.layers.6.self_attn.q_proj": 822.04443359375,
    "model.layers.6.self_attn.k_proj": 824.7823486328125,
    "model.layers.6.self_attn.v_proj": 928.9425659179688,
    "model.layers.6.self_attn.o_proj": 773.2352905273438,
    "model.layers.6.mlp.gate_proj": 1190.5245361328125,
    "model.layers.6.mlp.up_proj": 1146.6680908203125,
    "model.layers.6.mlp.down_proj": 1149.9447021484375,
    "model.layers.7.self_attn.q_proj": 835.9527587890625,
    "model.layers.7.self_attn.k_proj": 966.3063354492188,
    "model.layers.7.self_attn.v_proj": 959.1465454101562,
    "model.layers.7.self_attn.o_proj": 784.322021484375,
    "model.layers.7.mlp.gate_proj": 1192.59130859375,
    "model.layers.7.mlp.up_proj": 1198.2801513671875,
    "model.layers.7.mlp.down_proj": 1223.997314453125,
    "model.layers.8.self_attn.q_proj": 820.2045288085938,
    "model.layers.8.self_attn.k_proj": 882.1091918945312,
    "model.layers.8.self_attn.v_proj": 946.1336059570312,
    "model.layers.8.self_attn.o_proj": 847.2528076171875,
    "model.layers.8.mlp.gate_proj": 1146.3643798828125,
    "model.layers.8.mlp.up_proj": 1181.8968505859375,
    "model.layers.8.mlp.down_proj": 1170.86083984375,
    "model.layers.9.self_attn.q_proj": 788.3716430664062,
    "model.layers.9.self_attn.k_proj": 856.602783203125,
    "model.layers.9.self_attn.v_proj": 873.717529296875,
    "model.layers.9.self_attn.o_proj": 794.663330078125,
    "model.layers.9.mlp.gate_proj": 1170.23828125,
    "model.layers.9.mlp.up_proj": 1177.5078125,
    "model.layers.9.mlp.down_proj": 1196.286865234375,
    "model.layers.10.self_attn.q_proj": 804.5601196289062,
    "model.layers.10.self_attn.k_proj": 919.8567504882812,
    "model.layers.10.self_attn.v_proj": 794.0288696289062,
    "model.layers.10.self_attn.o_proj": 779.7333374023438,
    "model.layers.10.mlp.gate_proj": 1150.2730712890625,
    "model.layers.10.mlp.up_proj": 1181.2269287109375,
    "model.layers.10.mlp.down_proj": 1208.1053466796875,
    "model.layers.11.self_attn.q_proj": 820.298828125,
    "model.layers.11.self_attn.k_proj": 849.0419311523438,
    "model.layers.11.self_attn.v_proj": 921.5300903320312,
    "model.layers.11.self_attn.o_proj": 762.620849609375,
    "model.layers.11.mlp.gate_proj": 1172.65869140625,
    "model.layers.11.mlp.up_proj": 1181.57177734375,
    "model.layers.11.mlp.down_proj": 1195.6766357421875,
    "model.layers.12.self_attn.q_proj": 815.35986328125,
    "model.layers.12.self_attn.k_proj": 856.38818359375,
    "model.layers.12.self_attn.v_proj": 906.638916015625,
    "model.layers.12.self_attn.o_proj": 770.3765869140625,
    "model.layers.12.mlp.gate_proj": 1172.3377685546875,
    "model.layers.12.mlp.up_proj": 1188.1756591796875,
    "model.layers.12.mlp.down_proj": 1180.13916015625,
    "model.layers.13.self_attn.q_proj": 817.7758178710938,
    "model.layers.13.self_attn.k_proj": 833.1610107421875,
    "model.layers.13.self_attn.v_proj": 921.2240600585938,
    "model.layers.13.self_attn.o_proj": 781.4420166015625,
    "model.layers.13.mlp.gate_proj": 1184.25244140625,
    "model.layers.13.mlp.up_proj": 1182.8321533203125,
    "model.layers.13.mlp.down_proj": 1184.490234375,
    "model.layers.14.self_attn.q_proj": 810.8311157226562,
    "model.layers.14.self_attn.k_proj": 821.5829467773438,
    "model.layers.14.self_attn.v_proj": 890.2177124023438,
    "model.layers.14.self_attn.o_proj": 780.289306640625,
    "model.layers.14.mlp.gate_proj": 1176.3253173828125,
    "model.layers.14.mlp.up_proj": 1186.419677734375,
    "model.layers.14.mlp.down_proj": 1189.81640625,
    "model.layers.15.self_attn.q_proj": 805.3428344726562,
    "model.layers.15.self_attn.k_proj": 888.8085327148438,
    "model.layers.15.self_attn.v_proj": 973.5995483398438,
    "model.layers.15.self_attn.o_proj": 791.01220703125,
    "model.layers.15.mlp.gate_proj": 1183.520263671875,
    "model.layers.15.mlp.up_proj": 1180.0023193359375,
    "model.layers.15.mlp.down_proj": 1202.05810546875,
    "model.layers.16.self_attn.q_proj": 794.6118774414062,
    "model.layers.16.self_attn.k_proj": 818.6031494140625,
    "model.layers.16.self_attn.v_proj": 911.568603515625,
    "model.layers.16.self_attn.o_proj": 686.0828247070312,
    "model.layers.16.mlp.gate_proj": 1175.1334228515625,
    "model.layers.16.mlp.up_proj": 1183.7049560546875,
    "model.layers.16.mlp.down_proj": 1175.5941162109375,
    "model.layers.17.self_attn.q_proj": 809.5250854492188,
    "model.layers.17.self_attn.k_proj": 838.7569580078125,
    "model.layers.17.self_attn.v_proj": 888.9719848632812,
    "model.layers.17.self_attn.o_proj": 768.65185546875,
    "model.layers.17.mlp.gate_proj": 1178.2366943359375,
    "model.layers.17.mlp.up_proj": 1196.846435546875,
    "model.layers.17.mlp.down_proj": 1191.0152587890625,
    "model.layers.18.self_attn.q_proj": 806.8191528320312,
    "model.layers.18.self_attn.k_proj": 857.6945190429688,
    "model.layers.18.self_attn.v_proj": 890.5531005859375,
    "model.layers.18.self_attn.o_proj": 763.6214599609375,
    "model.layers.18.mlp.gate_proj": 1185.9542236328125,
    "model.layers.18.mlp.up_proj": 1194.90966796875,
    "model.layers.18.mlp.down_proj": 1187.69970703125,
    "model.layers.19.self_attn.q_proj": 811.0404052734375,
    "model.layers.19.self_attn.k_proj": 811.182373046875,
    "model.layers.19.self_attn.v_proj": 883.92236328125,
    "model.layers.19.self_attn.o_proj": 783.5490112304688,
    "model.layers.19.mlp.gate_proj": 1222.13916015625,
    "model.layers.19.mlp.up_proj": 1220.7576904296875,
    "model.layers.19.mlp.down_proj": 1203.012939453125,
    "model.layers.20.self_attn.q_proj": 815.6788940429688,