{
    "model.layers.0.self_attn.q_proj": 821.5792236328125,
    "model.layers.0.self_attn.k_proj": 821.5814208984375,
    "model.layers.0.self_attn.v_proj": 821.5656127929688,
    "model.layers.0.self_attn.o_proj": 821.7008056640625,
    "model.layers.0.mlp.gate_proj": 1196.4742431640625,
    "model.layers.0.mlp.up_proj": 1196.476806640625,
    "model.layers.0.mlp.down_proj": 1196.1368408203125,
    "model.layers.1.self_attn.q_proj": 821.5215454101562,
    "model.layers.1.self_attn.k_proj": 821.0277099609375,
    "model.layers.1.self_attn.v_proj": 820.5065307617188,
    "model.layers.1.self_attn.o_proj": 820.252685546875,
    "model.layers.1.mlp.gate_proj": 1197.3558349609375,
    "model.layers.1.mlp.up_proj": 1194.6219482421875,
    "model.layers.1.mlp.down_proj": 1193.9058837890625,
    "model.layers.2.self_attn.q_proj": 822.5474853515625,
    "model.layers.2.self_attn.k_proj": 821.7612915039062,
    "model.layers.2.self_attn.v_proj": 825.69384765625,
    "model.layers.2.self_attn.o_proj": 823.1632690429688,
    "model.layers.2.mlp.gate_proj": 1197.6451416015625,
    "model.layers.2.mlp.up_proj": 1196.127685546875,
    "model.layers.2.mlp.down_proj": 1193.29052734375,
    "model.layers.3.self_attn.q_proj": 819.0228271484375,
    "model.layers.3.self_attn.k_proj": 821.6243286132812,
    "model.layers.3.self_attn.v_proj": 826.7827758789062,
    "model.layers.3.self_attn.o_proj": 823.5751342773438,
    "model.layers.3.mlp.gate_proj": 1196.13671875,
    "model.layers.3.mlp.up_proj": 1198.396484375,
    "model.layers.3.mlp.down_proj": 1200.2620849609375,
    "model.layers.4.self_attn.q_proj": 818.0054931640625,
    "model.layers.4.self_attn.k_proj": 822.3181762695312,
    "model.layers.4.self_attn.v_proj": 817.616943359375,
    "model.layers.4.self_attn.o_proj": 812.6586303710938,
    "model.layers.4.mlp.gate_proj": 1194.90185546875,
    "model.layers.4.mlp.up_proj": 1197.7030029296875,
    "model.layers.4.mlp.down_proj": 1197.678466796875,
    "model.layers.5.self_attn.q_proj": 820.6023559570312,
    "model.layers.5.self_attn.k_proj": 820.9817504882812,
    "model.layers.5.self_attn.v_proj": 827.9622192382812,
    "model.layers.5.self_attn.o_proj": 815.8539428710938,
    "model.layers.5.mlp.gate_proj": 1197.8011474609375,
    "model.layers.5.mlp.up_proj": 1190.85693359375,
    "model.layers.5.mlp.down_proj": 1197.930908203125,
    "model.layers.6.self_attn.q_proj": 819.680419921875,
    "model.layers.6.self_attn.k_proj": 825.1635131835938,
    "model.layers.6.self_attn.v_proj": 845.279052734375,
    "model.layers.6.self_attn.o_proj": 822.1793823242188,
    "model.layers.6.mlp.gate_proj": 1211.5003662109375,
    "model.layers.6.mlp.up_proj": 1190.4117431640625,
    "model.layers.6.mlp.down_proj": 1191.8187255859375,
    "model.layers.7.self_attn.q_proj": 822.1583251953125,
    "model.layers.7.self_attn.k_proj": 826.0453491210938,
    "model.layers.7.self_attn.v_proj": 834.411865234375,
    "model.layers.7.self_attn.o_proj": 816.4880981445312,
    "model.layers.7.mlp.gate_proj": 1196.7359619140625,
    "model.layers.7.mlp.up_proj": 1191.3980712890625,
    "model.layers.7.mlp.down_proj": 1192.76171875,
    "model.layers.8.self_attn.q_proj": 832.5099487304688,
    "model.layers.8.self_attn.k_proj": 827.2207641601562,
    "model.layers.8.self_attn.v_proj": 826.6786499023438,
    "model.layers.8.self_attn.o_proj": 824.7442016601562,
    "model.layers.8.mlp.gate_proj": 1188.770263671875,
    "model.layers.8.mlp.up_proj": 1196.9090576171875,
    "model.layers.8.mlp.down_proj": 1189.72998046875,
    "model.layers.9.self_attn.q_proj": 822.7362060546875,
    "model.layers.9.self_attn.k_proj": 818.9828491210938,
    "model.layers.9.self_attn.v_proj": 820.9430541992188,
    "model.layers.9.self_attn.o_proj": 818.4951171875,
    "model.layers.9.mlp.gate_proj": 1203.75390625,
    "model.layers.9.mlp.up_proj": 1191.1400146484375,
    "model.layers.9.mlp.down_proj": 1196.80859375,
    "model.layers.10.self_attn.q_proj": 820.191650390625,
    "model.layers.10.self_attn.k_proj": 824.6883544921875,
    "model.layers.10.self_attn.v_proj": 813.2408447265625,
    "model.layers.10.self_attn.o_proj": 818.298828125,
    "model.layers.10.mlp.gate_proj": 1197.1533203125,
    "model.layers.10.mlp.up_proj": 1189.225341796875,
    "model.layers.10.mlp.down_proj": 1206.9298095703125,
    "model.layers.11.self_attn.q_proj": 823.3247680664062,
    "model.layers.11.self_attn.k_proj": 821.0828857421875,
    "model.layers.11.self_attn.v_proj": 825.356689453125,
    "model.layers.11.self_attn.o_proj": 818.4815063476562,
    "model.layers.11.mlp.gate_proj": 1193.582275390625,
    "model.layers.11.mlp.up_proj": 1191.3531494140625,
    "model.layers.11.mlp.down_proj": 1194.25732421875,
    "model.layers.12.self_attn.q_proj": 821.6985473632812,
    "model.layers.12.self_attn.k_proj": 819.3056640625,
    "model.layers.12.self_attn.v_proj": 837.0604858398438,
    "model.layers.12.self_attn.o_proj": 821.2977294921875,
    "model.layers.12.mlp.gate_proj": 1195.2930908203125,
    "model.layers.12.mlp.up_proj": 1194.7059326171875,
    "model.layers.12.mlp.down_proj": 1199.1007080078125,
    "model.layers.13.self_attn.q_proj": 817.2255859375,
    "model.layers.13.self_attn.k_proj": 825.2737426757812,
    "model.layers.13.self_attn.v_proj": 836.9041137695312,
    "model.layers.13.self_attn.o_proj": 818.1681518554688,
    "model.layers.13.mlp.gate_proj": 1194.7857666015625,
    "model.layers.13.mlp.up_proj": 1198.10107421875,
    "model.layers.13.mlp.down_proj": 1185.7801513671875,
    "model.layers.14.self_attn.q_proj": 821.1580200195312,
    "model.layers.14.self_attn.k_proj": 822.178466796875,
    "model.layers.14.self_attn.v_proj": 828.5875854492188,
    "model.layers.14.self_attn.o_proj": 818.6365356445312,
    "model.layers.14.mlp.gate_proj": 1194.7216796875,
    "model.layers.14.mlp.up_proj": 1196.2369384765625,
    "model.layers.14.mlp.down_proj": 1195.6737060546875,
    "model.layers.15.self_attn.q_proj": 819.662841796875,
    "model.layers.15.self_attn.k_proj": 825.1131591796875,
    "model.layers.15.self_attn.v_proj": 830.1688232421875,
    "model.layers.15.self_attn.o_proj": 818.6649780273438,
    "model.layers.15.mlp.gate_proj": 1199.094482421875,
    "model.layers.15.mlp.up_proj": 1193.2955322265625,
    "model.layers.15.mlp.down_proj": 1196.917236328125,
    "model.layers.16.self_attn.q_proj": 820.9020385742188,
    "model.layers.16.self_attn.k_proj": 821.6344604492188,
    "model.layers.16.self_attn.v_proj": 818.4591064453125,
    "model.layers.16.self_attn.o_proj": 818.4391479492188,
    "model.layers.16.mlp.gate_proj": 1193.592041015625,
    "model.layers.16.mlp.up_proj": 1191.17236328125,
    "model.layers.16.mlp.down_proj": 1196.67919921875,
    "model.layers.17.self_attn.q_proj": 819.6839599609375,
    "model.layers.17.self_attn.k_proj": 829.7551879882812,
    "model.layers.17.self_attn.v_proj": 824.6063232421875,
    "model.layers.17.self_attn.o_proj": 818.2147216796875,
    "model.layers.17.mlp.gate_proj": 1195.1748046875,
    "model.layers.17.mlp.up_proj": 1201.2462158203125,
    "model.layers.17.mlp.down_proj": 1197.1636962890625,
    "model.layers.18.self_attn.q_proj": 819.922607421875,
    "model.layers.18.self_attn.k_proj": 826.7925415039062,
    "model.layers.18.self_attn.v_proj": 828.2068481445312,
    "model.layers.18.self_attn.o_proj": 814.4353637695312,
    "model.layers.18.mlp.gate_proj": 1200.5325927734375,
    "model.layers.18.mlp.up_proj": 1193.0523681640625,
    "model.layers.18.mlp.down_proj": 1192.8497314453125,
    "model.layers.19.self_attn.q_proj": 819.7277221679688,
    "model.layers.19.self_attn.k_proj": 819.3946533203125,
    "model.layers.19.self_attn.v_proj": 825.3342895507812,
    "model.layers.19.self_attn.o_proj": 822.197998046875,
    "model.layers.19.mlp.gate_proj": 1197.657958984375,
    "model.layers.19.mlp.up_proj": 1200.927490234375,
    "model.layers.19.mlp.down_proj": 1193.7706298828125,