{
    "model.layers.0.self_attn.q_proj": 817.5435791015625,
    "model.layers.0.self_attn.k_proj": 817.5458984375,
    "model.layers.0.self_attn.v_proj": 817.5413818359375,
    "model.layers.0.self_attn.o_proj": 818.1717529296875,
    "model.layers.0.mlp.gate_proj": 1192.38232421875,
    "model.layers.0.mlp.up_proj": 1192.4532470703125,
    "model.layers.0.mlp.down_proj": 1192.192626953125,
    "model.layers.1.self_attn.q_proj": 818.1495971679688,
    "model.layers.1.self_attn.k_proj": 816.1649169921875,
    "model.layers.1.self_attn.v_proj": 806.9020385742188,
    "model.layers.1.self_attn.o_proj": 817.4292602539062,
    "model.layers.1.mlp.gate_proj": 1194.172607421875,
    "model.layers.1.mlp.up_proj": 1189.755615234375,
    "model.layers.1.mlp.down_proj": 1185.41162109375,
    "model.layers.2.self_attn.q_proj": 820.3946533203125,
    "model.layers.2.self_attn.k_proj": 820.0634155273438,
    "model.layers.2.self_attn.v_proj": 861.1657104492188,
    "model.layers.2.self_attn.o_proj": 823.024169921875,
    "model.layers.2.mlp.gate_proj": 1193.30224609375,
    "model.layers.2.mlp.up_proj": 1199.5643310546875,
    "model.layers.2.mlp.down_proj": 1194.526611328125,
    "model.layers.3.self_attn.q_proj": 809.59716796875,
    "model.layers.3.self_attn.k_proj": 805.514892578125,
    "model.layers.3.self_attn.v_proj": 843.742919921875,
    "model.layers.3.self_attn.o_proj": 809.1110229492188,
    "model.layers.3.mlp.gate_proj": 1189.2728271484375,
    "model.layers.3.mlp.up_proj": 1189.751708984375,
    "model.layers.3.mlp.down_proj": 1198.41162109375,
    "model.layers.4.self_attn.q_proj": 795.152099609375,
    "model.layers.4.self_attn.k_proj": 811.4702758789062,
    "model.layers.4.self_attn.v_proj": 809.8731689453125,
    "model.layers.4.self_attn.o_proj": 801.1395263671875,
    "model.layers.4.mlp.gate_proj": 1188.740966796875,
    "model.layers.4.mlp.up_proj": 1207.5255126953125,
    "model.layers.4.mlp.down_proj": 1190.13427734375,
    "model.layers.5.self_attn.q_proj": 811.8456420898438,
    "model.layers.5.self_attn.k_proj": 850.4988403320312,
    "model.layers.5.self_attn.v_proj": 879.6124877929688,
    "model.layers.5.self_attn.o_proj": 803.9556884765625,
    "model.layers.5.mlp.gate_proj": 1197.814453125,
    "model.layers.5.mlp.up_proj": 1190.1748046875,
    "model.layers.5.mlp.down_proj": 1183.0751953125,
    "model.layers.6.self_attn.q_proj": 826.6414794921875,
    "model.layers.6.self_attn.k_proj": 834.8877563476562,
    "model.layers.6.self_attn.v_proj": 866.27294921875,
    "model.layers.6.self_attn.o_proj": 795.8994750976562,
    "model.layers.6.mlp.gate_proj": 1208.0780029296875,
    "model.layers.6.mlp.up_proj": 1170.088623046875,
    "model.layers.6.mlp.down_proj": 1168.0855712890625,
    "model.layers.7.self_attn.q_proj": 820.9419555664062,
    "model.layers.7.self_attn.k_proj": 840.1867065429688,
    "model.layers.7.self_attn.v_proj": 851.0091552734375,
    "model.layers.7.self_attn.o_proj": 799.266845703125,
    "model.layers.7.mlp.gate_proj": 1193.7548828125,
    "model.layers.7.mlp.up_proj": 1190.4510498046875,
    "model.layers.7.mlp.down_proj": 1203.0020751953125,
    "model.layers.8.self_attn.q_proj": 836.0877685546875,
    "model.layers.8.self_attn.k_proj": 843.6106567382812,
    "model.layers.8.self_attn.v_proj": 870.138671875,
    "model.layers.8.self_attn.o_proj": 831.256103515625,
    "model.layers.8.mlp.gate_proj": 1177.55224609375,
    "model.layers.8.mlp.up_proj": 1201.5994873046875,
    "model.layers.8.mlp.down_proj": 1187.97021484375,
    "model.layers.9.self_attn.q_proj": 816.5286254882812,
    "model.layers.9.self_attn.k_proj": 823.1102905273438,
    "model.layers.9.self_attn.v_proj": 834.6064453125,
    "model.layers.9.self_attn.o_proj": 806.62841796875,
    "model.layers.9.mlp.gate_proj": 1181.939453125,
    "model.layers.9.mlp.up_proj": 1185.8394775390625,
    "model.layers.9.mlp.down_proj": 1186.9576416015625,
    "model.layers.10.self_attn.q_proj": 810.5000610351562,
    "model.layers.10.self_attn.k_proj": 839.4673461914062,
    "model.layers.10.self_attn.v_proj": 824.6387329101562,
    "model.layers.10.self_attn.o_proj": 800.47021484375,
    "model.layers.10.mlp.gate_proj": 1182.19921875,
    "model.layers.10.mlp.up_proj": 1184.7276611328125,
    "model.layers.10.mlp.down_proj": 1199.09423828125,
    "model.layers.11.self_attn.q_proj": 817.0076904296875,
    "model.layers.11.self_attn.k_proj": 808.8146362304688,
    "model.layers.11.self_attn.v_proj": 847.9901733398438,
    "model.layers.11.self_attn.o_proj": 803.7649536132812,
    "model.layers.11.mlp.gate_proj": 1183.78759765625,
    "model.layers.11.mlp.up_proj": 1185.5062255859375,
    "model.layers.11.mlp.down_proj": 1196.265625,
    "model.layers.12.self_attn.q_proj": 819.3944702148438,
    "model.layers.12.self_attn.k_proj": 832.13916015625,
    "model.layers.12.self_attn.v_proj": 846.4932250976562,
    "model.layers.12.self_attn.o_proj": 808.58203125,
    "model.layers.12.mlp.gate_proj": 1194.322998046875,
    "model.layers.12.mlp.up_proj": 1187.33349609375,
    "model.layers.12.mlp.down_proj": 1198.0269775390625,
    "model.layers.13.self_attn.q_proj": 812.4583129882812,
    "model.layers.13.self_attn.k_proj": 834.132568359375,
    "model.layers.13.self_attn.v_proj": 862.6863403320312,
    "model.layers.13.self_attn.o_proj": 808.2333374023438,
    "model.layers.13.mlp.gate_proj": 1189.9122314453125,
    "model.layers.13.mlp.up_proj": 1194.1429443359375,
    "model.layers.13.mlp.down_proj": 1180.2601318359375,
    "model.layers.14.self_attn.q_proj": 814.7599487304688,
    "model.layers.14.self_attn.k_proj": 822.8289794921875,
    "model.layers.14.self_attn.v_proj": 853.361572265625,
    "model.layers.14.self_attn.o_proj": 807.4878540039062,
    "model.layers.14.mlp.gate_proj": 1188.2918701171875,
    "model.layers.14.mlp.up_proj": 1195.2611083984375,
    "model.layers.14.mlp.down_proj": 1196.0855712890625,
    "model.layers.15.self_attn.q_proj": 811.6834106445312,
    "model.layers.15.self_attn.k_proj": 834.341064453125,
    "model.layers.15.self_attn.v_proj": 856.4286499023438,
    "model.layers.15.self_attn.o_proj": 814.8284912109375,
    "model.layers.15.mlp.gate_proj": 1197.16552734375,
    "model.layers.15.mlp.up_proj": 1189.035888671875,
    "model.layers.15.mlp.down_proj": 1202.575439453125,
    "model.layers.16.self_attn.q_proj": 817.0951538085938,
    "model.layers.16.self_attn.k_proj": 820.6032104492188,
    "model.layers.16.self_attn.v_proj": 835.0435791015625,
    "model.layers.16.self_attn.o_proj": 782.7592163085938,
    "model.layers.16.mlp.gate_proj": 1187.9498291015625,
    "model.layers.16.mlp.up_proj": 1185.258544921875,
    "model.layers.16.mlp.down_proj": 1188.0899658203125,
    "model.layers.17.self_attn.q_proj": 813.962158203125,
    "model.layers.17.self_attn.k_proj": 829.3162841796875,
    "model.layers.17.self_attn.v_proj": 831.7776489257812,
    "model.layers.17.self_attn.o_proj": 799.8471069335938,
    "model.layers.17.mlp.gate_proj": 1190.1395263671875,
    "model.layers.17.mlp.up_proj": 1200.276611328125,
    "model.layers.17.mlp.down_proj": 1194.344970703125,
    "model.layers.18.self_attn.q_proj": 812.5459594726562,
    "model.layers.18.self_attn.k_proj": 827.7966918945312,
    "model.layers.18.self_attn.v_proj": 830.4046020507812,
    "model.layers.18.self_attn.o_proj": 799.2777709960938,
    "model.layers.18.mlp.gate_proj": 1197.8712158203125,
    "model.layers.18.mlp.up_proj": 1190.79443359375,
    "model.layers.18.mlp.down_proj": 1191.6297607421875,
    "model.layers.19.self_attn.q_proj": 815.8164672851562,
    "model.layers.19.self_attn.k_proj": 815.288818359375,
    "model.layers.19.self_attn.v_proj": 833.708984375,
    "model.layers.19.self_attn.o_proj": 813.9483642578125,
    "model.layers.19.mlp.gate_proj": 1196.4835205078125,
    "model.layers.19.mlp.up_proj": 1205.3018798828125,
    "model.layers.19.mlp.down_proj": 1193.52490234375,
    "model.layers.20.self_attn.q_proj": 820.5499267578125,