{
    "model.layers.0.self_attn.q_proj": 815.5181274414062,
    "model.layers.0.self_attn.k_proj": 815.5145874023438,
    "model.layers.0.self_attn.v_proj": 815.4965209960938,
    "model.layers.0.self_attn.o_proj": 816.2740478515625,
    "model.layers.0.mlp.gate_proj": 1190.3331298828125,
    "model.layers.0.mlp.up_proj": 1190.4891357421875,
    "model.layers.0.mlp.down_proj": 1188.1077880859375,
    "model.layers.1.self_attn.q_proj": 815.7410888671875,
    "model.layers.1.self_attn.k_proj": 811.8154296875,
    "model.layers.1.self_attn.v_proj": 798.6672973632812,
    "model.layers.1.self_attn.o_proj": 823.3367309570312,
    "model.layers.1.mlp.gate_proj": 1195.341552734375,
    "model.layers.1.mlp.up_proj": 1187.186279296875,
    "model.layers.1.mlp.down_proj": 1180.7308349609375,
    "model.layers.2.self_attn.q_proj": 813.9274291992188,
    "model.layers.2.self_attn.k_proj": 820.7655029296875,
    "model.layers.2.self_attn.v_proj": 943.68212890625,
    "model.layers.2.self_attn.o_proj": 847.7345581054688,
    "model.layers.2.mlp.gate_proj": 1184.316650390625,
    "model.layers.2.mlp.up_proj": 1198.6602783203125,
    "model.layers.2.mlp.down_proj": 1193.4736328125,
    "model.layers.3.self_attn.q_proj": 816.5639038085938,
    "model.layers.3.self_attn.k_proj": 769.348388671875,
    "model.layers.3.self_attn.v_proj": 868.2255249023438,
    "model.layers.3.self_attn.o_proj": 823.5501708984375,
    "model.layers.3.mlp.gate_proj": 1194.1837158203125,
    "model.layers.3.mlp.up_proj": 1192.9739990234375,
    "model.layers.3.mlp.down_proj": 1201.36279296875,
    "model.layers.4.self_attn.q_proj": 793.9766235351562,
    "model.layers.4.self_attn.k_proj": 806.5322875976562,
    "model.layers.4.self_attn.v_proj": 849.0687255859375,
    "model.layers.4.self_attn.o_proj": 795.5330200195312,
    "model.layers.4.mlp.gate_proj": 1183.154052734375,
    "model.layers.4.mlp.up_proj": 1202.01611328125,
    "model.layers.4.mlp.down_proj": 1180.1334228515625,
    "model.layers.5.self_attn.q_proj": 792.3577270507812,
    "model.layers.5.self_attn.k_proj": 920.8756103515625,
    "model.layers.5.self_attn.v_proj": 913.946533203125,
    "model.layers.5.self_attn.o_proj": 768.0770874023438,
    "model.layers.5.mlp.gate_proj": 1207.6910400390625,
    "model.layers.5.mlp.up_proj": 1185.7249755859375,
    "model.layers.5.mlp.down_proj": 1176.9273681640625,
    "model.layers.6.self_attn.q_proj": 825.6544799804688,
    "model.layers.6.self_attn.k_proj": 824.2285766601562,
    "model.layers.6.self_attn.v_proj": 900.1793212890625,
    "model.layers.6.self_attn.o_proj": 778.5031127929688,
    "model.layers.6.mlp.gate_proj": 1197.1658935546875,
    "model.layers.6.mlp.up_proj": 1147.888916015625,
    "model.layers.6.mlp.down_proj": 1161.181884765625,
    "model.layers.7.self_attn.q_proj": 843.485107421875,
    "model.layers.7.self_attn.k_proj": 931.7874145507812,
    "model.layers.7.self_attn.v_proj": 936.908447265625,
    "model.layers.7.self_attn.o_proj": 773.6541137695312,
    "model.layers.7.mlp.gate_proj": 1192.9814453125,
    "model.layers.7.mlp.up_proj": 1200.9388427734375,
    "model.layers.7.mlp.down_proj": 1215.1488037109375,
    "model.layers.8.self_attn.q_proj": 832.0936279296875,
    "model.layers.8.self_attn.k_proj": 862.7923583984375,
    "model.layers.8.self_attn.v_proj": 923.353759765625,
    "model.layers.8.self_attn.o_proj": 834.95556640625,
    "model.layers.8.mlp.gate_proj": 1159.6708984375,
    "model.layers.8.mlp.up_proj": 1187.5045166015625,
    "model.layers.8.mlp.down_proj": 1187.513671875,
    "model.layers.9.self_attn.q_proj": 805.9212036132812,
    "model.layers.9.self_attn.k_proj": 844.58056640625,
    "model.layers.9.self_attn.v_proj": 855.345947265625,
    "model.layers.9.self_attn.o_proj": 812.8729248046875,
    "model.layers.9.mlp.gate_proj": 1184.37109375,
    "model.layers.9.mlp.up_proj": 1180.24853515625,
    "model.layers.9.mlp.down_proj": 1192.2076416015625,
    "model.layers.10.self_attn.q_proj": 806.486328125,
    "model.layers.10.self_attn.k_proj": 898.1730346679688,
    "model.layers.10.self_attn.v_proj": 789.2767333984375,
    "model.layers.10.self_attn.o_proj": 790.3660278320312,
    "model.layers.10.mlp.gate_proj": 1159.18017578125,
    "model.layers.10.mlp.up_proj": 1174.2864990234375,
    "model.layers.10.mlp.down_proj": 1215.5098876953125,
    "model.layers.11.self_attn.q_proj": 811.8017578125,
    "model.layers.11.self_attn.k_proj": 829.6774291992188,
    "model.layers.11.self_attn.v_proj": 882.854736328125,
    "model.layers.11.self_attn.o_proj": 775.3631591796875,
    "model.layers.11.mlp.gate_proj": 1182.908203125,
    "model.layers.11.mlp.up_proj": 1186.724365234375,
    "model.layers.11.mlp.down_proj": 1199.0362548828125,
    "model.layers.12.self_attn.q_proj": 813.8077392578125,
    "model.layers.12.self_attn.k_proj": 842.8563232421875,
    "model.layers.12.self_attn.v_proj": 883.8946533203125,
    "model.layers.12.self_attn.o_proj": 782.5991821289062,
    "model.layers.12.mlp.gate_proj": 1181.6143798828125,
    "model.layers.12.mlp.up_proj": 1188.1563720703125,
    "model.layers.12.mlp.down_proj": 1182.6605224609375,
    "model.layers.13.self_attn.q_proj": 816.6660766601562,
    "model.layers.13.self_attn.k_proj": 829.6397705078125,
    "model.layers.13.self_attn.v_proj": 919.2040405273438,
    "model.layers.13.self_attn.o_proj": 792.269775390625,
    "model.layers.13.mlp.gate_proj": 1185.3377685546875,
    "model.layers.13.mlp.up_proj": 1184.820068359375,
    "model.layers.13.mlp.down_proj": 1188.9674072265625,
    "model.layers.14.self_attn.q_proj": 811.57958984375,
    "model.layers.14.self_attn.k_proj": 820.721923828125,
    "model.layers.14.self_attn.v_proj": 880.611328125,
    "model.layers.14.self_attn.o_proj": 797.6708374023438,
    "model.layers.14.mlp.gate_proj": 1182.6959228515625,
    "model.layers.14.mlp.up_proj": 1191.7154541015625,
    "model.layers.14.mlp.down_proj": 1189.2513427734375,
    "model.layers.15.self_attn.q_proj": 809.3837280273438,
    "model.layers.15.self_attn.k_proj": 875.3682861328125,
    "model.layers.15.self_attn.v_proj": 921.072021484375,
    "model.layers.15.self_attn.o_proj": 793.5260009765625,
    "model.layers.15.mlp.gate_proj": 1190.932373046875,
    "model.layers.15.mlp.up_proj": 1182.56298828125,
    "model.layers.15.mlp.down_proj": 1197.151611328125,
    "model.layers.16.self_attn.q_proj": 803.88525390625,
    "model.layers.16.self_attn.k_proj": 824.385009765625,
    "model.layers.16.self_attn.v_proj": 888.4616088867188,
    "model.layers.16.self_attn.o_proj": 713.9358520507812,
    "model.layers.16.mlp.gate_proj": 1178.3330078125,
    "model.layers.16.mlp.up_proj": 1185.859375,
    "model.layers.16.mlp.down_proj": 1178.9256591796875,
    "model.layers.17.self_attn.q_proj": 813.2754516601562,
    "model.layers.17.self_attn.k_proj": 836.0602416992188,
    "model.layers.17.self_attn.v_proj": 858.685791015625,
    "model.layers.17.self_attn.o_proj": 782.4111938476562,
    "model.layers.17.mlp.gate_proj": 1186.5010986328125,
    "model.layers.17.mlp.up_proj": 1198.6572265625,
    "model.layers.17.mlp.down_proj": 1192.3302001953125,
    "model.layers.18.self_attn.q_proj": 810.4735717773438,
    "model.layers.18.self_attn.k_proj": 845.2589721679688,
    "model.layers.18.self_attn.v_proj": 866.5394287109375,
    "model.layers.18.self_attn.o_proj": 784.5353393554688,
    "model.layers.18.mlp.gate_proj": 1191.4295654296875,
    "model.layers.18.mlp.up_proj": 1192.348388671875,
    "model.layers.18.mlp.down_proj": 1189.16748046875,
    "model.layers.19.self_attn.q_proj": 813.6751708984375,
    "model.layers.19.self_attn.k_proj": 815.296630859375,
    "model.layers.19.self_attn.v_proj": 862.5637817382812,
    "model.layers.19.self_attn.o_proj": 796.224853515625,
    "model.layers.19.mlp.gate_proj": 1211.1473388671875,
    "model.layers.19.mlp.up_proj": 1212.1065673828125,
    "model.layers.19.mlp.down_proj": 1201.2447509765625,
    "model.layers.20.self_attn.q_proj": 819.6257934570312,