{
    "model.layers.0.self_attn.q_proj": 816.2637939453125,
    "model.layers.0.self_attn.k_proj": 816.2684936523438,
    "model.layers.0.self_attn.v_proj": 816.2454223632812,
    "model.layers.0.self_attn.o_proj": 816.4619750976562,
    "model.layers.0.mlp.gate_proj": 1191.153076171875,
    "model.layers.0.mlp.up_proj": 1191.1634521484375,
    "model.layers.0.mlp.down_proj": 1190.852294921875,
    "model.layers.1.self_attn.q_proj": 816.1777954101562,
    "model.layers.1.self_attn.k_proj": 815.398193359375,
    "model.layers.1.self_attn.v_proj": 812.87841796875,
    "model.layers.1.self_attn.o_proj": 812.7357177734375,
    "model.layers.1.mlp.gate_proj": 1192.46923828125,
    "model.layers.1.mlp.up_proj": 1189.1357421875,
    "model.layers.1.mlp.down_proj": 1185.6129150390625,
    "model.layers.2.self_attn.q_proj": 818.3258666992188,
    "model.layers.2.self_attn.k_proj": 817.3017578125,
    "model.layers.2.self_attn.v_proj": 823.0435180664062,
    "model.layers.2.self_attn.o_proj": 819.1921997070312,
    "model.layers.2.mlp.gate_proj": 1192.5697021484375,
    "model.layers.2.mlp.up_proj": 1189.88037109375,
    "model.layers.2.mlp.down_proj": 1186.9693603515625,
    "model.layers.3.self_attn.q_proj": 812.0000610351562,
    "model.layers.3.self_attn.k_proj": 813.6233520507812,
    "model.layers.3.self_attn.v_proj": 827.9086303710938,
    "model.layers.3.self_attn.o_proj": 818.238037109375,
    "model.layers.3.mlp.gate_proj": 1190.11474609375,
    "model.layers.3.mlp.up_proj": 1193.463134765625,
    "model.layers.3.mlp.down_proj": 1197.7706298828125,
    "model.layers.4.self_attn.q_proj": 809.84326171875,
    "model.layers.4.self_attn.k_proj": 819.966796875,
    "model.layers.4.self_attn.v_proj": 809.8883666992188,
    "model.layers.4.self_attn.o_proj": 801.0615844726562,
    "model.layers.4.mlp.gate_proj": 1189.6607666015625,
    "model.layers.4.mlp.up_proj": 1193.025390625,
    "model.layers.4.mlp.down_proj": 1193.75634765625,
    "model.layers.5.self_attn.q_proj": 815.1056518554688,
    "model.layers.5.self_attn.k_proj": 824.6436767578125,
    "model.layers.5.self_attn.v_proj": 836.5433959960938,
    "model.layers.5.self_attn.o_proj": 808.5469970703125,
    "model.layers.5.mlp.gate_proj": 1192.0836181640625,
    "model.layers.5.mlp.up_proj": 1179.8321533203125,
    "model.layers.5.mlp.down_proj": 1191.30078125,
    "model.layers.6.self_attn.q_proj": 814.4751586914062,
    "model.layers.6.self_attn.k_proj": 823.9219970703125,
    "model.layers.6.self_attn.v_proj": 848.9228515625,
    "model.layers.6.self_attn.o_proj": 816.0908203125,
    "model.layers.6.mlp.gate_proj": 1209.3248291015625,
    "model.layers.6.mlp.up_proj": 1182.0887451171875,
    "model.layers.6.mlp.down_proj": 1185.1199951171875,
    "model.layers.7.self_attn.q_proj": 815.6654052734375,
    "model.layers.7.self_attn.k_proj": 826.7699584960938,
    "model.layers.7.self_attn.v_proj": 832.5490112304688,
    "model.layers.7.self_attn.o_proj": 809.9244384765625,
    "model.layers.7.mlp.gate_proj": 1191.220458984375,
    "model.layers.7.mlp.up_proj": 1184.210693359375,
    "model.layers.7.mlp.down_proj": 1186.918212890625,
    "model.layers.8.self_attn.q_proj": 831.6126708984375,
    "model.layers.8.self_attn.k_proj": 826.7882080078125,
    "model.layers.8.self_attn.v_proj": 835.3626098632812,
    "model.layers.8.self_attn.o_proj": 819.6378784179688,
    "model.layers.8.mlp.gate_proj": 1182.484619140625,
    "model.layers.8.mlp.up_proj": 1192.874755859375,
    "model.layers.8.mlp.down_proj": 1185.9327392578125,
    "model.layers.9.self_attn.q_proj": 817.2288818359375,
    "model.layers.9.self_attn.k_proj": 814.0809936523438,
    "model.layers.9.self_attn.v_proj": 825.7459716796875,
    "model.layers.9.self_attn.o_proj": 809.60107421875,
    "model.layers.9.mlp.gate_proj": 1199.9940185546875,
    "model.layers.9.mlp.up_proj": 1185.2462158203125,
    "model.layers.9.mlp.down_proj": 1191.053955078125,
    "model.layers.10.self_attn.q_proj": 813.2723999023438,
    "model.layers.10.self_attn.k_proj": 821.8251953125,
    "model.layers.10.self_attn.v_proj": 809.5709838867188,
    "model.layers.10.self_attn.o_proj": 809.3599853515625,
    "model.layers.10.mlp.gate_proj": 1191.0059814453125,
    "model.layers.10.mlp.up_proj": 1183.09375,
    "model.layers.10.mlp.down_proj": 1207.8369140625,
    "model.layers.11.self_attn.q_proj": 817.379638671875,
    "model.layers.11.self_attn.k_proj": 815.5855712890625,
    "model.layers.11.self_attn.v_proj": 830.7758178710938,
    "model.layers.11.self_attn.o_proj": 810.6842041015625,
    "model.layers.11.mlp.gate_proj": 1187.364501953125,
    "model.layers.11.mlp.up_proj": 1186.2608642578125,
    "model.layers.11.mlp.down_proj": 1192.724365234375,
    "model.layers.12.self_attn.q_proj": 815.1666259765625,
    "model.layers.12.self_attn.k_proj": 820.7299194335938,
    "model.layers.12.self_attn.v_proj": 836.3803100585938,
    "model.layers.12.self_attn.o_proj": 817.3414306640625,
    "model.layers.12.mlp.gate_proj": 1191.4959716796875,
    "model.layers.12.mlp.up_proj": 1189.2001953125,
    "model.layers.12.mlp.down_proj": 1194.517578125,
    "model.layers.13.self_attn.q_proj": 810.4682006835938,
    "model.layers.13.self_attn.k_proj": 825.3704223632812,
    "model.layers.13.self_attn.v_proj": 839.6618041992188,
    "model.layers.13.self_attn.o_proj": 811.0221557617188,
    "model.layers.13.mlp.gate_proj": 1188.61962890625,
    "model.layers.13.mlp.up_proj": 1192.2974853515625,
    "model.layers.13.mlp.down_proj": 1179.4510498046875,
    "model.layers.14.self_attn.q_proj": 816.0938720703125,
    "model.layers.14.self_attn.k_proj": 817.4066772460938,
    "model.layers.14.self_attn.v_proj": 827.514892578125,
    "model.layers.14.self_attn.o_proj": 812.9317626953125,
    "model.layers.14.mlp.gate_proj": 1188.9091796875,
    "model.layers.14.mlp.up_proj": 1191.8172607421875,
    "model.layers.14.mlp.down_proj": 1190.6744384765625,
    "model.layers.15.self_attn.q_proj": 813.8048095703125,
    "model.layers.15.self_attn.k_proj": 824.7186889648438,
    "model.layers.15.self_attn.v_proj": 826.360107421875,
    "model.layers.15.self_attn.o_proj": 813.1118774414062,
    "model.layers.15.mlp.gate_proj": 1194.9586181640625,
    "model.layers.15.mlp.up_proj": 1187.5716552734375,
    "model.layers.15.mlp.down_proj": 1195.948486328125,
    "model.layers.16.self_attn.q_proj": 816.1852416992188,
    "model.layers.16.self_attn.k_proj": 817.2428588867188,
    "model.layers.16.self_attn.v_proj": 814.27734375,
    "model.layers.16.self_attn.o_proj": 810.482177734375,
    "model.layers.16.mlp.gate_proj": 1188.2666015625,
    "model.layers.16.mlp.up_proj": 1185.777099609375,
    "model.layers.16.mlp.down_proj": 1190.1549072265625,
    "model.layers.17.self_attn.q_proj": 813.6766357421875,
    "model.layers.17.self_attn.k_proj": 825.0142211914062,
    "model.layers.17.self_attn.v_proj": 821.2801513671875,
    "model.layers.17.self_attn.o_proj": 811.0257568359375,
    "model.layers.17.mlp.gate_proj": 1189.478271484375,
    "model.layers.17.mlp.up_proj": 1197.431884765625,
    "model.layers.17.mlp.down_proj": 1193.308837890625,
    "model.layers.18.self_attn.q_proj": 812.9994506835938,
    "model.layers.18.self_attn.k_proj": 822.7611694335938,
    "model.layers.18.self_attn.v_proj": 824.189453125,
    "model.layers.18.self_attn.o_proj": 806.8021240234375,
    "model.layers.18.mlp.gate_proj": 1196.3035888671875,
    "model.layers.18.mlp.up_proj": 1186.9302978515625,
    "model.layers.18.mlp.down_proj": 1187.427490234375,
    "model.layers.19.self_attn.q_proj": 814.2171630859375,
    "model.layers.19.self_attn.k_proj": 813.314208984375,
    "model.layers.19.self_attn.v_proj": 823.037841796875,
    "model.layers.19.self_attn.o_proj": 816.3783569335938,
    "model.layers.19.mlp.gate_proj": 1194.068359375,
    "model.layers.19.mlp.up_proj": 1199.2598876953125,
    "model.layers.19.mlp.down_proj": 1187.9110107421875,
    "model.layers.20.self_attn.q_proj": 818.0665283203125,