{
    "model.layers.0.self_attn.q_proj": 813.1559448242188,
    "model.layers.0.self_attn.k_proj": 813.1631469726562,
    "model.layers.0.self_attn.v_proj": 813.1242065429688,
    "model.layers.0.self_attn.o_proj": 813.6508178710938,
    "model.layers.0.mlp.gate_proj": 1187.9461669921875,
    "model.layers.0.mlp.up_proj": 1188.10888671875,
    "model.layers.0.mlp.down_proj": 1186.3544921875,
    "model.layers.1.self_attn.q_proj": 812.5757446289062,
    "model.layers.1.self_attn.k_proj": 808.8636474609375,
    "model.layers.1.self_attn.v_proj": 791.5718994140625,
    "model.layers.1.self_attn.o_proj": 823.1163940429688,
    "model.layers.1.mlp.gate_proj": 1193.908203125,
    "model.layers.1.mlp.up_proj": 1184.8463134765625,
    "model.layers.1.mlp.down_proj": 1176.3240966796875,
    "model.layers.2.self_attn.q_proj": 812.198486328125,
    "model.layers.2.self_attn.k_proj": 818.8524780273438,
    "model.layers.2.self_attn.v_proj": 982.3721923828125,
    "model.layers.2.self_attn.o_proj": 843.7451171875,
    "model.layers.2.mlp.gate_proj": 1182.1610107421875,
    "model.layers.2.mlp.up_proj": 1194.2061767578125,
    "model.layers.2.mlp.down_proj": 1191.15478515625,
    "model.layers.3.self_attn.q_proj": 817.3323974609375,
    "model.layers.3.self_attn.k_proj": 747.8946533203125,
    "model.layers.3.self_attn.v_proj": 872.7855834960938,
    "model.layers.3.self_attn.o_proj": 816.98779296875,
    "model.layers.3.mlp.gate_proj": 1184.5404052734375,
    "model.layers.3.mlp.up_proj": 1188.9593505859375,
    "model.layers.3.mlp.down_proj": 1203.144775390625,
    "model.layers.4.self_attn.q_proj": 786.1729736328125,
    "model.layers.4.self_attn.k_proj": 811.7180786132812,
    "model.layers.4.self_attn.v_proj": 848.0787353515625,
    "model.layers.4.self_attn.o_proj": 806.451171875,
    "model.layers.4.mlp.gate_proj": 1183.6866455078125,
    "model.layers.4.mlp.up_proj": 1200.4232177734375,
    "model.layers.4.mlp.down_proj": 1172.314208984375,
    "model.layers.5.self_attn.q_proj": 785.4428100585938,
    "model.layers.5.self_attn.k_proj": 945.2821655273438,
    "model.layers.5.self_attn.v_proj": 939.4139404296875,
    "model.layers.5.self_attn.o_proj": 767.3048706054688,
    "model.layers.5.mlp.gate_proj": 1213.142578125,
    "model.layers.5.mlp.up_proj": 1182.8165283203125,
    "model.layers.5.mlp.down_proj": 1178.0238037109375,
    "model.layers.6.self_attn.q_proj": 823.020263671875,
    "model.layers.6.self_attn.k_proj": 821.6344604492188,
    "model.layers.6.self_attn.v_proj": 928.0023803710938,
    "model.layers.6.self_attn.o_proj": 774.0903930664062,
    "model.layers.6.mlp.gate_proj": 1189.147216796875,
    "model.layers.6.mlp.up_proj": 1145.732666015625,
    "model.layers.6.mlp.down_proj": 1151.4971923828125,
    "model.layers.7.self_attn.q_proj": 837.0325927734375,
    "model.layers.7.self_attn.k_proj": 960.293212890625,
    "model.layers.7.self_attn.v_proj": 952.5687255859375,
    "model.layers.7.self_attn.o_proj": 782.3387451171875,
    "model.layers.7.mlp.gate_proj": 1192.253662109375,
    "model.layers.7.mlp.up_proj": 1199.3323974609375,
    "model.layers.7.mlp.down_proj": 1222.9775390625,
    "model.layers.8.self_attn.q_proj": 819.6976318359375,
    "model.layers.8.self_attn.k_proj": 878.1205444335938,
    "model.layers.8.self_attn.v_proj": 944.3306274414062,
    "model.layers.8.self_attn.o_proj": 846.6407470703125,
    "model.layers.8.mlp.gate_proj": 1147.8016357421875,
    "model.layers.8.mlp.up_proj": 1180.156005859375,
    "model.layers.8.mlp.down_proj": 1172.4273681640625,
    "model.layers.9.self_attn.q_proj": 791.2906494140625,
    "model.layers.9.self_attn.k_proj": 851.3261108398438,
    "model.layers.9.self_attn.v_proj": 868.864501953125,
    "model.layers.9.self_attn.o_proj": 798.338134765625,
    "model.layers.9.mlp.gate_proj": 1171.8037109375,
    "model.layers.9.mlp.up_proj": 1176.8096923828125,
    "model.layers.9.mlp.down_proj": 1197.0645751953125,
    "model.layers.10.self_attn.q_proj": 804.9883422851562,
    "model.layers.10.self_attn.k_proj": 913.5322265625,
    "model.layers.10.self_attn.v_proj": 787.99267578125,
    "model.layers.10.self_attn.o_proj": 779.7227783203125,
    "model.layers.10.mlp.gate_proj": 1152.298828125,
    "model.layers.10.mlp.up_proj": 1179.1524658203125,
    "model.layers.10.mlp.down_proj": 1209.9346923828125,
    "model.layers.11.self_attn.q_proj": 817.8698120117188,
    "model.layers.11.self_attn.k_proj": 847.3340454101562,
    "model.layers.11.self_attn.v_proj": 920.5240478515625,
    "model.layers.11.self_attn.o_proj": 762.6350708007812,
    "model.layers.11.mlp.gate_proj": 1173.682373046875,
    "model.layers.11.mlp.up_proj": 1181.927734375,
    "model.layers.11.mlp.down_proj": 1195.46484375,
    "model.layers.12.self_attn.q_proj": 814.6326904296875,
    "model.layers.12.self_attn.k_proj": 854.39013671875,
    "model.layers.12.self_attn.v_proj": 901.4059448242188,
    "model.layers.12.self_attn.o_proj": 772.1522827148438,
    "model.layers.12.mlp.gate_proj": 1173.0787353515625,
    "model.layers.12.mlp.up_proj": 1187.0867919921875,
    "model.layers.12.mlp.down_proj": 1180.412353515625,
    "model.layers.13.self_attn.q_proj": 817.2329711914062,
    "model.layers.13.self_attn.k_proj": 834.050537109375,
    "model.layers.13.self_attn.v_proj": 918.670166015625,
    "model.layers.13.self_attn.o_proj": 783.471435546875,
    "model.layers.13.mlp.gate_proj": 1183.2506103515625,
    "model.layers.13.mlp.up_proj": 1180.1156005859375,
    "model.layers.13.mlp.down_proj": 1185.2216796875,
    "model.layers.14.self_attn.q_proj": 811.63427734375,
    "model.layers.14.self_attn.k_proj": 820.4439697265625,
    "model.layers.14.self_attn.v_proj": 887.5819091796875,
    "model.layers.14.self_attn.o_proj": 783.313720703125,
    "model.layers.14.mlp.gate_proj": 1177.9300537109375,
    "model.layers.14.mlp.up_proj": 1186.473876953125,
    "model.layers.14.mlp.down_proj": 1185.79736328125,
    "model.layers.15.self_attn.q_proj": 805.3240356445312,
    "model.layers.15.self_attn.k_proj": 885.8714599609375,
    "model.layers.15.self_attn.v_proj": 970.8350830078125,
    "model.layers.15.self_attn.o_proj": 791.502197265625,
    "model.layers.15.mlp.gate_proj": 1183.4010009765625,
    "model.layers.15.mlp.up_proj": 1180.381103515625,
    "model.layers.15.mlp.down_proj": 1199.57666015625,
    "model.layers.16.self_attn.q_proj": 795.978759765625,
    "model.layers.16.self_attn.k_proj": 818.870361328125,
    "model.layers.16.self_attn.v_proj": 907.6759033203125,
    "model.layers.16.self_attn.o_proj": 688.2072143554688,
    "model.layers.16.mlp.gate_proj": 1175.5421142578125,
    "model.layers.16.mlp.up_proj": 1183.2357177734375,
    "model.layers.16.mlp.down_proj": 1172.9490966796875,
    "model.layers.17.self_attn.q_proj": 809.6687622070312,
    "model.layers.17.self_attn.k_proj": 838.3738403320312,
    "model.layers.17.self_attn.v_proj": 883.3986206054688,
    "model.layers.17.self_attn.o_proj": 768.8256225585938,
    "model.layers.17.mlp.gate_proj": 1178.347900390625,
    "model.layers.17.mlp.up_proj": 1195.48291015625,
    "model.layers.17.mlp.down_proj": 1191.0020751953125,
    "model.layers.18.self_attn.q_proj": 806.1248779296875,
    "model.layers.18.self_attn.k_proj": 855.0597534179688,
    "model.layers.18.self_attn.v_proj": 888.73291015625,
    "model.layers.18.self_attn.o_proj": 764.12890625,
    "model.layers.18.mlp.gate_proj": 1186.55517578125,
    "model.layers.18.mlp.up_proj": 1193.7354736328125,
    "model.layers.18.mlp.down_proj": 1188.089111328125,
    "model.layers.19.self_attn.q_proj": 811.2308349609375,
    "model.layers.19.self_attn.k_proj": 810.805419921875,
    "model.layers.19.self_attn.v_proj": 880.64501953125,
    "model.layers.19.self_attn.o_proj": 785.0931396484375,
    "model.layers.19.mlp.gate_proj": 1220.229248046875,
    "model.layers.19.mlp.up_proj": 1219.3836669921875,
    "model.layers.19.mlp.down_proj": 1201.4637451171875,
    "model.layers.20.self_attn.q_proj": 816.4782104492188,