{
    "model.layers.0.self_attn.q_proj": 814.677734375,
    "model.layers.0.self_attn.k_proj": 814.6724853515625,
    "model.layers.0.self_attn.v_proj": 814.6156005859375,
    "model.layers.0.self_attn.o_proj": 815.4428100585938,
    "model.layers.0.mlp.gate_proj": 1189.4876708984375,
    "model.layers.0.mlp.up_proj": 1189.6495361328125,
    "model.layers.0.mlp.down_proj": 1187.260498046875,
    "model.layers.1.self_attn.q_proj": 815.166015625,
    "model.layers.1.self_attn.k_proj": 812.0497436523438,
    "model.layers.1.self_attn.v_proj": 797.2111206054688,
    "model.layers.1.self_attn.o_proj": 820.2120361328125,
    "model.layers.1.mlp.gate_proj": 1194.1966552734375,
    "model.layers.1.mlp.up_proj": 1187.0303955078125,
    "model.layers.1.mlp.down_proj": 1181.2420654296875,
    "model.layers.2.self_attn.q_proj": 813.7811889648438,
    "model.layers.2.self_attn.k_proj": 818.1528930664062,
    "model.layers.2.self_attn.v_proj": 929.3593139648438,
    "model.layers.2.self_attn.o_proj": 841.8739624023438,
    "model.layers.2.mlp.gate_proj": 1182.8944091796875,
    "model.layers.2.mlp.up_proj": 1198.2069091796875,
    "model.layers.2.mlp.down_proj": 1193.665283203125,
    "model.layers.3.self_attn.q_proj": 816.1144409179688,
    "model.layers.3.self_attn.k_proj": 777.1890869140625,
    "model.layers.3.self_attn.v_proj": 866.73193359375,
    "model.layers.3.self_attn.o_proj": 812.9298095703125,
    "model.layers.3.mlp.gate_proj": 1195.2269287109375,
    "model.layers.3.mlp.up_proj": 1189.9453125,
    "model.layers.3.mlp.down_proj": 1193.78173828125,
    "model.layers.4.self_attn.q_proj": 793.6005249023438,
    "model.layers.4.self_attn.k_proj": 799.2227783203125,
    "model.layers.4.self_attn.v_proj": 846.6973876953125,
    "model.layers.4.self_attn.o_proj": 795.417236328125,
    "model.layers.4.mlp.gate_proj": 1179.629638671875,
    "model.layers.4.mlp.up_proj": 1205.3043212890625,
    "model.layers.4.mlp.down_proj": 1179.344970703125,
    "model.layers.5.self_attn.q_proj": 795.1240844726562,
    "model.layers.5.self_attn.k_proj": 908.0773315429688,
    "model.layers.5.self_attn.v_proj": 909.525146484375,
    "model.layers.5.self_attn.o_proj": 766.18994140625,
    "model.layers.5.mlp.gate_proj": 1205.810546875,
    "model.layers.5.mlp.up_proj": 1185.9698486328125,
    "model.layers.5.mlp.down_proj": 1176.7901611328125,
    "model.layers.6.self_attn.q_proj": 825.2862548828125,
    "model.layers.6.self_attn.k_proj": 826.0755004882812,
    "model.layers.6.self_attn.v_proj": 893.8885498046875,
    "model.layers.6.self_attn.o_proj": 781.9974365234375,
    "model.layers.6.mlp.gate_proj": 1197.009033203125,
    "model.layers.6.mlp.up_proj": 1148.5670166015625,
    "model.layers.6.mlp.down_proj": 1155.7607421875,
    "model.layers.7.self_attn.q_proj": 839.7928466796875,
    "model.layers.7.self_attn.k_proj": 923.5502319335938,
    "model.layers.7.self_attn.v_proj": 929.8416748046875,
    "model.layers.7.self_attn.o_proj": 769.35205078125,
    "model.layers.7.mlp.gate_proj": 1195.091796875,
    "model.layers.7.mlp.up_proj": 1194.977294921875,
    "model.layers.7.mlp.down_proj": 1210.7081298828125,
    "model.layers.8.self_attn.q_proj": 836.43408203125,
    "model.layers.8.self_attn.k_proj": 861.712158203125,
    "model.layers.8.self_attn.v_proj": 912.828369140625,
    "model.layers.8.self_attn.o_proj": 835.2088012695312,
    "model.layers.8.mlp.gate_proj": 1160.1551513671875,
    "model.layers.8.mlp.up_proj": 1186.8018798828125,
    "model.layers.8.mlp.down_proj": 1185.645751953125,
    "model.layers.9.self_attn.q_proj": 810.66943359375,
    "model.layers.9.self_attn.k_proj": 841.8453369140625,
    "model.layers.9.self_attn.v_proj": 856.1822509765625,
    "model.layers.9.self_attn.o_proj": 811.7366333007812,
    "model.layers.9.mlp.gate_proj": 1183.4478759765625,
    "model.layers.9.mlp.up_proj": 1181.9393310546875,
    "model.layers.9.mlp.down_proj": 1189.3006591796875,
    "model.layers.10.self_attn.q_proj": 807.9056396484375,
    "model.layers.10.self_attn.k_proj": 890.322998046875,
    "model.layers.10.self_attn.v_proj": 800.0641479492188,
    "model.layers.10.self_attn.o_proj": 791.3026733398438,
    "model.layers.10.mlp.gate_proj": 1162.3167724609375,
    "model.layers.10.mlp.up_proj": 1175.9676513671875,
    "model.layers.10.mlp.down_proj": 1214.599365234375,
    "model.layers.11.self_attn.q_proj": 810.7086791992188,
    "model.layers.11.self_attn.k_proj": 816.2946166992188,
    "model.layers.11.self_attn.v_proj": 861.9612426757812,
    "model.layers.11.self_attn.o_proj": 780.2205200195312,
    "model.layers.11.mlp.gate_proj": 1178.820068359375,
    "model.layers.11.mlp.up_proj": 1186.600341796875,
    "model.layers.11.mlp.down_proj": 1197.46630859375,
    "model.layers.12.self_attn.q_proj": 812.0039672851562,
    "model.layers.12.self_attn.k_proj": 840.429443359375,
    "model.layers.12.self_attn.v_proj": 874.8388671875,
    "model.layers.12.self_attn.o_proj": 787.5762939453125,
    "model.layers.12.mlp.gate_proj": 1181.430419921875,
    "model.layers.12.mlp.up_proj": 1186.927978515625,
    "model.layers.12.mlp.down_proj": 1190.9605712890625,
    "model.layers.13.self_attn.q_proj": 815.638427734375,
    "model.layers.13.self_attn.k_proj": 831.1107788085938,
    "model.layers.13.self_attn.v_proj": 913.14892578125,
    "model.layers.13.self_attn.o_proj": 792.579345703125,
    "model.layers.13.mlp.gate_proj": 1184.454833984375,
    "model.layers.13.mlp.up_proj": 1189.3026123046875,
    "model.layers.13.mlp.down_proj": 1188.400146484375,
    "model.layers.14.self_attn.q_proj": 809.6709594726562,
    "model.layers.14.self_attn.k_proj": 819.8677978515625,
    "model.layers.14.self_attn.v_proj": 873.540771484375,
    "model.layers.14.self_attn.o_proj": 797.4210205078125,
    "model.layers.14.mlp.gate_proj": 1184.706298828125,
    "model.layers.14.mlp.up_proj": 1190.560302734375,
    "model.layers.14.mlp.down_proj": 1190.7672119140625,
    "model.layers.15.self_attn.q_proj": 809.6720581054688,
    "model.layers.15.self_attn.k_proj": 867.8931274414062,
    "model.layers.15.self_attn.v_proj": 909.7307739257812,
    "model.layers.15.self_attn.o_proj": 792.9353637695312,
    "model.layers.15.mlp.gate_proj": 1192.1895751953125,
    "model.layers.15.mlp.up_proj": 1181.680908203125,
    "model.layers.15.mlp.down_proj": 1197.804443359375,
    "model.layers.16.self_attn.q_proj": 808.3258666992188,
    "model.layers.16.self_attn.k_proj": 822.8695678710938,
    "model.layers.16.self_attn.v_proj": 877.3884887695312,
    "model.layers.16.self_attn.o_proj": 730.8363037109375,
    "model.layers.16.mlp.gate_proj": 1179.5697021484375,
    "model.layers.16.mlp.up_proj": 1186.1964111328125,
    "model.layers.16.mlp.down_proj": 1178.55029296875,
    "model.layers.17.self_attn.q_proj": 813.1204223632812,
    "model.layers.17.self_attn.k_proj": 833.4381713867188,
    "model.layers.17.self_attn.v_proj": 855.4362182617188,
    "model.layers.17.self_attn.o_proj": 783.8201293945312,
    "model.layers.17.mlp.gate_proj": 1186.95703125,
    "model.layers.17.mlp.up_proj": 1198.834228515625,
    "model.layers.17.mlp.down_proj": 1192.9482421875,
    "model.layers.18.self_attn.q_proj": 811.3838500976562,
    "model.layers.18.self_attn.k_proj": 840.4683227539062,
    "model.layers.18.self_attn.v_proj": 854.9864501953125,
    "model.layers.18.self_attn.o_proj": 786.4418334960938,
    "model.layers.18.mlp.gate_proj": 1190.4993896484375,
    "model.layers.18.mlp.up_proj": 1192.183349609375,
    "model.layers.18.mlp.down_proj": 1190.475341796875,
    "model.layers.19.self_attn.q_proj": 813.1797485351562,
    "model.layers.19.self_attn.k_proj": 814.8231811523438,
    "model.layers.19.self_attn.v_proj": 856.9273071289062,
    "model.layers.19.self_attn.o_proj": 798.4465942382812,
    "model.layers.19.mlp.gate_proj": 1206.1595458984375,
    "model.layers.19.mlp.up_proj": 1210.7342529296875,
    "model.layers.19.mlp.down_proj": 1197.171630859375,