{
    "model.layers.0.self_attn.q_proj": 817.9478149414062,
    "model.layers.0.self_attn.k_proj": 817.9437866210938,
    "model.layers.0.self_attn.v_proj": 817.9855346679688,
    "model.layers.0.self_attn.o_proj": 818.7032470703125,
    "model.layers.0.mlp.gate_proj": 1192.7572021484375,
    "model.layers.0.mlp.up_proj": 1192.883056640625,
    "model.layers.0.mlp.down_proj": 1191.41845703125,
    "model.layers.1.self_attn.q_proj": 819.4060668945312,
    "model.layers.1.self_attn.k_proj": 815.96337890625,
    "model.layers.1.self_attn.v_proj": 804.6033935546875,
    "model.layers.1.self_attn.o_proj": 822.5192260742188,
    "model.layers.1.mlp.gate_proj": 1195.368896484375,
    "model.layers.1.mlp.up_proj": 1190.5601806640625,
    "model.layers.1.mlp.down_proj": 1182.8289794921875,
    "model.layers.2.self_attn.q_proj": 817.1624755859375,
    "model.layers.2.self_attn.k_proj": 820.659912109375,
    "model.layers.2.self_attn.v_proj": 900.4920654296875,
    "model.layers.2.self_attn.o_proj": 838.4528198242188,
    "model.layers.2.mlp.gate_proj": 1190.868896484375,
    "model.layers.2.mlp.up_proj": 1201.276611328125,
    "model.layers.2.mlp.down_proj": 1195.581787109375,
    "model.layers.3.self_attn.q_proj": 819.234375,
    "model.layers.3.self_attn.k_proj": 795.3428344726562,
    "model.layers.3.self_attn.v_proj": 866.0197143554688,
    "model.layers.3.self_attn.o_proj": 804.4033813476562,
    "model.layers.3.mlp.gate_proj": 1195.014892578125,
    "model.layers.3.mlp.up_proj": 1196.7518310546875,
    "model.layers.3.mlp.down_proj": 1186.9837646484375,
    "model.layers.4.self_attn.q_proj": 794.2006225585938,
    "model.layers.4.self_attn.k_proj": 789.32177734375,
    "model.layers.4.self_attn.v_proj": 842.2153930664062,
    "model.layers.4.self_attn.o_proj": 797.6046142578125,
    "model.layers.4.mlp.gate_proj": 1187.5738525390625,
    "model.layers.4.mlp.up_proj": 1213.993896484375,
    "model.layers.4.mlp.down_proj": 1189.2857666015625,
    "model.layers.5.self_attn.q_proj": 797.6729125976562,
    "model.layers.5.self_attn.k_proj": 895.4547119140625,
    "model.layers.5.self_attn.v_proj": 902.0807495117188,
    "model.layers.5.self_attn.o_proj": 775.0626831054688,
    "model.layers.5.mlp.gate_proj": 1208.8734130859375,
    "model.layers.5.mlp.up_proj": 1188.1376953125,
    "model.layers.5.mlp.down_proj": 1176.87451171875,
    "model.layers.6.self_attn.q_proj": 824.5698852539062,
    "model.layers.6.self_attn.k_proj": 829.3622436523438,
    "model.layers.6.self_attn.v_proj": 876.6216430664062,
    "model.layers.6.self_attn.o_proj": 788.52197265625,
    "model.layers.6.mlp.gate_proj": 1201.968994140625,
    "model.layers.6.mlp.up_proj": 1159.62939453125,
    "model.layers.6.mlp.down_proj": 1156.592529296875,
    "model.layers.7.self_attn.q_proj": 831.568359375,
    "model.layers.7.self_attn.k_proj": 893.9021606445312,
    "model.layers.7.self_attn.v_proj": 905.1386108398438,
    "model.layers.7.self_attn.o_proj": 776.9298706054688,
    "model.layers.7.mlp.gate_proj": 1193.6483154296875,
    "model.layers.7.mlp.up_proj": 1190.0234375,
    "model.layers.7.mlp.down_proj": 1212.041015625,
    "model.layers.8.self_attn.q_proj": 837.06103515625,
    "model.layers.8.self_attn.k_proj": 861.2240600585938,
    "model.layers.8.self_attn.v_proj": 902.0359497070312,
    "model.layers.8.self_attn.o_proj": 832.25537109375,
    "model.layers.8.mlp.gate_proj": 1165.471435546875,
    "model.layers.8.mlp.up_proj": 1193.624267578125,
    "model.layers.8.mlp.down_proj": 1178.8934326171875,
    "model.layers.9.self_attn.q_proj": 818.6159057617188,
    "model.layers.9.self_attn.k_proj": 837.7846069335938,
    "model.layers.9.self_attn.v_proj": 854.1122436523438,
    "model.layers.9.self_attn.o_proj": 812.1951293945312,
    "model.layers.9.mlp.gate_proj": 1178.5103759765625,
    "model.layers.9.mlp.up_proj": 1189.745849609375,
    "model.layers.9.mlp.down_proj": 1192.027587890625,
    "model.layers.10.self_attn.q_proj": 812.90869140625,
    "model.layers.10.self_attn.k_proj": 869.9738159179688,
    "model.layers.10.self_attn.v_proj": 807.25634765625,
    "model.layers.10.self_attn.o_proj": 793.7477416992188,
    "model.layers.10.mlp.gate_proj": 1171.6424560546875,
    "model.layers.10.mlp.up_proj": 1178.068359375,
    "model.layers.10.mlp.down_proj": 1213.0443115234375,
    "model.layers.11.self_attn.q_proj": 814.6238403320312,
    "model.layers.11.self_attn.k_proj": 814.7352905273438,
    "model.layers.11.self_attn.v_proj": 855.1402587890625,
    "model.layers.11.self_attn.o_proj": 790.6939697265625,
    "model.layers.11.mlp.gate_proj": 1180.8218994140625,
    "model.layers.11.mlp.up_proj": 1186.9847412109375,
    "model.layers.11.mlp.down_proj": 1201.6024169921875,
    "model.layers.12.self_attn.q_proj": 816.6438598632812,
    "model.layers.12.self_attn.k_proj": 841.658935546875,
    "model.layers.12.self_attn.v_proj": 865.0460205078125,
    "model.layers.12.self_attn.o_proj": 794.5594482421875,
    "model.layers.12.mlp.gate_proj": 1186.51025390625,
    "model.layers.12.mlp.up_proj": 1187.5362548828125,
    "model.layers.12.mlp.down_proj": 1194.6339111328125,
    "model.layers.13.self_attn.q_proj": 816.3265380859375,
    "model.layers.13.self_attn.k_proj": 839.2830810546875,
    "model.layers.13.self_attn.v_proj": 894.043212890625,
    "model.layers.13.self_attn.o_proj": 795.323974609375,
    "model.layers.13.mlp.gate_proj": 1188.3223876953125,
    "model.layers.13.mlp.up_proj": 1195.8370361328125,
    "model.layers.13.mlp.down_proj": 1193.0921630859375,
    "model.layers.14.self_attn.q_proj": 809.9967041015625,
    "model.layers.14.self_attn.k_proj": 820.6873168945312,
    "model.layers.14.self_attn.v_proj": 864.0855102539062,
    "model.layers.14.self_attn.o_proj": 801.9292602539062,
    "model.layers.14.mlp.gate_proj": 1189.2845458984375,
    "model.layers.14.mlp.up_proj": 1196.0517578125,
    "model.layers.14.mlp.down_proj": 1191.0013427734375,
    "model.layers.15.self_attn.q_proj": 813.585205078125,
    "model.layers.15.self_attn.k_proj": 859.942138671875,
    "model.layers.15.self_attn.v_proj": 880.9464111328125,
    "model.layers.15.self_attn.o_proj": 805.73046875,
    "model.layers.15.mlp.gate_proj": 1197.2750244140625,
    "model.layers.15.mlp.up_proj": 1186.35888671875,
    "model.layers.15.mlp.down_proj": 1198.78125,
    "model.layers.16.self_attn.q_proj": 812.7445068359375,
    "model.layers.16.self_attn.k_proj": 827.3851928710938,
    "model.layers.16.self_attn.v_proj": 863.2333374023438,
    "model.layers.16.self_attn.o_proj": 755.9132080078125,
    "model.layers.16.mlp.gate_proj": 1186.5081787109375,
    "model.layers.16.mlp.up_proj": 1186.3035888671875,
    "model.layers.16.mlp.down_proj": 1186.092529296875,
    "model.layers.17.self_attn.q_proj": 815.20751953125,
    "model.layers.17.self_attn.k_proj": 831.478759765625,
    "model.layers.17.self_attn.v_proj": 843.4862670898438,
    "model.layers.17.self_attn.o_proj": 791.9361572265625,
    "model.layers.17.mlp.gate_proj": 1191.4775390625,
    "model.layers.17.mlp.up_proj": 1201.9422607421875,
    "model.layers.17.mlp.down_proj": 1195.2613525390625,
    "model.layers.18.self_attn.q_proj": 814.083984375,
    "model.layers.18.self_attn.k_proj": 839.3470458984375,
    "model.layers.18.self_attn.v_proj": 841.4909057617188,
    "model.layers.18.self_attn.o_proj": 792.4041137695312,
    "model.layers.18.mlp.gate_proj": 1196.2308349609375,
    "model.layers.18.mlp.up_proj": 1197.884521484375,
    "model.layers.18.mlp.down_proj": 1195.6025390625,
    "model.layers.19.self_attn.q_proj": 815.9449462890625,
    "model.layers.19.self_attn.k_proj": 818.8519287109375,
    "model.layers.19.self_attn.v_proj": 847.9522705078125,
    "model.layers.19.self_attn.o_proj": 803.7200927734375,
    "model.layers.19.mlp.gate_proj": 1204.4202880859375,
    "model.layers.19.mlp.up_proj": 1209.42138671875,
    "model.layers.19.mlp.down_proj": 1197.427734375,
    "model.layers.20.self_attn.q_proj": 825.101806640625,