{
    "model.layers.0.self_attn.q_proj": 815.5830688476562,
    "model.layers.0.self_attn.k_proj": 815.5801391601562,
    "model.layers.0.self_attn.v_proj": 815.59619140625,
    "model.layers.0.self_attn.o_proj": 816.37646484375,
    "model.layers.0.mlp.gate_proj": 1190.388427734375,
    "model.layers.0.mlp.up_proj": 1190.5252685546875,
    "model.layers.0.mlp.down_proj": 1188.7198486328125,
    "model.layers.1.self_attn.q_proj": 816.8209228515625,
    "model.layers.1.self_attn.k_proj": 813.5784912109375,
    "model.layers.1.self_attn.v_proj": 799.5454711914062,
    "model.layers.1.self_attn.o_proj": 821.6747436523438,
    "model.layers.1.mlp.gate_proj": 1193.247802734375,
    "model.layers.1.mlp.up_proj": 1188.0826416015625,
    "model.layers.1.mlp.down_proj": 1180.3795166015625,
    "model.layers.2.self_attn.q_proj": 814.9617309570312,
    "model.layers.2.self_attn.k_proj": 819.4222412109375,
    "model.layers.2.self_attn.v_proj": 909.7457885742188,
    "model.layers.2.self_attn.o_proj": 838.5078125,
    "model.layers.2.mlp.gate_proj": 1186.9569091796875,
    "model.layers.2.mlp.up_proj": 1199.1820068359375,
    "model.layers.2.mlp.down_proj": 1193.4920654296875,
    "model.layers.3.self_attn.q_proj": 816.8199462890625,
    "model.layers.3.self_attn.k_proj": 792.14111328125,
    "model.layers.3.self_attn.v_proj": 866.69873046875,
    "model.layers.3.self_attn.o_proj": 802.5615844726562,
    "model.layers.3.mlp.gate_proj": 1197.7481689453125,
    "model.layers.3.mlp.up_proj": 1192.398193359375,
    "model.layers.3.mlp.down_proj": 1185.695068359375,
    "model.layers.4.self_attn.q_proj": 792.2349243164062,
    "model.layers.4.self_attn.k_proj": 788.7094116210938,
    "model.layers.4.self_attn.v_proj": 843.5340576171875,
    "model.layers.4.self_attn.o_proj": 793.666015625,
    "model.layers.4.mlp.gate_proj": 1182.5927734375,
    "model.layers.4.mlp.up_proj": 1209.20654296875,
    "model.layers.4.mlp.down_proj": 1186.1778564453125,
    "model.layers.5.self_attn.q_proj": 793.4600830078125,
    "model.layers.5.self_attn.k_proj": 901.5933837890625,
    "model.layers.5.self_attn.v_proj": 906.5287475585938,
    "model.layers.5.self_attn.o_proj": 768.6773681640625,
    "model.layers.5.mlp.gate_proj": 1206.3944091796875,
    "model.layers.5.mlp.up_proj": 1185.09326171875,
    "model.layers.5.mlp.down_proj": 1178.1959228515625,
    "model.layers.6.self_attn.q_proj": 822.9860229492188,
    "model.layers.6.self_attn.k_proj": 828.8590698242188,
    "model.layers.6.self_attn.v_proj": 880.6640014648438,
    "model.layers.6.self_attn.o_proj": 786.7493286132812,
    "model.layers.6.mlp.gate_proj": 1199.3187255859375,
    "model.layers.6.mlp.up_proj": 1160.282470703125,
    "model.layers.6.mlp.down_proj": 1152.79150390625,
    "model.layers.7.self_attn.q_proj": 829.802001953125,
    "model.layers.7.self_attn.k_proj": 905.6664428710938,
    "model.layers.7.self_attn.v_proj": 909.5565185546875,
    "model.layers.7.self_attn.o_proj": 772.1725463867188,
    "model.layers.7.mlp.gate_proj": 1194.156005859375,
    "model.layers.7.mlp.up_proj": 1188.48291015625,
    "model.layers.7.mlp.down_proj": 1209.8406982421875,
    "model.layers.8.self_attn.q_proj": 838.3256225585938,
    "model.layers.8.self_attn.k_proj": 860.334716796875,
    "model.layers.8.self_attn.v_proj": 906.1259155273438,
    "model.layers.8.self_attn.o_proj": 828.4347534179688,
    "model.layers.8.mlp.gate_proj": 1160.952880859375,
    "model.layers.8.mlp.up_proj": 1186.978515625,
    "model.layers.8.mlp.down_proj": 1178.349609375,
    "model.layers.9.self_attn.q_proj": 812.7296142578125,
    "model.layers.9.self_attn.k_proj": 838.3598022460938,
    "model.layers.9.self_attn.v_proj": 855.5393676757812,
    "model.layers.9.self_attn.o_proj": 809.0721435546875,
    "model.layers.9.mlp.gate_proj": 1175.8385009765625,
    "model.layers.9.mlp.up_proj": 1186.4615478515625,
    "model.layers.9.mlp.down_proj": 1189.4019775390625,
    "model.layers.10.self_attn.q_proj": 810.4518432617188,
    "model.layers.10.self_attn.k_proj": 876.3912353515625,
    "model.layers.10.self_attn.v_proj": 805.2562866210938,
    "model.layers.10.self_attn.o_proj": 790.9848022460938,
    "model.layers.10.mlp.gate_proj": 1168.148681640625,
    "model.layers.10.mlp.up_proj": 1176.160888671875,
    "model.layers.10.mlp.down_proj": 1212.362548828125,
    "model.layers.11.self_attn.q_proj": 813.2328491210938,
    "model.layers.11.self_attn.k_proj": 813.2345581054688,
    "model.layers.11.self_attn.v_proj": 853.9938354492188,
    "model.layers.11.self_attn.o_proj": 787.1202392578125,
    "model.layers.11.mlp.gate_proj": 1179.216064453125,
    "model.layers.11.mlp.up_proj": 1185.9718017578125,
    "model.layers.11.mlp.down_proj": 1197.945068359375,
    "model.layers.12.self_attn.q_proj": 812.7207641601562,
    "model.layers.12.self_attn.k_proj": 838.807373046875,
    "model.layers.12.self_attn.v_proj": 868.2648315429688,
    "model.layers.12.self_attn.o_proj": 792.2919921875,
    "model.layers.12.mlp.gate_proj": 1183.3067626953125,
    "model.layers.12.mlp.up_proj": 1184.90380859375,
    "model.layers.12.mlp.down_proj": 1192.0513916015625,
    "model.layers.13.self_attn.q_proj": 814.454833984375,
    "model.layers.13.self_attn.k_proj": 834.8773803710938,
    "model.layers.13.self_attn.v_proj": 900.687255859375,
    "model.layers.13.self_attn.o_proj": 791.4984741210938,
    "model.layers.13.mlp.gate_proj": 1185.4383544921875,
    "model.layers.13.mlp.up_proj": 1193.4937744140625,
    "model.layers.13.mlp.down_proj": 1191.4888916015625,
    "model.layers.14.self_attn.q_proj": 808.2080078125,
    "model.layers.14.self_attn.k_proj": 818.010986328125,
    "model.layers.14.self_attn.v_proj": 863.0028076171875,
    "model.layers.14.self_attn.o_proj": 799.4474487304688,
    "model.layers.14.mlp.gate_proj": 1186.481201171875,
    "model.layers.14.mlp.up_proj": 1193.3328857421875,
    "model.layers.14.mlp.down_proj": 1191.453857421875,
    "model.layers.15.self_attn.q_proj": 811.28076171875,
    "model.layers.15.self_attn.k_proj": 862.1607666015625,
    "model.layers.15.self_attn.v_proj": 891.5328979492188,
    "model.layers.15.self_attn.o_proj": 801.3618774414062,
    "model.layers.15.mlp.gate_proj": 1194.0196533203125,
    "model.layers.15.mlp.up_proj": 1183.4974365234375,
    "model.layers.15.mlp.down_proj": 1196.905029296875,
    "model.layers.16.self_attn.q_proj": 810.4611206054688,
    "model.layers.16.self_attn.k_proj": 824.3443603515625,
    "model.layers.16.self_attn.v_proj": 866.6846313476562,
    "model.layers.16.self_attn.o_proj": 748.7412719726562,
    "model.layers.16.mlp.gate_proj": 1183.112548828125,
    "model.layers.16.mlp.up_proj": 1184.985107421875,
    "model.layers.16.mlp.down_proj": 1182.3582763671875,
    "model.layers.17.self_attn.q_proj": 813.973388671875,
    "model.layers.17.self_attn.k_proj": 830.9618530273438,
    "model.layers.17.self_attn.v_proj": 843.3193359375,
    "model.layers.17.self_attn.o_proj": 789.806640625,
    "model.layers.17.mlp.gate_proj": 1190.0709228515625,
    "model.layers.17.mlp.up_proj": 1200.0635986328125,
    "model.layers.17.mlp.down_proj": 1192.729248046875,
    "model.layers.18.self_attn.q_proj": 812.6926879882812,
    "model.layers.18.self_attn.k_proj": 838.254150390625,
    "model.layers.18.self_attn.v_proj": 842.4863891601562,
    "model.layers.18.self_attn.o_proj": 789.1158447265625,
    "model.layers.18.mlp.gate_proj": 1193.5162353515625,
    "model.layers.18.mlp.up_proj": 1195.384521484375,
    "model.layers.18.mlp.down_proj": 1194.400146484375,
    "model.layers.19.self_attn.q_proj": 813.9575805664062,
    "model.layers.19.self_attn.k_proj": 817.3073120117188,
    "model.layers.19.self_attn.v_proj": 847.8936157226562,
    "model.layers.19.self_attn.o_proj": 801.2625732421875,
    "model.layers.19.mlp.gate_proj": 1203.4727783203125,
    "model.layers.19.mlp.up_proj": 1209.3363037109375,
    "model.layers.19.mlp.down_proj": 1196.852294921875,