{
    "model.layers.0.self_attn.q_proj": 813.7383422851562,
    "model.layers.0.self_attn.k_proj": 813.7417602539062,
    "model.layers.0.self_attn.v_proj": 813.7246704101562,
    "model.layers.0.self_attn.o_proj": 814.324462890625,
    "model.layers.0.mlp.gate_proj": 1188.526611328125,
    "model.layers.0.mlp.up_proj": 1188.6868896484375,
    "model.layers.0.mlp.down_proj": 1186.4608154296875,
    "model.layers.1.self_attn.q_proj": 813.7565307617188,
    "model.layers.1.self_attn.k_proj": 809.4161376953125,
    "model.layers.1.self_attn.v_proj": 796.801025390625,
    "model.layers.1.self_attn.o_proj": 824.2453002929688,
    "model.layers.1.mlp.gate_proj": 1193.631103515625,
    "model.layers.1.mlp.up_proj": 1185.5045166015625,
    "model.layers.1.mlp.down_proj": 1177.8966064453125,
    "model.layers.2.self_attn.q_proj": 811.5574340820312,
    "model.layers.2.self_attn.k_proj": 819.7675170898438,
    "model.layers.2.self_attn.v_proj": 970.83642578125,
    "model.layers.2.self_attn.o_proj": 846.5172729492188,
    "model.layers.2.mlp.gate_proj": 1182.2618408203125,
    "model.layers.2.mlp.up_proj": 1195.9327392578125,
    "model.layers.2.mlp.down_proj": 1189.3223876953125,
    "model.layers.3.self_attn.q_proj": 817.9007568359375,
    "model.layers.3.self_attn.k_proj": 752.3789672851562,
    "model.layers.3.self_attn.v_proj": 872.5435180664062,
    "model.layers.3.self_attn.o_proj": 816.9055786132812,
    "model.layers.3.mlp.gate_proj": 1187.774658203125,
    "model.layers.3.mlp.up_proj": 1189.207763671875,
    "model.layers.3.mlp.down_proj": 1206.7569580078125,
    "model.layers.4.self_attn.q_proj": 788.2959594726562,
    "model.layers.4.self_attn.k_proj": 812.189208984375,
    "model.layers.4.self_attn.v_proj": 853.535400390625,
    "model.layers.4.self_attn.o_proj": 804.9339599609375,
    "model.layers.4.mlp.gate_proj": 1184.0634765625,
    "model.layers.4.mlp.up_proj": 1200.7015380859375,
    "model.layers.4.mlp.down_proj": 1175.005126953125,
    "model.layers.5.self_attn.q_proj": 783.6608276367188,
    "model.layers.5.self_attn.k_proj": 942.8040771484375,
    "model.layers.5.self_attn.v_proj": 933.60791015625,
    "model.layers.5.self_attn.o_proj": 767.6881103515625,
    "model.layers.5.mlp.gate_proj": 1210.560791015625,
    "model.layers.5.mlp.up_proj": 1182.8690185546875,
    "model.layers.5.mlp.down_proj": 1179.71240234375,
    "model.layers.6.self_attn.q_proj": 824.2244873046875,
    "model.layers.6.self_attn.k_proj": 826.6663818359375,
    "model.layers.6.self_attn.v_proj": 918.3618774414062,
    "model.layers.6.self_attn.o_proj": 776.1895751953125,
    "model.layers.6.mlp.gate_proj": 1192.4921875,
    "model.layers.6.mlp.up_proj": 1148.310791015625,
    "model.layers.6.mlp.down_proj": 1154.61279296875,
    "model.layers.7.self_attn.q_proj": 840.1015014648438,
    "model.layers.7.self_attn.k_proj": 949.15966796875,
    "model.layers.7.self_attn.v_proj": 946.2949829101562,
    "model.layers.7.self_attn.o_proj": 780.1987915039062,
    "model.layers.7.mlp.gate_proj": 1193.202880859375,
    "model.layers.7.mlp.up_proj": 1200.365966796875,
    "model.layers.7.mlp.down_proj": 1223.4583740234375,
    "model.layers.8.self_attn.q_proj": 820.5271606445312,
    "model.layers.8.self_attn.k_proj": 874.3488159179688,
    "model.layers.8.self_attn.v_proj": 938.3402709960938,
    "model.layers.8.self_attn.o_proj": 839.4790649414062,
    "model.layers.8.mlp.gate_proj": 1153.7142333984375,
    "model.layers.8.mlp.up_proj": 1180.73681640625,
    "model.layers.8.mlp.down_proj": 1176.0946044921875,
    "model.layers.9.self_attn.q_proj": 797.2664794921875,
    "model.layers.9.self_attn.k_proj": 844.628662109375,
    "model.layers.9.self_attn.v_proj": 856.247314453125,
    "model.layers.9.self_attn.o_proj": 809.01318359375,
    "model.layers.9.mlp.gate_proj": 1176.6456298828125,
    "model.layers.9.mlp.up_proj": 1179.8133544921875,
    "model.layers.9.mlp.down_proj": 1196.291748046875,
    "model.layers.10.self_attn.q_proj": 803.4287109375,
    "model.layers.10.self_attn.k_proj": 907.3375244140625,
    "model.layers.10.self_attn.v_proj": 787.4639892578125,
    "model.layers.10.self_attn.o_proj": 782.4776611328125,
    "model.layers.10.mlp.gate_proj": 1155.165283203125,
    "model.layers.10.mlp.up_proj": 1177.258544921875,
    "model.layers.10.mlp.down_proj": 1212.31103515625,
    "model.layers.11.self_attn.q_proj": 817.4322509765625,
    "model.layers.11.self_attn.k_proj": 842.8403930664062,
    "model.layers.11.self_attn.v_proj": 912.8182983398438,
    "model.layers.11.self_attn.o_proj": 762.2662353515625,
    "model.layers.11.mlp.gate_proj": 1176.4302978515625,
    "model.layers.11.mlp.up_proj": 1181.6309814453125,
    "model.layers.11.mlp.down_proj": 1195.331298828125,
    "model.layers.12.self_attn.q_proj": 813.61279296875,
    "model.layers.12.self_attn.k_proj": 849.6244506835938,
    "model.layers.12.self_attn.v_proj": 894.0636596679688,
    "model.layers.12.self_attn.o_proj": 772.923095703125,
    "model.layers.12.mlp.gate_proj": 1175.9322509765625,
    "model.layers.12.mlp.up_proj": 1186.7030029296875,
    "model.layers.12.mlp.down_proj": 1180.5257568359375,
    "model.layers.13.self_attn.q_proj": 817.9426879882812,
    "model.layers.13.self_attn.k_proj": 831.4382934570312,
    "model.layers.13.self_attn.v_proj": 917.3436889648438,
    "model.layers.13.self_attn.o_proj": 786.738525390625,
    "model.layers.13.mlp.gate_proj": 1183.1282958984375,
    "model.layers.13.mlp.up_proj": 1179.0986328125,
    "model.layers.13.mlp.down_proj": 1186.738037109375,
    "model.layers.14.self_attn.q_proj": 812.5083618164062,
    "model.layers.14.self_attn.k_proj": 819.3759155273438,
    "model.layers.14.self_attn.v_proj": 887.3851318359375,
    "model.layers.14.self_attn.o_proj": 790.232177734375,
    "model.layers.14.mlp.gate_proj": 1180.3369140625,
    "model.layers.14.mlp.up_proj": 1187.0172119140625,
    "model.layers.14.mlp.down_proj": 1186.3511962890625,
    "model.layers.15.self_attn.q_proj": 806.1797485351562,
    "model.layers.15.self_attn.k_proj": 883.337158203125,
    "model.layers.15.self_attn.v_proj": 960.8270263671875,
    "model.layers.15.self_attn.o_proj": 792.20263671875,
    "model.layers.15.mlp.gate_proj": 1185.055419921875,
    "model.layers.15.mlp.up_proj": 1181.7926025390625,
    "model.layers.15.mlp.down_proj": 1196.2664794921875,
    "model.layers.16.self_attn.q_proj": 796.114501953125,
    "model.layers.16.self_attn.k_proj": 822.1744995117188,
    "model.layers.16.self_attn.v_proj": 904.502197265625,
    "model.layers.16.self_attn.o_proj": 692.2171020507812,
    "model.layers.16.mlp.gate_proj": 1176.33349609375,
    "model.layers.16.mlp.up_proj": 1183.578369140625,
    "model.layers.16.mlp.down_proj": 1171.61376953125,
    "model.layers.17.self_attn.q_proj": 811.4725341796875,
    "model.layers.17.self_attn.k_proj": 838.1956787109375,
    "model.layers.17.self_attn.v_proj": 871.899658203125,
    "model.layers.17.self_attn.o_proj": 773.4818725585938,
    "model.layers.17.mlp.gate_proj": 1180.7801513671875,
    "model.layers.17.mlp.up_proj": 1195.5430908203125,
    "model.layers.17.mlp.down_proj": 1189.670166015625,
    "model.layers.18.self_attn.q_proj": 807.416015625,
    "model.layers.18.self_attn.k_proj": 852.3067016601562,
    "model.layers.18.self_attn.v_proj": 885.6361694335938,
    "model.layers.18.self_attn.o_proj": 767.5706176757812,
    "model.layers.18.mlp.gate_proj": 1188.287841796875,
    "model.layers.18.mlp.up_proj": 1191.327880859375,
    "model.layers.18.mlp.down_proj": 1188.64208984375,
    "model.layers.19.self_attn.q_proj": 812.2326049804688,
    "model.layers.19.self_attn.k_proj": 813.491943359375,
    "model.layers.19.self_attn.v_proj": 873.9824829101562,
    "model.layers.19.self_attn.o_proj": 788.7621459960938,
    "model.layers.19.mlp.gate_proj": 1217.0054931640625,
    "model.layers.19.mlp.up_proj": 1216.1051025390625,
    "model.layers.19.mlp.down_proj": 1201.8218994140625,