{
    "model.layers.0.self_attn.q_proj": 813.47705078125,
    "model.layers.0.self_attn.k_proj": 813.4774169921875,
    "model.layers.0.self_attn.v_proj": 813.4777221679688,
    "model.layers.0.self_attn.o_proj": 814.1155395507812,
    "model.layers.0.mlp.gate_proj": 1188.2669677734375,
    "model.layers.0.mlp.up_proj": 1188.42626953125,
    "model.layers.0.mlp.down_proj": 1186.23486328125,
    "model.layers.1.self_attn.q_proj": 813.6610107421875,
    "model.layers.1.self_attn.k_proj": 809.176513671875,
    "model.layers.1.self_attn.v_proj": 796.6231689453125,
    "model.layers.1.self_attn.o_proj": 823.7244262695312,
    "model.layers.1.mlp.gate_proj": 1192.9532470703125,
    "model.layers.1.mlp.up_proj": 1185.2276611328125,
    "model.layers.1.mlp.down_proj": 1178.394287109375,
    "model.layers.2.self_attn.q_proj": 811.1685180664062,
    "model.layers.2.self_attn.k_proj": 820.0252075195312,
    "model.layers.2.self_attn.v_proj": 966.3507690429688,
    "model.layers.2.self_attn.o_proj": 847.953369140625,
    "model.layers.2.mlp.gate_proj": 1182.2821044921875,
    "model.layers.2.mlp.up_proj": 1195.60791015625,
    "model.layers.2.mlp.down_proj": 1189.6336669921875,
    "model.layers.3.self_attn.q_proj": 817.2008666992188,
    "model.layers.3.self_attn.k_proj": 755.0175170898438,
    "model.layers.3.self_attn.v_proj": 870.4732055664062,
    "model.layers.3.self_attn.o_proj": 818.06787109375,
    "model.layers.3.mlp.gate_proj": 1188.31396484375,
    "model.layers.3.mlp.up_proj": 1189.2791748046875,
    "model.layers.3.mlp.down_proj": 1205.9102783203125,
    "model.layers.4.self_attn.q_proj": 788.6682739257812,
    "model.layers.4.self_attn.k_proj": 809.5269165039062,
    "model.layers.4.self_attn.v_proj": 851.4924926757812,
    "model.layers.4.self_attn.o_proj": 800.9923095703125,
    "model.layers.4.mlp.gate_proj": 1183.09814453125,
    "model.layers.4.mlp.up_proj": 1200.1962890625,
    "model.layers.4.mlp.down_proj": 1174.6890869140625,
    "model.layers.5.self_attn.q_proj": 784.6265869140625,
    "model.layers.5.self_attn.k_proj": 938.1089477539062,
    "model.layers.5.self_attn.v_proj": 931.0009155273438,
    "model.layers.5.self_attn.o_proj": 767.2177734375,
    "model.layers.5.mlp.gate_proj": 1211.6683349609375,
    "model.layers.5.mlp.up_proj": 1183.4146728515625,
    "model.layers.5.mlp.down_proj": 1179.654052734375,
    "model.layers.6.self_attn.q_proj": 824.217529296875,
    "model.layers.6.self_attn.k_proj": 825.553466796875,
    "model.layers.6.self_attn.v_proj": 913.1953735351562,
    "model.layers.6.self_attn.o_proj": 776.9091186523438,
    "model.layers.6.mlp.gate_proj": 1193.6385498046875,
    "model.layers.6.mlp.up_proj": 1147.8092041015625,
    "model.layers.6.mlp.down_proj": 1155.2515869140625,
    "model.layers.7.self_attn.q_proj": 839.8489379882812,
    "model.layers.7.self_attn.k_proj": 944.4869384765625,
    "model.layers.7.self_attn.v_proj": 946.1705322265625,
    "model.layers.7.self_attn.o_proj": 780.0576782226562,
    "model.layers.7.mlp.gate_proj": 1190.4632568359375,
    "model.layers.7.mlp.up_proj": 1200.6893310546875,
    "model.layers.7.mlp.down_proj": 1221.55078125,
    "model.layers.8.self_attn.q_proj": 821.5250244140625,
    "model.layers.8.self_attn.k_proj": 872.833740234375,
    "model.layers.8.self_attn.v_proj": 934.5253295898438,
    "model.layers.8.self_attn.o_proj": 836.6444091796875,
    "model.layers.8.mlp.gate_proj": 1154.5067138671875,
    "model.layers.8.mlp.up_proj": 1181.44775390625,
    "model.layers.8.mlp.down_proj": 1178.13623046875,
    "model.layers.9.self_attn.q_proj": 800.7550048828125,
    "model.layers.9.self_attn.k_proj": 843.717041015625,
    "model.layers.9.self_attn.v_proj": 853.821044921875,
    "model.layers.9.self_attn.o_proj": 809.0712280273438,
    "model.layers.9.mlp.gate_proj": 1177.5289306640625,
    "model.layers.9.mlp.up_proj": 1178.9437255859375,
    "model.layers.9.mlp.down_proj": 1195.1583251953125,
    "model.layers.10.self_attn.q_proj": 803.4061889648438,
    "model.layers.10.self_attn.k_proj": 905.9352416992188,
    "model.layers.10.self_attn.v_proj": 787.6586303710938,
    "model.layers.10.self_attn.o_proj": 783.5440063476562,
    "model.layers.10.mlp.gate_proj": 1154.4678955078125,
    "model.layers.10.mlp.up_proj": 1175.962646484375,
    "model.layers.10.mlp.down_proj": 1212.5550537109375,
    "model.layers.11.self_attn.q_proj": 815.2219848632812,
    "model.layers.11.self_attn.k_proj": 840.4144287109375,
    "model.layers.11.self_attn.v_proj": 907.068359375,
    "model.layers.11.self_attn.o_proj": 763.1187744140625,
    "model.layers.11.mlp.gate_proj": 1178.063720703125,
    "model.layers.11.mlp.up_proj": 1182.3697509765625,
    "model.layers.11.mlp.down_proj": 1195.03125,
    "model.layers.12.self_attn.q_proj": 812.8600463867188,
    "model.layers.12.self_attn.k_proj": 847.5994262695312,
    "model.layers.12.self_attn.v_proj": 892.6591186523438,
    "model.layers.12.self_attn.o_proj": 774.165771484375,
    "model.layers.12.mlp.gate_proj": 1176.1412353515625,
    "model.layers.12.mlp.up_proj": 1186.5462646484375,
    "model.layers.12.mlp.down_proj": 1180.2218017578125,
    "model.layers.13.self_attn.q_proj": 816.9691162109375,
    "model.layers.13.self_attn.k_proj": 829.4669799804688,
    "model.layers.13.self_attn.v_proj": 918.3880004882812,
    "model.layers.13.self_attn.o_proj": 786.5326538085938,
    "model.layers.13.mlp.gate_proj": 1181.9691162109375,
    "model.layers.13.mlp.up_proj": 1179.471435546875,
    "model.layers.13.mlp.down_proj": 1186.9696044921875,
    "model.layers.14.self_attn.q_proj": 811.9644165039062,
    "model.layers.14.self_attn.k_proj": 818.286376953125,
    "model.layers.14.self_attn.v_proj": 887.4515991210938,
    "model.layers.14.self_attn.o_proj": 792.75390625,
    "model.layers.14.mlp.gate_proj": 1179.3623046875,
    "model.layers.14.mlp.up_proj": 1186.073974609375,
    "model.layers.14.mlp.down_proj": 1186.589599609375,
    "model.layers.15.self_attn.q_proj": 805.9942626953125,
    "model.layers.15.self_attn.k_proj": 881.406494140625,
    "model.layers.15.self_attn.v_proj": 952.391357421875,
    "model.layers.15.self_attn.o_proj": 791.0960083007812,
    "model.layers.15.mlp.gate_proj": 1185.2462158203125,
    "model.layers.15.mlp.up_proj": 1180.808349609375,
    "model.layers.15.mlp.down_proj": 1195.4627685546875,
    "model.layers.16.self_attn.q_proj": 797.5386352539062,
    "model.layers.16.self_attn.k_proj": 822.1290283203125,
    "model.layers.16.self_attn.v_proj": 901.8096923828125,
    "model.layers.16.self_attn.o_proj": 695.0908813476562,
    "model.layers.16.mlp.gate_proj": 1175.566162109375,
    "model.layers.16.mlp.up_proj": 1183.193359375,
    "model.layers.16.mlp.down_proj": 1171.3829345703125,
    "model.layers.17.self_attn.q_proj": 811.5610961914062,
    "model.layers.17.self_attn.k_proj": 837.7488403320312,
    "model.layers.17.self_attn.v_proj": 869.4043579101562,
    "model.layers.17.self_attn.o_proj": 775.1304321289062,
    "model.layers.17.mlp.gate_proj": 1181.0269775390625,
    "model.layers.17.mlp.up_proj": 1195.1939697265625,
    "model.layers.17.mlp.down_proj": 1189.723876953125,
    "model.layers.18.self_attn.q_proj": 807.2092895507812,
    "model.layers.18.self_attn.k_proj": 850.8453369140625,
    "model.layers.18.self_attn.v_proj": 881.0678100585938,
    "model.layers.18.self_attn.o_proj": 769.1004028320312,
    "model.layers.18.mlp.gate_proj": 1189.577392578125,
    "model.layers.18.mlp.up_proj": 1190.5859375,
    "model.layers.18.mlp.down_proj": 1187.84375,
    "model.layers.19.self_attn.q_proj": 811.6956176757812,
    "model.layers.19.self_attn.k_proj": 813.6503295898438,
    "model.layers.19.self_attn.v_proj": 870.1182250976562,
    "model.layers.19.self_attn.o_proj": 789.838134765625,
    "model.layers.19.mlp.gate_proj": 1215.635009765625,
    "model.layers.19.mlp.up_proj": 1214.4072265625,
    "model.layers.19.mlp.down_proj": 1202.1302490234375,
    "model.layers.20.self_attn.q_proj": 816.076904296875,