{
    "model.layers.0.self_attn.q_proj": 820.4893798828125,
    "model.layers.0.self_attn.k_proj": 820.4954223632812,
    "model.layers.0.self_attn.v_proj": 820.4711303710938,
    "model.layers.0.self_attn.o_proj": 820.7219848632812,
    "model.layers.0.mlp.gate_proj": 1195.37744140625,
    "model.layers.0.mlp.up_proj": 1195.39697265625,
    "model.layers.0.mlp.down_proj": 1194.98828125,
    "model.layers.1.self_attn.q_proj": 820.4022827148438,
    "model.layers.1.self_attn.k_proj": 819.466552734375,
    "model.layers.1.self_attn.v_proj": 814.4325561523438,
    "model.layers.1.self_attn.o_proj": 816.2590942382812,
    "model.layers.1.mlp.gate_proj": 1196.7972412109375,
    "model.layers.1.mlp.up_proj": 1193.40576171875,
    "model.layers.1.mlp.down_proj": 1187.4769287109375,
    "model.layers.2.self_attn.q_proj": 822.48974609375,
    "model.layers.2.self_attn.k_proj": 822.391357421875,
    "model.layers.2.self_attn.v_proj": 833.0923461914062,
    "model.layers.2.self_attn.o_proj": 824.2034912109375,
    "model.layers.2.mlp.gate_proj": 1196.778564453125,
    "model.layers.2.mlp.up_proj": 1192.97509765625,
    "model.layers.2.mlp.down_proj": 1193.5115966796875,
    "model.layers.3.self_attn.q_proj": 814.8767700195312,
    "model.layers.3.self_attn.k_proj": 814.6041259765625,
    "model.layers.3.self_attn.v_proj": 832.2578125,
    "model.layers.3.self_attn.o_proj": 822.734130859375,
    "model.layers.3.mlp.gate_proj": 1193.99658203125,
    "model.layers.3.mlp.up_proj": 1198.02392578125,
    "model.layers.3.mlp.down_proj": 1204.7342529296875,
    "model.layers.4.self_attn.q_proj": 809.955810546875,
    "model.layers.4.self_attn.k_proj": 822.0384521484375,
    "model.layers.4.self_attn.v_proj": 815.460693359375,
    "model.layers.4.self_attn.o_proj": 793.1002197265625,
    "model.layers.4.mlp.gate_proj": 1193.9454345703125,
    "model.layers.4.mlp.up_proj": 1198.8431396484375,
    "model.layers.4.mlp.down_proj": 1198.98828125,
    "model.layers.5.self_attn.q_proj": 821.361083984375,
    "model.layers.5.self_attn.k_proj": 836.0430297851562,
    "model.layers.5.self_attn.v_proj": 846.987060546875,
    "model.layers.5.self_attn.o_proj": 812.31103515625,
    "model.layers.5.mlp.gate_proj": 1197.641845703125,
    "model.layers.5.mlp.up_proj": 1181.17626953125,
    "model.layers.5.mlp.down_proj": 1193.9632568359375,
    "model.layers.6.self_attn.q_proj": 818.4716186523438,
    "model.layers.6.self_attn.k_proj": 832.790771484375,
    "model.layers.6.self_attn.v_proj": 857.0833129882812,
    "model.layers.6.self_attn.o_proj": 821.6546630859375,
    "model.layers.6.mlp.gate_proj": 1214.220703125,
    "model.layers.6.mlp.up_proj": 1179.1484375,
    "model.layers.6.mlp.down_proj": 1187.200927734375,
    "model.layers.7.self_attn.q_proj": 819.4478149414062,
    "model.layers.7.self_attn.k_proj": 833.6708984375,
    "model.layers.7.self_attn.v_proj": 840.598388671875,
    "model.layers.7.self_attn.o_proj": 809.3256225585938,
    "model.layers.7.mlp.gate_proj": 1195.8447265625,
    "model.layers.7.mlp.up_proj": 1187.14794921875,
    "model.layers.7.mlp.down_proj": 1190.008056640625,
    "model.layers.8.self_attn.q_proj": 838.9580078125,
    "model.layers.8.self_attn.k_proj": 834.9418334960938,
    "model.layers.8.self_attn.v_proj": 846.8668823242188,
    "model.layers.8.self_attn.o_proj": 824.3428955078125,
    "model.layers.8.mlp.gate_proj": 1184.7122802734375,
    "model.layers.8.mlp.up_proj": 1198.84033203125,
    "model.layers.8.mlp.down_proj": 1193.3475341796875,
    "model.layers.9.self_attn.q_proj": 819.9693603515625,
    "model.layers.9.self_attn.k_proj": 818.8029174804688,
    "model.layers.9.self_attn.v_proj": 838.0299682617188,
    "model.layers.9.self_attn.o_proj": 811.314697265625,
    "model.layers.9.mlp.gate_proj": 1200.175048828125,
    "model.layers.9.mlp.up_proj": 1189.0521240234375,
    "model.layers.9.mlp.down_proj": 1194.463623046875,
    "model.layers.10.self_attn.q_proj": 816.2001953125,
    "model.layers.10.self_attn.k_proj": 828.0847778320312,
    "model.layers.10.self_attn.v_proj": 810.1192626953125,
    "model.layers.10.self_attn.o_proj": 808.5693969726562,
    "model.layers.10.mlp.gate_proj": 1190.2919921875,
    "model.layers.10.mlp.up_proj": 1185.316162109375,
    "model.layers.10.mlp.down_proj": 1216.743408203125,
    "model.layers.11.self_attn.q_proj": 821.5361328125,
    "model.layers.11.self_attn.k_proj": 820.7349853515625,
    "model.layers.11.self_attn.v_proj": 839.7410888671875,
    "model.layers.11.self_attn.o_proj": 812.1290283203125,
    "model.layers.11.mlp.gate_proj": 1191.6177978515625,
    "model.layers.11.mlp.up_proj": 1190.474609375,
    "model.layers.11.mlp.down_proj": 1199.107177734375,
    "model.layers.12.self_attn.q_proj": 818.8643188476562,
    "model.layers.12.self_attn.k_proj": 827.900390625,
    "model.layers.12.self_attn.v_proj": 843.9203491210938,
    "model.layers.12.self_attn.o_proj": 821.8455200195312,
    "model.layers.12.mlp.gate_proj": 1196.7626953125,
    "model.layers.12.mlp.up_proj": 1193.0626220703125,
    "model.layers.12.mlp.down_proj": 1199.8865966796875,
    "model.layers.13.self_attn.q_proj": 814.30078125,
    "model.layers.13.self_attn.k_proj": 831.4087524414062,
    "model.layers.13.self_attn.v_proj": 850.240234375,
    "model.layers.13.self_attn.o_proj": 812.8261108398438,
    "model.layers.13.mlp.gate_proj": 1192.6708984375,
    "model.layers.13.mlp.up_proj": 1196.43017578125,
    "model.layers.13.mlp.down_proj": 1183.1361083984375,
    "model.layers.14.self_attn.q_proj": 819.2817993164062,
    "model.layers.14.self_attn.k_proj": 823.3084716796875,
    "model.layers.14.self_attn.v_proj": 836.0739135742188,
    "model.layers.14.self_attn.o_proj": 815.2903442382812,
    "model.layers.14.mlp.gate_proj": 1192.470703125,
    "model.layers.14.mlp.up_proj": 1196.829833984375,
    "model.layers.14.mlp.down_proj": 1196.4107666015625,
    "model.layers.15.self_attn.q_proj": 817.0458374023438,
    "model.layers.15.self_attn.k_proj": 830.9318237304688,
    "model.layers.15.self_attn.v_proj": 835.091796875,
    "model.layers.15.self_attn.o_proj": 817.4829711914062,
    "model.layers.15.mlp.gate_proj": 1199.9791259765625,
    "model.layers.15.mlp.up_proj": 1191.0780029296875,
    "model.layers.15.mlp.down_proj": 1205.09375,
    "model.layers.16.self_attn.q_proj": 820.199462890625,
    "model.layers.16.self_attn.k_proj": 822.5499267578125,
    "model.layers.16.self_attn.v_proj": 822.6034545898438,
    "model.layers.16.self_attn.o_proj": 808.6200561523438,
    "model.layers.16.mlp.gate_proj": 1192.654541015625,
    "model.layers.16.mlp.up_proj": 1189.6865234375,
    "model.layers.16.mlp.down_proj": 1193.4112548828125,
    "model.layers.17.self_attn.q_proj": 817.3126220703125,
    "model.layers.17.self_attn.k_proj": 830.6510009765625,
    "model.layers.17.self_attn.v_proj": 826.5393676757812,
    "model.layers.17.self_attn.o_proj": 811.1223754882812,
    "model.layers.17.mlp.gate_proj": 1193.316162109375,
    "model.layers.17.mlp.up_proj": 1202.4244384765625,
    "model.layers.17.mlp.down_proj": 1199.223388671875,
    "model.layers.18.self_attn.q_proj": 816.8939819335938,
    "model.layers.18.self_attn.k_proj": 827.9924926757812,
    "model.layers.18.self_attn.v_proj": 829.1390991210938,
    "model.layers.18.self_attn.o_proj": 809.40087890625,
    "model.layers.18.mlp.gate_proj": 1201.1866455078125,
    "model.layers.18.mlp.up_proj": 1191.7431640625,
    "model.layers.18.mlp.down_proj": 1191.685791015625,
    "model.layers.19.self_attn.q_proj": 818.4984130859375,
    "model.layers.19.self_attn.k_proj": 817.6936645507812,
    "model.layers.19.self_attn.v_proj": 829.3483276367188,
    "model.layers.19.self_attn.o_proj": 819.5945434570312,
    "model.layers.19.mlp.gate_proj": 1198.3153076171875,
    "model.layers.19.mlp.up_proj": 1204.8702392578125,
    "model.layers.19.mlp.down_proj": 1192.3294677734375,
    "model.layers.20.self_attn.q_proj": 822.53857421875,