{
    "model.layers.0.self_attn.q_proj": 815.3355102539062,
    "model.layers.0.self_attn.k_proj": 815.329345703125,
    "model.layers.0.self_attn.v_proj": 815.3678588867188,
    "model.layers.0.self_attn.o_proj": 816.0425415039062,
    "model.layers.0.mlp.gate_proj": 1190.1495361328125,
    "model.layers.0.mlp.up_proj": 1190.2611083984375,
    "model.layers.0.mlp.down_proj": 1189.1119384765625,
    "model.layers.1.self_attn.q_proj": 816.768798828125,
    "model.layers.1.self_attn.k_proj": 813.450439453125,
    "model.layers.1.self_attn.v_proj": 802.7517700195312,
    "model.layers.1.self_attn.o_proj": 817.919921875,
    "model.layers.1.mlp.gate_proj": 1192.7109375,
    "model.layers.1.mlp.up_proj": 1188.0147705078125,
    "model.layers.1.mlp.down_proj": 1180.7637939453125,
    "model.layers.2.self_attn.q_proj": 814.274169921875,
    "model.layers.2.self_attn.k_proj": 816.8302612304688,
    "model.layers.2.self_attn.v_proj": 889.3057250976562,
    "model.layers.2.self_attn.o_proj": 832.9966430664062,
    "model.layers.2.mlp.gate_proj": 1188.6611328125,
    "model.layers.2.mlp.up_proj": 1198.9822998046875,
    "model.layers.2.mlp.down_proj": 1193.6373291015625,
    "model.layers.3.self_attn.q_proj": 816.6138916015625,
    "model.layers.3.self_attn.k_proj": 793.7938232421875,
    "model.layers.3.self_attn.v_proj": 863.4823608398438,
    "model.layers.3.self_attn.o_proj": 801.7456665039062,
    "model.layers.3.mlp.gate_proj": 1189.8369140625,
    "model.layers.3.mlp.up_proj": 1193.810546875,
    "model.layers.3.mlp.down_proj": 1185.6153564453125,
    "model.layers.4.self_attn.q_proj": 791.7919311523438,
    "model.layers.4.self_attn.k_proj": 789.0875854492188,
    "model.layers.4.self_attn.v_proj": 836.1859130859375,
    "model.layers.4.self_attn.o_proj": 801.026123046875,
    "model.layers.4.mlp.gate_proj": 1186.046630859375,
    "model.layers.4.mlp.up_proj": 1212.6827392578125,
    "model.layers.4.mlp.down_proj": 1186.3814697265625,
    "model.layers.5.self_attn.q_proj": 796.7813720703125,
    "model.layers.5.self_attn.k_proj": 886.4834594726562,
    "model.layers.5.self_attn.v_proj": 897.4927978515625,
    "model.layers.5.self_attn.o_proj": 777.3966674804688,
    "model.layers.5.mlp.gate_proj": 1205.962158203125,
    "model.layers.5.mlp.up_proj": 1186.6395263671875,
    "model.layers.5.mlp.down_proj": 1173.91064453125,
    "model.layers.6.self_attn.q_proj": 822.1251220703125,
    "model.layers.6.self_attn.k_proj": 828.6881713867188,
    "model.layers.6.self_attn.v_proj": 870.4390869140625,
    "model.layers.6.self_attn.o_proj": 788.684814453125,
    "model.layers.6.mlp.gate_proj": 1199.48974609375,
    "model.layers.6.mlp.up_proj": 1157.7855224609375,
    "model.layers.6.mlp.down_proj": 1155.72705078125,
    "model.layers.7.self_attn.q_proj": 828.162841796875,
    "model.layers.7.self_attn.k_proj": 883.1316528320312,
    "model.layers.7.self_attn.v_proj": 899.6093139648438,
    "model.layers.7.self_attn.o_proj": 774.4347534179688,
    "model.layers.7.mlp.gate_proj": 1189.828125,
    "model.layers.7.mlp.up_proj": 1187.2684326171875,
    "model.layers.7.mlp.down_proj": 1209.38134765625,
    "model.layers.8.self_attn.q_proj": 833.13525390625,
    "model.layers.8.self_attn.k_proj": 858.7863159179688,
    "model.layers.8.self_attn.v_proj": 897.1680297851562,
    "model.layers.8.self_attn.o_proj": 830.2979736328125,
    "model.layers.8.mlp.gate_proj": 1163.68505859375,
    "model.layers.8.mlp.up_proj": 1194.3106689453125,
    "model.layers.8.mlp.down_proj": 1175.5706787109375,
    "model.layers.9.self_attn.q_proj": 816.9763793945312,
    "model.layers.9.self_attn.k_proj": 831.9576416015625,
    "model.layers.9.self_attn.v_proj": 848.6476440429688,
    "model.layers.9.self_attn.o_proj": 811.1228637695312,
    "model.layers.9.mlp.gate_proj": 1178.04736328125,
    "model.layers.9.mlp.up_proj": 1187.650634765625,
    "model.layers.9.mlp.down_proj": 1189.56884765625,
    "model.layers.10.self_attn.q_proj": 809.1305541992188,
    "model.layers.10.self_attn.k_proj": 864.1109008789062,
    "model.layers.10.self_attn.v_proj": 808.7249755859375,
    "model.layers.10.self_attn.o_proj": 792.1443481445312,
    "model.layers.10.mlp.gate_proj": 1169.82080078125,
    "model.layers.10.mlp.up_proj": 1176.34765625,
    "model.layers.10.mlp.down_proj": 1207.718017578125,
    "model.layers.11.self_attn.q_proj": 811.1318359375,
    "model.layers.11.self_attn.k_proj": 811.1025390625,
    "model.layers.11.self_attn.v_proj": 853.8781127929688,
    "model.layers.11.self_attn.o_proj": 789.5436401367188,
    "model.layers.11.mlp.gate_proj": 1177.21533203125,
    "model.layers.11.mlp.up_proj": 1184.5450439453125,
    "model.layers.11.mlp.down_proj": 1199.4761962890625,
    "model.layers.12.self_attn.q_proj": 816.064697265625,
    "model.layers.12.self_attn.k_proj": 836.5154418945312,
    "model.layers.12.self_attn.v_proj": 857.184326171875,
    "model.layers.12.self_attn.o_proj": 792.8667602539062,
    "model.layers.12.mlp.gate_proj": 1185.074951171875,
    "model.layers.12.mlp.up_proj": 1186.0133056640625,
    "model.layers.12.mlp.down_proj": 1192.7176513671875,
    "model.layers.13.self_attn.q_proj": 813.2193603515625,
    "model.layers.13.self_attn.k_proj": 836.5336303710938,
    "model.layers.13.self_attn.v_proj": 883.3958740234375,
    "model.layers.13.self_attn.o_proj": 796.6036987304688,
    "model.layers.13.mlp.gate_proj": 1186.1085205078125,
    "model.layers.13.mlp.up_proj": 1193.18310546875,
    "model.layers.13.mlp.down_proj": 1188.0206298828125,
    "model.layers.14.self_attn.q_proj": 809.045166015625,
    "model.layers.14.self_attn.k_proj": 818.7730712890625,
    "model.layers.14.self_attn.v_proj": 861.2137451171875,
    "model.layers.14.self_attn.o_proj": 798.9463500976562,
    "model.layers.14.mlp.gate_proj": 1186.675048828125,
    "model.layers.14.mlp.up_proj": 1192.8936767578125,
    "model.layers.14.mlp.down_proj": 1189.5443115234375,
    "model.layers.15.self_attn.q_proj": 810.3670043945312,
    "model.layers.15.self_attn.k_proj": 855.1609497070312,
    "model.layers.15.self_attn.v_proj": 875.2512817382812,
    "model.layers.15.self_attn.o_proj": 805.0834350585938,
    "model.layers.15.mlp.gate_proj": 1194.771728515625,
    "model.layers.15.mlp.up_proj": 1184.16455078125,
    "model.layers.15.mlp.down_proj": 1196.0810546875,
    "model.layers.16.self_attn.q_proj": 810.3590698242188,
    "model.layers.16.self_attn.k_proj": 824.30419921875,
    "model.layers.16.self_attn.v_proj": 855.6727905273438,
    "model.layers.16.self_attn.o_proj": 758.7691650390625,
    "model.layers.16.mlp.gate_proj": 1183.7908935546875,
    "model.layers.16.mlp.up_proj": 1183.67529296875,
    "model.layers.16.mlp.down_proj": 1184.1336669921875,
    "model.layers.17.self_attn.q_proj": 812.2344360351562,
    "model.layers.17.self_attn.k_proj": 827.8223876953125,
    "model.layers.17.self_attn.v_proj": 839.9994506835938,
    "model.layers.17.self_attn.o_proj": 790.6581420898438,
    "model.layers.17.mlp.gate_proj": 1188.7138671875,
    "model.layers.17.mlp.up_proj": 1199.122314453125,
    "model.layers.17.mlp.down_proj": 1191.9910888671875,
    "model.layers.18.self_attn.q_proj": 811.3468627929688,
    "model.layers.18.self_attn.k_proj": 835.76904296875,
    "model.layers.18.self_attn.v_proj": 836.3389892578125,
    "model.layers.18.self_attn.o_proj": 791.4526977539062,
    "model.layers.18.mlp.gate_proj": 1194.163818359375,
    "model.layers.18.mlp.up_proj": 1195.1702880859375,
    "model.layers.18.mlp.down_proj": 1191.804443359375,
    "model.layers.19.self_attn.q_proj": 813.9301147460938,
    "model.layers.19.self_attn.k_proj": 814.8629150390625,
    "model.layers.19.self_attn.v_proj": 843.8806762695312,
    "model.layers.19.self_attn.o_proj": 802.3904418945312,
    "model.layers.19.mlp.gate_proj": 1200.7908935546875,
    "model.layers.19.mlp.up_proj": 1206.1065673828125,
    "model.layers.19.mlp.down_proj": 1193.868408203125,
    "model.layers.20.self_attn.q_proj": 822.419189453125,