{
    "model.layers.0.self_attn.q_proj": 817.0107421875,
    "model.layers.0.self_attn.k_proj": 817.0065307617188,
    "model.layers.0.self_attn.v_proj": 817.04345703125,
    "model.layers.0.self_attn.o_proj": 817.7384643554688,
    "model.layers.0.mlp.gate_proj": 1191.8270263671875,
    "model.layers.0.mlp.up_proj": 1191.9334716796875,
    "model.layers.0.mlp.down_proj": 1191.3826904296875,
    "model.layers.1.self_attn.q_proj": 817.9013061523438,
    "model.layers.1.self_attn.k_proj": 815.4724731445312,
    "model.layers.1.self_attn.v_proj": 805.603759765625,
    "model.layers.1.self_attn.o_proj": 817.3041381835938,
    "model.layers.1.mlp.gate_proj": 1194.1162109375,
    "model.layers.1.mlp.up_proj": 1188.92822265625,
    "model.layers.1.mlp.down_proj": 1183.8677978515625,
    "model.layers.2.self_attn.q_proj": 818.2808227539062,
    "model.layers.2.self_attn.k_proj": 817.5402221679688,
    "model.layers.2.self_attn.v_proj": 870.8931884765625,
    "model.layers.2.self_attn.o_proj": 827.765869140625,
    "model.layers.2.mlp.gate_proj": 1191.8548583984375,
    "model.layers.2.mlp.up_proj": 1200.937744140625,
    "model.layers.2.mlp.down_proj": 1195.0155029296875,
    "model.layers.3.self_attn.q_proj": 812.9807739257812,
    "model.layers.3.self_attn.k_proj": 802.2739868164062,
    "model.layers.3.self_attn.v_proj": 852.8646240234375,
    "model.layers.3.self_attn.o_proj": 800.51171875,
    "model.layers.3.mlp.gate_proj": 1190.6717529296875,
    "model.layers.3.mlp.up_proj": 1190.0001220703125,
    "model.layers.3.mlp.down_proj": 1194.7760009765625,
    "model.layers.4.self_attn.q_proj": 793.1400756835938,
    "model.layers.4.self_attn.k_proj": 799.7715454101562,
    "model.layers.4.self_attn.v_proj": 825.0231323242188,
    "model.layers.4.self_attn.o_proj": 800.2437133789062,
    "model.layers.4.mlp.gate_proj": 1186.3685302734375,
    "model.layers.4.mlp.up_proj": 1210.6815185546875,
    "model.layers.4.mlp.down_proj": 1186.8753662109375,
    "model.layers.5.self_attn.q_proj": 802.9791259765625,
    "model.layers.5.self_attn.k_proj": 863.6663208007812,
    "model.layers.5.self_attn.v_proj": 889.7178344726562,
    "model.layers.5.self_attn.o_proj": 794.0840454101562,
    "model.layers.5.mlp.gate_proj": 1201.8056640625,
    "model.layers.5.mlp.up_proj": 1190.66357421875,
    "model.layers.5.mlp.down_proj": 1181.7420654296875,
    "model.layers.6.self_attn.q_proj": 826.3316040039062,
    "model.layers.6.self_attn.k_proj": 838.53466796875,
    "model.layers.6.self_attn.v_proj": 864.2891235351562,
    "model.layers.6.self_attn.o_proj": 791.8301391601562,
    "model.layers.6.mlp.gate_proj": 1203.7230224609375,
    "model.layers.6.mlp.up_proj": 1163.8470458984375,
    "model.layers.6.mlp.down_proj": 1163.703857421875,
    "model.layers.7.self_attn.q_proj": 826.4085083007812,
    "model.layers.7.self_attn.k_proj": 850.101318359375,
    "model.layers.7.self_attn.v_proj": 876.2153930664062,
    "model.layers.7.self_attn.o_proj": 787.8137817382812,
    "model.layers.7.mlp.gate_proj": 1192.945068359375,
    "model.layers.7.mlp.up_proj": 1191.72802734375,
    "model.layers.7.mlp.down_proj": 1206.5208740234375,
    "model.layers.8.self_attn.q_proj": 835.8993530273438,
    "model.layers.8.self_attn.k_proj": 850.8814086914062,
    "model.layers.8.self_attn.v_proj": 879.8902587890625,
    "model.layers.8.self_attn.o_proj": 833.8140258789062,
    "model.layers.8.mlp.gate_proj": 1171.0673828125,
    "model.layers.8.mlp.up_proj": 1201.9288330078125,
    "model.layers.8.mlp.down_proj": 1185.26318359375,
    "model.layers.9.self_attn.q_proj": 819.53955078125,
    "model.layers.9.self_attn.k_proj": 824.3779296875,
    "model.layers.9.self_attn.v_proj": 839.0347900390625,
    "model.layers.9.self_attn.o_proj": 809.83349609375,
    "model.layers.9.mlp.gate_proj": 1183.09765625,
    "model.layers.9.mlp.up_proj": 1184.998046875,
    "model.layers.9.mlp.down_proj": 1185.9365234375,
    "model.layers.10.self_attn.q_proj": 809.3402709960938,
    "model.layers.10.self_attn.k_proj": 849.5436401367188,
    "model.layers.10.self_attn.v_proj": 820.915771484375,
    "model.layers.10.self_attn.o_proj": 796.4141845703125,
    "model.layers.10.mlp.gate_proj": 1176.370849609375,
    "model.layers.10.mlp.up_proj": 1184.0721435546875,
    "model.layers.10.mlp.down_proj": 1200.289306640625,
    "model.layers.11.self_attn.q_proj": 816.369873046875,
    "model.layers.11.self_attn.k_proj": 807.9740600585938,
    "model.layers.11.self_attn.v_proj": 852.748779296875,
    "model.layers.11.self_attn.o_proj": 796.9846801757812,
    "model.layers.11.mlp.gate_proj": 1181.8482666015625,
    "model.layers.11.mlp.up_proj": 1185.726806640625,
    "model.layers.11.mlp.down_proj": 1198.500732421875,
    "model.layers.12.self_attn.q_proj": 821.2510375976562,
    "model.layers.12.self_attn.k_proj": 833.90185546875,
    "model.layers.12.self_attn.v_proj": 848.6193237304688,
    "model.layers.12.self_attn.o_proj": 801.2730102539062,
    "model.layers.12.mlp.gate_proj": 1193.0194091796875,
    "model.layers.12.mlp.up_proj": 1185.8406982421875,
    "model.layers.12.mlp.down_proj": 1195.3682861328125,
    "model.layers.13.self_attn.q_proj": 813.1737670898438,
    "model.layers.13.self_attn.k_proj": 838.5711059570312,
    "model.layers.13.self_attn.v_proj": 871.11181640625,
    "model.layers.13.self_attn.o_proj": 807.2408447265625,
    "model.layers.13.mlp.gate_proj": 1188.616943359375,
    "model.layers.13.mlp.up_proj": 1195.0328369140625,
    "model.layers.13.mlp.down_proj": 1179.9476318359375,
    "model.layers.14.self_attn.q_proj": 813.4176635742188,
    "model.layers.14.self_attn.k_proj": 821.2796020507812,
    "model.layers.14.self_attn.v_proj": 855.4219360351562,
    "model.layers.14.self_attn.o_proj": 805.6966552734375,
    "model.layers.14.mlp.gate_proj": 1188.0535888671875,
    "model.layers.14.mlp.up_proj": 1195.9483642578125,
    "model.layers.14.mlp.down_proj": 1195.307373046875,
    "model.layers.15.self_attn.q_proj": 811.400146484375,
    "model.layers.15.self_attn.k_proj": 840.9600219726562,
    "model.layers.15.self_attn.v_proj": 860.9063720703125,
    "model.layers.15.self_attn.o_proj": 810.2662963867188,
    "model.layers.15.mlp.gate_proj": 1196.3338623046875,
    "model.layers.15.mlp.up_proj": 1187.149658203125,
    "model.layers.15.mlp.down_proj": 1197.3424072265625,
    "model.layers.16.self_attn.q_proj": 815.078369140625,
    "model.layers.16.self_attn.k_proj": 822.510986328125,
    "model.layers.16.self_attn.v_proj": 844.0256958007812,
    "model.layers.16.self_attn.o_proj": 770.1508178710938,
    "model.layers.16.mlp.gate_proj": 1185.28564453125,
    "model.layers.16.mlp.up_proj": 1185.065185546875,
    "model.layers.16.mlp.down_proj": 1183.9140625,
    "model.layers.17.self_attn.q_proj": 814.3136596679688,
    "model.layers.17.self_attn.k_proj": 829.5540161132812,
    "model.layers.17.self_attn.v_proj": 836.2032470703125,
    "model.layers.17.self_attn.o_proj": 797.5751342773438,
    "model.layers.17.mlp.gate_proj": 1190.206298828125,
    "model.layers.17.mlp.up_proj": 1201.2095947265625,
    "model.layers.17.mlp.down_proj": 1192.77490234375,
    "model.layers.18.self_attn.q_proj": 811.8206176757812,
    "model.layers.18.self_attn.k_proj": 832.5518188476562,
    "model.layers.18.self_attn.v_proj": 832.8136596679688,
    "model.layers.18.self_attn.o_proj": 797.2756958007812,
    "model.layers.18.mlp.gate_proj": 1196.7945556640625,
    "model.layers.18.mlp.up_proj": 1190.951416015625,
    "model.layers.18.mlp.down_proj": 1192.486572265625,
    "model.layers.19.self_attn.q_proj": 815.4376831054688,
    "model.layers.19.self_attn.k_proj": 815.0999755859375,
    "model.layers.19.self_attn.v_proj": 839.637451171875,
    "model.layers.19.self_attn.o_proj": 809.579833984375,
    "model.layers.19.mlp.gate_proj": 1198.598876953125,
    "model.layers.19.mlp.up_proj": 1206.765380859375,
    "model.layers.19.mlp.down_proj": 1193.8765869140625,