{
    "model.layers.0.self_attn.q_proj": 816.0545043945312,
    "model.layers.0.self_attn.k_proj": 816.0621337890625,
    "model.layers.0.self_attn.v_proj": 816.0254516601562,
    "model.layers.0.self_attn.o_proj": 816.3348388671875,
    "model.layers.0.mlp.gate_proj": 1190.9337158203125,
    "model.layers.0.mlp.up_proj": 1190.9647216796875,
    "model.layers.0.mlp.down_proj": 1190.659912109375,
    "model.layers.1.self_attn.q_proj": 816.0914306640625,
    "model.layers.1.self_attn.k_proj": 814.7969360351562,
    "model.layers.1.self_attn.v_proj": 808.1995239257812,
    "model.layers.1.self_attn.o_proj": 811.3828735351562,
    "model.layers.1.mlp.gate_proj": 1192.52392578125,
    "model.layers.1.mlp.up_proj": 1188.7437744140625,
    "model.layers.1.mlp.down_proj": 1182.38037109375,
    "model.layers.2.self_attn.q_proj": 818.6171875,
    "model.layers.2.self_attn.k_proj": 818.1764526367188,
    "model.layers.2.self_attn.v_proj": 844.0455932617188,
    "model.layers.2.self_attn.o_proj": 820.0421142578125,
    "model.layers.2.mlp.gate_proj": 1192.1737060546875,
    "model.layers.2.mlp.up_proj": 1192.1881103515625,
    "model.layers.2.mlp.down_proj": 1191.2200927734375,
    "model.layers.3.self_attn.q_proj": 809.7040405273438,
    "model.layers.3.self_attn.k_proj": 807.5506591796875,
    "model.layers.3.self_attn.v_proj": 830.0924072265625,
    "model.layers.3.self_attn.o_proj": 816.7787475585938,
    "model.layers.3.mlp.gate_proj": 1188.1610107421875,
    "model.layers.3.mlp.up_proj": 1191.6954345703125,
    "model.layers.3.mlp.down_proj": 1201.47705078125,
    "model.layers.4.self_attn.q_proj": 801.10400390625,
    "model.layers.4.self_attn.k_proj": 816.7101440429688,
    "model.layers.4.self_attn.v_proj": 810.47998046875,
    "model.layers.4.self_attn.o_proj": 791.0314331054688,
    "model.layers.4.mlp.gate_proj": 1190.45947265625,
    "model.layers.4.mlp.up_proj": 1199.6329345703125,
    "model.layers.4.mlp.down_proj": 1191.525634765625,
    "model.layers.5.self_attn.q_proj": 817.96484375,
    "model.layers.5.self_attn.k_proj": 836.6424560546875,
    "model.layers.5.self_attn.v_proj": 857.4197998046875,
    "model.layers.5.self_attn.o_proj": 807.2003173828125,
    "model.layers.5.mlp.gate_proj": 1195.1688232421875,
    "model.layers.5.mlp.up_proj": 1179.7696533203125,
    "model.layers.5.mlp.down_proj": 1186.4249267578125,
    "model.layers.6.self_attn.q_proj": 819.0859375,
    "model.layers.6.self_attn.k_proj": 831.304443359375,
    "model.layers.6.self_attn.v_proj": 857.8577880859375,
    "model.layers.6.self_attn.o_proj": 810.3443603515625,
    "model.layers.6.mlp.gate_proj": 1209.2901611328125,
    "model.layers.6.mlp.up_proj": 1171.283935546875,
    "model.layers.6.mlp.down_proj": 1182.968017578125,
    "model.layers.7.self_attn.q_proj": 815.5182495117188,
    "model.layers.7.self_attn.k_proj": 831.1433715820312,
    "model.layers.7.self_attn.v_proj": 845.084716796875,
    "model.layers.7.self_attn.o_proj": 802.903076171875,
    "model.layers.7.mlp.gate_proj": 1191.8548583984375,
    "model.layers.7.mlp.up_proj": 1183.653564453125,
    "model.layers.7.mlp.down_proj": 1190.273681640625,
    "model.layers.8.self_attn.q_proj": 836.3031616210938,
    "model.layers.8.self_attn.k_proj": 836.5184936523438,
    "model.layers.8.self_attn.v_proj": 851.5300903320312,
    "model.layers.8.self_attn.o_proj": 823.1762084960938,
    "model.layers.8.mlp.gate_proj": 1179.1754150390625,
    "model.layers.8.mlp.up_proj": 1196.9296875,
    "model.layers.8.mlp.down_proj": 1189.445556640625,
    "model.layers.9.self_attn.q_proj": 815.623779296875,
    "model.layers.9.self_attn.k_proj": 815.9273071289062,
    "model.layers.9.self_attn.v_proj": 837.8604125976562,
    "model.layers.9.self_attn.o_proj": 806.3510131835938,
    "model.layers.9.mlp.gate_proj": 1190.064208984375,
    "model.layers.9.mlp.up_proj": 1184.674072265625,
    "model.layers.9.mlp.down_proj": 1188.6019287109375,
    "model.layers.10.self_attn.q_proj": 810.8026733398438,
    "model.layers.10.self_attn.k_proj": 828.42919921875,
    "model.layers.10.self_attn.v_proj": 811.8690185546875,
    "model.layers.10.self_attn.o_proj": 802.7492065429688,
    "model.layers.10.mlp.gate_proj": 1183.6722412109375,
    "model.layers.10.mlp.up_proj": 1180.478271484375,
    "model.layers.10.mlp.down_proj": 1207.777099609375,
    "model.layers.11.self_attn.q_proj": 816.20166015625,
    "model.layers.11.self_attn.k_proj": 813.3931274414062,
    "model.layers.11.self_attn.v_proj": 840.48291015625,
    "model.layers.11.self_attn.o_proj": 805.51611328125,
    "model.layers.11.mlp.gate_proj": 1185.146240234375,
    "model.layers.11.mlp.up_proj": 1185.9935302734375,
    "model.layers.11.mlp.down_proj": 1194.73046875,
    "model.layers.12.self_attn.q_proj": 815.0767211914062,
    "model.layers.12.self_attn.k_proj": 825.1727294921875,
    "model.layers.12.self_attn.v_proj": 841.224365234375,
    "model.layers.12.self_attn.o_proj": 815.52197265625,
    "model.layers.12.mlp.gate_proj": 1192.614990234375,
    "model.layers.12.mlp.up_proj": 1187.3153076171875,
    "model.layers.12.mlp.down_proj": 1196.3529052734375,
    "model.layers.13.self_attn.q_proj": 809.5560302734375,
    "model.layers.13.self_attn.k_proj": 827.4744873046875,
    "model.layers.13.self_attn.v_proj": 853.3380126953125,
    "model.layers.13.self_attn.o_proj": 807.1696166992188,
    "model.layers.13.mlp.gate_proj": 1187.496337890625,
    "model.layers.13.mlp.up_proj": 1191.6844482421875,
    "model.layers.13.mlp.down_proj": 1178.6932373046875,
    "model.layers.14.self_attn.q_proj": 814.4100952148438,
    "model.layers.14.self_attn.k_proj": 819.8626098632812,
    "model.layers.14.self_attn.v_proj": 837.9589233398438,
    "model.layers.14.self_attn.o_proj": 808.3082885742188,
    "model.layers.14.mlp.gate_proj": 1187.0155029296875,
    "model.layers.14.mlp.up_proj": 1193.4564208984375,
    "model.layers.14.mlp.down_proj": 1195.07861328125,
    "model.layers.15.self_attn.q_proj": 811.9622802734375,
    "model.layers.15.self_attn.k_proj": 827.1544189453125,
    "model.layers.15.self_attn.v_proj": 841.8951416015625,
    "model.layers.15.self_attn.o_proj": 813.8091430664062,
    "model.layers.15.mlp.gate_proj": 1195.991455078125,
    "model.layers.15.mlp.up_proj": 1187.5460205078125,
    "model.layers.15.mlp.down_proj": 1202.48974609375,
    "model.layers.16.self_attn.q_proj": 815.7511596679688,
    "model.layers.16.self_attn.k_proj": 818.812744140625,
    "model.layers.16.self_attn.v_proj": 822.7312622070312,
    "model.layers.16.self_attn.o_proj": 797.6179809570312,
    "model.layers.16.mlp.gate_proj": 1187.6463623046875,
    "model.layers.16.mlp.up_proj": 1184.4453125,
    "model.layers.16.mlp.down_proj": 1188.5277099609375,
    "model.layers.17.self_attn.q_proj": 812.422607421875,
    "model.layers.17.self_attn.k_proj": 827.281494140625,
    "model.layers.17.self_attn.v_proj": 825.0164184570312,
    "model.layers.17.self_attn.o_proj": 802.9408569335938,
    "model.layers.17.mlp.gate_proj": 1188.76025390625,
    "model.layers.17.mlp.up_proj": 1198.5595703125,
    "model.layers.17.mlp.down_proj": 1194.5184326171875,
    "model.layers.18.self_attn.q_proj": 812.3425903320312,
    "model.layers.18.self_attn.k_proj": 823.0343627929688,
    "model.layers.18.self_attn.v_proj": 825.9490966796875,
    "model.layers.18.self_attn.o_proj": 802.995849609375,
    "model.layers.18.mlp.gate_proj": 1197.1968994140625,
    "model.layers.18.mlp.up_proj": 1188.184814453125,
    "model.layers.18.mlp.down_proj": 1188.98193359375,
    "model.layers.19.self_attn.q_proj": 814.2281494140625,
    "model.layers.19.self_attn.k_proj": 813.7405395507812,
    "model.layers.19.self_attn.v_proj": 826.5120239257812,
    "model.layers.19.self_attn.o_proj": 814.2918090820312,
    "model.layers.19.mlp.gate_proj": 1193.370849609375,
    "model.layers.19.mlp.up_proj": 1201.8597412109375,
    "model.layers.19.mlp.down_proj": 1187.967041015625,
    "model.layers.20.self_attn.q_proj": 818.3975219726562,