{
    "model.layers.0.self_attn.q_proj": 819.104736328125,
    "model.layers.0.self_attn.k_proj": 819.1122436523438,
    "model.layers.0.self_attn.v_proj": 819.0789794921875,
    "model.layers.0.self_attn.o_proj": 819.5921630859375,
    "model.layers.0.mlp.gate_proj": 1193.9609375,
    "model.layers.0.mlp.up_proj": 1194.0108642578125,
    "model.layers.0.mlp.down_proj": 1193.7247314453125,
    "model.layers.1.self_attn.q_proj": 819.4199829101562,
    "model.layers.1.self_attn.k_proj": 817.6533203125,
    "model.layers.1.self_attn.v_proj": 810.1351928710938,
    "model.layers.1.self_attn.o_proj": 816.9902954101562,
    "model.layers.1.mlp.gate_proj": 1195.63037109375,
    "model.layers.1.mlp.up_proj": 1191.4505615234375,
    "model.layers.1.mlp.down_proj": 1186.0294189453125,
    "model.layers.2.self_attn.q_proj": 821.7193603515625,
    "model.layers.2.self_attn.k_proj": 822.0819702148438,
    "model.layers.2.self_attn.v_proj": 856.26513671875,
    "model.layers.2.self_attn.o_proj": 823.4469604492188,
    "model.layers.2.mlp.gate_proj": 1195.116943359375,
    "model.layers.2.mlp.up_proj": 1198.611328125,
    "model.layers.2.mlp.down_proj": 1196.5982666015625,
    "model.layers.3.self_attn.q_proj": 811.1925048828125,
    "model.layers.3.self_attn.k_proj": 808.14453125,
    "model.layers.3.self_attn.v_proj": 839.91455078125,
    "model.layers.3.self_attn.o_proj": 814.5775146484375,
    "model.layers.3.mlp.gate_proj": 1190.6695556640625,
    "model.layers.3.mlp.up_proj": 1192.4559326171875,
    "model.layers.3.mlp.down_proj": 1201.9541015625,
    "model.layers.4.self_attn.q_proj": 799.0537109375,
    "model.layers.4.self_attn.k_proj": 815.7151489257812,
    "model.layers.4.self_attn.v_proj": 812.53076171875,
    "model.layers.4.self_attn.o_proj": 798.5463256835938,
    "model.layers.4.mlp.gate_proj": 1192.11572265625,
    "model.layers.4.mlp.up_proj": 1206.85888671875,
    "model.layers.4.mlp.down_proj": 1193.1256103515625,
    "model.layers.5.self_attn.q_proj": 816.3404541015625,
    "model.layers.5.self_attn.k_proj": 843.5413818359375,
    "model.layers.5.self_attn.v_proj": 870.8299560546875,
    "model.layers.5.self_attn.o_proj": 808.2275390625,
    "model.layers.5.mlp.gate_proj": 1196.430908203125,
    "model.layers.5.mlp.up_proj": 1188.2261962890625,
    "model.layers.5.mlp.down_proj": 1188.152099609375,
    "model.layers.6.self_attn.q_proj": 825.6659545898438,
    "model.layers.6.self_attn.k_proj": 835.3338623046875,
    "model.layers.6.self_attn.v_proj": 866.8399658203125,
    "model.layers.6.self_attn.o_proj": 801.08203125,
    "model.layers.6.mlp.gate_proj": 1210.91845703125,
    "model.layers.6.mlp.up_proj": 1172.5069580078125,
    "model.layers.6.mlp.down_proj": 1177.1435546875,
    "model.layers.7.self_attn.q_proj": 818.7547607421875,
    "model.layers.7.self_attn.k_proj": 836.0194702148438,
    "model.layers.7.self_attn.v_proj": 849.4034423828125,
    "model.layers.7.self_attn.o_proj": 804.4464721679688,
    "model.layers.7.mlp.gate_proj": 1195.4283447265625,
    "model.layers.7.mlp.up_proj": 1189.1474609375,
    "model.layers.7.mlp.down_proj": 1198.6396484375,
    "model.layers.8.self_attn.q_proj": 838.3486328125,
    "model.layers.8.self_attn.k_proj": 841.9522705078125,
    "model.layers.8.self_attn.v_proj": 859.7557373046875,
    "model.layers.8.self_attn.o_proj": 829.5599365234375,
    "model.layers.8.mlp.gate_proj": 1181.0810546875,
    "model.layers.8.mlp.up_proj": 1200.943115234375,
    "model.layers.8.mlp.down_proj": 1190.7432861328125,
    "model.layers.9.self_attn.q_proj": 818.6970825195312,
    "model.layers.9.self_attn.k_proj": 822.265380859375,
    "model.layers.9.self_attn.v_proj": 837.7658081054688,
    "model.layers.9.self_attn.o_proj": 808.419921875,
    "model.layers.9.mlp.gate_proj": 1186.4183349609375,
    "model.layers.9.mlp.up_proj": 1187.5621337890625,
    "model.layers.9.mlp.down_proj": 1189.5455322265625,
    "model.layers.10.self_attn.q_proj": 812.7332153320312,
    "model.layers.10.self_attn.k_proj": 836.2382202148438,
    "model.layers.10.self_attn.v_proj": 820.8380126953125,
    "model.layers.10.self_attn.o_proj": 804.1404418945312,
    "model.layers.10.mlp.gate_proj": 1185.201416015625,
    "model.layers.10.mlp.up_proj": 1185.50732421875,
    "model.layers.10.mlp.down_proj": 1203.887451171875,
    "model.layers.11.self_attn.q_proj": 818.2259521484375,
    "model.layers.11.self_attn.k_proj": 811.547607421875,
    "model.layers.11.self_attn.v_proj": 846.4721069335938,
    "model.layers.11.self_attn.o_proj": 806.4598999023438,
    "model.layers.11.mlp.gate_proj": 1185.898193359375,
    "model.layers.11.mlp.up_proj": 1187.674072265625,
    "model.layers.11.mlp.down_proj": 1197.7916259765625,
    "model.layers.12.self_attn.q_proj": 818.87744140625,
    "model.layers.12.self_attn.k_proj": 830.46337890625,
    "model.layers.12.self_attn.v_proj": 846.2465209960938,
    "model.layers.12.self_attn.o_proj": 814.8360595703125,
    "model.layers.12.mlp.gate_proj": 1195.704833984375,
    "model.layers.12.mlp.up_proj": 1189.5042724609375,
    "model.layers.12.mlp.down_proj": 1199.1162109375,
    "model.layers.13.self_attn.q_proj": 812.6256103515625,
    "model.layers.13.self_attn.k_proj": 830.9617309570312,
    "model.layers.13.self_attn.v_proj": 860.7294921875,
    "model.layers.13.self_attn.o_proj": 809.5957641601562,
    "model.layers.13.mlp.gate_proj": 1191.1531982421875,
    "model.layers.13.mlp.up_proj": 1194.5626220703125,
    "model.layers.13.mlp.down_proj": 1181.72998046875,
    "model.layers.14.self_attn.q_proj": 816.4052734375,
    "model.layers.14.self_attn.k_proj": 823.6066284179688,
    "model.layers.14.self_attn.v_proj": 849.8926391601562,
    "model.layers.14.self_attn.o_proj": 809.7066040039062,
    "model.layers.14.mlp.gate_proj": 1189.8411865234375,
    "model.layers.14.mlp.up_proj": 1196.65869140625,
    "model.layers.14.mlp.down_proj": 1198.188232421875,
    "model.layers.15.self_attn.q_proj": 813.9072265625,
    "model.layers.15.self_attn.k_proj": 831.9662475585938,
    "model.layers.15.self_attn.v_proj": 850.9090576171875,
    "model.layers.15.self_attn.o_proj": 817.9811401367188,
    "model.layers.15.mlp.gate_proj": 1198.8033447265625,
    "model.layers.15.mlp.up_proj": 1191.062255859375,
    "model.layers.15.mlp.down_proj": 1206.072021484375,
    "model.layers.16.self_attn.q_proj": 818.6978149414062,
    "model.layers.16.self_attn.k_proj": 822.0118408203125,
    "model.layers.16.self_attn.v_proj": 831.2172241210938,
    "model.layers.16.self_attn.o_proj": 792.8368530273438,
    "model.layers.16.mlp.gate_proj": 1189.8802490234375,
    "model.layers.16.mlp.up_proj": 1186.72607421875,
    "model.layers.16.mlp.down_proj": 1190.643310546875,
    "model.layers.17.self_attn.q_proj": 815.5341186523438,
    "model.layers.17.self_attn.k_proj": 830.1375122070312,
    "model.layers.17.self_attn.v_proj": 830.06396484375,
    "model.layers.17.self_attn.o_proj": 802.773193359375,
    "model.layers.17.mlp.gate_proj": 1191.7364501953125,
    "model.layers.17.mlp.up_proj": 1201.703369140625,
    "model.layers.17.mlp.down_proj": 1196.622802734375,
    "model.layers.18.self_attn.q_proj": 814.7168579101562,
    "model.layers.18.self_attn.k_proj": 827.0081176757812,
    "model.layers.18.self_attn.v_proj": 830.1107177734375,
    "model.layers.18.self_attn.o_proj": 803.388916015625,
    "model.layers.18.mlp.gate_proj": 1199.7276611328125,
    "model.layers.18.mlp.up_proj": 1191.844482421875,
    "model.layers.18.mlp.down_proj": 1193.224365234375,
    "model.layers.19.self_attn.q_proj": 817.2919921875,
    "model.layers.19.self_attn.k_proj": 816.7060546875,
    "model.layers.19.self_attn.v_proj": 830.6917114257812,
    "model.layers.19.self_attn.o_proj": 816.4685668945312,
    "model.layers.19.mlp.gate_proj": 1197.1768798828125,
    "model.layers.19.mlp.up_proj": 1205.76123046875,
    "model.layers.19.mlp.down_proj": 1192.0423583984375,
    "model.layers.20.self_attn.q_proj": 821.9036865234375,