{
    "model.layers.0.self_attn.q_proj": 814.421142578125,
    "model.layers.0.self_attn.k_proj": 814.4182739257812,
    "model.layers.0.self_attn.v_proj": 814.441162109375,
    "model.layers.0.self_attn.o_proj": 815.1342163085938,
    "model.layers.0.mlp.gate_proj": 1189.2181396484375,
    "model.layers.0.mlp.up_proj": 1189.382080078125,
    "model.layers.0.mlp.down_proj": 1187.2039794921875,
    "model.layers.1.self_attn.q_proj": 814.6510620117188,
    "model.layers.1.self_attn.k_proj": 810.0435180664062,
    "model.layers.1.self_attn.v_proj": 797.1430053710938,
    "model.layers.1.self_attn.o_proj": 824.24951171875,
    "model.layers.1.mlp.gate_proj": 1193.923095703125,
    "model.layers.1.mlp.up_proj": 1186.1217041015625,
    "model.layers.1.mlp.down_proj": 1181.051513671875,
    "model.layers.2.self_attn.q_proj": 811.9064331054688,
    "model.layers.2.self_attn.k_proj": 820.8719482421875,
    "model.layers.2.self_attn.v_proj": 956.96142578125,
    "model.layers.2.self_attn.o_proj": 849.432373046875,
    "model.layers.2.mlp.gate_proj": 1183.469482421875,
    "model.layers.2.mlp.up_proj": 1196.8284912109375,
    "model.layers.2.mlp.down_proj": 1190.6336669921875,
    "model.layers.3.self_attn.q_proj": 816.8453369140625,
    "model.layers.3.self_attn.k_proj": 756.5571899414062,
    "model.layers.3.self_attn.v_proj": 869.6401977539062,
    "model.layers.3.self_attn.o_proj": 819.71142578125,
    "model.layers.3.mlp.gate_proj": 1190.5687255859375,
    "model.layers.3.mlp.up_proj": 1191.680419921875,
    "model.layers.3.mlp.down_proj": 1204.8526611328125,
    "model.layers.4.self_attn.q_proj": 790.479248046875,
    "model.layers.4.self_attn.k_proj": 806.7178955078125,
    "model.layers.4.self_attn.v_proj": 851.8707275390625,
    "model.layers.4.self_attn.o_proj": 798.79248046875,
    "model.layers.4.mlp.gate_proj": 1182.5465087890625,
    "model.layers.4.mlp.up_proj": 1199.806884765625,
    "model.layers.4.mlp.down_proj": 1175.4058837890625,
    "model.layers.5.self_attn.q_proj": 787.2806396484375,
    "model.layers.5.self_attn.k_proj": 934.223876953125,
    "model.layers.5.self_attn.v_proj": 924.4547729492188,
    "model.layers.5.self_attn.o_proj": 767.7843627929688,
    "model.layers.5.mlp.gate_proj": 1211.6446533203125,
    "model.layers.5.mlp.up_proj": 1185.333251953125,
    "model.layers.5.mlp.down_proj": 1179.055419921875,
    "model.layers.6.self_attn.q_proj": 823.858642578125,
    "model.layers.6.self_attn.k_proj": 824.1271362304688,
    "model.layers.6.self_attn.v_proj": 905.9827880859375,
    "model.layers.6.self_attn.o_proj": 776.005126953125,
    "model.layers.6.mlp.gate_proj": 1194.2457275390625,
    "model.layers.6.mlp.up_proj": 1147.5379638671875,
    "model.layers.6.mlp.down_proj": 1158.82861328125,
    "model.layers.7.self_attn.q_proj": 840.9476318359375,
    "model.layers.7.self_attn.k_proj": 938.3941650390625,
    "model.layers.7.self_attn.v_proj": 948.5560913085938,
    "model.layers.7.self_attn.o_proj": 780.3508911132812,
    "model.layers.7.mlp.gate_proj": 1190.5045166015625,
    "model.layers.7.mlp.up_proj": 1202.119384765625,
    "model.layers.7.mlp.down_proj": 1219.0098876953125,
    "model.layers.8.self_attn.q_proj": 826.8106689453125,
    "model.layers.8.self_attn.k_proj": 870.6898193359375,
    "model.layers.8.self_attn.v_proj": 930.089599609375,
    "model.layers.8.self_attn.o_proj": 833.8541259765625,
    "model.layers.8.mlp.gate_proj": 1156.8829345703125,
    "model.layers.8.mlp.up_proj": 1182.7294921875,
    "model.layers.8.mlp.down_proj": 1184.472900390625,
    "model.layers.9.self_attn.q_proj": 802.8779296875,
    "model.layers.9.self_attn.k_proj": 844.2465209960938,
    "model.layers.9.self_attn.v_proj": 854.5330200195312,
    "model.layers.9.self_attn.o_proj": 811.7374877929688,
    "model.layers.9.mlp.gate_proj": 1181.125,
    "model.layers.9.mlp.up_proj": 1176.90283203125,
    "model.layers.9.mlp.down_proj": 1194.6622314453125,
    "model.layers.10.self_attn.q_proj": 805.0936279296875,
    "model.layers.10.self_attn.k_proj": 904.7035522460938,
    "model.layers.10.self_attn.v_proj": 788.8641357421875,
    "model.layers.10.self_attn.o_proj": 787.06884765625,
    "model.layers.10.mlp.gate_proj": 1155.7325439453125,
    "model.layers.10.mlp.up_proj": 1174.0836181640625,
    "model.layers.10.mlp.down_proj": 1214.8082275390625,
    "model.layers.11.self_attn.q_proj": 814.1162719726562,
    "model.layers.11.self_attn.k_proj": 838.5421142578125,
    "model.layers.11.self_attn.v_proj": 896.0772705078125,
    "model.layers.11.self_attn.o_proj": 766.695068359375,
    "model.layers.11.mlp.gate_proj": 1181.90625,
    "model.layers.11.mlp.up_proj": 1185.0416259765625,
    "model.layers.11.mlp.down_proj": 1195.962890625,
    "model.layers.12.self_attn.q_proj": 813.356201171875,
    "model.layers.12.self_attn.k_proj": 846.1389770507812,
    "model.layers.12.self_attn.v_proj": 891.3009643554688,
    "model.layers.12.self_attn.o_proj": 777.570068359375,
    "model.layers.12.mlp.gate_proj": 1178.9215087890625,
    "model.layers.12.mlp.up_proj": 1187.6387939453125,
    "model.layers.12.mlp.down_proj": 1180.7205810546875,
    "model.layers.13.self_attn.q_proj": 816.3568115234375,
    "model.layers.13.self_attn.k_proj": 828.958740234375,
    "model.layers.13.self_attn.v_proj": 921.21044921875,
    "model.layers.13.self_attn.o_proj": 788.658447265625,
    "model.layers.13.mlp.gate_proj": 1183.5482177734375,
    "model.layers.13.mlp.up_proj": 1181.9254150390625,
    "model.layers.13.mlp.down_proj": 1188.2528076171875,
    "model.layers.14.self_attn.q_proj": 811.6691284179688,
    "model.layers.14.self_attn.k_proj": 818.3431396484375,
    "model.layers.14.self_attn.v_proj": 886.1643676757812,
    "model.layers.14.self_attn.o_proj": 794.8469848632812,
    "model.layers.14.mlp.gate_proj": 1179.0018310546875,
    "model.layers.14.mlp.up_proj": 1188.983642578125,
    "model.layers.14.mlp.down_proj": 1189.291748046875,
    "model.layers.15.self_attn.q_proj": 806.2017822265625,
    "model.layers.15.self_attn.k_proj": 880.3875122070312,
    "model.layers.15.self_attn.v_proj": 933.7977294921875,
    "model.layers.15.self_attn.o_proj": 790.0321044921875,
    "model.layers.15.mlp.gate_proj": 1187.5848388671875,
    "model.layers.15.mlp.up_proj": 1181.62744140625,
    "model.layers.15.mlp.down_proj": 1196.1632080078125,
    "model.layers.16.self_attn.q_proj": 799.3329467773438,
    "model.layers.16.self_attn.k_proj": 823.1904296875,
    "model.layers.16.self_attn.v_proj": 896.4882202148438,
    "model.layers.16.self_attn.o_proj": 698.7771606445312,
    "model.layers.16.mlp.gate_proj": 1176.123291015625,
    "model.layers.16.mlp.up_proj": 1183.8433837890625,
    "model.layers.16.mlp.down_proj": 1173.5150146484375,
    "model.layers.17.self_attn.q_proj": 812.5776977539062,
    "model.layers.17.self_attn.k_proj": 837.7362670898438,
    "model.layers.17.self_attn.v_proj": 864.6235961914062,
    "model.layers.17.self_attn.o_proj": 778.1758422851562,
    "model.layers.17.mlp.gate_proj": 1183.58544921875,
    "model.layers.17.mlp.up_proj": 1195.9468994140625,
    "model.layers.17.mlp.down_proj": 1191.2015380859375,
    "model.layers.18.self_attn.q_proj": 808.4100341796875,
    "model.layers.18.self_attn.k_proj": 849.0571899414062,
    "model.layers.18.self_attn.v_proj": 874.9381103515625,
    "model.layers.18.self_attn.o_proj": 774.600830078125,
    "model.layers.18.mlp.gate_proj": 1191.2059326171875,
    "model.layers.18.mlp.up_proj": 1190.731201171875,
    "model.layers.18.mlp.down_proj": 1188.49169921875,
    "model.layers.19.self_attn.q_proj": 812.6754760742188,
    "model.layers.19.self_attn.k_proj": 814.4542236328125,
    "model.layers.19.self_attn.v_proj": 866.0179443359375,
    "model.layers.19.self_attn.o_proj": 793.0304565429688,
    "model.layers.19.mlp.gate_proj": 1214.814208984375,
    "model.layers.19.mlp.up_proj": 1212.642578125,
    "model.layers.19.mlp.down_proj": 1203.3404541015625,