{
    "model.layers.0.self_attn.q_proj": 816.811767578125,
    "model.layers.0.self_attn.k_proj": 816.806884765625,
    "model.layers.0.self_attn.v_proj": 816.8339233398438,
    "model.layers.0.self_attn.o_proj": 817.5151977539062,
    "model.layers.0.mlp.gate_proj": 1191.6224365234375,
    "model.layers.0.mlp.up_proj": 1191.7320556640625,
    "model.layers.0.mlp.down_proj": 1190.9901123046875,
    "model.layers.1.self_attn.q_proj": 817.986083984375,
    "model.layers.1.self_attn.k_proj": 815.018798828125,
    "model.layers.1.self_attn.v_proj": 804.93994140625,
    "model.layers.1.self_attn.o_proj": 818.4088745117188,
    "model.layers.1.mlp.gate_proj": 1194.1357421875,
    "model.layers.1.mlp.up_proj": 1189.105712890625,
    "model.layers.1.mlp.down_proj": 1182.99560546875,
    "model.layers.2.self_attn.q_proj": 816.2199096679688,
    "model.layers.2.self_attn.k_proj": 817.489501953125,
    "model.layers.2.self_attn.v_proj": 880.0492553710938,
    "model.layers.2.self_attn.o_proj": 830.0459594726562,
    "model.layers.2.mlp.gate_proj": 1191.0347900390625,
    "model.layers.2.mlp.up_proj": 1199.9774169921875,
    "model.layers.2.mlp.down_proj": 1195.49365234375,
    "model.layers.3.self_attn.q_proj": 817.310546875,
    "model.layers.3.self_attn.k_proj": 796.7177124023438,
    "model.layers.3.self_attn.v_proj": 861.78173828125,
    "model.layers.3.self_attn.o_proj": 802.48681640625,
    "model.layers.3.mlp.gate_proj": 1191.3507080078125,
    "model.layers.3.mlp.up_proj": 1193.4658203125,
    "model.layers.3.mlp.down_proj": 1188.1396484375,
    "model.layers.4.self_attn.q_proj": 793.31396484375,
    "model.layers.4.self_attn.k_proj": 791.5771484375,
    "model.layers.4.self_attn.v_proj": 833.5064697265625,
    "model.layers.4.self_attn.o_proj": 802.9553833007812,
    "model.layers.4.mlp.gate_proj": 1189.026123046875,
    "model.layers.4.mlp.up_proj": 1214.2178955078125,
    "model.layers.4.mlp.down_proj": 1186.418212890625,
    "model.layers.5.self_attn.q_proj": 801.1734008789062,
    "model.layers.5.self_attn.k_proj": 879.9361572265625,
    "model.layers.5.self_attn.v_proj": 896.3329467773438,
    "model.layers.5.self_attn.o_proj": 784.9955444335938,
    "model.layers.5.mlp.gate_proj": 1204.9449462890625,
    "model.layers.5.mlp.up_proj": 1188.643310546875,
    "model.layers.5.mlp.down_proj": 1176.6943359375,
    "model.layers.6.self_attn.q_proj": 824.6223754882812,
    "model.layers.6.self_attn.k_proj": 834.8466186523438,
    "model.layers.6.self_attn.v_proj": 866.5532836914062,
    "model.layers.6.self_attn.o_proj": 789.8242797851562,
    "model.layers.6.mlp.gate_proj": 1202.171875,
    "model.layers.6.mlp.up_proj": 1160.619140625,
    "model.layers.6.mlp.down_proj": 1158.5264892578125,
    "model.layers.7.self_attn.q_proj": 828.3588256835938,
    "model.layers.7.self_attn.k_proj": 871.0574951171875,
    "model.layers.7.self_attn.v_proj": 893.2980346679688,
    "model.layers.7.self_attn.o_proj": 779.5240478515625,
    "model.layers.7.mlp.gate_proj": 1191.041015625,
    "model.layers.7.mlp.up_proj": 1190.390380859375,
    "model.layers.7.mlp.down_proj": 1208.58447265625,
    "model.layers.8.self_attn.q_proj": 835.3728637695312,
    "model.layers.8.self_attn.k_proj": 858.650390625,
    "model.layers.8.self_attn.v_proj": 894.2941284179688,
    "model.layers.8.self_attn.o_proj": 834.9453125,
    "model.layers.8.mlp.gate_proj": 1166.343505859375,
    "model.layers.8.mlp.up_proj": 1199.0533447265625,
    "model.layers.8.mlp.down_proj": 1178.940673828125,
    "model.layers.9.self_attn.q_proj": 818.7097778320312,
    "model.layers.9.self_attn.k_proj": 828.7791137695312,
    "model.layers.9.self_attn.v_proj": 846.341796875,
    "model.layers.9.self_attn.o_proj": 815.0848388671875,
    "model.layers.9.mlp.gate_proj": 1181.928955078125,
    "model.layers.9.mlp.up_proj": 1189.040283203125,
    "model.layers.9.mlp.down_proj": 1191.45361328125,
    "model.layers.10.self_attn.q_proj": 809.8330688476562,
    "model.layers.10.self_attn.k_proj": 860.6171875,
    "model.layers.10.self_attn.v_proj": 815.0302124023438,
    "model.layers.10.self_attn.o_proj": 792.147705078125,
    "model.layers.10.mlp.gate_proj": 1172.5064697265625,
    "model.layers.10.mlp.up_proj": 1180.6275634765625,
    "model.layers.10.mlp.down_proj": 1206.3424072265625,
    "model.layers.11.self_attn.q_proj": 811.6617431640625,
    "model.layers.11.self_attn.k_proj": 809.0471801757812,
    "model.layers.11.self_attn.v_proj": 856.4578857421875,
    "model.layers.11.self_attn.o_proj": 793.259033203125,
    "model.layers.11.mlp.gate_proj": 1178.8714599609375,
    "model.layers.11.mlp.up_proj": 1186.2401123046875,
    "model.layers.11.mlp.down_proj": 1199.78515625,
    "model.layers.12.self_attn.q_proj": 818.798095703125,
    "model.layers.12.self_attn.k_proj": 835.55419921875,
    "model.layers.12.self_attn.v_proj": 851.7852172851562,
    "model.layers.12.self_attn.o_proj": 795.6617431640625,
    "model.layers.12.mlp.gate_proj": 1188.2225341796875,
    "model.layers.12.mlp.up_proj": 1186.8642578125,
    "model.layers.12.mlp.down_proj": 1194.6732177734375,
    "model.layers.13.self_attn.q_proj": 813.713134765625,
    "model.layers.13.self_attn.k_proj": 838.5059814453125,
    "model.layers.13.self_attn.v_proj": 878.0485229492188,
    "model.layers.13.self_attn.o_proj": 803.1203002929688,
    "model.layers.13.mlp.gate_proj": 1187.9237060546875,
    "model.layers.13.mlp.up_proj": 1193.9765625,
    "model.layers.13.mlp.down_proj": 1186.246337890625,
    "model.layers.14.self_attn.q_proj": 810.637939453125,
    "model.layers.14.self_attn.k_proj": 820.350341796875,
    "model.layers.14.self_attn.v_proj": 858.2267456054688,
    "model.layers.14.self_attn.o_proj": 801.7215576171875,
    "model.layers.14.mlp.gate_proj": 1188.0933837890625,
    "model.layers.14.mlp.up_proj": 1194.689697265625,
    "model.layers.14.mlp.down_proj": 1193.191650390625,
    "model.layers.15.self_attn.q_proj": 811.9373779296875,
    "model.layers.15.self_attn.k_proj": 850.8687744140625,
    "model.layers.15.self_attn.v_proj": 873.6032104492188,
    "model.layers.15.self_attn.o_proj": 807.8551025390625,
    "model.layers.15.mlp.gate_proj": 1196.38427734375,
    "model.layers.15.mlp.up_proj": 1186.14794921875,
    "model.layers.15.mlp.down_proj": 1195.9188232421875,
    "model.layers.16.self_attn.q_proj": 812.8907470703125,
    "model.layers.16.self_attn.k_proj": 824.7250366210938,
    "model.layers.16.self_attn.v_proj": 853.1325073242188,
    "model.layers.16.self_attn.o_proj": 763.4832763671875,
    "model.layers.16.mlp.gate_proj": 1185.0576171875,
    "model.layers.16.mlp.up_proj": 1185.36767578125,
    "model.layers.16.mlp.down_proj": 1185.616943359375,
    "model.layers.17.self_attn.q_proj": 812.9578247070312,
    "model.layers.17.self_attn.k_proj": 827.8886108398438,
    "model.layers.17.self_attn.v_proj": 838.8753662109375,
    "model.layers.17.self_attn.o_proj": 794.3837280273438,
    "model.layers.17.mlp.gate_proj": 1190.0872802734375,
    "model.layers.17.mlp.up_proj": 1200.7235107421875,
    "model.layers.17.mlp.down_proj": 1192.3846435546875,
    "model.layers.18.self_attn.q_proj": 812.4110717773438,
    "model.layers.18.self_attn.k_proj": 836.1799926757812,
    "model.layers.18.self_attn.v_proj": 834.8441162109375,
    "model.layers.18.self_attn.o_proj": 794.9254150390625,
    "model.layers.18.mlp.gate_proj": 1195.9364013671875,
    "model.layers.18.mlp.up_proj": 1196.19482421875,
    "model.layers.18.mlp.down_proj": 1193.194580078125,
    "model.layers.19.self_attn.q_proj": 815.7813110351562,
    "model.layers.19.self_attn.k_proj": 815.4568481445312,
    "model.layers.19.self_attn.v_proj": 843.1010131835938,
    "model.layers.19.self_attn.o_proj": 805.6437377929688,
    "model.layers.19.mlp.gate_proj": 1201.06201171875,
    "model.layers.19.mlp.up_proj": 1207.205810546875,
    "model.layers.19.mlp.down_proj": 1194.174072265625,
    "model.layers.20.self_attn.q_proj": 823.5016479492188,