{
    "model.layers.0.self_attn.q_proj": 815.0213012695312,
    "model.layers.0.self_attn.k_proj": 815.0206909179688,
    "model.layers.0.self_attn.v_proj": 815.0245971679688,
    "model.layers.0.self_attn.o_proj": 815.036865234375,
    "model.layers.0.mlp.gate_proj": 1189.918212890625,
    "model.layers.0.mlp.up_proj": 1189.924560546875,
    "model.layers.0.mlp.down_proj": 1189.7493896484375,
    "model.layers.1.self_attn.q_proj": 815.0689697265625,
    "model.layers.1.self_attn.k_proj": 814.82861328125,
    "model.layers.1.self_attn.v_proj": 815.213623046875,
    "model.layers.1.self_attn.o_proj": 815.58056640625,
    "model.layers.1.mlp.gate_proj": 1189.97314453125,
    "model.layers.1.mlp.up_proj": 1189.0157470703125,
    "model.layers.1.mlp.down_proj": 1188.375244140625,
    "model.layers.2.self_attn.q_proj": 815.1807250976562,
    "model.layers.2.self_attn.k_proj": 815.4116821289062,
    "model.layers.2.self_attn.v_proj": 817.1824340820312,
    "model.layers.2.self_attn.o_proj": 815.8881225585938,
    "model.layers.2.mlp.gate_proj": 1190.3646240234375,
    "model.layers.2.mlp.up_proj": 1190.37646484375,
    "model.layers.2.mlp.down_proj": 1189.2010498046875,
    "model.layers.3.self_attn.q_proj": 813.8433227539062,
    "model.layers.3.self_attn.k_proj": 815.452880859375,
    "model.layers.3.self_attn.v_proj": 814.0771484375,
    "model.layers.3.self_attn.o_proj": 815.5197143554688,
    "model.layers.3.mlp.gate_proj": 1189.3851318359375,
    "model.layers.3.mlp.up_proj": 1192.5791015625,
    "model.layers.3.mlp.down_proj": 1190.952392578125,
    "model.layers.4.self_attn.q_proj": 813.785400390625,
    "model.layers.4.self_attn.k_proj": 814.2379150390625,
    "model.layers.4.self_attn.v_proj": 816.9273071289062,
    "model.layers.4.self_attn.o_proj": 813.9989624023438,
    "model.layers.4.mlp.gate_proj": 1188.9732666015625,
    "model.layers.4.mlp.up_proj": 1190.6251220703125,
    "model.layers.4.mlp.down_proj": 1187.604248046875,
    "model.layers.5.self_attn.q_proj": 814.4664306640625,
    "model.layers.5.self_attn.k_proj": 814.5225219726562,
    "model.layers.5.self_attn.v_proj": 817.1395263671875,
    "model.layers.5.self_attn.o_proj": 814.634521484375,
    "model.layers.5.mlp.gate_proj": 1191.8756103515625,
    "model.layers.5.mlp.up_proj": 1193.0113525390625,
    "model.layers.5.mlp.down_proj": 1190.7646484375,
    "model.layers.6.self_attn.q_proj": 814.191162109375,
    "model.layers.6.self_attn.k_proj": 816.3582153320312,
    "model.layers.6.self_attn.v_proj": 827.0800170898438,
    "model.layers.6.self_attn.o_proj": 815.4082641601562,
    "model.layers.6.mlp.gate_proj": 1199.3133544921875,
    "model.layers.6.mlp.up_proj": 1188.88671875,
    "model.layers.6.mlp.down_proj": 1189.125244140625,
    "model.layers.7.self_attn.q_proj": 815.88671875,
    "model.layers.7.self_attn.k_proj": 816.1987915039062,
    "model.layers.7.self_attn.v_proj": 821.5889892578125,
    "model.layers.7.self_attn.o_proj": 814.1688232421875,
    "model.layers.7.mlp.gate_proj": 1191.0718994140625,
    "model.layers.7.mlp.up_proj": 1186.8890380859375,
    "model.layers.7.mlp.down_proj": 1188.338623046875,
    "model.layers.8.self_attn.q_proj": 819.2354125976562,
    "model.layers.8.self_attn.k_proj": 817.2046508789062,
    "model.layers.8.self_attn.v_proj": 815.3402709960938,
    "model.layers.8.self_attn.o_proj": 816.6376342773438,
    "model.layers.8.mlp.gate_proj": 1186.328369140625,
    "model.layers.8.mlp.up_proj": 1191.5087890625,
    "model.layers.8.mlp.down_proj": 1184.7333984375,
    "model.layers.9.self_attn.q_proj": 814.7885131835938,
    "model.layers.9.self_attn.k_proj": 814.1071166992188,
    "model.layers.9.self_attn.v_proj": 814.3265380859375,
    "model.layers.9.self_attn.o_proj": 814.7394409179688,
    "model.layers.9.mlp.gate_proj": 1193.52001953125,
    "model.layers.9.mlp.up_proj": 1186.7330322265625,
    "model.layers.9.mlp.down_proj": 1190.5789794921875,
    "model.layers.10.self_attn.q_proj": 814.8438110351562,
    "model.layers.10.self_attn.k_proj": 816.4754028320312,
    "model.layers.10.self_attn.v_proj": 815.0120239257812,
    "model.layers.10.self_attn.o_proj": 814.255126953125,
    "model.layers.10.mlp.gate_proj": 1190.488037109375,
    "model.layers.10.mlp.up_proj": 1185.817138671875,
    "model.layers.10.mlp.down_proj": 1197.9801025390625,
    "model.layers.11.self_attn.q_proj": 816.0068359375,
    "model.layers.11.self_attn.k_proj": 815.2139282226562,
    "model.layers.11.self_attn.v_proj": 815.3037719726562,
    "model.layers.11.self_attn.o_proj": 814.1090087890625,
    "model.layers.11.mlp.gate_proj": 1189.166748046875,
    "model.layers.11.mlp.up_proj": 1188.0616455078125,
    "model.layers.11.mlp.down_proj": 1187.4407958984375,
    "model.layers.12.self_attn.q_proj": 815.3248901367188,
    "model.layers.12.self_attn.k_proj": 813.8915405273438,
    "model.layers.12.self_attn.v_proj": 825.5228881835938,
    "model.layers.12.self_attn.o_proj": 814.4197387695312,
    "model.layers.12.mlp.gate_proj": 1189.126220703125,
    "model.layers.12.mlp.up_proj": 1188.889892578125,
    "model.layers.12.mlp.down_proj": 1192.147705078125,
    "model.layers.13.self_attn.q_proj": 814.9345092773438,
    "model.layers.13.self_attn.k_proj": 815.6233520507812,
    "model.layers.13.self_attn.v_proj": 824.3435668945312,
    "model.layers.13.self_attn.o_proj": 814.0598754882812,
    "model.layers.13.mlp.gate_proj": 1189.6461181640625,
    "model.layers.13.mlp.up_proj": 1191.0997314453125,
    "model.layers.13.mlp.down_proj": 1182.5888671875,
    "model.layers.14.self_attn.q_proj": 815.110107421875,
    "model.layers.14.self_attn.k_proj": 815.5888061523438,
    "model.layers.14.self_attn.v_proj": 818.0032348632812,
    "model.layers.14.self_attn.o_proj": 814.1415405273438,
    "model.layers.14.mlp.gate_proj": 1189.13720703125,
    "model.layers.14.mlp.up_proj": 1189.315673828125,
    "model.layers.14.mlp.down_proj": 1188.9378662109375,
    "model.layers.15.self_attn.q_proj": 814.6290283203125,
    "model.layers.15.self_attn.k_proj": 815.8438720703125,
    "model.layers.15.self_attn.v_proj": 818.67919921875,
    "model.layers.15.self_attn.o_proj": 814.11083984375,
    "model.layers.15.mlp.gate_proj": 1191.37548828125,
    "model.layers.15.mlp.up_proj": 1187.7574462890625,
    "model.layers.15.mlp.down_proj": 1189.5731201171875,
    "model.layers.16.self_attn.q_proj": 814.645263671875,
    "model.layers.16.self_attn.k_proj": 815.2950439453125,
    "model.layers.16.self_attn.v_proj": 814.1229248046875,
    "model.layers.16.self_attn.o_proj": 814.1283569335938,
    "model.layers.16.mlp.gate_proj": 1188.07763671875,
    "model.layers.16.mlp.up_proj": 1186.7874755859375,
    "model.layers.16.mlp.down_proj": 1188.6112060546875,
    "model.layers.17.self_attn.q_proj": 814.1964721679688,
    "model.layers.17.self_attn.k_proj": 819.8951416015625,
    "model.layers.17.self_attn.v_proj": 816.177490234375,
    "model.layers.17.self_attn.o_proj": 814.1630859375,
    "model.layers.17.mlp.gate_proj": 1189.4488525390625,
    "model.layers.17.mlp.up_proj": 1193.0496826171875,
    "model.layers.17.mlp.down_proj": 1190.6826171875,
    "model.layers.18.self_attn.q_proj": 814.8564453125,
    "model.layers.18.self_attn.k_proj": 816.7966918945312,
    "model.layers.18.self_attn.v_proj": 818.5608520507812,
    "model.layers.18.self_attn.o_proj": 814.0221557617188,
    "model.layers.18.mlp.gate_proj": 1192.269287109375,
    "model.layers.18.mlp.up_proj": 1187.6241455078125,
    "model.layers.18.mlp.down_proj": 1186.653564453125,
    "model.layers.19.self_attn.q_proj": 814.167236328125,
    "model.layers.19.self_attn.k_proj": 814.4353637695312,
    "model.layers.19.self_attn.v_proj": 816.1021728515625,
    "model.layers.19.self_attn.o_proj": 814.9620361328125,
    "model.layers.19.mlp.gate_proj": 1190.963134765625,
    "model.layers.19.mlp.up_proj": 1192.78369140625,
    "model.layers.19.mlp.down_proj": 1187.73193359375,
    "model.layers.20.self_attn.q_proj": 815.6305541992188,