{
    "model.layers.0.self_attn.q_proj": 812.3184814453125,
    "model.layers.0.self_attn.k_proj": 812.3360595703125,
    "model.layers.0.self_attn.v_proj": 812.3239135742188,
    "model.layers.0.self_attn.o_proj": 812.850830078125,
    "model.layers.0.mlp.gate_proj": 1187.097412109375,
    "model.layers.0.mlp.up_proj": 1187.293701171875,
    "model.layers.0.mlp.down_proj": 1185.876708984375,
    "model.layers.1.self_attn.q_proj": 810.8092651367188,
    "model.layers.1.self_attn.k_proj": 807.88330078125,
    "model.layers.1.self_attn.v_proj": 789.1617431640625,
    "model.layers.1.self_attn.o_proj": 819.7431640625,
    "model.layers.1.mlp.gate_proj": 1192.6876220703125,
    "model.layers.1.mlp.up_proj": 1184.0830078125,
    "model.layers.1.mlp.down_proj": 1173.194580078125,
    "model.layers.2.self_attn.q_proj": 812.323486328125,
    "model.layers.2.self_attn.k_proj": 820.822509765625,
    "model.layers.2.self_attn.v_proj": 994.030029296875,
    "model.layers.2.self_attn.o_proj": 851.7972412109375,
    "model.layers.2.mlp.gate_proj": 1181.5341796875,
    "model.layers.2.mlp.up_proj": 1197.5567626953125,
    "model.layers.2.mlp.down_proj": 1193.1077880859375,
    "model.layers.3.self_attn.q_proj": 815.7361450195312,
    "model.layers.3.self_attn.k_proj": 739.293701171875,
    "model.layers.3.self_attn.v_proj": 879.9642944335938,
    "model.layers.3.self_attn.o_proj": 814.3333740234375,
    "model.layers.3.mlp.gate_proj": 1181.3572998046875,
    "model.layers.3.mlp.up_proj": 1189.2119140625,
    "model.layers.3.mlp.down_proj": 1199.9544677734375,
    "model.layers.4.self_attn.q_proj": 777.9368896484375,
    "model.layers.4.self_attn.k_proj": 808.425048828125,
    "model.layers.4.self_attn.v_proj": 837.817138671875,
    "model.layers.4.self_attn.o_proj": 805.5406494140625,
    "model.layers.4.mlp.gate_proj": 1188.1077880859375,
    "model.layers.4.mlp.up_proj": 1199.5706787109375,
    "model.layers.4.mlp.down_proj": 1181.413330078125,
    "model.layers.5.self_attn.q_proj": 786.7068481445312,
    "model.layers.5.self_attn.k_proj": 967.313232421875,
    "model.layers.5.self_attn.v_proj": 939.7163696289062,
    "model.layers.5.self_attn.o_proj": 749.8840942382812,
    "model.layers.5.mlp.gate_proj": 1191.31640625,
    "model.layers.5.mlp.up_proj": 1180.0322265625,
    "model.layers.5.mlp.down_proj": 1175.3045654296875,
    "model.layers.6.self_attn.q_proj": 820.9530639648438,
    "model.layers.6.self_attn.k_proj": 828.515869140625,
    "model.layers.6.self_attn.v_proj": 930.322265625,
    "model.layers.6.self_attn.o_proj": 771.9736938476562,
    "model.layers.6.mlp.gate_proj": 1190.218017578125,
    "model.layers.6.mlp.up_proj": 1147.1513671875,
    "model.layers.6.mlp.down_proj": 1147.51611328125,
    "model.layers.7.self_attn.q_proj": 837.3245239257812,
    "model.layers.7.self_attn.k_proj": 968.1805419921875,
    "model.layers.7.self_attn.v_proj": 962.2568359375,
    "model.layers.7.self_attn.o_proj": 781.82421875,
    "model.layers.7.mlp.gate_proj": 1191.1995849609375,
    "model.layers.7.mlp.up_proj": 1197.4776611328125,
    "model.layers.7.mlp.down_proj": 1224.837158203125,
    "model.layers.8.self_attn.q_proj": 819.1185913085938,
    "model.layers.8.self_attn.k_proj": 883.160400390625,
    "model.layers.8.self_attn.v_proj": 947.6361083984375,
    "model.layers.8.self_attn.o_proj": 845.0465087890625,
    "model.layers.8.mlp.gate_proj": 1143.5694580078125,
    "model.layers.8.mlp.up_proj": 1182.31982421875,
    "model.layers.8.mlp.down_proj": 1169.07666015625,
    "model.layers.9.self_attn.q_proj": 785.5960083007812,
    "model.layers.9.self_attn.k_proj": 858.0640258789062,
    "model.layers.9.self_attn.v_proj": 873.5182495117188,
    "model.layers.9.self_attn.o_proj": 791.1324462890625,
    "model.layers.9.mlp.gate_proj": 1165.9039306640625,
    "model.layers.9.mlp.up_proj": 1176.0634765625,
    "model.layers.9.mlp.down_proj": 1194.5377197265625,
    "model.layers.10.self_attn.q_proj": 801.5352172851562,
    "model.layers.10.self_attn.k_proj": 923.5916748046875,
    "model.layers.10.self_attn.v_proj": 801.1082763671875,
    "model.layers.10.self_attn.o_proj": 778.6038208007812,
    "model.layers.10.mlp.gate_proj": 1146.3448486328125,
    "model.layers.10.mlp.up_proj": 1181.48974609375,
    "model.layers.10.mlp.down_proj": 1206.1534423828125,
    "model.layers.11.self_attn.q_proj": 820.778564453125,
    "model.layers.11.self_attn.k_proj": 848.2866821289062,
    "model.layers.11.self_attn.v_proj": 918.97802734375,
    "model.layers.11.self_attn.o_proj": 759.8043823242188,
    "model.layers.11.mlp.gate_proj": 1170.038330078125,
    "model.layers.11.mlp.up_proj": 1178.765625,
    "model.layers.11.mlp.down_proj": 1194.823486328125,
    "model.layers.12.self_attn.q_proj": 814.0088500976562,
    "model.layers.12.self_attn.k_proj": 856.73193359375,
    "model.layers.12.self_attn.v_proj": 908.0100708007812,
    "model.layers.12.self_attn.o_proj": 767.65185546875,
    "model.layers.12.mlp.gate_proj": 1170.28369140625,
    "model.layers.12.mlp.up_proj": 1186.841796875,
    "model.layers.12.mlp.down_proj": 1178.16259765625,
    "model.layers.13.self_attn.q_proj": 817.3316040039062,
    "model.layers.13.self_attn.k_proj": 831.4874267578125,
    "model.layers.13.self_attn.v_proj": 922.1869506835938,
    "model.layers.13.self_attn.o_proj": 778.6314697265625,
    "model.layers.13.mlp.gate_proj": 1183.2130126953125,
    "model.layers.13.mlp.up_proj": 1182.4674072265625,
    "model.layers.13.mlp.down_proj": 1181.9212646484375,
    "model.layers.14.self_attn.q_proj": 807.2308959960938,
    "model.layers.14.self_attn.k_proj": 820.700439453125,
    "model.layers.14.self_attn.v_proj": 891.3080444335938,
    "model.layers.14.self_attn.o_proj": 776.1934204101562,
    "model.layers.14.mlp.gate_proj": 1173.7501220703125,
    "model.layers.14.mlp.up_proj": 1184.7996826171875,
    "model.layers.14.mlp.down_proj": 1191.1439208984375,
    "model.layers.15.self_attn.q_proj": 803.8358764648438,
    "model.layers.15.self_attn.k_proj": 890.9685668945312,
    "model.layers.15.self_attn.v_proj": 974.1965942382812,
    "model.layers.15.self_attn.o_proj": 789.3323364257812,
    "model.layers.15.mlp.gate_proj": 1182.7921142578125,
    "model.layers.15.mlp.up_proj": 1180.3746337890625,
    "model.layers.15.mlp.down_proj": 1202.61669921875,
    "model.layers.16.self_attn.q_proj": 791.8544921875,
    "model.layers.16.self_attn.k_proj": 816.4425659179688,
    "model.layers.16.self_attn.v_proj": 912.1461791992188,
    "model.layers.16.self_attn.o_proj": 682.605224609375,
    "model.layers.16.mlp.gate_proj": 1173.36572265625,
    "model.layers.16.mlp.up_proj": 1182.3768310546875,
    "model.layers.16.mlp.down_proj": 1175.686767578125,
    "model.layers.17.self_attn.q_proj": 808.0941772460938,
    "model.layers.17.self_attn.k_proj": 836.1036376953125,
    "model.layers.17.self_attn.v_proj": 890.4729614257812,
    "model.layers.17.self_attn.o_proj": 765.4473266601562,
    "model.layers.17.mlp.gate_proj": 1176.3568115234375,
    "model.layers.17.mlp.up_proj": 1196.1463623046875,
    "model.layers.17.mlp.down_proj": 1190.76318359375,
    "model.layers.18.self_attn.q_proj": 805.4874267578125,
    "model.layers.18.self_attn.k_proj": 857.537841796875,
    "model.layers.18.self_attn.v_proj": 890.6605834960938,
    "model.layers.18.self_attn.o_proj": 760.6109619140625,
    "model.layers.18.mlp.gate_proj": 1182.785400390625,
    "model.layers.18.mlp.up_proj": 1194.255859375,
    "model.layers.18.mlp.down_proj": 1184.64697265625,
    "model.layers.19.self_attn.q_proj": 810.2215576171875,
    "model.layers.19.self_attn.k_proj": 809.9833374023438,
    "model.layers.19.self_attn.v_proj": 886.5676879882812,
    "model.layers.19.self_attn.o_proj": 779.7050170898438,
    "model.layers.19.mlp.gate_proj": 1221.9805908203125,
    "model.layers.19.mlp.up_proj": 1220.3206787109375,
    "model.layers.19.mlp.down_proj": 1201.71533203125,
    "model.layers.20.self_attn.q_proj": 813.2970581054688,