{
    "model.layers.0.self_attn.q_proj": 817.4630126953125,
    "model.layers.0.self_attn.k_proj": 817.459228515625,
    "model.layers.0.self_attn.v_proj": 817.4960327148438,
    "model.layers.0.self_attn.o_proj": 818.1724243164062,
    "model.layers.0.mlp.gate_proj": 1192.2757568359375,
    "model.layers.0.mlp.up_proj": 1192.383056640625,
    "model.layers.0.mlp.down_proj": 1191.72119140625,
    "model.layers.1.self_attn.q_proj": 818.5020751953125,
    "model.layers.1.self_attn.k_proj": 815.73193359375,
    "model.layers.1.self_attn.v_proj": 805.9129638671875,
    "model.layers.1.self_attn.o_proj": 817.9100341796875,
    "model.layers.1.mlp.gate_proj": 1194.7073974609375,
    "model.layers.1.mlp.up_proj": 1189.446533203125,
    "model.layers.1.mlp.down_proj": 1183.8504638671875,
    "model.layers.2.self_attn.q_proj": 817.5880126953125,
    "model.layers.2.self_attn.k_proj": 817.4577026367188,
    "model.layers.2.self_attn.v_proj": 875.1188354492188,
    "model.layers.2.self_attn.o_proj": 829.222900390625,
    "model.layers.2.mlp.gate_proj": 1192.2696533203125,
    "model.layers.2.mlp.up_proj": 1201.25439453125,
    "model.layers.2.mlp.down_proj": 1195.7613525390625,
    "model.layers.3.self_attn.q_proj": 816.3662719726562,
    "model.layers.3.self_attn.k_proj": 799.8261108398438,
    "model.layers.3.self_attn.v_proj": 858.073974609375,
    "model.layers.3.self_attn.o_proj": 802.1756591796875,
    "model.layers.3.mlp.gate_proj": 1191.958740234375,
    "model.layers.3.mlp.up_proj": 1193.3343505859375,
    "model.layers.3.mlp.down_proj": 1190.486572265625,
    "model.layers.4.self_attn.q_proj": 793.8088989257812,
    "model.layers.4.self_attn.k_proj": 794.9541625976562,
    "model.layers.4.self_attn.v_proj": 829.9771118164062,
    "model.layers.4.self_attn.o_proj": 802.7208251953125,
    "model.layers.4.mlp.gate_proj": 1189.1768798828125,
    "model.layers.4.mlp.up_proj": 1213.1756591796875,
    "model.layers.4.mlp.down_proj": 1186.519287109375,
    "model.layers.5.self_attn.q_proj": 803.0695190429688,
    "model.layers.5.self_attn.k_proj": 872.8333740234375,
    "model.layers.5.self_attn.v_proj": 892.8447875976562,
    "model.layers.5.self_attn.o_proj": 789.240234375,
    "model.layers.5.mlp.gate_proj": 1203.71240234375,
    "model.layers.5.mlp.up_proj": 1190.02685546875,
    "model.layers.5.mlp.down_proj": 1179.78271484375,
    "model.layers.6.self_attn.q_proj": 826.503662109375,
    "model.layers.6.self_attn.k_proj": 838.4343872070312,
    "model.layers.6.self_attn.v_proj": 864.6220703125,
    "model.layers.6.self_attn.o_proj": 790.8729248046875,
    "model.layers.6.mlp.gate_proj": 1202.9390869140625,
    "model.layers.6.mlp.up_proj": 1162.806640625,
    "model.layers.6.mlp.down_proj": 1161.08056640625,
    "model.layers.7.self_attn.q_proj": 827.0100708007812,
    "model.layers.7.self_attn.k_proj": 859.804931640625,
    "model.layers.7.self_attn.v_proj": 886.0722045898438,
    "model.layers.7.self_attn.o_proj": 783.8396606445312,
    "model.layers.7.mlp.gate_proj": 1192.170166015625,
    "model.layers.7.mlp.up_proj": 1191.7646484375,
    "model.layers.7.mlp.down_proj": 1207.8701171875,
    "model.layers.8.self_attn.q_proj": 836.9918212890625,
    "model.layers.8.self_attn.k_proj": 854.977783203125,
    "model.layers.8.self_attn.v_proj": 886.6609497070312,
    "model.layers.8.self_attn.o_proj": 835.2730102539062,
    "model.layers.8.mlp.gate_proj": 1170.008056640625,
    "model.layers.8.mlp.up_proj": 1201.6829833984375,
    "model.layers.8.mlp.down_proj": 1183.2333984375,
    "model.layers.9.self_attn.q_proj": 819.7824096679688,
    "model.layers.9.self_attn.k_proj": 826.6644287109375,
    "model.layers.9.self_attn.v_proj": 843.763671875,
    "model.layers.9.self_attn.o_proj": 814.21826171875,
    "model.layers.9.mlp.gate_proj": 1184.3359375,
    "model.layers.9.mlp.up_proj": 1187.924072265625,
    "model.layers.9.mlp.down_proj": 1190.3621826171875,
    "model.layers.10.self_attn.q_proj": 809.9749755859375,
    "model.layers.10.self_attn.k_proj": 856.203125,
    "model.layers.10.self_attn.v_proj": 817.462158203125,
    "model.layers.10.self_attn.o_proj": 792.664794921875,
    "model.layers.10.mlp.gate_proj": 1174.9205322265625,
    "model.layers.10.mlp.up_proj": 1183.5606689453125,
    "model.layers.10.mlp.down_proj": 1203.925048828125,
    "model.layers.11.self_attn.q_proj": 813.5787353515625,
    "model.layers.11.self_attn.k_proj": 807.294189453125,
    "model.layers.11.self_attn.v_proj": 854.9234619140625,
    "model.layers.11.self_attn.o_proj": 797.119140625,
    "model.layers.11.mlp.gate_proj": 1180.2314453125,
    "model.layers.11.mlp.up_proj": 1186.867919921875,
    "model.layers.11.mlp.down_proj": 1200.2294921875,
    "model.layers.12.self_attn.q_proj": 820.6614990234375,
    "model.layers.12.self_attn.k_proj": 834.868408203125,
    "model.layers.12.self_attn.v_proj": 850.0288696289062,
    "model.layers.12.self_attn.o_proj": 798.6500854492188,
    "model.layers.12.mlp.gate_proj": 1190.44140625,
    "model.layers.12.mlp.up_proj": 1185.9603271484375,
    "model.layers.12.mlp.down_proj": 1195.3408203125,
    "model.layers.13.self_attn.q_proj": 813.5145874023438,
    "model.layers.13.self_attn.k_proj": 840.3347778320312,
    "model.layers.13.self_attn.v_proj": 874.4000244140625,
    "model.layers.13.self_attn.o_proj": 806.1945190429688,
    "model.layers.13.mlp.gate_proj": 1188.732421875,
    "model.layers.13.mlp.up_proj": 1194.7230224609375,
    "model.layers.13.mlp.down_proj": 1184.3170166015625,
    "model.layers.14.self_attn.q_proj": 812.439697265625,
    "model.layers.14.self_attn.k_proj": 821.3438110351562,
    "model.layers.14.self_attn.v_proj": 857.1187133789062,
    "model.layers.14.self_attn.o_proj": 804.6389770507812,
    "model.layers.14.mlp.gate_proj": 1188.6302490234375,
    "model.layers.14.mlp.up_proj": 1195.6812744140625,
    "model.layers.14.mlp.down_proj": 1195.0791015625,
    "model.layers.15.self_attn.q_proj": 812.4086303710938,
    "model.layers.15.self_attn.k_proj": 846.3692016601562,
    "model.layers.15.self_attn.v_proj": 869.2350463867188,
    "model.layers.15.self_attn.o_proj": 809.4990844726562,
    "model.layers.15.mlp.gate_proj": 1197.2554931640625,
    "model.layers.15.mlp.up_proj": 1187.1812744140625,
    "model.layers.15.mlp.down_proj": 1196.022216796875,
    "model.layers.16.self_attn.q_proj": 814.563720703125,
    "model.layers.16.self_attn.k_proj": 824.3626708984375,
    "model.layers.16.self_attn.v_proj": 850.442626953125,
    "model.layers.16.self_attn.o_proj": 766.7689819335938,
    "model.layers.16.mlp.gate_proj": 1184.96142578125,
    "model.layers.16.mlp.up_proj": 1186.254150390625,
    "model.layers.16.mlp.down_proj": 1185.27001953125,
    "model.layers.17.self_attn.q_proj": 814.0576782226562,
    "model.layers.17.self_attn.k_proj": 828.8602905273438,
    "model.layers.17.self_attn.v_proj": 838.3373413085938,
    "model.layers.17.self_attn.o_proj": 796.8907470703125,
    "model.layers.17.mlp.gate_proj": 1190.6925048828125,
    "model.layers.17.mlp.up_proj": 1201.4964599609375,
    "model.layers.17.mlp.down_proj": 1192.8441162109375,
    "model.layers.18.self_attn.q_proj": 812.6316528320312,
    "model.layers.18.self_attn.k_proj": 835.6464233398438,
    "model.layers.18.self_attn.v_proj": 834.434814453125,
    "model.layers.18.self_attn.o_proj": 797.1571655273438,
    "model.layers.18.mlp.gate_proj": 1196.991943359375,
    "model.layers.18.mlp.up_proj": 1195.6119384765625,
    "model.layers.18.mlp.down_proj": 1193.787841796875,
    "model.layers.19.self_attn.q_proj": 816.1272583007812,
    "model.layers.19.self_attn.k_proj": 815.9103393554688,
    "model.layers.19.self_attn.v_proj": 842.2057495117188,
    "model.layers.19.self_attn.o_proj": 807.637939453125,
    "model.layers.19.mlp.gate_proj": 1200.1226806640625,
    "model.layers.19.mlp.up_proj": 1207.4638671875,
    "model.layers.19.mlp.down_proj": 1194.4239501953125,
    "model.layers.20.self_attn.q_proj": 823.5657958984375,