{
    "model.layers.0.self_attn.q_proj": 813.639892578125,
    "model.layers.0.self_attn.k_proj": 813.63623046875,
    "model.layers.0.self_attn.v_proj": 813.6552124023438,
    "model.layers.0.self_attn.o_proj": 814.3812255859375,
    "model.layers.0.mlp.gate_proj": 1188.4478759765625,
    "model.layers.0.mlp.up_proj": 1188.60400390625,
    "model.layers.0.mlp.down_proj": 1186.35595703125,
    "model.layers.1.self_attn.q_proj": 813.8850708007812,
    "model.layers.1.self_attn.k_proj": 809.4129638671875,
    "model.layers.1.self_attn.v_proj": 796.239013671875,
    "model.layers.1.self_attn.o_proj": 822.5435791015625,
    "model.layers.1.mlp.gate_proj": 1193.2852783203125,
    "model.layers.1.mlp.up_proj": 1185.4232177734375,
    "model.layers.1.mlp.down_proj": 1179.8287353515625,
    "model.layers.2.self_attn.q_proj": 811.3887939453125,
    "model.layers.2.self_attn.k_proj": 819.9602661132812,
    "model.layers.2.self_attn.v_proj": 949.0845336914062,
    "model.layers.2.self_attn.o_proj": 848.5501708984375,
    "model.layers.2.mlp.gate_proj": 1182.6903076171875,
    "model.layers.2.mlp.up_proj": 1196.4556884765625,
    "model.layers.2.mlp.down_proj": 1190.8255615234375,
    "model.layers.3.self_attn.q_proj": 814.7054443359375,
    "model.layers.3.self_attn.k_proj": 759.369140625,
    "model.layers.3.self_attn.v_proj": 869.1277465820312,
    "model.layers.3.self_attn.o_proj": 821.9089965820312,
    "model.layers.3.mlp.gate_proj": 1191.2620849609375,
    "model.layers.3.mlp.up_proj": 1191.364013671875,
    "model.layers.3.mlp.down_proj": 1202.48095703125,
    "model.layers.4.self_attn.q_proj": 790.68798828125,
    "model.layers.4.self_attn.k_proj": 805.9576416015625,
    "model.layers.4.self_attn.v_proj": 850.4306030273438,
    "model.layers.4.self_attn.o_proj": 795.1812133789062,
    "model.layers.4.mlp.gate_proj": 1181.9290771484375,
    "model.layers.4.mlp.up_proj": 1198.581787109375,
    "model.layers.4.mlp.down_proj": 1176.4677734375,
    "model.layers.5.self_attn.q_proj": 788.0609741210938,
    "model.layers.5.self_attn.k_proj": 928.6390380859375,
    "model.layers.5.self_attn.v_proj": 919.1319580078125,
    "model.layers.5.self_attn.o_proj": 766.7034301757812,
    "model.layers.5.mlp.gate_proj": 1207.0491943359375,
    "model.layers.5.mlp.up_proj": 1185.01171875,
    "model.layers.5.mlp.down_proj": 1175.9295654296875,
    "model.layers.6.self_attn.q_proj": 823.3956909179688,
    "model.layers.6.self_attn.k_proj": 821.8457641601562,
    "model.layers.6.self_attn.v_proj": 902.8346557617188,
    "model.layers.6.self_attn.o_proj": 776.0520629882812,
    "model.layers.6.mlp.gate_proj": 1194.8956298828125,
    "model.layers.6.mlp.up_proj": 1146.6707763671875,
    "model.layers.6.mlp.down_proj": 1160.466064453125,
    "model.layers.7.self_attn.q_proj": 840.4702758789062,
    "model.layers.7.self_attn.k_proj": 934.6083374023438,
    "model.layers.7.self_attn.v_proj": 943.6375122070312,
    "model.layers.7.self_attn.o_proj": 777.6578979492188,
    "model.layers.7.mlp.gate_proj": 1190.0537109375,
    "model.layers.7.mlp.up_proj": 1200.9254150390625,
    "model.layers.7.mlp.down_proj": 1216.5948486328125,
    "model.layers.8.self_attn.q_proj": 827.5379028320312,
    "model.layers.8.self_attn.k_proj": 865.5265502929688,
    "model.layers.8.self_attn.v_proj": 927.2116088867188,
    "model.layers.8.self_attn.o_proj": 833.1239624023438,
    "model.layers.8.mlp.gate_proj": 1156.7490234375,
    "model.layers.8.mlp.up_proj": 1182.8531494140625,
    "model.layers.8.mlp.down_proj": 1185.21630859375,
    "model.layers.9.self_attn.q_proj": 802.5321655273438,
    "model.layers.9.self_attn.k_proj": 843.3524169921875,
    "model.layers.9.self_attn.v_proj": 853.7320556640625,
    "model.layers.9.self_attn.o_proj": 811.7589721679688,
    "model.layers.9.mlp.gate_proj": 1182.2642822265625,
    "model.layers.9.mlp.up_proj": 1176.892578125,
    "model.layers.9.mlp.down_proj": 1192.5791015625,
    "model.layers.10.self_attn.q_proj": 804.1354370117188,
    "model.layers.10.self_attn.k_proj": 901.4104614257812,
    "model.layers.10.self_attn.v_proj": 787.5726928710938,
    "model.layers.10.self_attn.o_proj": 787.2347412109375,
    "model.layers.10.mlp.gate_proj": 1155.7684326171875,
    "model.layers.10.mlp.up_proj": 1171.86328125,
    "model.layers.10.mlp.down_proj": 1214.4686279296875,
    "model.layers.11.self_attn.q_proj": 811.84326171875,
    "model.layers.11.self_attn.k_proj": 834.1779174804688,
    "model.layers.11.self_attn.v_proj": 888.0401000976562,
    "model.layers.11.self_attn.o_proj": 768.9215698242188,
    "model.layers.11.mlp.gate_proj": 1182.0196533203125,
    "model.layers.11.mlp.up_proj": 1184.1065673828125,
    "model.layers.11.mlp.down_proj": 1195.7872314453125,
    "model.layers.12.self_attn.q_proj": 812.401611328125,
    "model.layers.12.self_attn.k_proj": 843.6445922851562,
    "model.layers.12.self_attn.v_proj": 888.494384765625,
    "model.layers.12.self_attn.o_proj": 778.8749389648438,
    "model.layers.12.mlp.gate_proj": 1179.23291015625,
    "model.layers.12.mlp.up_proj": 1186.508056640625,
    "model.layers.12.mlp.down_proj": 1179.8140869140625,
    "model.layers.13.self_attn.q_proj": 814.7138671875,
    "model.layers.13.self_attn.k_proj": 827.1478271484375,
    "model.layers.13.self_attn.v_proj": 919.119140625,
    "model.layers.13.self_attn.o_proj": 788.8062744140625,
    "model.layers.13.mlp.gate_proj": 1183.3944091796875,
    "model.layers.13.mlp.up_proj": 1181.6602783203125,
    "model.layers.13.mlp.down_proj": 1187.80615234375,
    "model.layers.14.self_attn.q_proj": 809.69921875,
    "model.layers.14.self_attn.k_proj": 817.796875,
    "model.layers.14.self_attn.v_proj": 883.17919921875,
    "model.layers.14.self_attn.o_proj": 795.1083374023438,
    "model.layers.14.mlp.gate_proj": 1178.9793701171875,
    "model.layers.14.mlp.up_proj": 1189.17041015625,
    "model.layers.14.mlp.down_proj": 1188.4930419921875,
    "model.layers.15.self_attn.q_proj": 806.015869140625,
    "model.layers.15.self_attn.k_proj": 877.19482421875,
    "model.layers.15.self_attn.v_proj": 924.2987670898438,
    "model.layers.15.self_attn.o_proj": 789.708251953125,
    "model.layers.15.mlp.gate_proj": 1188.07763671875,
    "model.layers.15.mlp.up_proj": 1180.6790771484375,
    "model.layers.15.mlp.down_proj": 1194.956787109375,
    "model.layers.16.self_attn.q_proj": 799.9296875,
    "model.layers.16.self_attn.k_proj": 822.6544799804688,
    "model.layers.16.self_attn.v_proj": 892.2485961914062,
    "model.layers.16.self_attn.o_proj": 701.6421508789062,
    "model.layers.16.mlp.gate_proj": 1175.9979248046875,
    "model.layers.16.mlp.up_proj": 1183.0965576171875,
    "model.layers.16.mlp.down_proj": 1174.47705078125,
    "model.layers.17.self_attn.q_proj": 811.4531860351562,
    "model.layers.17.self_attn.k_proj": 835.8599243164062,
    "model.layers.17.self_attn.v_proj": 861.0917358398438,
    "model.layers.17.self_attn.o_proj": 780.039794921875,
    "model.layers.17.mlp.gate_proj": 1184.28173828125,
    "model.layers.17.mlp.up_proj": 1195.424072265625,
    "model.layers.17.mlp.down_proj": 1190.2586669921875,
    "model.layers.18.self_attn.q_proj": 807.9757080078125,
    "model.layers.18.self_attn.k_proj": 846.463134765625,
    "model.layers.18.self_attn.v_proj": 869.96337890625,
    "model.layers.18.self_attn.o_proj": 777.824951171875,
    "model.layers.18.mlp.gate_proj": 1190.486572265625,
    "model.layers.18.mlp.up_proj": 1190.29541015625,
    "model.layers.18.mlp.down_proj": 1187.6009521484375,
    "model.layers.19.self_attn.q_proj": 811.72216796875,
    "model.layers.19.self_attn.k_proj": 813.8051147460938,
    "model.layers.19.self_attn.v_proj": 863.7396240234375,
    "model.layers.19.self_attn.o_proj": 793.3250122070312,
    "model.layers.19.mlp.gate_proj": 1212.57958984375,
    "model.layers.19.mlp.up_proj": 1210.669921875,
    "model.layers.19.mlp.down_proj": 1200.762939453125,
    "model.layers.20.self_attn.q_proj": 817.1909790039062,