{
    "model.layers.0.self_attn.q_proj": 814.7310791015625,
    "model.layers.0.self_attn.k_proj": 814.7256469726562,
    "model.layers.0.self_attn.v_proj": 814.7103881835938,
    "model.layers.0.self_attn.o_proj": 815.5270385742188,
    "model.layers.0.mlp.gate_proj": 1189.529052734375,
    "model.layers.0.mlp.up_proj": 1189.670166015625,
    "model.layers.0.mlp.down_proj": 1187.6025390625,
    "model.layers.1.self_attn.q_proj": 815.8040161132812,
    "model.layers.1.self_attn.k_proj": 812.6017456054688,
    "model.layers.1.self_attn.v_proj": 797.056884765625,
    "model.layers.1.self_attn.o_proj": 821.1471557617188,
    "model.layers.1.mlp.gate_proj": 1192.7178955078125,
    "model.layers.1.mlp.up_proj": 1187.3333740234375,
    "model.layers.1.mlp.down_proj": 1179.439697265625,
    "model.layers.2.self_attn.q_proj": 815.1429443359375,
    "model.layers.2.self_attn.k_proj": 818.8797607421875,
    "model.layers.2.self_attn.v_proj": 914.2109375,
    "model.layers.2.self_attn.o_proj": 838.6656494140625,
    "model.layers.2.mlp.gate_proj": 1185.0816650390625,
    "model.layers.2.mlp.up_proj": 1198.382568359375,
    "model.layers.2.mlp.down_proj": 1192.9403076171875,
    "model.layers.3.self_attn.q_proj": 816.1936645507812,
    "model.layers.3.self_attn.k_proj": 788.9805908203125,
    "model.layers.3.self_attn.v_proj": 865.6723022460938,
    "model.layers.3.self_attn.o_proj": 803.2052612304688,
    "model.layers.3.mlp.gate_proj": 1198.4388427734375,
    "model.layers.3.mlp.up_proj": 1190.33154296875,
    "model.layers.3.mlp.down_proj": 1186.9166259765625,
    "model.layers.4.self_attn.q_proj": 792.4902954101562,
    "model.layers.4.self_attn.k_proj": 790.5062866210938,
    "model.layers.4.self_attn.v_proj": 844.6077880859375,
    "model.layers.4.self_attn.o_proj": 793.785888671875,
    "model.layers.4.mlp.gate_proj": 1180.390869140625,
    "model.layers.4.mlp.up_proj": 1207.3505859375,
    "model.layers.4.mlp.down_proj": 1182.447509765625,
    "model.layers.5.self_attn.q_proj": 792.1110229492188,
    "model.layers.5.self_attn.k_proj": 904.7433471679688,
    "model.layers.5.self_attn.v_proj": 909.7817993164062,
    "model.layers.5.self_attn.o_proj": 766.12939453125,
    "model.layers.5.mlp.gate_proj": 1204.8797607421875,
    "model.layers.5.mlp.up_proj": 1182.604736328125,
    "model.layers.5.mlp.down_proj": 1177.28076171875,
    "model.layers.6.self_attn.q_proj": 823.5481567382812,
    "model.layers.6.self_attn.k_proj": 827.5023803710938,
    "model.layers.6.self_attn.v_proj": 885.15966796875,
    "model.layers.6.self_attn.o_proj": 785.6437377929688,
    "model.layers.6.mlp.gate_proj": 1196.930419921875,
    "model.layers.6.mlp.up_proj": 1159.8843994140625,
    "model.layers.6.mlp.down_proj": 1153.4620361328125,
    "model.layers.7.self_attn.q_proj": 828.8189086914062,
    "model.layers.7.self_attn.k_proj": 912.4052124023438,
    "model.layers.7.self_attn.v_proj": 915.1749877929688,
    "model.layers.7.self_attn.o_proj": 770.9196166992188,
    "model.layers.7.mlp.gate_proj": 1194.6951904296875,
    "model.layers.7.mlp.up_proj": 1188.509765625,
    "model.layers.7.mlp.down_proj": 1210.0357666015625,
    "model.layers.8.self_attn.q_proj": 838.4829711914062,
    "model.layers.8.self_attn.k_proj": 860.912841796875,
    "model.layers.8.self_attn.v_proj": 909.2325439453125,
    "model.layers.8.self_attn.o_proj": 828.712158203125,
    "model.layers.8.mlp.gate_proj": 1159.6519775390625,
    "model.layers.8.mlp.up_proj": 1185.0228271484375,
    "model.layers.8.mlp.down_proj": 1179.7789306640625,
    "model.layers.9.self_attn.q_proj": 810.1170654296875,
    "model.layers.9.self_attn.k_proj": 838.7922973632812,
    "model.layers.9.self_attn.v_proj": 855.7514038085938,
    "model.layers.9.self_attn.o_proj": 809.0921630859375,
    "model.layers.9.mlp.gate_proj": 1177.5308837890625,
    "model.layers.9.mlp.up_proj": 1184.5203857421875,
    "model.layers.9.mlp.down_proj": 1188.0311279296875,
    "model.layers.10.self_attn.q_proj": 809.1431274414062,
    "model.layers.10.self_attn.k_proj": 880.1346435546875,
    "model.layers.10.self_attn.v_proj": 804.316650390625,
    "model.layers.10.self_attn.o_proj": 791.08740234375,
    "model.layers.10.mlp.gate_proj": 1167.2279052734375,
    "model.layers.10.mlp.up_proj": 1175.2740478515625,
    "model.layers.10.mlp.down_proj": 1212.7203369140625,
    "model.layers.11.self_attn.q_proj": 812.0479125976562,
    "model.layers.11.self_attn.k_proj": 812.6087646484375,
    "model.layers.11.self_attn.v_proj": 857.1036376953125,
    "model.layers.11.self_attn.o_proj": 784.348876953125,
    "model.layers.11.mlp.gate_proj": 1178.5335693359375,
    "model.layers.11.mlp.up_proj": 1187.290771484375,
    "model.layers.11.mlp.down_proj": 1197.3155517578125,
    "model.layers.12.self_attn.q_proj": 810.8907470703125,
    "model.layers.12.self_attn.k_proj": 838.8968505859375,
    "model.layers.12.self_attn.v_proj": 870.45654296875,
    "model.layers.12.self_attn.o_proj": 791.2969360351562,
    "model.layers.12.mlp.gate_proj": 1182.09765625,
    "model.layers.12.mlp.up_proj": 1184.865966796875,
    "model.layers.12.mlp.down_proj": 1191.176513671875,
    "model.layers.13.self_attn.q_proj": 814.349609375,
    "model.layers.13.self_attn.k_proj": 832.1543579101562,
    "model.layers.13.self_attn.v_proj": 905.2401123046875,
    "model.layers.13.self_attn.o_proj": 791.7196044921875,
    "model.layers.13.mlp.gate_proj": 1184.49755859375,
    "model.layers.13.mlp.up_proj": 1192.7093505859375,
    "model.layers.13.mlp.down_proj": 1190.1373291015625,
    "model.layers.14.self_attn.q_proj": 807.9232788085938,
    "model.layers.14.self_attn.k_proj": 818.1187744140625,
    "model.layers.14.self_attn.v_proj": 865.5181274414062,
    "model.layers.14.self_attn.o_proj": 798.1918334960938,
    "model.layers.14.mlp.gate_proj": 1185.025390625,
    "model.layers.14.mlp.up_proj": 1191.38916015625,
    "model.layers.14.mlp.down_proj": 1191.142578125,
    "model.layers.15.self_attn.q_proj": 810.4784545898438,
    "model.layers.15.self_attn.k_proj": 863.3042602539062,
    "model.layers.15.self_attn.v_proj": 899.694091796875,
    "model.layers.15.self_attn.o_proj": 799.2058715820312,
    "model.layers.15.mlp.gate_proj": 1193.2635498046875,
    "model.layers.15.mlp.up_proj": 1182.1424560546875,
    "model.layers.15.mlp.down_proj": 1196.845703125,
    "model.layers.16.self_attn.q_proj": 809.4241333007812,
    "model.layers.16.self_attn.k_proj": 822.9541625976562,
    "model.layers.16.self_attn.v_proj": 869.950439453125,
    "model.layers.16.self_attn.o_proj": 743.6728515625,
    "model.layers.16.mlp.gate_proj": 1181.41015625,
    "model.layers.16.mlp.up_proj": 1185.114501953125,
    "model.layers.16.mlp.down_proj": 1181.004150390625,
    "model.layers.17.self_attn.q_proj": 813.3275146484375,
    "model.layers.17.self_attn.k_proj": 831.6045532226562,
    "model.layers.17.self_attn.v_proj": 847.3493041992188,
    "model.layers.17.self_attn.o_proj": 789.5914306640625,
    "model.layers.17.mlp.gate_proj": 1188.579345703125,
    "model.layers.17.mlp.up_proj": 1199.1131591796875,
    "model.layers.17.mlp.down_proj": 1192.48876953125,
    "model.layers.18.self_attn.q_proj": 812.4750366210938,
    "model.layers.18.self_attn.k_proj": 838.2435302734375,
    "model.layers.18.self_attn.v_proj": 845.7197875976562,
    "model.layers.18.self_attn.o_proj": 787.5088500976562,
    "model.layers.18.mlp.gate_proj": 1191.8687744140625,
    "model.layers.18.mlp.up_proj": 1193.149658203125,
    "model.layers.18.mlp.down_proj": 1193.9429931640625,
    "model.layers.19.self_attn.q_proj": 812.9981689453125,
    "model.layers.19.self_attn.k_proj": 816.5347290039062,
    "model.layers.19.self_attn.v_proj": 850.5458984375,
    "model.layers.19.self_attn.o_proj": 800.4937133789062,
    "model.layers.19.mlp.gate_proj": 1203.54052734375,
    "model.layers.19.mlp.up_proj": 1209.5687255859375,
    "model.layers.19.mlp.down_proj": 1196.948974609375,
    "model.layers.20.self_attn.q_proj": 820.912841796875,