{
    "model.layers.0.self_attn.q_proj": 814.8897705078125,
    "model.layers.0.self_attn.k_proj": 814.8861694335938,
    "model.layers.0.self_attn.v_proj": 814.8197021484375,
    "model.layers.0.self_attn.o_proj": 815.6510009765625,
    "model.layers.0.mlp.gate_proj": 1189.7061767578125,
    "model.layers.0.mlp.up_proj": 1189.8695068359375,
    "model.layers.0.mlp.down_proj": 1187.4700927734375,
    "model.layers.1.self_attn.q_proj": 815.113037109375,
    "model.layers.1.self_attn.k_proj": 811.5513916015625,
    "model.layers.1.self_attn.v_proj": 797.900634765625,
    "model.layers.1.self_attn.o_proj": 821.2429809570312,
    "model.layers.1.mlp.gate_proj": 1194.8753662109375,
    "model.layers.1.mlp.up_proj": 1186.5921630859375,
    "model.layers.1.mlp.down_proj": 1180.6138916015625,
    "model.layers.2.self_attn.q_proj": 813.4590454101562,
    "model.layers.2.self_attn.k_proj": 818.897705078125,
    "model.layers.2.self_attn.v_proj": 937.8154296875,
    "model.layers.2.self_attn.o_proj": 845.8191528320312,
    "model.layers.2.mlp.gate_proj": 1183.35693359375,
    "model.layers.2.mlp.up_proj": 1198.2578125,
    "model.layers.2.mlp.down_proj": 1193.479736328125,
    "model.layers.3.self_attn.q_proj": 816.6456298828125,
    "model.layers.3.self_attn.k_proj": 772.8325805664062,
    "model.layers.3.self_attn.v_proj": 866.8599243164062,
    "model.layers.3.self_attn.o_proj": 819.9038696289062,
    "model.layers.3.mlp.gate_proj": 1194.1868896484375,
    "model.layers.3.mlp.up_proj": 1191.8114013671875,
    "model.layers.3.mlp.down_proj": 1198.156982421875,
    "model.layers.4.self_attn.q_proj": 793.9136962890625,
    "model.layers.4.self_attn.k_proj": 803.5436401367188,
    "model.layers.4.self_attn.v_proj": 847.3677978515625,
    "model.layers.4.self_attn.o_proj": 795.9940795898438,
    "model.layers.4.mlp.gate_proj": 1181.8548583984375,
    "model.layers.4.mlp.up_proj": 1202.746826171875,
    "model.layers.4.mlp.down_proj": 1179.5050048828125,
    "model.layers.5.self_attn.q_proj": 793.2028198242188,
    "model.layers.5.self_attn.k_proj": 915.3944702148438,
    "model.layers.5.self_attn.v_proj": 910.5025634765625,
    "model.layers.5.self_attn.o_proj": 767.1668701171875,
    "model.layers.5.mlp.gate_proj": 1207.1497802734375,
    "model.layers.5.mlp.up_proj": 1185.1871337890625,
    "model.layers.5.mlp.down_proj": 1175.9742431640625,
    "model.layers.6.self_attn.q_proj": 825.4929809570312,
    "model.layers.6.self_attn.k_proj": 824.1900024414062,
    "model.layers.6.self_attn.v_proj": 896.3621215820312,
    "model.layers.6.self_attn.o_proj": 779.9422607421875,
    "model.layers.6.mlp.gate_proj": 1196.0728759765625,
    "model.layers.6.mlp.up_proj": 1147.466552734375,
    "model.layers.6.mlp.down_proj": 1157.908203125,
    "model.layers.7.self_attn.q_proj": 841.9266357421875,
    "model.layers.7.self_attn.k_proj": 926.7091674804688,
    "model.layers.7.self_attn.v_proj": 933.3070678710938,
    "model.layers.7.self_attn.o_proj": 770.0443725585938,
    "model.layers.7.mlp.gate_proj": 1194.35986328125,
    "model.layers.7.mlp.up_proj": 1198.9910888671875,
    "model.layers.7.mlp.down_proj": 1212.0244140625,
    "model.layers.8.self_attn.q_proj": 834.1105346679688,
    "model.layers.8.self_attn.k_proj": 861.6009521484375,
    "model.layers.8.self_attn.v_proj": 919.2745971679688,
    "model.layers.8.self_attn.o_proj": 835.8217163085938,
    "model.layers.8.mlp.gate_proj": 1159.9072265625,
    "model.layers.8.mlp.up_proj": 1187.1220703125,
    "model.layers.8.mlp.down_proj": 1187.1820068359375,
    "model.layers.9.self_attn.q_proj": 808.386474609375,
    "model.layers.9.self_attn.k_proj": 843.2609252929688,
    "model.layers.9.self_attn.v_proj": 855.2027587890625,
    "model.layers.9.self_attn.o_proj": 812.2451782226562,
    "model.layers.9.mlp.gate_proj": 1184.0008544921875,
    "model.layers.9.mlp.up_proj": 1180.750244140625,
    "model.layers.9.mlp.down_proj": 1190.7607421875,
    "model.layers.10.self_attn.q_proj": 806.7401733398438,
    "model.layers.10.self_attn.k_proj": 894.197265625,
    "model.layers.10.self_attn.v_proj": 792.7649536132812,
    "model.layers.10.self_attn.o_proj": 790.4035034179688,
    "model.layers.10.mlp.gate_proj": 1159.811767578125,
    "model.layers.10.mlp.up_proj": 1174.7222900390625,
    "model.layers.10.mlp.down_proj": 1214.506103515625,
    "model.layers.11.self_attn.q_proj": 810.271728515625,
    "model.layers.11.self_attn.k_proj": 824.457275390625,
    "model.layers.11.self_attn.v_proj": 874.2796020507812,
    "model.layers.11.self_attn.o_proj": 778.2085571289062,
    "model.layers.11.mlp.gate_proj": 1181.2314453125,
    "model.layers.11.mlp.up_proj": 1186.3216552734375,
    "model.layers.11.mlp.down_proj": 1197.8126220703125,
    "model.layers.12.self_attn.q_proj": 812.1792602539062,
    "model.layers.12.self_attn.k_proj": 841.2097778320312,
    "model.layers.12.self_attn.v_proj": 879.6491088867188,
    "model.layers.12.self_attn.o_proj": 784.10546875,
    "model.layers.12.mlp.gate_proj": 1180.9686279296875,
    "model.layers.12.mlp.up_proj": 1187.0941162109375,
    "model.layers.12.mlp.down_proj": 1184.7728271484375,
    "model.layers.13.self_attn.q_proj": 815.9262084960938,
    "model.layers.13.self_attn.k_proj": 830.8444213867188,
    "model.layers.13.self_attn.v_proj": 916.8689575195312,
    "model.layers.13.self_attn.o_proj": 792.8193359375,
    "model.layers.13.mlp.gate_proj": 1184.6300048828125,
    "model.layers.13.mlp.up_proj": 1186.2987060546875,
    "model.layers.13.mlp.down_proj": 1188.3348388671875,
    "model.layers.14.self_attn.q_proj": 811.1123657226562,
    "model.layers.14.self_attn.k_proj": 820.4212036132812,
    "model.layers.14.self_attn.v_proj": 876.2811279296875,
    "model.layers.14.self_attn.o_proj": 797.3497314453125,
    "model.layers.14.mlp.gate_proj": 1184.2618408203125,
    "model.layers.14.mlp.up_proj": 1191.2391357421875,
    "model.layers.14.mlp.down_proj": 1189.14501953125,
    "model.layers.15.self_attn.q_proj": 809.752197265625,
    "model.layers.15.self_attn.k_proj": 872.6449584960938,
    "model.layers.15.self_attn.v_proj": 915.98095703125,
    "model.layers.15.self_attn.o_proj": 792.134033203125,
    "model.layers.15.mlp.gate_proj": 1190.98486328125,
    "model.layers.15.mlp.up_proj": 1181.814208984375,
    "model.layers.15.mlp.down_proj": 1197.42529296875,
    "model.layers.16.self_attn.q_proj": 804.962158203125,
    "model.layers.16.self_attn.k_proj": 823.4420166015625,
    "model.layers.16.self_attn.v_proj": 880.9848022460938,
    "model.layers.16.self_attn.o_proj": 721.67822265625,
    "model.layers.16.mlp.gate_proj": 1178.3665771484375,
    "model.layers.16.mlp.up_proj": 1185.6270751953125,
    "model.layers.16.mlp.down_proj": 1178.4765625,
    "model.layers.17.self_attn.q_proj": 812.7860717773438,
    "model.layers.17.self_attn.k_proj": 834.6292114257812,
    "model.layers.17.self_attn.v_proj": 857.9617309570312,
    "model.layers.17.self_attn.o_proj": 782.5379028320312,
    "model.layers.17.mlp.gate_proj": 1186.1904296875,
    "model.layers.17.mlp.up_proj": 1198.912109375,
    "model.layers.17.mlp.down_proj": 1192.150390625,
    "model.layers.18.self_attn.q_proj": 810.6334228515625,
    "model.layers.18.self_attn.k_proj": 842.5673828125,
    "model.layers.18.self_attn.v_proj": 861.5226440429688,
    "model.layers.18.self_attn.o_proj": 786.839111328125,
    "model.layers.18.mlp.gate_proj": 1190.400634765625,
    "model.layers.18.mlp.up_proj": 1191.9901123046875,
    "model.layers.18.mlp.down_proj": 1189.322509765625,
    "model.layers.19.self_attn.q_proj": 813.3184204101562,
    "model.layers.19.self_attn.k_proj": 814.6810302734375,
    "model.layers.19.self_attn.v_proj": 860.52685546875,
    "model.layers.19.self_attn.o_proj": 796.48486328125,
    "model.layers.19.mlp.gate_proj": 1208.113525390625,
    "model.layers.19.mlp.up_proj": 1211.5740966796875,
    "model.layers.19.mlp.down_proj": 1199.1817626953125,
    "model.layers.20.self_attn.q_proj": 819.3849487304688,