{
    "model.layers.0.self_attn.q_proj": 817.2779541015625,
    "model.layers.0.self_attn.k_proj": 817.2761840820312,
    "model.layers.0.self_attn.v_proj": 817.2958984375,
    "model.layers.0.self_attn.o_proj": 817.980712890625,
    "model.layers.0.mlp.gate_proj": 1192.10302734375,
    "model.layers.0.mlp.up_proj": 1192.1954345703125,
    "model.layers.0.mlp.down_proj": 1191.914306640625,
    "model.layers.1.self_attn.q_proj": 818.0379638671875,
    "model.layers.1.self_attn.k_proj": 815.9451293945312,
    "model.layers.1.self_attn.v_proj": 806.1700439453125,
    "model.layers.1.self_attn.o_proj": 817.9934692382812,
    "model.layers.1.mlp.gate_proj": 1194.0626220703125,
    "model.layers.1.mlp.up_proj": 1189.4442138671875,
    "model.layers.1.mlp.down_proj": 1185.0286865234375,
    "model.layers.2.self_attn.q_proj": 819.7406005859375,
    "model.layers.2.self_attn.k_proj": 819.6564331054688,
    "model.layers.2.self_attn.v_proj": 866.152587890625,
    "model.layers.2.self_attn.o_proj": 826.54736328125,
    "model.layers.2.mlp.gate_proj": 1192.40625,
    "model.layers.2.mlp.up_proj": 1200.815185546875,
    "model.layers.2.mlp.down_proj": 1194.6329345703125,
    "model.layers.3.self_attn.q_proj": 811.5641479492188,
    "model.layers.3.self_attn.k_proj": 803.2952880859375,
    "model.layers.3.self_attn.v_proj": 847.9942626953125,
    "model.layers.3.self_attn.o_proj": 802.6265258789062,
    "model.layers.3.mlp.gate_proj": 1189.4205322265625,
    "model.layers.3.mlp.up_proj": 1188.600341796875,
    "model.layers.3.mlp.down_proj": 1197.28125,
    "model.layers.4.self_attn.q_proj": 793.2991333007812,
    "model.layers.4.self_attn.k_proj": 808.1854248046875,
    "model.layers.4.self_attn.v_proj": 814.0143432617188,
    "model.layers.4.self_attn.o_proj": 801.602294921875,
    "model.layers.4.mlp.gate_proj": 1187.0279541015625,
    "model.layers.4.mlp.up_proj": 1207.5811767578125,
    "model.layers.4.mlp.down_proj": 1188.01025390625,
    "model.layers.5.self_attn.q_proj": 809.2540893554688,
    "model.layers.5.self_attn.k_proj": 858.1680297851562,
    "model.layers.5.self_attn.v_proj": 885.7196044921875,
    "model.layers.5.self_attn.o_proj": 797.5311889648438,
    "model.layers.5.mlp.gate_proj": 1199.954833984375,
    "model.layers.5.mlp.up_proj": 1192.0430908203125,
    "model.layers.5.mlp.down_proj": 1182.7689208984375,
    "model.layers.6.self_attn.q_proj": 826.0259399414062,
    "model.layers.6.self_attn.k_proj": 837.6358642578125,
    "model.layers.6.self_attn.v_proj": 865.5587768554688,
    "model.layers.6.self_attn.o_proj": 793.1985473632812,
    "model.layers.6.mlp.gate_proj": 1205.279052734375,
    "model.layers.6.mlp.up_proj": 1166.5684814453125,
    "model.layers.6.mlp.down_proj": 1164.3858642578125,
    "model.layers.7.self_attn.q_proj": 824.8897705078125,
    "model.layers.7.self_attn.k_proj": 845.0912475585938,
    "model.layers.7.self_attn.v_proj": 865.9727172851562,
    "model.layers.7.self_attn.o_proj": 793.927490234375,
    "model.layers.7.mlp.gate_proj": 1193.280029296875,
    "model.layers.7.mlp.up_proj": 1191.7056884765625,
    "model.layers.7.mlp.down_proj": 1205.32666015625,
    "model.layers.8.self_attn.q_proj": 836.1807861328125,
    "model.layers.8.self_attn.k_proj": 848.6948852539062,
    "model.layers.8.self_attn.v_proj": 876.3654174804688,
    "model.layers.8.self_attn.o_proj": 832.87451171875,
    "model.layers.8.mlp.gate_proj": 1173.7376708984375,
    "model.layers.8.mlp.up_proj": 1202.1549072265625,
    "model.layers.8.mlp.down_proj": 1184.9461669921875,
    "model.layers.9.self_attn.q_proj": 818.1749267578125,
    "model.layers.9.self_attn.k_proj": 824.1687622070312,
    "model.layers.9.self_attn.v_proj": 835.1066284179688,
    "model.layers.9.self_attn.o_proj": 808.1514282226562,
    "model.layers.9.mlp.gate_proj": 1182.34375,
    "model.layers.9.mlp.up_proj": 1185.4495849609375,
    "model.layers.9.mlp.down_proj": 1186.6708984375,
    "model.layers.10.self_attn.q_proj": 809.6690063476562,
    "model.layers.10.self_attn.k_proj": 844.611572265625,
    "model.layers.10.self_attn.v_proj": 825.1052856445312,
    "model.layers.10.self_attn.o_proj": 798.6199951171875,
    "model.layers.10.mlp.gate_proj": 1179.8590087890625,
    "model.layers.10.mlp.up_proj": 1184.70654296875,
    "model.layers.10.mlp.down_proj": 1197.3662109375,
    "model.layers.11.self_attn.q_proj": 818.3139038085938,
    "model.layers.11.self_attn.k_proj": 808.2293090820312,
    "model.layers.11.self_attn.v_proj": 851.2622680664062,
    "model.layers.11.self_attn.o_proj": 801.7750854492188,
    "model.layers.11.mlp.gate_proj": 1183.189208984375,
    "model.layers.11.mlp.up_proj": 1185.1510009765625,
    "model.layers.11.mlp.down_proj": 1196.217529296875,
    "model.layers.12.self_attn.q_proj": 820.8276977539062,
    "model.layers.12.self_attn.k_proj": 833.5831298828125,
    "model.layers.12.self_attn.v_proj": 847.5623168945312,
    "model.layers.12.self_attn.o_proj": 804.1708984375,
    "model.layers.12.mlp.gate_proj": 1194.1483154296875,
    "model.layers.12.mlp.up_proj": 1186.3048095703125,
    "model.layers.12.mlp.down_proj": 1197.5101318359375,
    "model.layers.13.self_attn.q_proj": 813.3731079101562,
    "model.layers.13.self_attn.k_proj": 836.6111450195312,
    "model.layers.13.self_attn.v_proj": 867.4874877929688,
    "model.layers.13.self_attn.o_proj": 808.0582885742188,
    "model.layers.13.mlp.gate_proj": 1189.10888671875,
    "model.layers.13.mlp.up_proj": 1195.0037841796875,
    "model.layers.13.mlp.down_proj": 1180.0574951171875,
    "model.layers.14.self_attn.q_proj": 814.5626831054688,
    "model.layers.14.self_attn.k_proj": 822.036376953125,
    "model.layers.14.self_attn.v_proj": 854.87060546875,
    "model.layers.14.self_attn.o_proj": 806.6752319335938,
    "model.layers.14.mlp.gate_proj": 1188.1903076171875,
    "model.layers.14.mlp.up_proj": 1195.2486572265625,
    "model.layers.14.mlp.down_proj": 1195.8238525390625,
    "model.layers.15.self_attn.q_proj": 811.6880493164062,
    "model.layers.15.self_attn.k_proj": 837.6900634765625,
    "model.layers.15.self_attn.v_proj": 860.46875,
    "model.layers.15.self_attn.o_proj": 812.6409912109375,
    "model.layers.15.mlp.gate_proj": 1196.825439453125,
    "model.layers.15.mlp.up_proj": 1188.204345703125,
    "model.layers.15.mlp.down_proj": 1200.974365234375,
    "model.layers.16.self_attn.q_proj": 816.361083984375,
    "model.layers.16.self_attn.k_proj": 821.576416015625,
    "model.layers.16.self_attn.v_proj": 840.726806640625,
    "model.layers.16.self_attn.o_proj": 774.8394775390625,
    "model.layers.16.mlp.gate_proj": 1186.5489501953125,
    "model.layers.16.mlp.up_proj": 1185.3001708984375,
    "model.layers.16.mlp.down_proj": 1185.5030517578125,
    "model.layers.17.self_attn.q_proj": 814.0182495117188,
    "model.layers.17.self_attn.k_proj": 830.305908203125,
    "model.layers.17.self_attn.v_proj": 834.584228515625,
    "model.layers.17.self_attn.o_proj": 798.40380859375,
    "model.layers.17.mlp.gate_proj": 1189.9283447265625,
    "model.layers.17.mlp.up_proj": 1200.21484375,
    "model.layers.17.mlp.down_proj": 1193.9224853515625,
    "model.layers.18.self_attn.q_proj": 812.1943969726562,
    "model.layers.18.self_attn.k_proj": 829.5865478515625,
    "model.layers.18.self_attn.v_proj": 831.3717651367188,
    "model.layers.18.self_attn.o_proj": 798.2734985351562,
    "model.layers.18.mlp.gate_proj": 1197.25830078125,
    "model.layers.18.mlp.up_proj": 1190.865966796875,
    "model.layers.18.mlp.down_proj": 1191.4962158203125,
    "model.layers.19.self_attn.q_proj": 815.6376953125,
    "model.layers.19.self_attn.k_proj": 815.101318359375,
    "model.layers.19.self_attn.v_proj": 837.3369140625,
    "model.layers.19.self_attn.o_proj": 810.8736572265625,
    "model.layers.19.mlp.gate_proj": 1197.232421875,
    "model.layers.19.mlp.up_proj": 1206.4122314453125,
    "model.layers.19.mlp.down_proj": 1194.4222412109375,
    "model.layers.20.self_attn.q_proj": 820.7385864257812,