{
    "model.layers.0.self_attn.q_proj": 790.089111328125,
    "model.layers.0.self_attn.k_proj": 790.9290771484375,
    "model.layers.0.self_attn.v_proj": 789.8825073242188,
    "model.layers.0.self_attn.o_proj": 797.448486328125,
    "model.layers.0.mlp.gate_proj": 816.8052368164062,
    "model.layers.0.mlp.up_proj": 801.897705078125,
    "model.layers.0.mlp.down_proj": 800.4819946289062,
    "model.layers.1.self_attn.q_proj": 789.4816284179688,
    "model.layers.1.self_attn.k_proj": 793.563720703125,
    "model.layers.1.self_attn.v_proj": 815.8357543945312,
    "model.layers.1.self_attn.o_proj": 790.1929321289062,
    "model.layers.1.mlp.gate_proj": 815.9603881835938,
    "model.layers.1.mlp.up_proj": 836.19580078125,
    "model.layers.1.mlp.down_proj": 853.4395141601562,
    "model.layers.2.self_attn.q_proj": 796.9656372070312,
    "model.layers.2.self_attn.k_proj": 791.932373046875,
    "model.layers.2.self_attn.v_proj": 888.9366455078125,
    "model.layers.2.self_attn.o_proj": 804.0831298828125,
    "model.layers.2.mlp.gate_proj": 813.7155151367188,
    "model.layers.2.mlp.up_proj": 827.8831787109375,
    "model.layers.2.mlp.down_proj": 837.8743286132812,
    "model.layers.3.self_attn.q_proj": 802.185791015625,
    "model.layers.3.self_attn.k_proj": 788.860595703125,
    "model.layers.3.self_attn.v_proj": 868.7459106445312,
    "model.layers.3.self_attn.o_proj": 799.2118530273438,
    "model.layers.3.mlp.gate_proj": 837.3255004882812,
    "model.layers.3.mlp.up_proj": 831.7435302734375,
    "model.layers.3.mlp.down_proj": 884.8737182617188,
    "model.layers.4.self_attn.q_proj": 780.5520629882812,
    "model.layers.4.self_attn.k_proj": 812.5064086914062,
    "model.layers.4.self_attn.v_proj": 866.0316772460938,
    "model.layers.4.self_attn.o_proj": 808.322021484375,
    "model.layers.4.mlp.gate_proj": 813.4859619140625,
    "model.layers.4.mlp.up_proj": 837.5062866210938,
    "model.layers.4.mlp.down_proj": 836.0626220703125,
    "model.layers.5.self_attn.q_proj": 777.0399780273438,
    "model.layers.5.self_attn.k_proj": 817.8963623046875,
    "model.layers.5.self_attn.v_proj": 912.0577392578125,
    "model.layers.5.self_attn.o_proj": 783.3114013671875,
    "model.layers.5.mlp.gate_proj": 830.0658569335938,
    "model.layers.5.mlp.up_proj": 811.9075927734375,
    "model.layers.5.mlp.down_proj": 831.5882568359375,
    "model.layers.6.self_attn.q_proj": 775.562255859375,
    "model.layers.6.self_attn.k_proj": 949.3834838867188,
    "model.layers.6.self_attn.v_proj": 887.6318969726562,
    "model.layers.6.self_attn.o_proj": 743.8853149414062,
    "model.layers.6.mlp.gate_proj": 789.541259765625,
    "model.layers.6.mlp.up_proj": 826.3663330078125,
    "model.layers.6.mlp.down_proj": 859.5413818359375,
    "model.layers.7.self_attn.q_proj": 789.5467529296875,
    "model.layers.7.self_attn.k_proj": 827.0517578125,
    "model.layers.7.self_attn.v_proj": 900.8750610351562,
    "model.layers.7.self_attn.o_proj": 788.8794555664062,
    "model.layers.7.mlp.gate_proj": 805.2506103515625,
    "model.layers.7.mlp.up_proj": 823.6033935546875,
    "model.layers.7.mlp.down_proj": 805.696533203125,
    "model.layers.8.self_attn.q_proj": 794.0779418945312,
    "model.layers.8.self_attn.k_proj": 852.0889282226562,
    "model.layers.8.self_attn.v_proj": 858.4597778320312,
    "model.layers.8.self_attn.o_proj": 723.5816650390625,
    "model.layers.8.mlp.gate_proj": 822.8221435546875,
    "model.layers.8.mlp.up_proj": 818.6324462890625,
    "model.layers.8.mlp.down_proj": 831.7598876953125,
    "model.layers.9.self_attn.q_proj": 808.4669799804688,
    "model.layers.9.self_attn.k_proj": 884.4873046875,
    "model.layers.9.self_attn.v_proj": 914.8729858398438,
    "model.layers.9.self_attn.o_proj": 748.749755859375,
    "model.layers.9.mlp.gate_proj": 830.8795166015625,
    "model.layers.9.mlp.up_proj": 824.7890625,
    "model.layers.9.mlp.down_proj": 802.253173828125,
    "model.layers.10.self_attn.q_proj": 797.41748046875,
    "model.layers.10.self_attn.k_proj": 832.6235961914062,
    "model.layers.10.self_attn.v_proj": 917.5166015625,
    "model.layers.10.self_attn.o_proj": 751.9829711914062,
    "model.layers.10.mlp.gate_proj": 828.470458984375,
    "model.layers.10.mlp.up_proj": 797.9117431640625,
    "model.layers.10.mlp.down_proj": 821.4404296875,
    "model.layers.11.self_attn.q_proj": 797.09765625,
    "model.layers.11.self_attn.k_proj": 823.2417602539062,
    "model.layers.11.self_attn.v_proj": 853.8518676757812,
    "model.layers.11.self_attn.o_proj": 778.3140258789062,
    "model.layers.11.mlp.gate_proj": 831.4404296875,
    "model.layers.11.mlp.up_proj": 828.3512573242188,
    "model.layers.11.mlp.down_proj": 852.4332885742188,
    "model.layers.12.self_attn.q_proj": 802.3970336914062,
    "model.layers.12.self_attn.k_proj": 710.6530151367188,
    "model.layers.12.self_attn.v_proj": 875.2412719726562,
    "model.layers.12.self_attn.o_proj": 737.9497680664062,
    "model.layers.12.mlp.gate_proj": 820.8353881835938,
    "model.layers.12.mlp.up_proj": 833.2077026367188,
    "model.layers.12.mlp.down_proj": 871.5196533203125,
    "model.layers.13.self_attn.q_proj": 806.9893798828125,
    "model.layers.13.self_attn.k_proj": 809.34765625,
    "model.layers.13.self_attn.v_proj": 801.2928466796875,
    "model.layers.13.self_attn.o_proj": 712.5711059570312,
    "model.layers.13.mlp.gate_proj": 806.5770874023438,
    "model.layers.13.mlp.up_proj": 817.7025756835938,
    "model.layers.13.mlp.down_proj": 862.7627563476562,
    "model.layers.14.self_attn.q_proj": 801.635009765625,
    "model.layers.14.self_attn.k_proj": 801.1312866210938,
    "model.layers.14.self_attn.v_proj": 891.9495239257812,
    "model.layers.14.self_attn.o_proj": 756.8875732421875,
    "model.layers.14.mlp.gate_proj": 858.21875,
    "model.layers.14.mlp.up_proj": 807.6994018554688,
    "model.layers.14.mlp.down_proj": 853.53564453125,
    "model.layers.15.self_attn.q_proj": 786.5974731445312,
    "model.layers.15.self_attn.k_proj": 749.47998046875,
    "model.layers.15.self_attn.v_proj": 881.8510131835938,
    "model.layers.15.self_attn.o_proj": 670.4560546875,
    "model.layers.15.mlp.gate_proj": 814.8058471679688,
    "model.layers.15.mlp.up_proj": 806.6962280273438,
    "model.layers.15.mlp.down_proj": 875.3589477539062,
    "model.layers.16.self_attn.q_proj": 781.5530395507812,
    "model.layers.16.self_attn.k_proj": 837.0191650390625,
    "model.layers.16.self_attn.v_proj": 905.16943359375,
    "model.layers.16.self_attn.o_proj": 785.2711181640625,
    "model.layers.16.mlp.gate_proj": 815.9263305664062,
    "model.layers.16.mlp.up_proj": 802.0435791015625,
    "model.layers.16.mlp.down_proj": 871.31787109375,
    "model.layers.17.self_attn.q_proj": 791.1124877929688,
    "model.layers.17.self_attn.k_proj": 848.8251953125,
    "model.layers.17.self_attn.v_proj": 918.4977416992188,
    "model.layers.17.self_attn.o_proj": 737.4898681640625,
    "model.layers.17.mlp.gate_proj": 850.1923828125,
    "model.layers.17.mlp.up_proj": 810.0032348632812,
    "model.layers.17.mlp.down_proj": 885.38330078125,
    "model.layers.18.self_attn.q_proj": 804.8558349609375,
    "model.layers.18.self_attn.k_proj": 719.077392578125,
    "model.layers.18.self_attn.v_proj": 887.8527221679688,
    "model.layers.18.self_attn.o_proj": 615.78662109375,
    "model.layers.18.mlp.gate_proj": 813.4202880859375,
    "model.layers.18.mlp.up_proj": 826.1402587890625,
    "model.layers.18.mlp.down_proj": 902.231689453125,
    "model.layers.19.self_attn.q_proj": 815.3696899414062,
    "model.layers.19.self_attn.k_proj": 733.6744995117188,
    "model.layers.19.self_attn.v_proj": 827.3474731445312,
    "model.layers.19.self_attn.o_proj": 703.661865234375,
    "model.layers.19.mlp.gate_proj": 796.7971801757812,
    "model.layers.19.mlp.up_proj": 817.4047241210938,
    "model.layers.19.mlp.down_proj": 867.9954833984375,
    "model.layers.20.self_attn.q_proj": 792.3405151367188,