{
    "model.layers.0.self_attn.q_proj": 804.5629272460938,
    "model.layers.0.self_attn.k_proj": 805.0545654296875,
    "model.layers.0.self_attn.v_proj": 805.2017822265625,
    "model.layers.0.self_attn.o_proj": 809.1200561523438,
    "model.layers.0.mlp.gate_proj": 817.3692016601562,
    "model.layers.0.mlp.up_proj": 810.0391845703125,
    "model.layers.0.mlp.down_proj": 811.6085205078125,
    "model.layers.1.self_attn.q_proj": 802.3661499023438,
    "model.layers.1.self_attn.k_proj": 804.8309936523438,
    "model.layers.1.self_attn.v_proj": 803.4520874023438,
    "model.layers.1.self_attn.o_proj": 802.3876953125,
    "model.layers.1.mlp.gate_proj": 821.7158203125,
    "model.layers.1.mlp.up_proj": 843.4525146484375,
    "model.layers.1.mlp.down_proj": 836.4400634765625,
    "model.layers.2.self_attn.q_proj": 804.1737060546875,
    "model.layers.2.self_attn.k_proj": 804.2673950195312,
    "model.layers.2.self_attn.v_proj": 849.1338500976562,
    "model.layers.2.self_attn.o_proj": 803.1932373046875,
    "model.layers.2.mlp.gate_proj": 814.4053955078125,
    "model.layers.2.mlp.up_proj": 821.0625,
    "model.layers.2.mlp.down_proj": 821.7306518554688,
    "model.layers.3.self_attn.q_proj": 814.3276977539062,
    "model.layers.3.self_attn.k_proj": 804.1113891601562,
    "model.layers.3.self_attn.v_proj": 831.8189697265625,
    "model.layers.3.self_attn.o_proj": 807.302978515625,
    "model.layers.3.mlp.gate_proj": 827.2508544921875,
    "model.layers.3.mlp.up_proj": 837.06982421875,
    "model.layers.3.mlp.down_proj": 854.9080200195312,
    "model.layers.4.self_attn.q_proj": 812.7415771484375,
    "model.layers.4.self_attn.k_proj": 828.14013671875,
    "model.layers.4.self_attn.v_proj": 844.7562255859375,
    "model.layers.4.self_attn.o_proj": 818.7957763671875,
    "model.layers.4.mlp.gate_proj": 813.2110595703125,
    "model.layers.4.mlp.up_proj": 814.873046875,
    "model.layers.4.mlp.down_proj": 833.3370361328125,
    "model.layers.5.self_attn.q_proj": 818.70654296875,
    "model.layers.5.self_attn.k_proj": 818.6897583007812,
    "model.layers.5.self_attn.v_proj": 858.1784057617188,
    "model.layers.5.self_attn.o_proj": 818.3216552734375,
    "model.layers.5.mlp.gate_proj": 815.6133422851562,
    "model.layers.5.mlp.up_proj": 823.2889404296875,
    "model.layers.5.mlp.down_proj": 817.3294677734375,
    "model.layers.6.self_attn.q_proj": 799.262939453125,
    "model.layers.6.self_attn.k_proj": 873.0958251953125,
    "model.layers.6.self_attn.v_proj": 867.1008911132812,
    "model.layers.6.self_attn.o_proj": 780.4115600585938,
    "model.layers.6.mlp.gate_proj": 804.89599609375,
    "model.layers.6.mlp.up_proj": 812.0463256835938,
    "model.layers.6.mlp.down_proj": 845.4130859375,
    "model.layers.7.self_attn.q_proj": 802.0816650390625,
    "model.layers.7.self_attn.k_proj": 819.6763305664062,
    "model.layers.7.self_attn.v_proj": 865.615234375,
    "model.layers.7.self_attn.o_proj": 786.3963623046875,
    "model.layers.7.mlp.gate_proj": 815.0770874023438,
    "model.layers.7.mlp.up_proj": 815.3529052734375,
    "model.layers.7.mlp.down_proj": 807.2344970703125,
    "model.layers.8.self_attn.q_proj": 809.7057495117188,
    "model.layers.8.self_attn.k_proj": 827.612060546875,
    "model.layers.8.self_attn.v_proj": 817.8394775390625,
    "model.layers.8.self_attn.o_proj": 750.7197875976562,
    "model.layers.8.mlp.gate_proj": 818.5577392578125,
    "model.layers.8.mlp.up_proj": 821.2105102539062,
    "model.layers.8.mlp.down_proj": 816.16064453125,
    "model.layers.9.self_attn.q_proj": 798.701171875,
    "model.layers.9.self_attn.k_proj": 833.6812133789062,
    "model.layers.9.self_attn.v_proj": 847.3094482421875,
    "model.layers.9.self_attn.o_proj": 790.6519775390625,
    "model.layers.9.mlp.gate_proj": 826.3607788085938,
    "model.layers.9.mlp.up_proj": 818.258056640625,
    "model.layers.9.mlp.down_proj": 817.5220947265625,
    "model.layers.10.self_attn.q_proj": 806.6594848632812,
    "model.layers.10.self_attn.k_proj": 827.4381103515625,
    "model.layers.10.self_attn.v_proj": 872.9472045898438,
    "model.layers.10.self_attn.o_proj": 768.133056640625,
    "model.layers.10.mlp.gate_proj": 821.0438842773438,
    "model.layers.10.mlp.up_proj": 806.9315185546875,
    "model.layers.10.mlp.down_proj": 811.9063110351562,
    "model.layers.11.self_attn.q_proj": 805.5394897460938,
    "model.layers.11.self_attn.k_proj": 833.2409057617188,
    "model.layers.11.self_attn.v_proj": 832.55908203125,
    "model.layers.11.self_attn.o_proj": 809.2453002929688,
    "model.layers.11.mlp.gate_proj": 815.2711791992188,
    "model.layers.11.mlp.up_proj": 839.3359375,
    "model.layers.11.mlp.down_proj": 836.983642578125,
    "model.layers.12.self_attn.q_proj": 815.7805786132812,
    "model.layers.12.self_attn.k_proj": 767.3489379882812,
    "model.layers.12.self_attn.v_proj": 838.2340698242188,
    "model.layers.12.self_attn.o_proj": 788.6604614257812,
    "model.layers.12.mlp.gate_proj": 826.3029174804688,
    "model.layers.12.mlp.up_proj": 814.8735961914062,
    "model.layers.12.mlp.down_proj": 836.2018432617188,
    "model.layers.13.self_attn.q_proj": 815.2423095703125,
    "model.layers.13.self_attn.k_proj": 824.873291015625,
    "model.layers.13.self_attn.v_proj": 830.097412109375,
    "model.layers.13.self_attn.o_proj": 766.646728515625,
    "model.layers.13.mlp.gate_proj": 804.9456176757812,
    "model.layers.13.mlp.up_proj": 821.683349609375,
    "model.layers.13.mlp.down_proj": 843.8258056640625,
    "model.layers.14.self_attn.q_proj": 814.4891357421875,
    "model.layers.14.self_attn.k_proj": 815.8728637695312,
    "model.layers.14.self_attn.v_proj": 855.529541015625,
    "model.layers.14.self_attn.o_proj": 775.6185913085938,
    "model.layers.14.mlp.gate_proj": 845.1296997070312,
    "model.layers.14.mlp.up_proj": 819.0328369140625,
    "model.layers.14.mlp.down_proj": 834.36865234375,
    "model.layers.15.self_attn.q_proj": 804.4187622070312,
    "model.layers.15.self_attn.k_proj": 789.8869018554688,
    "model.layers.15.self_attn.v_proj": 845.7651977539062,
    "model.layers.15.self_attn.o_proj": 762.9376831054688,
    "model.layers.15.mlp.gate_proj": 809.1532592773438,
    "model.layers.15.mlp.up_proj": 822.1761474609375,
    "model.layers.15.mlp.down_proj": 868.1411743164062,
    "model.layers.16.self_attn.q_proj": 788.1775512695312,
    "model.layers.16.self_attn.k_proj": 832.4929809570312,
    "model.layers.16.self_attn.v_proj": 880.2433471679688,
    "model.layers.16.self_attn.o_proj": 798.9953002929688,
    "model.layers.16.mlp.gate_proj": 810.5090942382812,
    "model.layers.16.mlp.up_proj": 811.1310424804688,
    "model.layers.16.mlp.down_proj": 843.1364135742188,
    "model.layers.17.self_attn.q_proj": 796.7931518554688,
    "model.layers.17.self_attn.k_proj": 815.7567749023438,
    "model.layers.17.self_attn.v_proj": 880.4993286132812,
    "model.layers.17.self_attn.o_proj": 764.5161743164062,
    "model.layers.17.mlp.gate_proj": 841.3988647460938,
    "model.layers.17.mlp.up_proj": 814.3978271484375,
    "model.layers.17.mlp.down_proj": 842.4237670898438,
    "model.layers.18.self_attn.q_proj": 797.8370361328125,
    "model.layers.18.self_attn.k_proj": 767.8919677734375,
    "model.layers.18.self_attn.v_proj": 863.5504760742188,
    "model.layers.18.self_attn.o_proj": 746.9226684570312,
    "model.layers.18.mlp.gate_proj": 815.4124755859375,
    "model.layers.18.mlp.up_proj": 833.4602661132812,
    "model.layers.18.mlp.down_proj": 863.0116577148438,
    "model.layers.19.self_attn.q_proj": 812.4339599609375,
    "model.layers.19.self_attn.k_proj": 773.4505004882812,
    "model.layers.19.self_attn.v_proj": 815.24609375,
    "model.layers.19.self_attn.o_proj": 770.1959838867188,
    "model.layers.19.mlp.gate_proj": 809.7516479492188,
    "model.layers.19.mlp.up_proj": 824.9064331054688,
    "model.layers.19.mlp.down_proj": 843.2476196289062,
    "model.layers.20.self_attn.q_proj": 807.2996215820312,