{
    "model.layers.0.self_attn.q_proj": 799.8131103515625,
    "model.layers.0.self_attn.k_proj": 800.6366577148438,
    "model.layers.0.self_attn.v_proj": 800.765380859375,
    "model.layers.0.self_attn.o_proj": 804.912841796875,
    "model.layers.0.mlp.gate_proj": 815.10693359375,
    "model.layers.0.mlp.up_proj": 805.6890258789062,
    "model.layers.0.mlp.down_proj": 809.8081665039062,
    "model.layers.1.self_attn.q_proj": 798.9692993164062,
    "model.layers.1.self_attn.k_proj": 801.1728515625,
    "model.layers.1.self_attn.v_proj": 800.8001708984375,
    "model.layers.1.self_attn.o_proj": 797.6315307617188,
    "model.layers.1.mlp.gate_proj": 823.21142578125,
    "model.layers.1.mlp.up_proj": 842.7083740234375,
    "model.layers.1.mlp.down_proj": 833.9278564453125,
    "model.layers.2.self_attn.q_proj": 801.1251220703125,
    "model.layers.2.self_attn.k_proj": 800.8018188476562,
    "model.layers.2.self_attn.v_proj": 848.3211669921875,
    "model.layers.2.self_attn.o_proj": 800.9102783203125,
    "model.layers.2.mlp.gate_proj": 815.8955078125,
    "model.layers.2.mlp.up_proj": 820.6336059570312,
    "model.layers.2.mlp.down_proj": 822.2150268554688,
    "model.layers.3.self_attn.q_proj": 814.4244995117188,
    "model.layers.3.self_attn.k_proj": 800.4186401367188,
    "model.layers.3.self_attn.v_proj": 835.8028564453125,
    "model.layers.3.self_attn.o_proj": 806.8174438476562,
    "model.layers.3.mlp.gate_proj": 827.4757080078125,
    "model.layers.3.mlp.up_proj": 835.5965576171875,
    "model.layers.3.mlp.down_proj": 859.160888671875,
    "model.layers.4.self_attn.q_proj": 806.9002685546875,
    "model.layers.4.self_attn.k_proj": 825.6148071289062,
    "model.layers.4.self_attn.v_proj": 850.006591796875,
    "model.layers.4.self_attn.o_proj": 818.6953735351562,
    "model.layers.4.mlp.gate_proj": 809.7091064453125,
    "model.layers.4.mlp.up_proj": 818.6456909179688,
    "model.layers.4.mlp.down_proj": 828.4689331054688,
    "model.layers.5.self_attn.q_proj": 810.60400390625,
    "model.layers.5.self_attn.k_proj": 815.4822387695312,
    "model.layers.5.self_attn.v_proj": 862.9352416992188,
    "model.layers.5.self_attn.o_proj": 811.7918701171875,
    "model.layers.5.mlp.gate_proj": 823.1990356445312,
    "model.layers.5.mlp.up_proj": 825.6223754882812,
    "model.layers.5.mlp.down_proj": 825.9203491210938,
    "model.layers.6.self_attn.q_proj": 787.259033203125,
    "model.layers.6.self_attn.k_proj": 890.2639770507812,
    "model.layers.6.self_attn.v_proj": 872.8023071289062,
    "model.layers.6.self_attn.o_proj": 778.2035522460938,
    "model.layers.6.mlp.gate_proj": 804.67041015625,
    "model.layers.6.mlp.up_proj": 817.7482299804688,
    "model.layers.6.mlp.down_proj": 842.3516235351562,
    "model.layers.7.self_attn.q_proj": 798.7728881835938,
    "model.layers.7.self_attn.k_proj": 808.6715698242188,
    "model.layers.7.self_attn.v_proj": 869.397216796875,
    "model.layers.7.self_attn.o_proj": 782.1897583007812,
    "model.layers.7.mlp.gate_proj": 817.8863525390625,
    "model.layers.7.mlp.up_proj": 812.3997802734375,
    "model.layers.7.mlp.down_proj": 801.7428588867188,
    "model.layers.8.self_attn.q_proj": 806.6542358398438,
    "model.layers.8.self_attn.k_proj": 830.3189697265625,
    "model.layers.8.self_attn.v_proj": 826.3928833007812,
    "model.layers.8.self_attn.o_proj": 737.010498046875,
    "model.layers.8.mlp.gate_proj": 815.181396484375,
    "model.layers.8.mlp.up_proj": 825.851318359375,
    "model.layers.8.mlp.down_proj": 814.3153076171875,
    "model.layers.9.self_attn.q_proj": 791.6552124023438,
    "model.layers.9.self_attn.k_proj": 838.1641235351562,
    "model.layers.9.self_attn.v_proj": 856.6409912109375,
    "model.layers.9.self_attn.o_proj": 790.38232421875,
    "model.layers.9.mlp.gate_proj": 824.8792114257812,
    "model.layers.9.mlp.up_proj": 812.25634765625,
    "model.layers.9.mlp.down_proj": 818.2551879882812,
    "model.layers.10.self_attn.q_proj": 809.2760009765625,
    "model.layers.10.self_attn.k_proj": 833.785888671875,
    "model.layers.10.self_attn.v_proj": 884.918212890625,
    "model.layers.10.self_attn.o_proj": 761.9359741210938,
    "model.layers.10.mlp.gate_proj": 823.2191162109375,
    "model.layers.10.mlp.up_proj": 806.6555786132812,
    "model.layers.10.mlp.down_proj": 808.805908203125,
    "model.layers.11.self_attn.q_proj": 801.6099853515625,
    "model.layers.11.self_attn.k_proj": 838.8636474609375,
    "model.layers.11.self_attn.v_proj": 838.8095092773438,
    "model.layers.11.self_attn.o_proj": 800.0701904296875,
    "model.layers.11.mlp.gate_proj": 813.9170532226562,
    "model.layers.11.mlp.up_proj": 837.3021850585938,
    "model.layers.11.mlp.down_proj": 849.8232421875,
    "model.layers.12.self_attn.q_proj": 808.9722900390625,
    "model.layers.12.self_attn.k_proj": 745.6849365234375,
    "model.layers.12.self_attn.v_proj": 837.0618896484375,
    "model.layers.12.self_attn.o_proj": 777.2708129882812,
    "model.layers.12.mlp.gate_proj": 825.9686279296875,
    "model.layers.12.mlp.up_proj": 820.7294921875,
    "model.layers.12.mlp.down_proj": 845.7846069335938,
    "model.layers.13.self_attn.q_proj": 811.5916137695312,
    "model.layers.13.self_attn.k_proj": 823.029541015625,
    "model.layers.13.self_attn.v_proj": 821.92431640625,
    "model.layers.13.self_attn.o_proj": 749.5244750976562,
    "model.layers.13.mlp.gate_proj": 807.7156372070312,
    "model.layers.13.mlp.up_proj": 815.2146606445312,
    "model.layers.13.mlp.down_proj": 856.1511840820312,
    "model.layers.14.self_attn.q_proj": 813.1953125,
    "model.layers.14.self_attn.k_proj": 812.3126831054688,
    "model.layers.14.self_attn.v_proj": 864.8152465820312,
    "model.layers.14.self_attn.o_proj": 765.353759765625,
    "model.layers.14.mlp.gate_proj": 843.4595336914062,
    "model.layers.14.mlp.up_proj": 817.3734130859375,
    "model.layers.14.mlp.down_proj": 834.6333618164062,
    "model.layers.15.self_attn.q_proj": 799.6690673828125,
    "model.layers.15.self_attn.k_proj": 776.2892456054688,
    "model.layers.15.self_attn.v_proj": 849.3413696289062,
    "model.layers.15.self_attn.o_proj": 750.0214233398438,
    "model.layers.15.mlp.gate_proj": 810.067626953125,
    "model.layers.15.mlp.up_proj": 814.9629516601562,
    "model.layers.15.mlp.down_proj": 872.2522583007812,
    "model.layers.16.self_attn.q_proj": 776.5873413085938,
    "model.layers.16.self_attn.k_proj": 837.5907592773438,
    "model.layers.16.self_attn.v_proj": 882.3799438476562,
    "model.layers.16.self_attn.o_proj": 800.7183837890625,
    "model.layers.16.mlp.gate_proj": 809.3438110351562,
    "model.layers.16.mlp.up_proj": 807.5792846679688,
    "model.layers.16.mlp.down_proj": 849.7704467773438,
    "model.layers.17.self_attn.q_proj": 791.2385864257812,
    "model.layers.17.self_attn.k_proj": 825.9263916015625,
    "model.layers.17.self_attn.v_proj": 885.9027709960938,
    "model.layers.17.self_attn.o_proj": 756.3800048828125,
    "model.layers.17.mlp.gate_proj": 838.240966796875,
    "model.layers.17.mlp.up_proj": 816.0687255859375,
    "model.layers.17.mlp.down_proj": 856.3236083984375,
    "model.layers.18.self_attn.q_proj": 792.967529296875,
    "model.layers.18.self_attn.k_proj": 748.6388549804688,
    "model.layers.18.self_attn.v_proj": 864.61669921875,
    "model.layers.18.self_attn.o_proj": 720.4432373046875,
    "model.layers.18.mlp.gate_proj": 815.3810424804688,
    "model.layers.18.mlp.up_proj": 830.0771484375,
    "model.layers.18.mlp.down_proj": 870.765380859375,
    "model.layers.19.self_attn.q_proj": 809.4503173828125,
    "model.layers.19.self_attn.k_proj": 758.28173828125,
    "model.layers.19.self_attn.v_proj": 813.0682373046875,
    "model.layers.19.self_attn.o_proj": 752.8896484375,
    "model.layers.19.mlp.gate_proj": 805.9093627929688,
    "model.layers.19.mlp.up_proj": 819.973388671875,
    "model.layers.19.mlp.down_proj": 847.8758544921875,
    "model.layers.20.self_attn.q_proj": 802.6307983398438,