{
    "model.layers.0.self_attn.q_proj": 808.4808349609375,
    "model.layers.0.self_attn.k_proj": 808.5827026367188,
    "model.layers.0.self_attn.v_proj": 808.7125854492188,
    "model.layers.0.self_attn.o_proj": 811.90087890625,
    "model.layers.0.mlp.gate_proj": 818.5419921875,
    "model.layers.0.mlp.up_proj": 812.2583618164062,
    "model.layers.0.mlp.down_proj": 814.6522827148438,
    "model.layers.1.self_attn.q_proj": 805.7277221679688,
    "model.layers.1.self_attn.k_proj": 808.1783447265625,
    "model.layers.1.self_attn.v_proj": 812.5921020507812,
    "model.layers.1.self_attn.o_proj": 811.3052368164062,
    "model.layers.1.mlp.gate_proj": 820.61376953125,
    "model.layers.1.mlp.up_proj": 836.849853515625,
    "model.layers.1.mlp.down_proj": 830.5542602539062,
    "model.layers.2.self_attn.q_proj": 803.6154174804688,
    "model.layers.2.self_attn.k_proj": 807.3675537109375,
    "model.layers.2.self_attn.v_proj": 846.865966796875,
    "model.layers.2.self_attn.o_proj": 801.6653442382812,
    "model.layers.2.mlp.gate_proj": 814.4301147460938,
    "model.layers.2.mlp.up_proj": 824.4813842773438,
    "model.layers.2.mlp.down_proj": 819.46484375,
    "model.layers.3.self_attn.q_proj": 809.97314453125,
    "model.layers.3.self_attn.k_proj": 816.0335693359375,
    "model.layers.3.self_attn.v_proj": 829.3611450195312,
    "model.layers.3.self_attn.o_proj": 809.2013549804688,
    "model.layers.3.mlp.gate_proj": 827.6723022460938,
    "model.layers.3.mlp.up_proj": 833.7698974609375,
    "model.layers.3.mlp.down_proj": 856.6376953125,
    "model.layers.4.self_attn.q_proj": 815.225341796875,
    "model.layers.4.self_attn.k_proj": 829.8533325195312,
    "model.layers.4.self_attn.v_proj": 847.2818603515625,
    "model.layers.4.self_attn.o_proj": 817.1354370117188,
    "model.layers.4.mlp.gate_proj": 815.4400634765625,
    "model.layers.4.mlp.up_proj": 821.89208984375,
    "model.layers.4.mlp.down_proj": 826.2545776367188,
    "model.layers.5.self_attn.q_proj": 818.5451049804688,
    "model.layers.5.self_attn.k_proj": 821.2008056640625,
    "model.layers.5.self_attn.v_proj": 842.7467651367188,
    "model.layers.5.self_attn.o_proj": 819.1708984375,
    "model.layers.5.mlp.gate_proj": 811.009521484375,
    "model.layers.5.mlp.up_proj": 821.4845581054688,
    "model.layers.5.mlp.down_proj": 814.7342529296875,
    "model.layers.6.self_attn.q_proj": 813.4835205078125,
    "model.layers.6.self_attn.k_proj": 867.5462036132812,
    "model.layers.6.self_attn.v_proj": 857.8731079101562,
    "model.layers.6.self_attn.o_proj": 788.4777221679688,
    "model.layers.6.mlp.gate_proj": 804.0455322265625,
    "model.layers.6.mlp.up_proj": 815.5750732421875,
    "model.layers.6.mlp.down_proj": 846.2719116210938,
    "model.layers.7.self_attn.q_proj": 804.2809448242188,
    "model.layers.7.self_attn.k_proj": 823.4859619140625,
    "model.layers.7.self_attn.v_proj": 857.5380859375,
    "model.layers.7.self_attn.o_proj": 798.5436401367188,
    "model.layers.7.mlp.gate_proj": 812.4728393554688,
    "model.layers.7.mlp.up_proj": 816.6226196289062,
    "model.layers.7.mlp.down_proj": 812.272705078125,
    "model.layers.8.self_attn.q_proj": 811.51220703125,
    "model.layers.8.self_attn.k_proj": 824.6370849609375,
    "model.layers.8.self_attn.v_proj": 817.5625,
    "model.layers.8.self_attn.o_proj": 770.192626953125,
    "model.layers.8.mlp.gate_proj": 820.9552612304688,
    "model.layers.8.mlp.up_proj": 820.5152587890625,
    "model.layers.8.mlp.down_proj": 818.9310913085938,
    "model.layers.9.self_attn.q_proj": 802.2459716796875,
    "model.layers.9.self_attn.k_proj": 827.6176147460938,
    "model.layers.9.self_attn.v_proj": 851.471435546875,
    "model.layers.9.self_attn.o_proj": 790.933349609375,
    "model.layers.9.mlp.gate_proj": 821.0574340820312,
    "model.layers.9.mlp.up_proj": 825.3106689453125,
    "model.layers.9.mlp.down_proj": 822.8253784179688,
    "model.layers.10.self_attn.q_proj": 807.0723266601562,
    "model.layers.10.self_attn.k_proj": 820.9085083007812,
    "model.layers.10.self_attn.v_proj": 852.3651733398438,
    "model.layers.10.self_attn.o_proj": 774.9434814453125,
    "model.layers.10.mlp.gate_proj": 823.3340454101562,
    "model.layers.10.mlp.up_proj": 811.9482421875,
    "model.layers.10.mlp.down_proj": 815.2110595703125,
    "model.layers.11.self_attn.q_proj": 809.3554077148438,
    "model.layers.11.self_attn.k_proj": 828.6260986328125,
    "model.layers.11.self_attn.v_proj": 831.4323120117188,
    "model.layers.11.self_attn.o_proj": 814.8882446289062,
    "model.layers.11.mlp.gate_proj": 813.7582397460938,
    "model.layers.11.mlp.up_proj": 832.6209716796875,
    "model.layers.11.mlp.down_proj": 832.461181640625,
    "model.layers.12.self_attn.q_proj": 817.8717041015625,
    "model.layers.12.self_attn.k_proj": 790.8939208984375,
    "model.layers.12.self_attn.v_proj": 839.8096313476562,
    "model.layers.12.self_attn.o_proj": 795.7727661132812,
    "model.layers.12.mlp.gate_proj": 828.155517578125,
    "model.layers.12.mlp.up_proj": 812.220947265625,
    "model.layers.12.mlp.down_proj": 827.9195556640625,
    "model.layers.13.self_attn.q_proj": 815.798583984375,
    "model.layers.13.self_attn.k_proj": 824.5848388671875,
    "model.layers.13.self_attn.v_proj": 829.3682861328125,
    "model.layers.13.self_attn.o_proj": 781.7886352539062,
    "model.layers.13.mlp.gate_proj": 805.6651611328125,
    "model.layers.13.mlp.up_proj": 823.6481323242188,
    "model.layers.13.mlp.down_proj": 830.3937377929688,
    "model.layers.14.self_attn.q_proj": 817.062744140625,
    "model.layers.14.self_attn.k_proj": 818.4613647460938,
    "model.layers.14.self_attn.v_proj": 844.572998046875,
    "model.layers.14.self_attn.o_proj": 782.77490234375,
    "model.layers.14.mlp.gate_proj": 839.6044921875,
    "model.layers.14.mlp.up_proj": 819.1375122070312,
    "model.layers.14.mlp.down_proj": 833.5310668945312,
    "model.layers.15.self_attn.q_proj": 806.873046875,
    "model.layers.15.self_attn.k_proj": 797.9925537109375,
    "model.layers.15.self_attn.v_proj": 840.8439331054688,
    "model.layers.15.self_attn.o_proj": 773.5652465820312,
    "model.layers.15.mlp.gate_proj": 810.5770874023438,
    "model.layers.15.mlp.up_proj": 819.9639282226562,
    "model.layers.15.mlp.down_proj": 860.0440673828125,
    "model.layers.16.self_attn.q_proj": 793.1732788085938,
    "model.layers.16.self_attn.k_proj": 825.9981689453125,
    "model.layers.16.self_attn.v_proj": 875.4816284179688,
    "model.layers.16.self_attn.o_proj": 797.3856201171875,
    "model.layers.16.mlp.gate_proj": 812.0380249023438,
    "model.layers.16.mlp.up_proj": 813.4297485351562,
    "model.layers.16.mlp.down_proj": 839.2266845703125,
    "model.layers.17.self_attn.q_proj": 795.7482299804688,
    "model.layers.17.self_attn.k_proj": 809.4992065429688,
    "model.layers.17.self_attn.v_proj": 874.656005859375,
    "model.layers.17.self_attn.o_proj": 772.6380615234375,
    "model.layers.17.mlp.gate_proj": 836.546142578125,
    "model.layers.17.mlp.up_proj": 808.5301513671875,
    "model.layers.17.mlp.down_proj": 835.8480224609375,
    "model.layers.18.self_attn.q_proj": 803.0972900390625,
    "model.layers.18.self_attn.k_proj": 777.0446166992188,
    "model.layers.18.self_attn.v_proj": 861.247802734375,
    "model.layers.18.self_attn.o_proj": 767.7333984375,
    "model.layers.18.mlp.gate_proj": 813.8770141601562,
    "model.layers.18.mlp.up_proj": 834.1522827148438,
    "model.layers.18.mlp.down_proj": 856.0682983398438,
    "model.layers.19.self_attn.q_proj": 815.84716796875,
    "model.layers.19.self_attn.k_proj": 789.5851440429688,
    "model.layers.19.self_attn.v_proj": 812.614501953125,
    "model.layers.19.self_attn.o_proj": 791.5052490234375,
    "model.layers.19.mlp.gate_proj": 808.2376708984375,
    "model.layers.19.mlp.up_proj": 822.1346435546875,
    "model.layers.19.mlp.down_proj": 837.5450439453125,
    "model.layers.20.self_attn.q_proj": 809.4435424804688,