{
    "model.layers.0.self_attn.q_proj": 815.0449829101562,
    "model.layers.0.self_attn.k_proj": 815.0466918945312,
    "model.layers.0.self_attn.v_proj": 815.0156860351562,
    "model.layers.0.self_attn.o_proj": 816.3093872070312,
    "model.layers.0.mlp.gate_proj": 815.7363891601562,
    "model.layers.0.mlp.up_proj": 814.9437255859375,
    "model.layers.0.mlp.down_proj": 817.43212890625,
    "model.layers.1.self_attn.q_proj": 815.7257690429688,
    "model.layers.1.self_attn.k_proj": 815.6044921875,
    "model.layers.1.self_attn.v_proj": 815.54345703125,
    "model.layers.1.self_attn.o_proj": 819.4723510742188,
    "model.layers.1.mlp.gate_proj": 816.2265625,
    "model.layers.1.mlp.up_proj": 814.8135986328125,
    "model.layers.1.mlp.down_proj": 812.8363647460938,
    "model.layers.2.self_attn.q_proj": 813.93505859375,
    "model.layers.2.self_attn.k_proj": 814.2225341796875,
    "model.layers.2.self_attn.v_proj": 820.0191040039062,
    "model.layers.2.self_attn.o_proj": 812.6841430664062,
    "model.layers.2.mlp.gate_proj": 815.5945434570312,
    "model.layers.2.mlp.up_proj": 824.777587890625,
    "model.layers.2.mlp.down_proj": 815.391357421875,
    "model.layers.3.self_attn.q_proj": 816.9503784179688,
    "model.layers.3.self_attn.k_proj": 816.9910278320312,
    "model.layers.3.self_attn.v_proj": 815.0535278320312,
    "model.layers.3.self_attn.o_proj": 816.1187133789062,
    "model.layers.3.mlp.gate_proj": 815.7694091796875,
    "model.layers.3.mlp.up_proj": 814.006591796875,
    "model.layers.3.mlp.down_proj": 819.4631958007812,
    "model.layers.4.self_attn.q_proj": 817.8590087890625,
    "model.layers.4.self_attn.k_proj": 813.4871826171875,
    "model.layers.4.self_attn.v_proj": 820.2549438476562,
    "model.layers.4.self_attn.o_proj": 817.0803833007812,
    "model.layers.4.mlp.gate_proj": 813.9637451171875,
    "model.layers.4.mlp.up_proj": 815.0176391601562,
    "model.layers.4.mlp.down_proj": 815.6260986328125,
    "model.layers.5.self_attn.q_proj": 814.598876953125,
    "model.layers.5.self_attn.k_proj": 815.3032836914062,
    "model.layers.5.self_attn.v_proj": 821.5408325195312,
    "model.layers.5.self_attn.o_proj": 816.7314453125,
    "model.layers.5.mlp.gate_proj": 815.8635864257812,
    "model.layers.5.mlp.up_proj": 817.0394897460938,
    "model.layers.5.mlp.down_proj": 815.5015258789062,
    "model.layers.6.self_attn.q_proj": 814.0277709960938,
    "model.layers.6.self_attn.k_proj": 817.0316162109375,
    "model.layers.6.self_attn.v_proj": 813.9732055664062,
    "model.layers.6.self_attn.o_proj": 813.1583251953125,
    "model.layers.6.mlp.gate_proj": 813.703125,
    "model.layers.6.mlp.up_proj": 816.6155395507812,
    "model.layers.6.mlp.down_proj": 815.123046875,
    "model.layers.7.self_attn.q_proj": 813.4346313476562,
    "model.layers.7.self_attn.k_proj": 818.0069580078125,
    "model.layers.7.self_attn.v_proj": 823.8319091796875,
    "model.layers.7.self_attn.o_proj": 814.46826171875,
    "model.layers.7.mlp.gate_proj": 817.0088500976562,
    "model.layers.7.mlp.up_proj": 812.33935546875,
    "model.layers.7.mlp.down_proj": 817.1809692382812,
    "model.layers.8.self_attn.q_proj": 816.8400268554688,
    "model.layers.8.self_attn.k_proj": 817.5126953125,
    "model.layers.8.self_attn.v_proj": 812.0531616210938,
    "model.layers.8.self_attn.o_proj": 814.0299072265625,
    "model.layers.8.mlp.gate_proj": 816.2645874023438,
    "model.layers.8.mlp.up_proj": 815.0250854492188,
    "model.layers.8.mlp.down_proj": 817.4395141601562,
    "model.layers.9.self_attn.q_proj": 813.90234375,
    "model.layers.9.self_attn.k_proj": 815.6754150390625,
    "model.layers.9.self_attn.v_proj": 817.3565063476562,
    "model.layers.9.self_attn.o_proj": 816.3312377929688,
    "model.layers.9.mlp.gate_proj": 813.5831909179688,
    "model.layers.9.mlp.up_proj": 814.9406127929688,
    "model.layers.9.mlp.down_proj": 815.2822265625,
    "model.layers.10.self_attn.q_proj": 814.981689453125,
    "model.layers.10.self_attn.k_proj": 812.1455688476562,
    "model.layers.10.self_attn.v_proj": 816.306884765625,
    "model.layers.10.self_attn.o_proj": 811.1892700195312,
    "model.layers.10.mlp.gate_proj": 817.9451904296875,
    "model.layers.10.mlp.up_proj": 816.2787475585938,
    "model.layers.10.mlp.down_proj": 816.9039306640625,
    "model.layers.11.self_attn.q_proj": 813.6539306640625,
    "model.layers.11.self_attn.k_proj": 812.7869262695312,
    "model.layers.11.self_attn.v_proj": 819.6002807617188,
    "model.layers.11.self_attn.o_proj": 812.3079833984375,
    "model.layers.11.mlp.gate_proj": 814.6893310546875,
    "model.layers.11.mlp.up_proj": 817.0802612304688,
    "model.layers.11.mlp.down_proj": 816.5484619140625,
    "model.layers.12.self_attn.q_proj": 817.1651000976562,
    "model.layers.12.self_attn.k_proj": 813.4078979492188,
    "model.layers.12.self_attn.v_proj": 819.479248046875,
    "model.layers.12.self_attn.o_proj": 813.393310546875,
    "model.layers.12.mlp.gate_proj": 820.6774291992188,
    "model.layers.12.mlp.up_proj": 814.7351684570312,
    "model.layers.12.mlp.down_proj": 817.3672485351562,
    "model.layers.13.self_attn.q_proj": 811.8722534179688,
    "model.layers.13.self_attn.k_proj": 818.07177734375,
    "model.layers.13.self_attn.v_proj": 820.6861572265625,
    "model.layers.13.self_attn.o_proj": 813.2696533203125,
    "model.layers.13.mlp.gate_proj": 813.9668579101562,
    "model.layers.13.mlp.up_proj": 817.3539428710938,
    "model.layers.13.mlp.down_proj": 815.4984130859375,
    "model.layers.14.self_attn.q_proj": 813.746826171875,
    "model.layers.14.self_attn.k_proj": 814.0416259765625,
    "model.layers.14.self_attn.v_proj": 816.5795288085938,
    "model.layers.14.self_attn.o_proj": 811.9558715820312,
    "model.layers.14.mlp.gate_proj": 815.0004272460938,
    "model.layers.14.mlp.up_proj": 814.9519653320312,
    "model.layers.14.mlp.down_proj": 815.0225830078125,
    "model.layers.15.self_attn.q_proj": 813.7946166992188,
    "model.layers.15.self_attn.k_proj": 813.7880859375,
    "model.layers.15.self_attn.v_proj": 817.4815063476562,
    "model.layers.15.self_attn.o_proj": 811.6550903320312,
    "model.layers.15.mlp.gate_proj": 812.6361083984375,
    "model.layers.15.mlp.up_proj": 817.8312377929688,
    "model.layers.15.mlp.down_proj": 817.0018920898438,
    "model.layers.16.self_attn.q_proj": 813.9951171875,
    "model.layers.16.self_attn.k_proj": 817.4234008789062,
    "model.layers.16.self_attn.v_proj": 815.5380859375,
    "model.layers.16.self_attn.o_proj": 815.3959350585938,
    "model.layers.16.mlp.gate_proj": 815.6570434570312,
    "model.layers.16.mlp.up_proj": 814.7794189453125,
    "model.layers.16.mlp.down_proj": 820.0850830078125,
    "model.layers.17.self_attn.q_proj": 814.9896850585938,
    "model.layers.17.self_attn.k_proj": 814.3394775390625,
    "model.layers.17.self_attn.v_proj": 824.34912109375,
    "model.layers.17.self_attn.o_proj": 812.8536987304688,
    "model.layers.17.mlp.gate_proj": 817.068115234375,
    "model.layers.17.mlp.up_proj": 815.76611328125,
    "model.layers.17.mlp.down_proj": 823.210205078125,
    "model.layers.18.self_attn.q_proj": 815.7568969726562,
    "model.layers.18.self_attn.k_proj": 813.8272094726562,
    "model.layers.18.self_attn.v_proj": 815.1655883789062,
    "model.layers.18.self_attn.o_proj": 810.5025634765625,
    "model.layers.18.mlp.gate_proj": 814.2902221679688,
    "model.layers.18.mlp.up_proj": 814.6870727539062,
    "model.layers.18.mlp.down_proj": 817.5274658203125,
    "model.layers.19.self_attn.q_proj": 815.7261962890625,
    "model.layers.19.self_attn.k_proj": 814.2060546875,
    "model.layers.19.self_attn.v_proj": 815.248046875,
    "model.layers.19.self_attn.o_proj": 813.8162841796875,
    "model.layers.19.mlp.gate_proj": 814.3259887695312,
    "model.layers.19.mlp.up_proj": 817.3552856445312,
    "model.layers.19.mlp.down_proj": 820.5320434570312,
    "model.layers.20.self_attn.q_proj": 814.5276489257812,