{
    "model.layers.0.self_attn.q_proj": 795.0167236328125,
    "model.layers.0.self_attn.k_proj": 795.8372802734375,
    "model.layers.0.self_attn.v_proj": 794.5452880859375,
    "model.layers.0.self_attn.o_proj": 801.7078857421875,
    "model.layers.0.mlp.gate_proj": 816.937255859375,
    "model.layers.0.mlp.up_proj": 805.0469360351562,
    "model.layers.0.mlp.down_proj": 804.8897094726562,
    "model.layers.1.self_attn.q_proj": 793.5813598632812,
    "model.layers.1.self_attn.k_proj": 797.8334350585938,
    "model.layers.1.self_attn.v_proj": 811.26123046875,
    "model.layers.1.self_attn.o_proj": 793.9305419921875,
    "model.layers.1.mlp.gate_proj": 818.6905517578125,
    "model.layers.1.mlp.up_proj": 837.2511596679688,
    "model.layers.1.mlp.down_proj": 846.0958862304688,
    "model.layers.2.self_attn.q_proj": 800.4244995117188,
    "model.layers.2.self_attn.k_proj": 796.20751953125,
    "model.layers.2.self_attn.v_proj": 877.7063598632812,
    "model.layers.2.self_attn.o_proj": 803.2017822265625,
    "model.layers.2.mlp.gate_proj": 820.423583984375,
    "model.layers.2.mlp.up_proj": 829.7902221679688,
    "model.layers.2.mlp.down_proj": 832.273681640625,
    "model.layers.3.self_attn.q_proj": 809.0911865234375,
    "model.layers.3.self_attn.k_proj": 793.41259765625,
    "model.layers.3.self_attn.v_proj": 858.9026489257812,
    "model.layers.3.self_attn.o_proj": 798.9773559570312,
    "model.layers.3.mlp.gate_proj": 837.25732421875,
    "model.layers.3.mlp.up_proj": 835.0574340820312,
    "model.layers.3.mlp.down_proj": 875.534912109375,
    "model.layers.4.self_attn.q_proj": 782.3020629882812,
    "model.layers.4.self_attn.k_proj": 822.031982421875,
    "model.layers.4.self_attn.v_proj": 846.6632690429688,
    "model.layers.4.self_attn.o_proj": 809.4583129882812,
    "model.layers.4.mlp.gate_proj": 811.8230590820312,
    "model.layers.4.mlp.up_proj": 827.1119995117188,
    "model.layers.4.mlp.down_proj": 828.072509765625,
    "model.layers.5.self_attn.q_proj": 788.99462890625,
    "model.layers.5.self_attn.k_proj": 816.9703979492188,
    "model.layers.5.self_attn.v_proj": 890.9093017578125,
    "model.layers.5.self_attn.o_proj": 790.4991455078125,
    "model.layers.5.mlp.gate_proj": 834.8228759765625,
    "model.layers.5.mlp.up_proj": 819.3596801757812,
    "model.layers.5.mlp.down_proj": 829.7113037109375,
    "model.layers.6.self_attn.q_proj": 777.0132446289062,
    "model.layers.6.self_attn.k_proj": 942.7761840820312,
    "model.layers.6.self_attn.v_proj": 881.49462890625,
    "model.layers.6.self_attn.o_proj": 759.8626098632812,
    "model.layers.6.mlp.gate_proj": 796.7890014648438,
    "model.layers.6.mlp.up_proj": 824.8756713867188,
    "model.layers.6.mlp.down_proj": 855.3986206054688,
    "model.layers.7.self_attn.q_proj": 801.1956176757812,
    "model.layers.7.self_attn.k_proj": 814.6798706054688,
    "model.layers.7.self_attn.v_proj": 891.1795654296875,
    "model.layers.7.self_attn.o_proj": 788.4825439453125,
    "model.layers.7.mlp.gate_proj": 814.8927001953125,
    "model.layers.7.mlp.up_proj": 823.8604736328125,
    "model.layers.7.mlp.down_proj": 804.0584106445312,
    "model.layers.8.self_attn.q_proj": 805.337158203125,
    "model.layers.8.self_attn.k_proj": 836.5262451171875,
    "model.layers.8.self_attn.v_proj": 852.1341552734375,
    "model.layers.8.self_attn.o_proj": 736.4955444335938,
    "model.layers.8.mlp.gate_proj": 814.26123046875,
    "model.layers.8.mlp.up_proj": 825.7376708984375,
    "model.layers.8.mlp.down_proj": 816.0217895507812,
    "model.layers.9.self_attn.q_proj": 804.0426025390625,
    "model.layers.9.self_attn.k_proj": 865.3273315429688,
    "model.layers.9.self_attn.v_proj": 895.3016357421875,
    "model.layers.9.self_attn.o_proj": 763.2739868164062,
    "model.layers.9.mlp.gate_proj": 829.9959106445312,
    "model.layers.9.mlp.up_proj": 819.0556030273438,
    "model.layers.9.mlp.down_proj": 810.9712524414062,
    "model.layers.10.self_attn.q_proj": 807.518310546875,
    "model.layers.10.self_attn.k_proj": 840.14697265625,
    "model.layers.10.self_attn.v_proj": 907.1826782226562,
    "model.layers.10.self_attn.o_proj": 749.8964233398438,
    "model.layers.10.mlp.gate_proj": 819.0128173828125,
    "model.layers.10.mlp.up_proj": 796.8921508789062,
    "model.layers.10.mlp.down_proj": 816.9963989257812,
    "model.layers.11.self_attn.q_proj": 799.971435546875,
    "model.layers.11.self_attn.k_proj": 831.8096313476562,
    "model.layers.11.self_attn.v_proj": 856.5396118164062,
    "model.layers.11.self_attn.o_proj": 802.1176147460938,
    "model.layers.11.mlp.gate_proj": 822.2109985351562,
    "model.layers.11.mlp.up_proj": 826.5913696289062,
    "model.layers.11.mlp.down_proj": 853.8760375976562,
    "model.layers.12.self_attn.q_proj": 805.64404296875,
    "model.layers.12.self_attn.k_proj": 722.1405029296875,
    "model.layers.12.self_attn.v_proj": 866.0184936523438,
    "model.layers.12.self_attn.o_proj": 750.6347045898438,
    "model.layers.12.mlp.gate_proj": 822.8193359375,
    "model.layers.12.mlp.up_proj": 827.5607299804688,
    "model.layers.12.mlp.down_proj": 864.7155151367188,
    "model.layers.13.self_attn.q_proj": 811.8423461914062,
    "model.layers.13.self_attn.k_proj": 808.783203125,
    "model.layers.13.self_attn.v_proj": 812.6334838867188,
    "model.layers.13.self_attn.o_proj": 723.5372924804688,
    "model.layers.13.mlp.gate_proj": 810.5526733398438,
    "model.layers.13.mlp.up_proj": 813.3199462890625,
    "model.layers.13.mlp.down_proj": 861.4979858398438,
    "model.layers.14.self_attn.q_proj": 808.4191284179688,
    "model.layers.14.self_attn.k_proj": 805.5847778320312,
    "model.layers.14.self_attn.v_proj": 882.9716186523438,
    "model.layers.14.self_attn.o_proj": 761.48193359375,
    "model.layers.14.mlp.gate_proj": 848.4078369140625,
    "model.layers.14.mlp.up_proj": 812.0984497070312,
    "model.layers.14.mlp.down_proj": 848.0731811523438,
    "model.layers.15.self_attn.q_proj": 791.5910034179688,
    "model.layers.15.self_attn.k_proj": 763.3294067382812,
    "model.layers.15.self_attn.v_proj": 868.6829833984375,
    "model.layers.15.self_attn.o_proj": 694.1480102539062,
    "model.layers.15.mlp.gate_proj": 810.4469604492188,
    "model.layers.15.mlp.up_proj": 810.8943481445312,
    "model.layers.15.mlp.down_proj": 878.7763061523438,
    "model.layers.16.self_attn.q_proj": 780.451904296875,
    "model.layers.16.self_attn.k_proj": 835.5299072265625,
    "model.layers.16.self_attn.v_proj": 892.3616943359375,
    "model.layers.16.self_attn.o_proj": 796.427001953125,
    "model.layers.16.mlp.gate_proj": 816.6732177734375,
    "model.layers.16.mlp.up_proj": 801.5540161132812,
    "model.layers.16.mlp.down_proj": 870.1685180664062,
    "model.layers.17.self_attn.q_proj": 793.5780639648438,
    "model.layers.17.self_attn.k_proj": 848.3220825195312,
    "model.layers.17.self_attn.v_proj": 902.6624755859375,
    "model.layers.17.self_attn.o_proj": 746.4566040039062,
    "model.layers.17.mlp.gate_proj": 842.3174438476562,
    "model.layers.17.mlp.up_proj": 816.3606567382812,
    "model.layers.17.mlp.down_proj": 870.6508178710938,
    "model.layers.18.self_attn.q_proj": 804.83544921875,
    "model.layers.18.self_attn.k_proj": 731.991455078125,
    "model.layers.18.self_attn.v_proj": 870.9983520507812,
    "model.layers.18.self_attn.o_proj": 644.1287231445312,
    "model.layers.18.mlp.gate_proj": 816.6651611328125,
    "model.layers.18.mlp.up_proj": 824.1576538085938,
    "model.layers.18.mlp.down_proj": 887.8735961914062,
    "model.layers.19.self_attn.q_proj": 813.3875732421875,
    "model.layers.19.self_attn.k_proj": 750.1640014648438,
    "model.layers.19.self_attn.v_proj": 817.9674072265625,
    "model.layers.19.self_attn.o_proj": 727.4190673828125,
    "model.layers.19.mlp.gate_proj": 801.6178588867188,
    "model.layers.19.mlp.up_proj": 813.472412109375,
    "model.layers.19.mlp.down_proj": 860.0589599609375,
    "model.layers.20.self_attn.q_proj": 794.6911010742188,