{
    "model.layers.0.self_attn.q_proj": 806.2440185546875,
    "model.layers.0.self_attn.k_proj": 806.3843994140625,
    "model.layers.0.self_attn.v_proj": 806.5178833007812,
    "model.layers.0.self_attn.o_proj": 810.34912109375,
    "model.layers.0.mlp.gate_proj": 817.1476440429688,
    "model.layers.0.mlp.up_proj": 810.8245239257812,
    "model.layers.0.mlp.down_proj": 812.3790893554688,
    "model.layers.1.self_attn.q_proj": 803.6475219726562,
    "model.layers.1.self_attn.k_proj": 806.0148315429688,
    "model.layers.1.self_attn.v_proj": 807.1627807617188,
    "model.layers.1.self_attn.o_proj": 805.8494873046875,
    "model.layers.1.mlp.gate_proj": 820.6040649414062,
    "model.layers.1.mlp.up_proj": 840.8472290039062,
    "model.layers.1.mlp.down_proj": 833.7394409179688,
    "model.layers.2.self_attn.q_proj": 804.2635498046875,
    "model.layers.2.self_attn.k_proj": 805.4551391601562,
    "model.layers.2.self_attn.v_proj": 847.944580078125,
    "model.layers.2.self_attn.o_proj": 805.78125,
    "model.layers.2.mlp.gate_proj": 814.7545776367188,
    "model.layers.2.mlp.up_proj": 822.83251953125,
    "model.layers.2.mlp.down_proj": 817.9230346679688,
    "model.layers.3.self_attn.q_proj": 810.0670166015625,
    "model.layers.3.self_attn.k_proj": 808.552978515625,
    "model.layers.3.self_attn.v_proj": 828.9766235351562,
    "model.layers.3.self_attn.o_proj": 808.3623046875,
    "model.layers.3.mlp.gate_proj": 827.5040893554688,
    "model.layers.3.mlp.up_proj": 836.0135498046875,
    "model.layers.3.mlp.down_proj": 855.8154296875,
    "model.layers.4.self_attn.q_proj": 815.491943359375,
    "model.layers.4.self_attn.k_proj": 829.0829467773438,
    "model.layers.4.self_attn.v_proj": 844.4874877929688,
    "model.layers.4.self_attn.o_proj": 818.7199096679688,
    "model.layers.4.mlp.gate_proj": 814.515625,
    "model.layers.4.mlp.up_proj": 817.7633056640625,
    "model.layers.4.mlp.down_proj": 827.7032470703125,
    "model.layers.5.self_attn.q_proj": 819.0811157226562,
    "model.layers.5.self_attn.k_proj": 820.95947265625,
    "model.layers.5.self_attn.v_proj": 848.1160278320312,
    "model.layers.5.self_attn.o_proj": 817.584228515625,
    "model.layers.5.mlp.gate_proj": 813.8738403320312,
    "model.layers.5.mlp.up_proj": 820.3359375,
    "model.layers.5.mlp.down_proj": 814.1045532226562,
    "model.layers.6.self_attn.q_proj": 810.68017578125,
    "model.layers.6.self_attn.k_proj": 868.3204345703125,
    "model.layers.6.self_attn.v_proj": 862.300537109375,
    "model.layers.6.self_attn.o_proj": 783.4724731445312,
    "model.layers.6.mlp.gate_proj": 802.7600708007812,
    "model.layers.6.mlp.up_proj": 813.05859375,
    "model.layers.6.mlp.down_proj": 846.3450927734375,
    "model.layers.7.self_attn.q_proj": 802.7799072265625,
    "model.layers.7.self_attn.k_proj": 821.4558715820312,
    "model.layers.7.self_attn.v_proj": 862.552490234375,
    "model.layers.7.self_attn.o_proj": 791.0192260742188,
    "model.layers.7.mlp.gate_proj": 812.7886352539062,
    "model.layers.7.mlp.up_proj": 815.5966186523438,
    "model.layers.7.mlp.down_proj": 810.7951049804688,
    "model.layers.8.self_attn.q_proj": 811.8541259765625,
    "model.layers.8.self_attn.k_proj": 826.2891845703125,
    "model.layers.8.self_attn.v_proj": 816.530517578125,
    "model.layers.8.self_attn.o_proj": 758.8412475585938,
    "model.layers.8.mlp.gate_proj": 819.7427368164062,
    "model.layers.8.mlp.up_proj": 818.7305297851562,
    "model.layers.8.mlp.down_proj": 816.0917358398438,
    "model.layers.9.self_attn.q_proj": 800.54443359375,
    "model.layers.9.self_attn.k_proj": 829.065185546875,
    "model.layers.9.self_attn.v_proj": 848.2476806640625,
    "model.layers.9.self_attn.o_proj": 787.9553833007812,
    "model.layers.9.mlp.gate_proj": 824.7586059570312,
    "model.layers.9.mlp.up_proj": 821.6154174804688,
    "model.layers.9.mlp.down_proj": 822.0054321289062,
    "model.layers.10.self_attn.q_proj": 804.4942626953125,
    "model.layers.10.self_attn.k_proj": 823.7296752929688,
    "model.layers.10.self_attn.v_proj": 863.5216064453125,
    "model.layers.10.self_attn.o_proj": 769.7056884765625,
    "model.layers.10.mlp.gate_proj": 821.703369140625,
    "model.layers.10.mlp.up_proj": 808.6310424804688,
    "model.layers.10.mlp.down_proj": 814.0057373046875,
    "model.layers.11.self_attn.q_proj": 807.5548095703125,
    "model.layers.11.self_attn.k_proj": 830.806640625,
    "model.layers.11.self_attn.v_proj": 831.1192626953125,
    "model.layers.11.self_attn.o_proj": 810.4466552734375,
    "model.layers.11.mlp.gate_proj": 812.9642333984375,
    "model.layers.11.mlp.up_proj": 837.2900390625,
    "model.layers.11.mlp.down_proj": 835.5053100585938,
    "model.layers.12.self_attn.q_proj": 816.4397583007812,
    "model.layers.12.self_attn.k_proj": 779.0161743164062,
    "model.layers.12.self_attn.v_proj": 838.5892333984375,
    "model.layers.12.self_attn.o_proj": 793.1104736328125,
    "model.layers.12.mlp.gate_proj": 826.4470825195312,
    "model.layers.12.mlp.up_proj": 811.9246826171875,
    "model.layers.12.mlp.down_proj": 833.2697143554688,
    "model.layers.13.self_attn.q_proj": 815.164306640625,
    "model.layers.13.self_attn.k_proj": 824.5811157226562,
    "model.layers.13.self_attn.v_proj": 834.04296875,
    "model.layers.13.self_attn.o_proj": 771.6481323242188,
    "model.layers.13.mlp.gate_proj": 804.5580444335938,
    "model.layers.13.mlp.up_proj": 824.0208129882812,
    "model.layers.13.mlp.down_proj": 835.9255981445312,
    "model.layers.14.self_attn.q_proj": 815.5289306640625,
    "model.layers.14.self_attn.k_proj": 816.4710693359375,
    "model.layers.14.self_attn.v_proj": 851.5473022460938,
    "model.layers.14.self_attn.o_proj": 779.3948974609375,
    "model.layers.14.mlp.gate_proj": 843.4730834960938,
    "model.layers.14.mlp.up_proj": 819.732177734375,
    "model.layers.14.mlp.down_proj": 834.2093505859375,
    "model.layers.15.self_attn.q_proj": 805.33984375,
    "model.layers.15.self_attn.k_proj": 794.6427612304688,
    "model.layers.15.self_attn.v_proj": 842.8792724609375,
    "model.layers.15.self_attn.o_proj": 767.3984375,
    "model.layers.15.mlp.gate_proj": 808.045654296875,
    "model.layers.15.mlp.up_proj": 821.856689453125,
    "model.layers.15.mlp.down_proj": 864.798583984375,
    "model.layers.16.self_attn.q_proj": 790.7371215820312,
    "model.layers.16.self_attn.k_proj": 829.1260375976562,
    "model.layers.16.self_attn.v_proj": 878.5865478515625,
    "model.layers.16.self_attn.o_proj": 798.7975463867188,
    "model.layers.16.mlp.gate_proj": 811.4382934570312,
    "model.layers.16.mlp.up_proj": 811.4677124023438,
    "model.layers.16.mlp.down_proj": 840.3911743164062,
    "model.layers.17.self_attn.q_proj": 795.7573852539062,
    "model.layers.17.self_attn.k_proj": 810.7322387695312,
    "model.layers.17.self_attn.v_proj": 876.9725952148438,
    "model.layers.17.self_attn.o_proj": 767.8408813476562,
    "model.layers.17.mlp.gate_proj": 838.5941162109375,
    "model.layers.17.mlp.up_proj": 811.3182373046875,
    "model.layers.17.mlp.down_proj": 837.868896484375,
    "model.layers.18.self_attn.q_proj": 800.3812255859375,
    "model.layers.18.self_attn.k_proj": 774.2562255859375,
    "model.layers.18.self_attn.v_proj": 862.8433227539062,
    "model.layers.18.self_attn.o_proj": 756.559814453125,
    "model.layers.18.mlp.gate_proj": 812.7407836914062,
    "model.layers.18.mlp.up_proj": 834.3180541992188,
    "model.layers.18.mlp.down_proj": 858.7398071289062,
    "model.layers.19.self_attn.q_proj": 813.1168823242188,
    "model.layers.19.self_attn.k_proj": 779.7119140625,
    "model.layers.19.self_attn.v_proj": 814.34375,
    "model.layers.19.self_attn.o_proj": 781.8449096679688,
    "model.layers.19.mlp.gate_proj": 808.0874633789062,
    "model.layers.19.mlp.up_proj": 822.2327270507812,
    "model.layers.19.mlp.down_proj": 837.8579711914062,
    "model.layers.20.self_attn.q_proj": 808.1234130859375,
    "model.layers.20.self_attn.k_proj": 871.7980346679688,