{
    "model.layers.0.self_attn.q_proj": 810.9028930664062,
    "model.layers.0.self_attn.k_proj": 810.951904296875,
    "model.layers.0.self_attn.v_proj": 811.6344604492188,
    "model.layers.0.self_attn.o_proj": 814.297119140625,
    "model.layers.0.mlp.gate_proj": 818.875732421875,
    "model.layers.0.mlp.up_proj": 812.9244995117188,
    "model.layers.0.mlp.down_proj": 816.9368896484375,
    "model.layers.1.self_attn.q_proj": 810.0173950195312,
    "model.layers.1.self_attn.k_proj": 810.1486206054688,
    "model.layers.1.self_attn.v_proj": 813.8134765625,
    "model.layers.1.self_attn.o_proj": 822.4127807617188,
    "model.layers.1.mlp.gate_proj": 818.844970703125,
    "model.layers.1.mlp.up_proj": 828.9837036132812,
    "model.layers.1.mlp.down_proj": 819.113037109375,
    "model.layers.2.self_attn.q_proj": 805.79931640625,
    "model.layers.2.self_attn.k_proj": 809.1568603515625,
    "model.layers.2.self_attn.v_proj": 840.1965942382812,
    "model.layers.2.self_attn.o_proj": 802.23828125,
    "model.layers.2.mlp.gate_proj": 814.79296875,
    "model.layers.2.mlp.up_proj": 824.5477294921875,
    "model.layers.2.mlp.down_proj": 818.7024536132812,
    "model.layers.3.self_attn.q_proj": 812.3649291992188,
    "model.layers.3.self_attn.k_proj": 815.916748046875,
    "model.layers.3.self_attn.v_proj": 831.6895141601562,
    "model.layers.3.self_attn.o_proj": 811.4835815429688,
    "model.layers.3.mlp.gate_proj": 822.7984008789062,
    "model.layers.3.mlp.up_proj": 827.7615356445312,
    "model.layers.3.mlp.down_proj": 850.6429443359375,
    "model.layers.4.self_attn.q_proj": 814.62646484375,
    "model.layers.4.self_attn.k_proj": 830.9808349609375,
    "model.layers.4.self_attn.v_proj": 845.796630859375,
    "model.layers.4.self_attn.o_proj": 821.3728637695312,
    "model.layers.4.mlp.gate_proj": 815.483642578125,
    "model.layers.4.mlp.up_proj": 824.561767578125,
    "model.layers.4.mlp.down_proj": 825.3533325195312,
    "model.layers.5.self_attn.q_proj": 814.7056274414062,
    "model.layers.5.self_attn.k_proj": 814.4700927734375,
    "model.layers.5.self_attn.v_proj": 836.3316040039062,
    "model.layers.5.self_attn.o_proj": 825.21875,
    "model.layers.5.mlp.gate_proj": 812.1163940429688,
    "model.layers.5.mlp.up_proj": 822.4476928710938,
    "model.layers.5.mlp.down_proj": 816.449462890625,
    "model.layers.6.self_attn.q_proj": 813.1357421875,
    "model.layers.6.self_attn.k_proj": 862.9528198242188,
    "model.layers.6.self_attn.v_proj": 846.0817260742188,
    "model.layers.6.self_attn.o_proj": 796.263916015625,
    "model.layers.6.mlp.gate_proj": 811.5802001953125,
    "model.layers.6.mlp.up_proj": 815.5516967773438,
    "model.layers.6.mlp.down_proj": 834.0101928710938,
    "model.layers.7.self_attn.q_proj": 810.1410522460938,
    "model.layers.7.self_attn.k_proj": 828.2254028320312,
    "model.layers.7.self_attn.v_proj": 852.8778076171875,
    "model.layers.7.self_attn.o_proj": 816.3294677734375,
    "model.layers.7.mlp.gate_proj": 813.9852294921875,
    "model.layers.7.mlp.up_proj": 813.8848266601562,
    "model.layers.7.mlp.down_proj": 811.4669189453125,
    "model.layers.8.self_attn.q_proj": 812.3944091796875,
    "model.layers.8.self_attn.k_proj": 809.8311157226562,
    "model.layers.8.self_attn.v_proj": 822.314453125,
    "model.layers.8.self_attn.o_proj": 791.7448120117188,
    "model.layers.8.mlp.gate_proj": 821.2098999023438,
    "model.layers.8.mlp.up_proj": 817.420166015625,
    "model.layers.8.mlp.down_proj": 823.5008544921875,
    "model.layers.9.self_attn.q_proj": 805.081787109375,
    "model.layers.9.self_attn.k_proj": 825.7135009765625,
    "model.layers.9.self_attn.v_proj": 836.9788208007812,
    "model.layers.9.self_attn.o_proj": 804.7598266601562,
    "model.layers.9.mlp.gate_proj": 813.8814086914062,
    "model.layers.9.mlp.up_proj": 826.4331665039062,
    "model.layers.9.mlp.down_proj": 820.848876953125,
    "model.layers.10.self_attn.q_proj": 809.3397827148438,
    "model.layers.10.self_attn.k_proj": 807.6319580078125,
    "model.layers.10.self_attn.v_proj": 831.1135864257812,
    "model.layers.10.self_attn.o_proj": 787.8759155273438,
    "model.layers.10.mlp.gate_proj": 827.068603515625,
    "model.layers.10.mlp.up_proj": 816.5316162109375,
    "model.layers.10.mlp.down_proj": 814.5379028320312,
    "model.layers.11.self_attn.q_proj": 809.3827514648438,
    "model.layers.11.self_attn.k_proj": 819.869140625,
    "model.layers.11.self_attn.v_proj": 834.425048828125,
    "model.layers.11.self_attn.o_proj": 818.3287963867188,
    "model.layers.11.mlp.gate_proj": 811.5032348632812,
    "model.layers.11.mlp.up_proj": 826.6674194335938,
    "model.layers.11.mlp.down_proj": 827.9279174804688,
    "model.layers.12.self_attn.q_proj": 815.8370361328125,
    "model.layers.12.self_attn.k_proj": 799.4077758789062,
    "model.layers.12.self_attn.v_proj": 826.058837890625,
    "model.layers.12.self_attn.o_proj": 800.2950439453125,
    "model.layers.12.mlp.gate_proj": 830.7183837890625,
    "model.layers.12.mlp.up_proj": 814.1016235351562,
    "model.layers.12.mlp.down_proj": 822.0838623046875,
    "model.layers.13.self_attn.q_proj": 811.1881713867188,
    "model.layers.13.self_attn.k_proj": 820.3622436523438,
    "model.layers.13.self_attn.v_proj": 827.3588256835938,
    "model.layers.13.self_attn.o_proj": 793.6795043945312,
    "model.layers.13.mlp.gate_proj": 808.2536010742188,
    "model.layers.13.mlp.up_proj": 820.3575439453125,
    "model.layers.13.mlp.down_proj": 822.95263671875,
    "model.layers.14.self_attn.q_proj": 815.6915893554688,
    "model.layers.14.self_attn.k_proj": 819.2281494140625,
    "model.layers.14.self_attn.v_proj": 824.7518310546875,
    "model.layers.14.self_attn.o_proj": 785.055419921875,
    "model.layers.14.mlp.gate_proj": 827.5780029296875,
    "model.layers.14.mlp.up_proj": 818.6135864257812,
    "model.layers.14.mlp.down_proj": 828.5106201171875,
    "model.layers.15.self_attn.q_proj": 807.6478881835938,
    "model.layers.15.self_attn.k_proj": 804.5068969726562,
    "model.layers.15.self_attn.v_proj": 837.1260375976562,
    "model.layers.15.self_attn.o_proj": 784.4611206054688,
    "model.layers.15.mlp.gate_proj": 810.1507568359375,
    "model.layers.15.mlp.up_proj": 815.4193725585938,
    "model.layers.15.mlp.down_proj": 837.8195190429688,
    "model.layers.16.self_attn.q_proj": 798.346435546875,
    "model.layers.16.self_attn.k_proj": 821.2816772460938,
    "model.layers.16.self_attn.v_proj": 863.1775512695312,
    "model.layers.16.self_attn.o_proj": 804.6921997070312,
    "model.layers.16.mlp.gate_proj": 814.9495849609375,
    "model.layers.16.mlp.up_proj": 817.1088256835938,
    "model.layers.16.mlp.down_proj": 832.8998413085938,
    "model.layers.17.self_attn.q_proj": 802.84033203125,
    "model.layers.17.self_attn.k_proj": 807.9219360351562,
    "model.layers.17.self_attn.v_proj": 852.3601684570312,
    "model.layers.17.self_attn.o_proj": 782.6956176757812,
    "model.layers.17.mlp.gate_proj": 830.0101928710938,
    "model.layers.17.mlp.up_proj": 808.5509643554688,
    "model.layers.17.mlp.down_proj": 833.394775390625,
    "model.layers.18.self_attn.q_proj": 810.3119506835938,
    "model.layers.18.self_attn.k_proj": 791.9161376953125,
    "model.layers.18.self_attn.v_proj": 847.3767700195312,
    "model.layers.18.self_attn.o_proj": 781.7918090820312,
    "model.layers.18.mlp.gate_proj": 817.5279541015625,
    "model.layers.18.mlp.up_proj": 825.4515380859375,
    "model.layers.18.mlp.down_proj": 846.7655029296875,
    "model.layers.19.self_attn.q_proj": 818.0573120117188,
    "model.layers.19.self_attn.k_proj": 803.044189453125,
    "model.layers.19.self_attn.v_proj": 807.9322509765625,
    "model.layers.19.self_attn.o_proj": 801.1856689453125,
    "model.layers.19.mlp.gate_proj": 813.95068359375,
    "model.layers.19.mlp.up_proj": 821.5284423828125,
    "model.layers.19.mlp.down_proj": 830.7811889648438,
    "model.layers.20.self_attn.q_proj": 808.7182006835938,