{
    "model.layers.0.self_attn.q_proj": 791.2698364257812,
    "model.layers.0.self_attn.k_proj": 792.0416259765625,
    "model.layers.0.self_attn.v_proj": 790.5186157226562,
    "model.layers.0.self_attn.o_proj": 798.5982055664062,
    "model.layers.0.mlp.gate_proj": 816.2484741210938,
    "model.layers.0.mlp.up_proj": 802.66259765625,
    "model.layers.0.mlp.down_proj": 801.55029296875,
    "model.layers.1.self_attn.q_proj": 790.2102661132812,
    "model.layers.1.self_attn.k_proj": 794.6256103515625,
    "model.layers.1.self_attn.v_proj": 811.7080078125,
    "model.layers.1.self_attn.o_proj": 790.6471557617188,
    "model.layers.1.mlp.gate_proj": 816.7518310546875,
    "model.layers.1.mlp.up_proj": 836.2698974609375,
    "model.layers.1.mlp.down_proj": 851.1434326171875,
    "model.layers.2.self_attn.q_proj": 797.2586669921875,
    "model.layers.2.self_attn.k_proj": 792.5994262695312,
    "model.layers.2.self_attn.v_proj": 885.9995727539062,
    "model.layers.2.self_attn.o_proj": 799.9207763671875,
    "model.layers.2.mlp.gate_proj": 815.2775268554688,
    "model.layers.2.mlp.up_proj": 827.2666625976562,
    "model.layers.2.mlp.down_proj": 837.3951416015625,
    "model.layers.3.self_attn.q_proj": 802.5152587890625,
    "model.layers.3.self_attn.k_proj": 788.1294555664062,
    "model.layers.3.self_attn.v_proj": 866.8726196289062,
    "model.layers.3.self_attn.o_proj": 798.6198120117188,
    "model.layers.3.mlp.gate_proj": 836.0901489257812,
    "model.layers.3.mlp.up_proj": 832.9554443359375,
    "model.layers.3.mlp.down_proj": 881.9031982421875,
    "model.layers.4.self_attn.q_proj": 781.6385498046875,
    "model.layers.4.self_attn.k_proj": 815.2643432617188,
    "model.layers.4.self_attn.v_proj": 856.199462890625,
    "model.layers.4.self_attn.o_proj": 807.0910034179688,
    "model.layers.4.mlp.gate_proj": 810.9332885742188,
    "model.layers.4.mlp.up_proj": 836.8406982421875,
    "model.layers.4.mlp.down_proj": 833.7932739257812,
    "model.layers.5.self_attn.q_proj": 777.7295532226562,
    "model.layers.5.self_attn.k_proj": 816.6812744140625,
    "model.layers.5.self_attn.v_proj": 904.2273559570312,
    "model.layers.5.self_attn.o_proj": 784.947265625,
    "model.layers.5.mlp.gate_proj": 831.4581298828125,
    "model.layers.5.mlp.up_proj": 813.3401489257812,
    "model.layers.5.mlp.down_proj": 832.0972290039062,
    "model.layers.6.self_attn.q_proj": 779.2279052734375,
    "model.layers.6.self_attn.k_proj": 945.9083251953125,
    "model.layers.6.self_attn.v_proj": 884.0054321289062,
    "model.layers.6.self_attn.o_proj": 748.8605346679688,
    "model.layers.6.mlp.gate_proj": 791.2999877929688,
    "model.layers.6.mlp.up_proj": 826.743896484375,
    "model.layers.6.mlp.down_proj": 857.4443359375,
    "model.layers.7.self_attn.q_proj": 794.760498046875,
    "model.layers.7.self_attn.k_proj": 823.7586669921875,
    "model.layers.7.self_attn.v_proj": 898.1952514648438,
    "model.layers.7.self_attn.o_proj": 789.5469360351562,
    "model.layers.7.mlp.gate_proj": 807.3048095703125,
    "model.layers.7.mlp.up_proj": 824.083984375,
    "model.layers.7.mlp.down_proj": 805.4811401367188,
    "model.layers.8.self_attn.q_proj": 799.225341796875,
    "model.layers.8.self_attn.k_proj": 849.6221313476562,
    "model.layers.8.self_attn.v_proj": 853.8906860351562,
    "model.layers.8.self_attn.o_proj": 726.7061157226562,
    "model.layers.8.mlp.gate_proj": 818.9409790039062,
    "model.layers.8.mlp.up_proj": 820.16015625,
    "model.layers.8.mlp.down_proj": 830.477783203125,
    "model.layers.9.self_attn.q_proj": 805.8790283203125,
    "model.layers.9.self_attn.k_proj": 874.9334106445312,
    "model.layers.9.self_attn.v_proj": 909.775390625,
    "model.layers.9.self_attn.o_proj": 750.0332641601562,
    "model.layers.9.mlp.gate_proj": 830.3787231445312,
    "model.layers.9.mlp.up_proj": 821.9857788085938,
    "model.layers.9.mlp.down_proj": 804.123046875,
    "model.layers.10.self_attn.q_proj": 799.4183349609375,
    "model.layers.10.self_attn.k_proj": 833.7779541015625,
    "model.layers.10.self_attn.v_proj": 915.9443359375,
    "model.layers.10.self_attn.o_proj": 745.9766845703125,
    "model.layers.10.mlp.gate_proj": 826.3432006835938,
    "model.layers.10.mlp.up_proj": 799.6514892578125,
    "model.layers.10.mlp.down_proj": 824.9899291992188,
    "model.layers.11.self_attn.q_proj": 797.7407836914062,
    "model.layers.11.self_attn.k_proj": 828.0046997070312,
    "model.layers.11.self_attn.v_proj": 854.6693115234375,
    "model.layers.11.self_attn.o_proj": 786.659912109375,
    "model.layers.11.mlp.gate_proj": 828.526611328125,
    "model.layers.11.mlp.up_proj": 825.1207275390625,
    "model.layers.11.mlp.down_proj": 852.3390502929688,
    "model.layers.12.self_attn.q_proj": 803.8458862304688,
    "model.layers.12.self_attn.k_proj": 714.5989990234375,
    "model.layers.12.self_attn.v_proj": 873.8455810546875,
    "model.layers.12.self_attn.o_proj": 740.7225952148438,
    "model.layers.12.mlp.gate_proj": 820.51806640625,
    "model.layers.12.mlp.up_proj": 832.7450561523438,
    "model.layers.12.mlp.down_proj": 870.1400146484375,
    "model.layers.13.self_attn.q_proj": 809.5401611328125,
    "model.layers.13.self_attn.k_proj": 808.6807861328125,
    "model.layers.13.self_attn.v_proj": 804.250244140625,
    "model.layers.13.self_attn.o_proj": 715.7391357421875,
    "model.layers.13.mlp.gate_proj": 808.5291137695312,
    "model.layers.13.mlp.up_proj": 815.8327026367188,
    "model.layers.13.mlp.down_proj": 859.9761352539062,
    "model.layers.14.self_attn.q_proj": 803.4171142578125,
    "model.layers.14.self_attn.k_proj": 801.7328491210938,
    "model.layers.14.self_attn.v_proj": 890.333251953125,
    "model.layers.14.self_attn.o_proj": 755.4661865234375,
    "model.layers.14.mlp.gate_proj": 854.6419677734375,
    "model.layers.14.mlp.up_proj": 808.2509155273438,
    "model.layers.14.mlp.down_proj": 851.2122802734375,
    "model.layers.15.self_attn.q_proj": 787.7508544921875,
    "model.layers.15.self_attn.k_proj": 753.96923828125,
    "model.layers.15.self_attn.v_proj": 878.82080078125,
    "model.layers.15.self_attn.o_proj": 682.23876953125,
    "model.layers.15.mlp.gate_proj": 813.0233154296875,
    "model.layers.15.mlp.up_proj": 808.655517578125,
    "model.layers.15.mlp.down_proj": 876.6408081054688,
    "model.layers.16.self_attn.q_proj": 780.409423828125,
    "model.layers.16.self_attn.k_proj": 834.416015625,
    "model.layers.16.self_attn.v_proj": 901.8816528320312,
    "model.layers.16.self_attn.o_proj": 788.723388671875,
    "model.layers.16.mlp.gate_proj": 814.7420654296875,
    "model.layers.16.mlp.up_proj": 800.4384155273438,
    "model.layers.16.mlp.down_proj": 867.9390258789062,
    "model.layers.17.self_attn.q_proj": 791.7413940429688,
    "model.layers.17.self_attn.k_proj": 847.3833618164062,
    "model.layers.17.self_attn.v_proj": 912.6597290039062,
    "model.layers.17.self_attn.o_proj": 737.3555297851562,
    "model.layers.17.mlp.gate_proj": 849.5913696289062,
    "model.layers.17.mlp.up_proj": 812.6359252929688,
    "model.layers.17.mlp.down_proj": 879.8634643554688,
    "model.layers.18.self_attn.q_proj": 805.913818359375,
    "model.layers.18.self_attn.k_proj": 717.613037109375,
    "model.layers.18.self_attn.v_proj": 880.570556640625,
    "model.layers.18.self_attn.o_proj": 622.5797119140625,
    "model.layers.18.mlp.gate_proj": 814.77880859375,
    "model.layers.18.mlp.up_proj": 824.4110717773438,
    "model.layers.18.mlp.down_proj": 898.718505859375,
    "model.layers.19.self_attn.q_proj": 813.367919921875,
    "model.layers.19.self_attn.k_proj": 740.782470703125,
    "model.layers.19.self_attn.v_proj": 826.09423828125,
    "model.layers.19.self_attn.o_proj": 711.1970825195312,
    "model.layers.19.mlp.gate_proj": 797.3162231445312,
    "model.layers.19.mlp.up_proj": 815.6593627929688,
    "model.layers.19.mlp.down_proj": 862.8074340820312,
    "model.layers.20.self_attn.q_proj": 792.3475341796875,