{
    "model.layers.0.self_attn.q_proj": 798.6415405273438,
    "model.layers.0.self_attn.k_proj": 799.4937744140625,
    "model.layers.0.self_attn.v_proj": 799.0286865234375,
    "model.layers.0.self_attn.o_proj": 804.3707885742188,
    "model.layers.0.mlp.gate_proj": 814.94921875,
    "model.layers.0.mlp.up_proj": 804.859375,
    "model.layers.0.mlp.down_proj": 810.3742065429688,
    "model.layers.1.self_attn.q_proj": 797.6986694335938,
    "model.layers.1.self_attn.k_proj": 800.2456665039062,
    "model.layers.1.self_attn.v_proj": 802.3681640625,
    "model.layers.1.self_attn.o_proj": 796.25439453125,
    "model.layers.1.mlp.gate_proj": 823.0372924804688,
    "model.layers.1.mlp.up_proj": 841.0471801757812,
    "model.layers.1.mlp.down_proj": 837.2368774414062,
    "model.layers.2.self_attn.q_proj": 799.9987182617188,
    "model.layers.2.self_attn.k_proj": 799.6563110351562,
    "model.layers.2.self_attn.v_proj": 848.463623046875,
    "model.layers.2.self_attn.o_proj": 803.1032104492188,
    "model.layers.2.mlp.gate_proj": 818.97998046875,
    "model.layers.2.mlp.up_proj": 824.6612548828125,
    "model.layers.2.mlp.down_proj": 822.8432006835938,
    "model.layers.3.self_attn.q_proj": 813.3167114257812,
    "model.layers.3.self_attn.k_proj": 799.1988525390625,
    "model.layers.3.self_attn.v_proj": 840.3096923828125,
    "model.layers.3.self_attn.o_proj": 806.4822387695312,
    "model.layers.3.mlp.gate_proj": 831.6068115234375,
    "model.layers.3.mlp.up_proj": 831.3390502929688,
    "model.layers.3.mlp.down_proj": 866.29443359375,
    "model.layers.4.self_attn.q_proj": 797.6218872070312,
    "model.layers.4.self_attn.k_proj": 822.7599487304688,
    "model.layers.4.self_attn.v_proj": 851.7786865234375,
    "model.layers.4.self_attn.o_proj": 817.2059936523438,
    "model.layers.4.mlp.gate_proj": 810.0626831054688,
    "model.layers.4.mlp.up_proj": 823.0756225585938,
    "model.layers.4.mlp.down_proj": 827.2813720703125,
    "model.layers.5.self_attn.q_proj": 801.846435546875,
    "model.layers.5.self_attn.k_proj": 816.9509887695312,
    "model.layers.5.self_attn.v_proj": 863.0908203125,
    "model.layers.5.self_attn.o_proj": 805.7103881835938,
    "model.layers.5.mlp.gate_proj": 826.8052978515625,
    "model.layers.5.mlp.up_proj": 829.02587890625,
    "model.layers.5.mlp.down_proj": 832.3797607421875,
    "model.layers.6.self_attn.q_proj": 785.6295166015625,
    "model.layers.6.self_attn.k_proj": 909.6189575195312,
    "model.layers.6.self_attn.v_proj": 875.6131591796875,
    "model.layers.6.self_attn.o_proj": 774.8480834960938,
    "model.layers.6.mlp.gate_proj": 805.5180053710938,
    "model.layers.6.mlp.up_proj": 819.9295654296875,
    "model.layers.6.mlp.down_proj": 841.302001953125,
    "model.layers.7.self_attn.q_proj": 798.47607421875,
    "model.layers.7.self_attn.k_proj": 810.2633666992188,
    "model.layers.7.self_attn.v_proj": 873.2319946289062,
    "model.layers.7.self_attn.o_proj": 784.14208984375,
    "model.layers.7.mlp.gate_proj": 819.681884765625,
    "model.layers.7.mlp.up_proj": 812.6586303710938,
    "model.layers.7.mlp.down_proj": 801.129150390625,
    "model.layers.8.self_attn.q_proj": 807.5608520507812,
    "model.layers.8.self_attn.k_proj": 830.3019409179688,
    "model.layers.8.self_attn.v_proj": 831.867431640625,
    "model.layers.8.self_attn.o_proj": 740.3516845703125,
    "model.layers.8.mlp.gate_proj": 814.522216796875,
    "model.layers.8.mlp.up_proj": 827.7384033203125,
    "model.layers.8.mlp.down_proj": 813.88525390625,
    "model.layers.9.self_attn.q_proj": 793.6432495117188,
    "model.layers.9.self_attn.k_proj": 841.972900390625,
    "model.layers.9.self_attn.v_proj": 865.2011108398438,
    "model.layers.9.self_attn.o_proj": 789.903076171875,
    "model.layers.9.mlp.gate_proj": 824.0177001953125,
    "model.layers.9.mlp.up_proj": 816.131591796875,
    "model.layers.9.mlp.down_proj": 814.9530639648438,
    "model.layers.10.self_attn.q_proj": 811.78369140625,
    "model.layers.10.self_attn.k_proj": 836.6930541992188,
    "model.layers.10.self_attn.v_proj": 895.7507934570312,
    "model.layers.10.self_attn.o_proj": 755.70654296875,
    "model.layers.10.mlp.gate_proj": 822.1417846679688,
    "model.layers.10.mlp.up_proj": 806.5890502929688,
    "model.layers.10.mlp.down_proj": 806.9033203125,
    "model.layers.11.self_attn.q_proj": 802.0250244140625,
    "model.layers.11.self_attn.k_proj": 838.5671997070312,
    "model.layers.11.self_attn.v_proj": 846.32373046875,
    "model.layers.11.self_attn.o_proj": 798.38037109375,
    "model.layers.11.mlp.gate_proj": 817.0321044921875,
    "model.layers.11.mlp.up_proj": 836.9547729492188,
    "model.layers.11.mlp.down_proj": 853.2144165039062,
    "model.layers.12.self_attn.q_proj": 805.76953125,
    "model.layers.12.self_attn.k_proj": 739.7162475585938,
    "model.layers.12.self_attn.v_proj": 847.1760864257812,
    "model.layers.12.self_attn.o_proj": 770.3463745117188,
    "model.layers.12.mlp.gate_proj": 825.4365844726562,
    "model.layers.12.mlp.up_proj": 821.4983520507812,
    "model.layers.12.mlp.down_proj": 849.0498657226562,
    "model.layers.13.self_attn.q_proj": 811.5692749023438,
    "model.layers.13.self_attn.k_proj": 819.3063354492188,
    "model.layers.13.self_attn.v_proj": 817.4481811523438,
    "model.layers.13.self_attn.o_proj": 741.7117309570312,
    "model.layers.13.mlp.gate_proj": 810.004150390625,
    "model.layers.13.mlp.up_proj": 814.4857177734375,
    "model.layers.13.mlp.down_proj": 859.7802124023438,
    "model.layers.14.self_attn.q_proj": 812.8474731445312,
    "model.layers.14.self_attn.k_proj": 809.8157348632812,
    "model.layers.14.self_attn.v_proj": 868.1959228515625,
    "model.layers.14.self_attn.o_proj": 764.08203125,
    "model.layers.14.mlp.gate_proj": 843.7427368164062,
    "model.layers.14.mlp.up_proj": 816.3244018554688,
    "model.layers.14.mlp.down_proj": 838.2050170898438,
    "model.layers.15.self_attn.q_proj": 797.102294921875,
    "model.layers.15.self_attn.k_proj": 771.2178955078125,
    "model.layers.15.self_attn.v_proj": 850.888671875,
    "model.layers.15.self_attn.o_proj": 734.9138793945312,
    "model.layers.15.mlp.gate_proj": 811.5621337890625,
    "model.layers.15.mlp.up_proj": 814.3765258789062,
    "model.layers.15.mlp.down_proj": 876.6360473632812,
    "model.layers.16.self_attn.q_proj": 774.738037109375,
    "model.layers.16.self_attn.k_proj": 838.895263671875,
    "model.layers.16.self_attn.v_proj": 882.5374145507812,
    "model.layers.16.self_attn.o_proj": 798.7443237304688,
    "model.layers.16.mlp.gate_proj": 808.3126220703125,
    "model.layers.16.mlp.up_proj": 805.8229370117188,
    "model.layers.16.mlp.down_proj": 853.8513793945312,
    "model.layers.17.self_attn.q_proj": 789.4408569335938,
    "model.layers.17.self_attn.k_proj": 834.893310546875,
    "model.layers.17.self_attn.v_proj": 887.7075805664062,
    "model.layers.17.self_attn.o_proj": 756.1044921875,
    "model.layers.17.mlp.gate_proj": 838.5037841796875,
    "model.layers.17.mlp.up_proj": 817.3469848632812,
    "model.layers.17.mlp.down_proj": 861.6859741210938,
    "model.layers.18.self_attn.q_proj": 796.5606689453125,
    "model.layers.18.self_attn.k_proj": 743.74462890625,
    "model.layers.18.self_attn.v_proj": 866.7112426757812,
    "model.layers.18.self_attn.o_proj": 702.36767578125,
    "model.layers.18.mlp.gate_proj": 814.9896850585938,
    "model.layers.18.mlp.up_proj": 829.15283203125,
    "model.layers.18.mlp.down_proj": 872.8731079101562,
    "model.layers.19.self_attn.q_proj": 811.2590942382812,
    "model.layers.19.self_attn.k_proj": 755.1758422851562,
    "model.layers.19.self_attn.v_proj": 814.8058471679688,
    "model.layers.19.self_attn.o_proj": 746.1062622070312,
    "model.layers.19.mlp.gate_proj": 805.1680297851562,
    "model.layers.19.mlp.up_proj": 816.350341796875,
    "model.layers.19.mlp.down_proj": 855.6658325195312,
    "model.layers.20.self_attn.q_proj": 800.5704956054688,