{
    "model.layers.0.self_attn.q_proj": 796.1821899414062,
    "model.layers.0.self_attn.k_proj": 797.0059814453125,
    "model.layers.0.self_attn.v_proj": 795.8474731445312,
    "model.layers.0.self_attn.o_proj": 802.37939453125,
    "model.layers.0.mlp.gate_proj": 816.4611206054688,
    "model.layers.0.mlp.up_proj": 805.2695922851562,
    "model.layers.0.mlp.down_proj": 808.0470581054688,
    "model.layers.1.self_attn.q_proj": 794.8076782226562,
    "model.layers.1.self_attn.k_proj": 798.2465209960938,
    "model.layers.1.self_attn.v_proj": 807.8536376953125,
    "model.layers.1.self_attn.o_proj": 793.7808227539062,
    "model.layers.1.mlp.gate_proj": 819.42822265625,
    "model.layers.1.mlp.up_proj": 837.8253173828125,
    "model.layers.1.mlp.down_proj": 841.4957885742188,
    "model.layers.2.self_attn.q_proj": 800.9064331054688,
    "model.layers.2.self_attn.k_proj": 797.58251953125,
    "model.layers.2.self_attn.v_proj": 868.7154541015625,
    "model.layers.2.self_attn.o_proj": 803.35009765625,
    "model.layers.2.mlp.gate_proj": 820.35888671875,
    "model.layers.2.mlp.up_proj": 830.427734375,
    "model.layers.2.mlp.down_proj": 828.2761840820312,
    "model.layers.3.self_attn.q_proj": 809.5291748046875,
    "model.layers.3.self_attn.k_proj": 795.246337890625,
    "model.layers.3.self_attn.v_proj": 851.3165283203125,
    "model.layers.3.self_attn.o_proj": 800.4426879882812,
    "model.layers.3.mlp.gate_proj": 835.358642578125,
    "model.layers.3.mlp.up_proj": 834.4171142578125,
    "model.layers.3.mlp.down_proj": 873.09814453125,
    "model.layers.4.self_attn.q_proj": 788.4705200195312,
    "model.layers.4.self_attn.k_proj": 821.3182983398438,
    "model.layers.4.self_attn.v_proj": 850.2310791015625,
    "model.layers.4.self_attn.o_proj": 813.3878784179688,
    "model.layers.4.mlp.gate_proj": 812.9494018554688,
    "model.layers.4.mlp.up_proj": 822.9728393554688,
    "model.layers.4.mlp.down_proj": 826.8631591796875,
    "model.layers.5.self_attn.q_proj": 791.1438598632812,
    "model.layers.5.self_attn.k_proj": 820.2061767578125,
    "model.layers.5.self_attn.v_proj": 878.4757080078125,
    "model.layers.5.self_attn.o_proj": 794.6041259765625,
    "model.layers.5.mlp.gate_proj": 832.40966796875,
    "model.layers.5.mlp.up_proj": 822.9926147460938,
    "model.layers.5.mlp.down_proj": 830.701171875,
    "model.layers.6.self_attn.q_proj": 777.519775390625,
    "model.layers.6.self_attn.k_proj": 939.4031372070312,
    "model.layers.6.self_attn.v_proj": 878.4696044921875,
    "model.layers.6.self_attn.o_proj": 766.0033569335938,
    "model.layers.6.mlp.gate_proj": 799.6643676757812,
    "model.layers.6.mlp.up_proj": 823.1346435546875,
    "model.layers.6.mlp.down_proj": 849.390869140625,
    "model.layers.7.self_attn.q_proj": 801.1915283203125,
    "model.layers.7.self_attn.k_proj": 811.5966186523438,
    "model.layers.7.self_attn.v_proj": 887.1061401367188,
    "model.layers.7.self_attn.o_proj": 789.20947265625,
    "model.layers.7.mlp.gate_proj": 817.9415893554688,
    "model.layers.7.mlp.up_proj": 820.2222900390625,
    "model.layers.7.mlp.down_proj": 802.5420532226562,
    "model.layers.8.self_attn.q_proj": 805.6026000976562,
    "model.layers.8.self_attn.k_proj": 833.4397583007812,
    "model.layers.8.self_attn.v_proj": 847.8956298828125,
    "model.layers.8.self_attn.o_proj": 740.6146240234375,
    "model.layers.8.mlp.gate_proj": 811.775634765625,
    "model.layers.8.mlp.up_proj": 827.6927490234375,
    "model.layers.8.mlp.down_proj": 813.9526977539062,
    "model.layers.9.self_attn.q_proj": 803.0779418945312,
    "model.layers.9.self_attn.k_proj": 858.610595703125,
    "model.layers.9.self_attn.v_proj": 880.0305786132812,
    "model.layers.9.self_attn.o_proj": 771.90087890625,
    "model.layers.9.mlp.gate_proj": 829.5029296875,
    "model.layers.9.mlp.up_proj": 818.7533569335938,
    "model.layers.9.mlp.down_proj": 814.0241088867188,
    "model.layers.10.self_attn.q_proj": 811.5764770507812,
    "model.layers.10.self_attn.k_proj": 838.9697875976562,
    "model.layers.10.self_attn.v_proj": 901.7694702148438,
    "model.layers.10.self_attn.o_proj": 751.4522705078125,
    "model.layers.10.mlp.gate_proj": 818.5856323242188,
    "model.layers.10.mlp.up_proj": 799.932861328125,
    "model.layers.10.mlp.down_proj": 813.1714477539062,
    "model.layers.11.self_attn.q_proj": 800.8919677734375,
    "model.layers.11.self_attn.k_proj": 833.3832397460938,
    "model.layers.11.self_attn.v_proj": 858.0357666015625,
    "model.layers.11.self_attn.o_proj": 800.6563110351562,
    "model.layers.11.mlp.gate_proj": 821.8389282226562,
    "model.layers.11.mlp.up_proj": 830.7264404296875,
    "model.layers.11.mlp.down_proj": 854.6728515625,
    "model.layers.12.self_attn.q_proj": 805.1865234375,
    "model.layers.12.self_attn.k_proj": 728.800048828125,
    "model.layers.12.self_attn.v_proj": 859.2025756835938,
    "model.layers.12.self_attn.o_proj": 754.5645751953125,
    "model.layers.12.mlp.gate_proj": 823.7928466796875,
    "model.layers.12.mlp.up_proj": 823.3822021484375,
    "model.layers.12.mlp.down_proj": 860.6759643554688,
    "model.layers.13.self_attn.q_proj": 812.286376953125,
    "model.layers.13.self_attn.k_proj": 810.107666015625,
    "model.layers.13.self_attn.v_proj": 813.7086181640625,
    "model.layers.13.self_attn.o_proj": 727.3939208984375,
    "model.layers.13.mlp.gate_proj": 812.0471801757812,
    "model.layers.13.mlp.up_proj": 814.1444702148438,
    "model.layers.13.mlp.down_proj": 861.7099609375,
    "model.layers.14.self_attn.q_proj": 809.7780151367188,
    "model.layers.14.self_attn.k_proj": 807.6251831054688,
    "model.layers.14.self_attn.v_proj": 880.3994140625,
    "model.layers.14.self_attn.o_proj": 763.0228881835938,
    "model.layers.14.mlp.gate_proj": 846.1627807617188,
    "model.layers.14.mlp.up_proj": 813.426025390625,
    "model.layers.14.mlp.down_proj": 844.4788208007812,
    "model.layers.15.self_attn.q_proj": 794.3648071289062,
    "model.layers.15.self_attn.k_proj": 767.9267578125,
    "model.layers.15.self_attn.v_proj": 863.9647216796875,
    "model.layers.15.self_attn.o_proj": 699.8233032226562,
    "model.layers.15.mlp.gate_proj": 811.2282104492188,
    "model.layers.15.mlp.up_proj": 811.871337890625,
    "model.layers.15.mlp.down_proj": 878.5413818359375,
    "model.layers.16.self_attn.q_proj": 778.146728515625,
    "model.layers.16.self_attn.k_proj": 836.7150268554688,
    "model.layers.16.self_attn.v_proj": 889.541259765625,
    "model.layers.16.self_attn.o_proj": 798.9771728515625,
    "model.layers.16.mlp.gate_proj": 814.0289306640625,
    "model.layers.16.mlp.up_proj": 803.0066528320312,
    "model.layers.16.mlp.down_proj": 869.5811767578125,
    "model.layers.17.self_attn.q_proj": 789.8829956054688,
    "model.layers.17.self_attn.k_proj": 846.1179809570312,
    "model.layers.17.self_attn.v_proj": 893.1322021484375,
    "model.layers.17.self_attn.o_proj": 751.4219970703125,
    "model.layers.17.mlp.gate_proj": 835.9396362304688,
    "model.layers.17.mlp.up_proj": 815.4078369140625,
    "model.layers.17.mlp.down_proj": 869.7901000976562,
    "model.layers.18.self_attn.q_proj": 803.3546752929688,
    "model.layers.18.self_attn.k_proj": 734.6087036132812,
    "model.layers.18.self_attn.v_proj": 869.8870849609375,
    "model.layers.18.self_attn.o_proj": 659.3704223632812,
    "model.layers.18.mlp.gate_proj": 816.182373046875,
    "model.layers.18.mlp.up_proj": 825.5358276367188,
    "model.layers.18.mlp.down_proj": 881.2238159179688,
    "model.layers.19.self_attn.q_proj": 813.87890625,
    "model.layers.19.self_attn.k_proj": 750.1066284179688,
    "model.layers.19.self_attn.v_proj": 816.44775390625,
    "model.layers.19.self_attn.o_proj": 735.9343872070312,
    "model.layers.19.mlp.gate_proj": 802.292236328125,
    "model.layers.19.mlp.up_proj": 813.4873046875,
    "model.layers.19.mlp.down_proj": 860.3677978515625,
    "model.layers.20.self_attn.q_proj": 794.5772094726562,