{
    "model.layers.0.self_attn.q_proj": 811.05224609375,
    "model.layers.0.self_attn.k_proj": 811.0661010742188,
    "model.layers.0.self_attn.v_proj": 811.696044921875,
    "model.layers.0.self_attn.o_proj": 814.5614624023438,
    "model.layers.0.mlp.gate_proj": 817.57177734375,
    "model.layers.0.mlp.up_proj": 812.172607421875,
    "model.layers.0.mlp.down_proj": 816.9462280273438,
    "model.layers.1.self_attn.q_proj": 811.1337890625,
    "model.layers.1.self_attn.k_proj": 810.7289428710938,
    "model.layers.1.self_attn.v_proj": 814.8036499023438,
    "model.layers.1.self_attn.o_proj": 823.7512817382812,
    "model.layers.1.mlp.gate_proj": 817.4553833007812,
    "model.layers.1.mlp.up_proj": 823.6007690429688,
    "model.layers.1.mlp.down_proj": 815.76806640625,
    "model.layers.2.self_attn.q_proj": 805.9714965820312,
    "model.layers.2.self_attn.k_proj": 809.3284912109375,
    "model.layers.2.self_attn.v_proj": 835.8515014648438,
    "model.layers.2.self_attn.o_proj": 804.5244140625,
    "model.layers.2.mlp.gate_proj": 814.658203125,
    "model.layers.2.mlp.up_proj": 820.9546508789062,
    "model.layers.2.mlp.down_proj": 814.8507690429688,
    "model.layers.3.self_attn.q_proj": 812.5692138671875,
    "model.layers.3.self_attn.k_proj": 815.5628051757812,
    "model.layers.3.self_attn.v_proj": 826.5672607421875,
    "model.layers.3.self_attn.o_proj": 813.4046630859375,
    "model.layers.3.mlp.gate_proj": 816.6421508789062,
    "model.layers.3.mlp.up_proj": 822.058349609375,
    "model.layers.3.mlp.down_proj": 847.1112060546875,
    "model.layers.4.self_attn.q_proj": 815.083984375,
    "model.layers.4.self_attn.k_proj": 826.10400390625,
    "model.layers.4.self_attn.v_proj": 843.2224731445312,
    "model.layers.4.self_attn.o_proj": 821.28369140625,
    "model.layers.4.mlp.gate_proj": 812.1216430664062,
    "model.layers.4.mlp.up_proj": 820.5326538085938,
    "model.layers.4.mlp.down_proj": 825.6709594726562,
    "model.layers.5.self_attn.q_proj": 813.1338500976562,
    "model.layers.5.self_attn.k_proj": 812.5947875976562,
    "model.layers.5.self_attn.v_proj": 833.8358764648438,
    "model.layers.5.self_attn.o_proj": 827.179931640625,
    "model.layers.5.mlp.gate_proj": 812.318603515625,
    "model.layers.5.mlp.up_proj": 822.5311889648438,
    "model.layers.5.mlp.down_proj": 812.4733276367188,
    "model.layers.6.self_attn.q_proj": 813.3907470703125,
    "model.layers.6.self_attn.k_proj": 855.80224609375,
    "model.layers.6.self_attn.v_proj": 839.7847290039062,
    "model.layers.6.self_attn.o_proj": 801.7626953125,
    "model.layers.6.mlp.gate_proj": 812.945556640625,
    "model.layers.6.mlp.up_proj": 812.4059448242188,
    "model.layers.6.mlp.down_proj": 828.8551635742188,
    "model.layers.7.self_attn.q_proj": 811.3421630859375,
    "model.layers.7.self_attn.k_proj": 826.1747436523438,
    "model.layers.7.self_attn.v_proj": 847.5747680664062,
    "model.layers.7.self_attn.o_proj": 815.1484375,
    "model.layers.7.mlp.gate_proj": 811.5083618164062,
    "model.layers.7.mlp.up_proj": 810.0323486328125,
    "model.layers.7.mlp.down_proj": 808.2138671875,
    "model.layers.8.self_attn.q_proj": 810.756103515625,
    "model.layers.8.self_attn.k_proj": 805.3567504882812,
    "model.layers.8.self_attn.v_proj": 823.7069091796875,
    "model.layers.8.self_attn.o_proj": 796.8883666992188,
    "model.layers.8.mlp.gate_proj": 819.2527465820312,
    "model.layers.8.mlp.up_proj": 813.0570678710938,
    "model.layers.8.mlp.down_proj": 822.2526245117188,
    "model.layers.9.self_attn.q_proj": 807.4159545898438,
    "model.layers.9.self_attn.k_proj": 823.298583984375,
    "model.layers.9.self_attn.v_proj": 829.0142211914062,
    "model.layers.9.self_attn.o_proj": 807.2369384765625,
    "model.layers.9.mlp.gate_proj": 809.6010131835938,
    "model.layers.9.mlp.up_proj": 822.396240234375,
    "model.layers.9.mlp.down_proj": 817.8095092773438,
    "model.layers.10.self_attn.q_proj": 812.9714965820312,
    "model.layers.10.self_attn.k_proj": 804.1943359375,
    "model.layers.10.self_attn.v_proj": 823.854736328125,
    "model.layers.10.self_attn.o_proj": 790.8217163085938,
    "model.layers.10.mlp.gate_proj": 825.5951538085938,
    "model.layers.10.mlp.up_proj": 816.3341674804688,
    "model.layers.10.mlp.down_proj": 814.3502807617188,
    "model.layers.11.self_attn.q_proj": 808.4005126953125,
    "model.layers.11.self_attn.k_proj": 814.868408203125,
    "model.layers.11.self_attn.v_proj": 836.6791381835938,
    "model.layers.11.self_attn.o_proj": 814.4125366210938,
    "model.layers.11.mlp.gate_proj": 809.7429809570312,
    "model.layers.11.mlp.up_proj": 824.1404418945312,
    "model.layers.11.mlp.down_proj": 824.735595703125,
    "model.layers.12.self_attn.q_proj": 815.8755493164062,
    "model.layers.12.self_attn.k_proj": 800.951171875,
    "model.layers.12.self_attn.v_proj": 822.2200927734375,
    "model.layers.12.self_attn.o_proj": 801.8203735351562,
    "model.layers.12.mlp.gate_proj": 828.2457885742188,
    "model.layers.12.mlp.up_proj": 813.8160400390625,
    "model.layers.12.mlp.down_proj": 818.12109375,
    "model.layers.13.self_attn.q_proj": 808.6802978515625,
    "model.layers.13.self_attn.k_proj": 818.5904541015625,
    "model.layers.13.self_attn.v_proj": 826.8215942382812,
    "model.layers.13.self_attn.o_proj": 797.6930541992188,
    "model.layers.13.mlp.gate_proj": 808.4649658203125,
    "model.layers.13.mlp.up_proj": 817.8963623046875,
    "model.layers.13.mlp.down_proj": 820.845458984375,
    "model.layers.14.self_attn.q_proj": 813.3255615234375,
    "model.layers.14.self_attn.k_proj": 817.2534790039062,
    "model.layers.14.self_attn.v_proj": 819.096923828125,
    "model.layers.14.self_attn.o_proj": 790.0643920898438,
    "model.layers.14.mlp.gate_proj": 821.468017578125,
    "model.layers.14.mlp.up_proj": 819.1748657226562,
    "model.layers.14.mlp.down_proj": 824.3246459960938,
    "model.layers.15.self_attn.q_proj": 807.2115478515625,
    "model.layers.15.self_attn.k_proj": 806.5577392578125,
    "model.layers.15.self_attn.v_proj": 829.0527954101562,
    "model.layers.15.self_attn.o_proj": 787.5985717773438,
    "model.layers.15.mlp.gate_proj": 809.4739379882812,
    "model.layers.15.mlp.up_proj": 815.5601806640625,
    "model.layers.15.mlp.down_proj": 830.7836303710938,
    "model.layers.16.self_attn.q_proj": 800.097412109375,
    "model.layers.16.self_attn.k_proj": 815.4688720703125,
    "model.layers.16.self_attn.v_proj": 855.1854858398438,
    "model.layers.16.self_attn.o_proj": 805.5856323242188,
    "model.layers.16.mlp.gate_proj": 814.575439453125,
    "model.layers.16.mlp.up_proj": 814.0262451171875,
    "model.layers.16.mlp.down_proj": 826.093994140625,
    "model.layers.17.self_attn.q_proj": 805.9134521484375,
    "model.layers.17.self_attn.k_proj": 806.513427734375,
    "model.layers.17.self_attn.v_proj": 842.4803466796875,
    "model.layers.17.self_attn.o_proj": 792.2772216796875,
    "model.layers.17.mlp.gate_proj": 829.6301879882812,
    "model.layers.17.mlp.up_proj": 810.9157104492188,
    "model.layers.17.mlp.down_proj": 832.49609375,
    "model.layers.18.self_attn.q_proj": 812.9136962890625,
    "model.layers.18.self_attn.k_proj": 794.841552734375,
    "model.layers.18.self_attn.v_proj": 837.2120361328125,
    "model.layers.18.self_attn.o_proj": 786.2416381835938,
    "model.layers.18.mlp.gate_proj": 817.4229736328125,
    "model.layers.18.mlp.up_proj": 822.4552612304688,
    "model.layers.18.mlp.down_proj": 841.7904663085938,
    "model.layers.19.self_attn.q_proj": 816.8570556640625,
    "model.layers.19.self_attn.k_proj": 805.748291015625,
    "model.layers.19.self_attn.v_proj": 805.73291015625,
    "model.layers.19.self_attn.o_proj": 804.9284057617188,
    "model.layers.19.mlp.gate_proj": 814.3123168945312,
    "model.layers.19.mlp.up_proj": 817.0506591796875,
    "model.layers.19.mlp.down_proj": 828.7562255859375,
    "model.layers.20.self_attn.q_proj": 808.6795654296875,