{
    "model.layers.0.self_attn.q_proj": 818.7098388671875,
    "model.layers.0.self_attn.k_proj": 818.7246704101562,
    "model.layers.0.self_attn.v_proj": 818.9092407226562,
    "model.layers.0.self_attn.o_proj": 820.7200317382812,
    "model.layers.0.mlp.gate_proj": 821.7501220703125,
    "model.layers.0.mlp.up_proj": 818.2637939453125,
    "model.layers.0.mlp.down_proj": 823.0348510742188,
    "model.layers.1.self_attn.q_proj": 819.6949462890625,
    "model.layers.1.self_attn.k_proj": 819.30615234375,
    "model.layers.1.self_attn.v_proj": 819.3392944335938,
    "model.layers.1.self_attn.o_proj": 827.7892456054688,
    "model.layers.1.mlp.gate_proj": 821.455078125,
    "model.layers.1.mlp.up_proj": 821.5366821289062,
    "model.layers.1.mlp.down_proj": 818.7625732421875,
    "model.layers.2.self_attn.q_proj": 815.3040161132812,
    "model.layers.2.self_attn.k_proj": 817.402587890625,
    "model.layers.2.self_attn.v_proj": 832.3988647460938,
    "model.layers.2.self_attn.o_proj": 813.585205078125,
    "model.layers.2.mlp.gate_proj": 820.6605224609375,
    "model.layers.2.mlp.up_proj": 830.953369140625,
    "model.layers.2.mlp.down_proj": 820.5953369140625,
    "model.layers.3.self_attn.q_proj": 820.17138671875,
    "model.layers.3.self_attn.k_proj": 820.0083618164062,
    "model.layers.3.self_attn.v_proj": 821.03271484375,
    "model.layers.3.self_attn.o_proj": 821.9019775390625,
    "model.layers.3.mlp.gate_proj": 820.193115234375,
    "model.layers.3.mlp.up_proj": 821.6279907226562,
    "model.layers.3.mlp.down_proj": 831.9523315429688,
    "model.layers.4.self_attn.q_proj": 823.291015625,
    "model.layers.4.self_attn.k_proj": 821.17236328125,
    "model.layers.4.self_attn.v_proj": 832.60107421875,
    "model.layers.4.self_attn.o_proj": 824.8191528320312,
    "model.layers.4.mlp.gate_proj": 815.1650390625,
    "model.layers.4.mlp.up_proj": 818.032958984375,
    "model.layers.4.mlp.down_proj": 819.071044921875,
    "model.layers.5.self_attn.q_proj": 819.17431640625,
    "model.layers.5.self_attn.k_proj": 821.2349853515625,
    "model.layers.5.self_attn.v_proj": 831.8101196289062,
    "model.layers.5.self_attn.o_proj": 825.0086669921875,
    "model.layers.5.mlp.gate_proj": 819.9227294921875,
    "model.layers.5.mlp.up_proj": 824.6680297851562,
    "model.layers.5.mlp.down_proj": 817.4754028320312,
    "model.layers.6.self_attn.q_proj": 818.8519897460938,
    "model.layers.6.self_attn.k_proj": 832.7354736328125,
    "model.layers.6.self_attn.v_proj": 827.3683471679688,
    "model.layers.6.self_attn.o_proj": 814.7843017578125,
    "model.layers.6.mlp.gate_proj": 817.4715576171875,
    "model.layers.6.mlp.up_proj": 820.4463500976562,
    "model.layers.6.mlp.down_proj": 822.8003540039062,
    "model.layers.7.self_attn.q_proj": 815.9221801757812,
    "model.layers.7.self_attn.k_proj": 828.1251220703125,
    "model.layers.7.self_attn.v_proj": 833.0674438476562,
    "model.layers.7.self_attn.o_proj": 819.5711669921875,
    "model.layers.7.mlp.gate_proj": 817.691650390625,
    "model.layers.7.mlp.up_proj": 816.5169067382812,
    "model.layers.7.mlp.down_proj": 818.78466796875,
    "model.layers.8.self_attn.q_proj": 819.8276977539062,
    "model.layers.8.self_attn.k_proj": 816.4136352539062,
    "model.layers.8.self_attn.v_proj": 818.8997802734375,
    "model.layers.8.self_attn.o_proj": 812.5108032226562,
    "model.layers.8.mlp.gate_proj": 821.9318237304688,
    "model.layers.8.mlp.up_proj": 815.8306884765625,
    "model.layers.8.mlp.down_proj": 822.0628662109375,
    "model.layers.9.self_attn.q_proj": 817.3504638671875,
    "model.layers.9.self_attn.k_proj": 825.2760620117188,
    "model.layers.9.self_attn.v_proj": 828.4287719726562,
    "model.layers.9.self_attn.o_proj": 819.1014404296875,
    "model.layers.9.mlp.gate_proj": 816.0656127929688,
    "model.layers.9.mlp.up_proj": 822.6543579101562,
    "model.layers.9.mlp.down_proj": 820.1475219726562,
    "model.layers.10.self_attn.q_proj": 821.2285766601562,
    "model.layers.10.self_attn.k_proj": 809.5532836914062,
    "model.layers.10.self_attn.v_proj": 820.7339477539062,
    "model.layers.10.self_attn.o_proj": 805.271240234375,
    "model.layers.10.mlp.gate_proj": 826.8069458007812,
    "model.layers.10.mlp.up_proj": 819.2666015625,
    "model.layers.10.mlp.down_proj": 821.4461669921875,
    "model.layers.11.self_attn.q_proj": 815.2537841796875,
    "model.layers.11.self_attn.k_proj": 818.790283203125,
    "model.layers.11.self_attn.v_proj": 829.8414306640625,
    "model.layers.11.self_attn.o_proj": 816.46337890625,
    "model.layers.11.mlp.gate_proj": 818.21435546875,
    "model.layers.11.mlp.up_proj": 825.8741455078125,
    "model.layers.11.mlp.down_proj": 822.172119140625,
    "model.layers.12.self_attn.q_proj": 822.4153442382812,
    "model.layers.12.self_attn.k_proj": 813.0721435546875,
    "model.layers.12.self_attn.v_proj": 827.8143920898438,
    "model.layers.12.self_attn.o_proj": 812.5611572265625,
    "model.layers.12.mlp.gate_proj": 830.5874633789062,
    "model.layers.12.mlp.up_proj": 819.4002075195312,
    "model.layers.12.mlp.down_proj": 822.8717041015625,
    "model.layers.13.self_attn.q_proj": 814.1848754882812,
    "model.layers.13.self_attn.k_proj": 823.4901733398438,
    "model.layers.13.self_attn.v_proj": 828.7313232421875,
    "model.layers.13.self_attn.o_proj": 813.0226440429688,
    "model.layers.13.mlp.gate_proj": 817.5755615234375,
    "model.layers.13.mlp.up_proj": 824.17578125,
    "model.layers.13.mlp.down_proj": 820.3268432617188,
    "model.layers.14.self_attn.q_proj": 817.4024658203125,
    "model.layers.14.self_attn.k_proj": 819.610107421875,
    "model.layers.14.self_attn.v_proj": 821.4656982421875,
    "model.layers.14.self_attn.o_proj": 804.2969360351562,
    "model.layers.14.mlp.gate_proj": 822.4158325195312,
    "model.layers.14.mlp.up_proj": 821.2796020507812,
    "model.layers.14.mlp.down_proj": 817.0316162109375,
    "model.layers.15.self_attn.q_proj": 815.7167358398438,
    "model.layers.15.self_attn.k_proj": 817.0111694335938,
    "model.layers.15.self_attn.v_proj": 825.7741088867188,
    "model.layers.15.self_attn.o_proj": 809.9845581054688,
    "model.layers.15.mlp.gate_proj": 813.3193969726562,
    "model.layers.15.mlp.up_proj": 822.610595703125,
    "model.layers.15.mlp.down_proj": 826.43310546875,
    "model.layers.16.self_attn.q_proj": 811.9807739257812,
    "model.layers.16.self_attn.k_proj": 822.2929077148438,
    "model.layers.16.self_attn.v_proj": 824.3342895507812,
    "model.layers.16.self_attn.o_proj": 817.72412109375,
    "model.layers.16.mlp.gate_proj": 821.8776245117188,
    "model.layers.16.mlp.up_proj": 820.2327270507812,
    "model.layers.16.mlp.down_proj": 826.5922241210938,
    "model.layers.17.self_attn.q_proj": 818.429443359375,
    "model.layers.17.self_attn.k_proj": 814.1273193359375,
    "model.layers.17.self_attn.v_proj": 836.4577026367188,
    "model.layers.17.self_attn.o_proj": 813.1627807617188,
    "model.layers.17.mlp.gate_proj": 826.066650390625,
    "model.layers.17.mlp.up_proj": 818.745361328125,
    "model.layers.17.mlp.down_proj": 833.3377685546875,
    "model.layers.18.self_attn.q_proj": 820.2806396484375,
    "model.layers.18.self_attn.k_proj": 813.8338623046875,
    "model.layers.18.self_attn.v_proj": 821.5707397460938,
    "model.layers.18.self_attn.o_proj": 808.43310546875,
    "model.layers.18.mlp.gate_proj": 819.0425415039062,
    "model.layers.18.mlp.up_proj": 822.7957153320312,
    "model.layers.18.mlp.down_proj": 828.4006958007812,
    "model.layers.19.self_attn.q_proj": 820.41845703125,
    "model.layers.19.self_attn.k_proj": 816.96240234375,
    "model.layers.19.self_attn.v_proj": 815.9603271484375,
    "model.layers.19.self_attn.o_proj": 814.4441528320312,
    "model.layers.19.mlp.gate_proj": 817.908935546875,
    "model.layers.19.mlp.up_proj": 822.3502197265625,
    "model.layers.19.mlp.down_proj": 827.860595703125,
    "model.layers.20.self_attn.q_proj": 817.2290649414062,