{
    "model.layers.0.self_attn.q_proj": 793.4193115234375,
    "model.layers.0.self_attn.k_proj": 794.1919555664062,
    "model.layers.0.self_attn.v_proj": 792.7544555664062,
    "model.layers.0.self_attn.o_proj": 800.427490234375,
    "model.layers.0.mlp.gate_proj": 816.7988891601562,
    "model.layers.0.mlp.up_proj": 804.1285400390625,
    "model.layers.0.mlp.down_proj": 803.2552490234375,
    "model.layers.1.self_attn.q_proj": 791.947509765625,
    "model.layers.1.self_attn.k_proj": 796.5884399414062,
    "model.layers.1.self_attn.v_proj": 811.531005859375,
    "model.layers.1.self_attn.o_proj": 792.2708740234375,
    "model.layers.1.mlp.gate_proj": 818.2583618164062,
    "model.layers.1.mlp.up_proj": 836.6607666015625,
    "model.layers.1.mlp.down_proj": 849.566650390625,
    "model.layers.2.self_attn.q_proj": 799.2147827148438,
    "model.layers.2.self_attn.k_proj": 794.5516967773438,
    "model.layers.2.self_attn.v_proj": 882.8380737304688,
    "model.layers.2.self_attn.o_proj": 801.31640625,
    "model.layers.2.mlp.gate_proj": 818.0497436523438,
    "model.layers.2.mlp.up_proj": 828.3572387695312,
    "model.layers.2.mlp.down_proj": 836.22412109375,
    "model.layers.3.self_attn.q_proj": 806.072021484375,
    "model.layers.3.self_attn.k_proj": 789.4232788085938,
    "model.layers.3.self_attn.v_proj": 864.973388671875,
    "model.layers.3.self_attn.o_proj": 798.919677734375,
    "model.layers.3.mlp.gate_proj": 837.1858520507812,
    "model.layers.3.mlp.up_proj": 835.3525390625,
    "model.layers.3.mlp.down_proj": 880.5223388671875,
    "model.layers.4.self_attn.q_proj": 781.4996337890625,
    "model.layers.4.self_attn.k_proj": 823.1298217773438,
    "model.layers.4.self_attn.v_proj": 850.4514770507812,
    "model.layers.4.self_attn.o_proj": 807.2650146484375,
    "model.layers.4.mlp.gate_proj": 811.12646484375,
    "model.layers.4.mlp.up_proj": 833.2802124023438,
    "model.layers.4.mlp.down_proj": 831.3888549804688,
    "model.layers.5.self_attn.q_proj": 782.6558837890625,
    "model.layers.5.self_attn.k_proj": 814.3258666992188,
    "model.layers.5.self_attn.v_proj": 898.8369750976562,
    "model.layers.5.self_attn.o_proj": 786.8082275390625,
    "model.layers.5.mlp.gate_proj": 833.2435302734375,
    "model.layers.5.mlp.up_proj": 817.0142211914062,
    "model.layers.5.mlp.down_proj": 829.5216674804688,
    "model.layers.6.self_attn.q_proj": 779.8462524414062,
    "model.layers.6.self_attn.k_proj": 945.3414306640625,
    "model.layers.6.self_attn.v_proj": 882.808349609375,
    "model.layers.6.self_attn.o_proj": 754.4833374023438,
    "model.layers.6.mlp.gate_proj": 794.6865234375,
    "model.layers.6.mlp.up_proj": 827.0983276367188,
    "model.layers.6.mlp.down_proj": 857.82373046875,
    "model.layers.7.self_attn.q_proj": 799.1966552734375,
    "model.layers.7.self_attn.k_proj": 818.5573120117188,
    "model.layers.7.self_attn.v_proj": 894.8052368164062,
    "model.layers.7.self_attn.o_proj": 788.3253173828125,
    "model.layers.7.mlp.gate_proj": 810.7415161132812,
    "model.layers.7.mlp.up_proj": 824.5670166015625,
    "model.layers.7.mlp.down_proj": 805.2913818359375,
    "model.layers.8.self_attn.q_proj": 803.382568359375,
    "model.layers.8.self_attn.k_proj": 844.6654052734375,
    "model.layers.8.self_attn.v_proj": 854.1111450195312,
    "model.layers.8.self_attn.o_proj": 732.0369262695312,
    "model.layers.8.mlp.gate_proj": 818.3760986328125,
    "model.layers.8.mlp.up_proj": 822.7366333007812,
    "model.layers.8.mlp.down_proj": 822.6494750976562,
    "model.layers.9.self_attn.q_proj": 804.9232177734375,
    "model.layers.9.self_attn.k_proj": 869.7868041992188,
    "model.layers.9.self_attn.v_proj": 903.2523193359375,
    "model.layers.9.self_attn.o_proj": 757.3489990234375,
    "model.layers.9.mlp.gate_proj": 829.9237060546875,
    "model.layers.9.mlp.up_proj": 821.2361450195312,
    "model.layers.9.mlp.down_proj": 810.9242553710938,
    "model.layers.10.self_attn.q_proj": 802.7823486328125,
    "model.layers.10.self_attn.k_proj": 836.1502075195312,
    "model.layers.10.self_attn.v_proj": 911.5211181640625,
    "model.layers.10.self_attn.o_proj": 748.5574340820312,
    "model.layers.10.mlp.gate_proj": 822.5745239257812,
    "model.layers.10.mlp.up_proj": 798.5056762695312,
    "model.layers.10.mlp.down_proj": 820.7064819335938,
    "model.layers.11.self_attn.q_proj": 799.1302490234375,
    "model.layers.11.self_attn.k_proj": 827.7359008789062,
    "model.layers.11.self_attn.v_proj": 856.6062622070312,
    "model.layers.11.self_attn.o_proj": 794.316650390625,
    "model.layers.11.mlp.gate_proj": 824.1759033203125,
    "model.layers.11.mlp.up_proj": 825.4266967773438,
    "model.layers.11.mlp.down_proj": 854.3656005859375,
    "model.layers.12.self_attn.q_proj": 805.0886840820312,
    "model.layers.12.self_attn.k_proj": 719.9555053710938,
    "model.layers.12.self_attn.v_proj": 869.8201904296875,
    "model.layers.12.self_attn.o_proj": 745.73291015625,
    "model.layers.12.mlp.gate_proj": 821.8656005859375,
    "model.layers.12.mlp.up_proj": 831.4583740234375,
    "model.layers.12.mlp.down_proj": 868.5970458984375,
    "model.layers.13.self_attn.q_proj": 811.1051025390625,
    "model.layers.13.self_attn.k_proj": 808.4208374023438,
    "model.layers.13.self_attn.v_proj": 812.0074462890625,
    "model.layers.13.self_attn.o_proj": 719.576416015625,
    "model.layers.13.mlp.gate_proj": 810.4723510742188,
    "model.layers.13.mlp.up_proj": 813.8150024414062,
    "model.layers.13.mlp.down_proj": 861.3255615234375,
    "model.layers.14.self_attn.q_proj": 806.2799682617188,
    "model.layers.14.self_attn.k_proj": 803.1683349609375,
    "model.layers.14.self_attn.v_proj": 888.220458984375,
    "model.layers.14.self_attn.o_proj": 758.8873901367188,
    "model.layers.14.mlp.gate_proj": 851.682373046875,
    "model.layers.14.mlp.up_proj": 810.3787841796875,
    "model.layers.14.mlp.down_proj": 848.6940307617188,
    "model.layers.15.self_attn.q_proj": 789.2763671875,
    "model.layers.15.self_attn.k_proj": 758.7022094726562,
    "model.layers.15.self_attn.v_proj": 875.5205688476562,
    "model.layers.15.self_attn.o_proj": 689.4697875976562,
    "model.layers.15.mlp.gate_proj": 810.4376831054688,
    "model.layers.15.mlp.up_proj": 810.4393920898438,
    "model.layers.15.mlp.down_proj": 878.0610961914062,
    "model.layers.16.self_attn.q_proj": 781.0489501953125,
    "model.layers.16.self_attn.k_proj": 835.3365478515625,
    "model.layers.16.self_attn.v_proj": 894.9495239257812,
    "model.layers.16.self_attn.o_proj": 792.4658813476562,
    "model.layers.16.mlp.gate_proj": 816.0185546875,
    "model.layers.16.mlp.up_proj": 801.0917358398438,
    "model.layers.16.mlp.down_proj": 869.217529296875,
    "model.layers.17.self_attn.q_proj": 793.20458984375,
    "model.layers.17.self_attn.k_proj": 848.1336059570312,
    "model.layers.17.self_attn.v_proj": 908.1417236328125,
    "model.layers.17.self_attn.o_proj": 740.4607543945312,
    "model.layers.17.mlp.gate_proj": 846.014404296875,
    "model.layers.17.mlp.up_proj": 814.560546875,
    "model.layers.17.mlp.down_proj": 877.2194213867188,
    "model.layers.18.self_attn.q_proj": 807.0697021484375,
    "model.layers.18.self_attn.k_proj": 723.074951171875,
    "model.layers.18.self_attn.v_proj": 874.4401245117188,
    "model.layers.18.self_attn.o_proj": 632.1121826171875,
    "model.layers.18.mlp.gate_proj": 816.1405639648438,
    "model.layers.18.mlp.up_proj": 823.84375,
    "model.layers.18.mlp.down_proj": 894.1167602539062,
    "model.layers.19.self_attn.q_proj": 813.4927978515625,
    "model.layers.19.self_attn.k_proj": 748.052490234375,
    "model.layers.19.self_attn.v_proj": 823.7404174804688,
    "model.layers.19.self_attn.o_proj": 721.4182739257812,
    "model.layers.19.mlp.gate_proj": 800.071044921875,
    "model.layers.19.mlp.up_proj": 813.4224243164062,
    "model.layers.19.mlp.down_proj": 859.9303588867188,
    "model.layers.20.self_attn.q_proj": 794.03125,