{
    "model.layers.0.self_attn.q_proj": 809.0518188476562,
    "model.layers.0.self_attn.k_proj": 809.1326293945312,
    "model.layers.0.self_attn.v_proj": 809.4216918945312,
    "model.layers.0.self_attn.o_proj": 812.4569091796875,
    "model.layers.0.mlp.gate_proj": 818.0089721679688,
    "model.layers.0.mlp.up_proj": 812.0035400390625,
    "model.layers.0.mlp.down_proj": 815.451416015625,
    "model.layers.1.self_attn.q_proj": 806.6080932617188,
    "model.layers.1.self_attn.k_proj": 808.2787475585938,
    "model.layers.1.self_attn.v_proj": 812.2801513671875,
    "model.layers.1.self_attn.o_proj": 817.3164672851562,
    "model.layers.1.mlp.gate_proj": 817.975341796875,
    "model.layers.1.mlp.up_proj": 833.4185791015625,
    "model.layers.1.mlp.down_proj": 823.9901123046875,
    "model.layers.2.self_attn.q_proj": 802.7533569335938,
    "model.layers.2.self_attn.k_proj": 807.4580078125,
    "model.layers.2.self_attn.v_proj": 844.1661987304688,
    "model.layers.2.self_attn.o_proj": 800.7483520507812,
    "model.layers.2.mlp.gate_proj": 813.7997436523438,
    "model.layers.2.mlp.up_proj": 824.1187744140625,
    "model.layers.2.mlp.down_proj": 818.9188842773438,
    "model.layers.3.self_attn.q_proj": 810.3344116210938,
    "model.layers.3.self_attn.k_proj": 816.4176635742188,
    "model.layers.3.self_attn.v_proj": 830.1520385742188,
    "model.layers.3.self_attn.o_proj": 809.1526489257812,
    "model.layers.3.mlp.gate_proj": 824.9273071289062,
    "model.layers.3.mlp.up_proj": 828.404541015625,
    "model.layers.3.mlp.down_proj": 854.345703125,
    "model.layers.4.self_attn.q_proj": 813.663330078125,
    "model.layers.4.self_attn.k_proj": 828.5596313476562,
    "model.layers.4.self_attn.v_proj": 846.3773193359375,
    "model.layers.4.self_attn.o_proj": 815.9992065429688,
    "model.layers.4.mlp.gate_proj": 815.1704711914062,
    "model.layers.4.mlp.up_proj": 823.089599609375,
    "model.layers.4.mlp.down_proj": 824.8753051757812,
    "model.layers.5.self_attn.q_proj": 815.0069580078125,
    "model.layers.5.self_attn.k_proj": 816.399658203125,
    "model.layers.5.self_attn.v_proj": 839.4567260742188,
    "model.layers.5.self_attn.o_proj": 820.0088500976562,
    "model.layers.5.mlp.gate_proj": 810.3211669921875,
    "model.layers.5.mlp.up_proj": 822.6409912109375,
    "model.layers.5.mlp.down_proj": 815.3734130859375,
    "model.layers.6.self_attn.q_proj": 812.2388305664062,
    "model.layers.6.self_attn.k_proj": 865.5547485351562,
    "model.layers.6.self_attn.v_proj": 854.4459838867188,
    "model.layers.6.self_attn.o_proj": 791.4100952148438,
    "model.layers.6.mlp.gate_proj": 806.5573120117188,
    "model.layers.6.mlp.up_proj": 815.7578125,
    "model.layers.6.mlp.down_proj": 840.5821533203125,
    "model.layers.7.self_attn.q_proj": 807.0014038085938,
    "model.layers.7.self_attn.k_proj": 826.4989624023438,
    "model.layers.7.self_attn.v_proj": 854.750732421875,
    "model.layers.7.self_attn.o_proj": 810.3573608398438,
    "model.layers.7.mlp.gate_proj": 811.9505615234375,
    "model.layers.7.mlp.up_proj": 814.4192504882812,
    "model.layers.7.mlp.down_proj": 812.0121459960938,
    "model.layers.8.self_attn.q_proj": 810.8380737304688,
    "model.layers.8.self_attn.k_proj": 815.128173828125,
    "model.layers.8.self_attn.v_proj": 820.4471435546875,
    "model.layers.8.self_attn.o_proj": 780.4612426757812,
    "model.layers.8.mlp.gate_proj": 820.9219360351562,
    "model.layers.8.mlp.up_proj": 820.3313598632812,
    "model.layers.8.mlp.down_proj": 822.7030029296875,
    "model.layers.9.self_attn.q_proj": 802.5006713867188,
    "model.layers.9.self_attn.k_proj": 826.78564453125,
    "model.layers.9.self_attn.v_proj": 845.5301513671875,
    "model.layers.9.self_attn.o_proj": 798.5567626953125,
    "model.layers.9.mlp.gate_proj": 817.09814453125,
    "model.layers.9.mlp.up_proj": 828.248779296875,
    "model.layers.9.mlp.down_proj": 819.7297973632812,
    "model.layers.10.self_attn.q_proj": 807.8434448242188,
    "model.layers.10.self_attn.k_proj": 813.0436401367188,
    "model.layers.10.self_attn.v_proj": 837.949462890625,
    "model.layers.10.self_attn.o_proj": 782.1036987304688,
    "model.layers.10.mlp.gate_proj": 825.5468139648438,
    "model.layers.10.mlp.up_proj": 813.2214965820312,
    "model.layers.10.mlp.down_proj": 814.78076171875,
    "model.layers.11.self_attn.q_proj": 808.7683715820312,
    "model.layers.11.self_attn.k_proj": 825.2979125976562,
    "model.layers.11.self_attn.v_proj": 829.0274658203125,
    "model.layers.11.self_attn.o_proj": 816.1158447265625,
    "model.layers.11.mlp.gate_proj": 811.218994140625,
    "model.layers.11.mlp.up_proj": 826.9501342773438,
    "model.layers.11.mlp.down_proj": 828.3287353515625,
    "model.layers.12.self_attn.q_proj": 816.8701782226562,
    "model.layers.12.self_attn.k_proj": 795.4351806640625,
    "model.layers.12.self_attn.v_proj": 835.8729248046875,
    "model.layers.12.self_attn.o_proj": 797.3073120117188,
    "model.layers.12.mlp.gate_proj": 829.340087890625,
    "model.layers.12.mlp.up_proj": 812.1482543945312,
    "model.layers.12.mlp.down_proj": 822.2691040039062,
    "model.layers.13.self_attn.q_proj": 812.5568237304688,
    "model.layers.13.self_attn.k_proj": 822.9271850585938,
    "model.layers.13.self_attn.v_proj": 826.4509887695312,
    "model.layers.13.self_attn.o_proj": 787.4000244140625,
    "model.layers.13.mlp.gate_proj": 806.2933959960938,
    "model.layers.13.mlp.up_proj": 821.4385986328125,
    "model.layers.13.mlp.down_proj": 824.8948364257812,
    "model.layers.14.self_attn.q_proj": 815.753173828125,
    "model.layers.14.self_attn.k_proj": 819.0665893554688,
    "model.layers.14.self_attn.v_proj": 833.2332763671875,
    "model.layers.14.self_attn.o_proj": 784.1121826171875,
    "model.layers.14.mlp.gate_proj": 829.7756958007812,
    "model.layers.14.mlp.up_proj": 816.5700073242188,
    "model.layers.14.mlp.down_proj": 831.1514282226562,
    "model.layers.15.self_attn.q_proj": 807.353271484375,
    "model.layers.15.self_attn.k_proj": 800.3881225585938,
    "model.layers.15.self_attn.v_proj": 839.7503051757812,
    "model.layers.15.self_attn.o_proj": 779.0703735351562,
    "model.layers.15.mlp.gate_proj": 809.8695678710938,
    "model.layers.15.mlp.up_proj": 816.86279296875,
    "model.layers.15.mlp.down_proj": 849.0458374023438,
    "model.layers.16.self_attn.q_proj": 795.4186401367188,
    "model.layers.16.self_attn.k_proj": 823.4340209960938,
    "model.layers.16.self_attn.v_proj": 869.4332275390625,
    "model.layers.16.self_attn.o_proj": 800.283935546875,
    "model.layers.16.mlp.gate_proj": 813.6240844726562,
    "model.layers.16.mlp.up_proj": 813.8912963867188,
    "model.layers.16.mlp.down_proj": 836.17626953125,
    "model.layers.17.self_attn.q_proj": 799.01904296875,
    "model.layers.17.self_attn.k_proj": 808.78076171875,
    "model.layers.17.self_attn.v_proj": 866.2291259765625,
    "model.layers.17.self_attn.o_proj": 776.5496215820312,
    "model.layers.17.mlp.gate_proj": 833.6159057617188,
    "model.layers.17.mlp.up_proj": 807.39794921875,
    "model.layers.17.mlp.down_proj": 834.2650756835938,
    "model.layers.18.self_attn.q_proj": 805.8822631835938,
    "model.layers.18.self_attn.k_proj": 782.6031494140625,
    "model.layers.18.self_attn.v_proj": 855.699951171875,
    "model.layers.18.self_attn.o_proj": 777.0916748046875,
    "model.layers.18.mlp.gate_proj": 815.2835693359375,
    "model.layers.18.mlp.up_proj": 828.917236328125,
    "model.layers.18.mlp.down_proj": 850.5822143554688,
    "model.layers.19.self_attn.q_proj": 817.34765625,
    "model.layers.19.self_attn.k_proj": 794.2158813476562,
    "model.layers.19.self_attn.v_proj": 810.4213256835938,
    "model.layers.19.self_attn.o_proj": 795.5836791992188,
    "model.layers.19.mlp.gate_proj": 810.4312133789062,
    "model.layers.19.mlp.up_proj": 821.4080200195312,
    "model.layers.19.mlp.down_proj": 832.1536865234375,
    "model.layers.20.self_attn.q_proj": 807.5518798828125,