{
    "model.layers.0.self_attn.q_proj": 815.443359375,
    "model.layers.0.self_attn.k_proj": 815.4749755859375,
    "model.layers.0.self_attn.v_proj": 815.9214477539062,
    "model.layers.0.self_attn.o_proj": 818.5191040039062,
    "model.layers.0.mlp.gate_proj": 820.1279907226562,
    "model.layers.0.mlp.up_proj": 815.49267578125,
    "model.layers.0.mlp.down_proj": 821.2088623046875,
    "model.layers.1.self_attn.q_proj": 815.9139404296875,
    "model.layers.1.self_attn.k_proj": 815.9869995117188,
    "model.layers.1.self_attn.v_proj": 817.9260864257812,
    "model.layers.1.self_attn.o_proj": 827.6294555664062,
    "model.layers.1.mlp.gate_proj": 818.9576416015625,
    "model.layers.1.mlp.up_proj": 820.9601440429688,
    "model.layers.1.mlp.down_proj": 817.8088989257812,
    "model.layers.2.self_attn.q_proj": 811.1419677734375,
    "model.layers.2.self_attn.k_proj": 813.8585815429688,
    "model.layers.2.self_attn.v_proj": 834.3947143554688,
    "model.layers.2.self_attn.o_proj": 808.9714965820312,
    "model.layers.2.mlp.gate_proj": 818.5673828125,
    "model.layers.2.mlp.up_proj": 825.669189453125,
    "model.layers.2.mlp.down_proj": 818.6187133789062,
    "model.layers.3.self_attn.q_proj": 816.7702026367188,
    "model.layers.3.self_attn.k_proj": 818.7889404296875,
    "model.layers.3.self_attn.v_proj": 821.177734375,
    "model.layers.3.self_attn.o_proj": 819.6775512695312,
    "model.layers.3.mlp.gate_proj": 817.4488525390625,
    "model.layers.3.mlp.up_proj": 822.0595092773438,
    "model.layers.3.mlp.down_proj": 841.3589477539062,
    "model.layers.4.self_attn.q_proj": 820.4732055664062,
    "model.layers.4.self_attn.k_proj": 825.70361328125,
    "model.layers.4.self_attn.v_proj": 842.76171875,
    "model.layers.4.self_attn.o_proj": 826.0762939453125,
    "model.layers.4.mlp.gate_proj": 812.7244262695312,
    "model.layers.4.mlp.up_proj": 819.6961669921875,
    "model.layers.4.mlp.down_proj": 826.23974609375,
    "model.layers.5.self_attn.q_proj": 816.51123046875,
    "model.layers.5.self_attn.k_proj": 820.1466064453125,
    "model.layers.5.self_attn.v_proj": 833.595703125,
    "model.layers.5.self_attn.o_proj": 831.0393676757812,
    "model.layers.5.mlp.gate_proj": 816.8013916015625,
    "model.layers.5.mlp.up_proj": 823.4224243164062,
    "model.layers.5.mlp.down_proj": 813.85986328125,
    "model.layers.6.self_attn.q_proj": 817.9383544921875,
    "model.layers.6.self_attn.k_proj": 843.9880981445312,
    "model.layers.6.self_attn.v_proj": 835.9402465820312,
    "model.layers.6.self_attn.o_proj": 808.8849487304688,
    "model.layers.6.mlp.gate_proj": 817.1758422851562,
    "model.layers.6.mlp.up_proj": 816.8238525390625,
    "model.layers.6.mlp.down_proj": 824.2966918945312,
    "model.layers.7.self_attn.q_proj": 811.9509887695312,
    "model.layers.7.self_attn.k_proj": 827.629638671875,
    "model.layers.7.self_attn.v_proj": 841.7969970703125,
    "model.layers.7.self_attn.o_proj": 816.4260864257812,
    "model.layers.7.mlp.gate_proj": 814.392578125,
    "model.layers.7.mlp.up_proj": 814.706787109375,
    "model.layers.7.mlp.down_proj": 813.4198608398438,
    "model.layers.8.self_attn.q_proj": 815.2621459960938,
    "model.layers.8.self_attn.k_proj": 809.97705078125,
    "model.layers.8.self_attn.v_proj": 820.2858276367188,
    "model.layers.8.self_attn.o_proj": 803.8759765625,
    "model.layers.8.mlp.gate_proj": 821.572509765625,
    "model.layers.8.mlp.up_proj": 812.3599243164062,
    "model.layers.8.mlp.down_proj": 819.9678955078125,
    "model.layers.9.self_attn.q_proj": 812.092529296875,
    "model.layers.9.self_attn.k_proj": 826.626953125,
    "model.layers.9.self_attn.v_proj": 830.3449096679688,
    "model.layers.9.self_attn.o_proj": 812.3756103515625,
    "model.layers.9.mlp.gate_proj": 812.7994384765625,
    "model.layers.9.mlp.up_proj": 822.8919067382812,
    "model.layers.9.mlp.down_proj": 816.5816040039062,
    "model.layers.10.self_attn.q_proj": 818.5891723632812,
    "model.layers.10.self_attn.k_proj": 804.510986328125,
    "model.layers.10.self_attn.v_proj": 821.0385131835938,
    "model.layers.10.self_attn.o_proj": 797.7025756835938,
    "model.layers.10.mlp.gate_proj": 827.4146728515625,
    "model.layers.10.mlp.up_proj": 818.1773681640625,
    "model.layers.10.mlp.down_proj": 818.9545288085938,
    "model.layers.11.self_attn.q_proj": 811.4021606445312,
    "model.layers.11.self_attn.k_proj": 818.52734375,
    "model.layers.11.self_attn.v_proj": 834.1921997070312,
    "model.layers.11.self_attn.o_proj": 815.8212280273438,
    "model.layers.11.mlp.gate_proj": 812.7205810546875,
    "model.layers.11.mlp.up_proj": 827.1555786132812,
    "model.layers.11.mlp.down_proj": 824.5112915039062,
    "model.layers.12.self_attn.q_proj": 819.923095703125,
    "model.layers.12.self_attn.k_proj": 808.6824340820312,
    "model.layers.12.self_attn.v_proj": 825.56591796875,
    "model.layers.12.self_attn.o_proj": 807.5511474609375,
    "model.layers.12.mlp.gate_proj": 830.479736328125,
    "model.layers.12.mlp.up_proj": 817.76025390625,
    "model.layers.12.mlp.down_proj": 821.7220458984375,
    "model.layers.13.self_attn.q_proj": 810.3922729492188,
    "model.layers.13.self_attn.k_proj": 822.1697998046875,
    "model.layers.13.self_attn.v_proj": 829.4326782226562,
    "model.layers.13.self_attn.o_proj": 804.6611328125,
    "model.layers.13.mlp.gate_proj": 813.9159545898438,
    "model.layers.13.mlp.up_proj": 822.9884643554688,
    "model.layers.13.mlp.down_proj": 822.2915649414062,
    "model.layers.14.self_attn.q_proj": 813.5292358398438,
    "model.layers.14.self_attn.k_proj": 818.4725341796875,
    "model.layers.14.self_attn.v_proj": 820.5563354492188,
    "model.layers.14.self_attn.o_proj": 796.0117797851562,
    "model.layers.14.mlp.gate_proj": 821.7964477539062,
    "model.layers.14.mlp.up_proj": 821.7599487304688,
    "model.layers.14.mlp.down_proj": 823.089599609375,
    "model.layers.15.self_attn.q_proj": 811.7922973632812,
    "model.layers.15.self_attn.k_proj": 812.8052978515625,
    "model.layers.15.self_attn.v_proj": 829.2802124023438,
    "model.layers.15.self_attn.o_proj": 799.2991333007812,
    "model.layers.15.mlp.gate_proj": 812.8556518554688,
    "model.layers.15.mlp.up_proj": 819.5142822265625,
    "model.layers.15.mlp.down_proj": 827.6461791992188,
    "model.layers.16.self_attn.q_proj": 805.8562622070312,
    "model.layers.16.self_attn.k_proj": 819.16748046875,
    "model.layers.16.self_attn.v_proj": 841.9073486328125,
    "model.layers.16.self_attn.o_proj": 813.064453125,
    "model.layers.16.mlp.gate_proj": 818.7322998046875,
    "model.layers.16.mlp.up_proj": 817.6712036132812,
    "model.layers.16.mlp.down_proj": 825.7293701171875,
    "model.layers.17.self_attn.q_proj": 812.3728637695312,
    "model.layers.17.self_attn.k_proj": 809.5619506835938,
    "model.layers.17.self_attn.v_proj": 841.4462280273438,
    "model.layers.17.self_attn.o_proj": 803.8829956054688,
    "model.layers.17.mlp.gate_proj": 829.8781127929688,
    "model.layers.17.mlp.up_proj": 814.4360961914062,
    "model.layers.17.mlp.down_proj": 834.4767456054688,
    "model.layers.18.self_attn.q_proj": 817.4909057617188,
    "model.layers.18.self_attn.k_proj": 805.3330688476562,
    "model.layers.18.self_attn.v_proj": 828.2677612304688,
    "model.layers.18.self_attn.o_proj": 798.060302734375,
    "model.layers.18.mlp.gate_proj": 820.3444213867188,
    "model.layers.18.mlp.up_proj": 824.1802978515625,
    "model.layers.18.mlp.down_proj": 837.6631469726562,
    "model.layers.19.self_attn.q_proj": 818.836669921875,
    "model.layers.19.self_attn.k_proj": 813.3222045898438,
    "model.layers.19.self_attn.v_proj": 809.701416015625,
    "model.layers.19.self_attn.o_proj": 808.6605224609375,
    "model.layers.19.mlp.gate_proj": 817.0631103515625,
    "model.layers.19.mlp.up_proj": 819.454345703125,
    "model.layers.19.mlp.down_proj": 829.0379028320312,
    "model.layers.20.self_attn.q_proj": 813.547607421875,