{
    "model.layers.0.self_attn.q_proj": 798.08251953125,
    "model.layers.0.self_attn.k_proj": 798.933837890625,
    "model.layers.0.self_attn.v_proj": 798.04296875,
    "model.layers.0.self_attn.o_proj": 803.9959716796875,
    "model.layers.0.mlp.gate_proj": 816.0792846679688,
    "model.layers.0.mlp.up_proj": 805.3881225585938,
    "model.layers.0.mlp.down_proj": 810.4889526367188,
    "model.layers.1.self_attn.q_proj": 796.950927734375,
    "model.layers.1.self_attn.k_proj": 799.8726196289062,
    "model.layers.1.self_attn.v_proj": 805.220458984375,
    "model.layers.1.self_attn.o_proj": 795.1917724609375,
    "model.layers.1.mlp.gate_proj": 822.0375366210938,
    "model.layers.1.mlp.up_proj": 839.9628295898438,
    "model.layers.1.mlp.down_proj": 840.1828002929688,
    "model.layers.2.self_attn.q_proj": 801.7898559570312,
    "model.layers.2.self_attn.k_proj": 799.4341430664062,
    "model.layers.2.self_attn.v_proj": 859.4676513671875,
    "model.layers.2.self_attn.o_proj": 803.34130859375,
    "model.layers.2.mlp.gate_proj": 820.27490234375,
    "model.layers.2.mlp.up_proj": 829.5845947265625,
    "model.layers.2.mlp.down_proj": 825.9454956054688,
    "model.layers.3.self_attn.q_proj": 812.1405029296875,
    "model.layers.3.self_attn.k_proj": 799.0321655273438,
    "model.layers.3.self_attn.v_proj": 844.9327392578125,
    "model.layers.3.self_attn.o_proj": 803.5792846679688,
    "model.layers.3.mlp.gate_proj": 834.8817749023438,
    "model.layers.3.mlp.up_proj": 831.9718017578125,
    "model.layers.3.mlp.down_proj": 871.7652587890625,
    "model.layers.4.self_attn.q_proj": 793.2191772460938,
    "model.layers.4.self_attn.k_proj": 823.615478515625,
    "model.layers.4.self_attn.v_proj": 855.2243041992188,
    "model.layers.4.self_attn.o_proj": 816.602783203125,
    "model.layers.4.mlp.gate_proj": 812.6993408203125,
    "model.layers.4.mlp.up_proj": 823.3428955078125,
    "model.layers.4.mlp.down_proj": 829.1027221679688,
    "model.layers.5.self_attn.q_proj": 797.8795166015625,
    "model.layers.5.self_attn.k_proj": 821.8062133789062,
    "model.layers.5.self_attn.v_proj": 869.6952514648438,
    "model.layers.5.self_attn.o_proj": 800.7142944335938,
    "model.layers.5.mlp.gate_proj": 829.3618774414062,
    "model.layers.5.mlp.up_proj": 828.5421142578125,
    "model.layers.5.mlp.down_proj": 832.5928955078125,
    "model.layers.6.self_attn.q_proj": 782.0928955078125,
    "model.layers.6.self_attn.k_proj": 930.9287109375,
    "model.layers.6.self_attn.v_proj": 876.0462036132812,
    "model.layers.6.self_attn.o_proj": 769.281494140625,
    "model.layers.6.mlp.gate_proj": 804.6494750976562,
    "model.layers.6.mlp.up_proj": 820.84375,
    "model.layers.6.mlp.down_proj": 845.0580444335938,
    "model.layers.7.self_attn.q_proj": 801.18896484375,
    "model.layers.7.self_attn.k_proj": 812.1458129882812,
    "model.layers.7.self_attn.v_proj": 882.2752075195312,
    "model.layers.7.self_attn.o_proj": 785.7922973632812,
    "model.layers.7.mlp.gate_proj": 820.5001831054688,
    "model.layers.7.mlp.up_proj": 815.2045288085938,
    "model.layers.7.mlp.down_proj": 800.1786499023438,
    "model.layers.8.self_attn.q_proj": 808.80615234375,
    "model.layers.8.self_attn.k_proj": 829.9295654296875,
    "model.layers.8.self_attn.v_proj": 842.0640869140625,
    "model.layers.8.self_attn.o_proj": 742.381103515625,
    "model.layers.8.mlp.gate_proj": 813.8578491210938,
    "model.layers.8.mlp.up_proj": 828.397705078125,
    "model.layers.8.mlp.down_proj": 816.8092651367188,
    "model.layers.9.self_attn.q_proj": 796.9498291015625,
    "model.layers.9.self_attn.k_proj": 851.6294555664062,
    "model.layers.9.self_attn.v_proj": 870.2679443359375,
    "model.layers.9.self_attn.o_proj": 781.443359375,
    "model.layers.9.mlp.gate_proj": 826.97705078125,
    "model.layers.9.mlp.up_proj": 818.816650390625,
    "model.layers.9.mlp.down_proj": 815.549560546875,
    "model.layers.10.self_attn.q_proj": 813.6890258789062,
    "model.layers.10.self_attn.k_proj": 839.7651977539062,
    "model.layers.10.self_attn.v_proj": 901.0272216796875,
    "model.layers.10.self_attn.o_proj": 753.683349609375,
    "model.layers.10.mlp.gate_proj": 820.6734619140625,
    "model.layers.10.mlp.up_proj": 805.3682250976562,
    "model.layers.10.mlp.down_proj": 809.6824340820312,
    "model.layers.11.self_attn.q_proj": 802.650634765625,
    "model.layers.11.self_attn.k_proj": 836.3724975585938,
    "model.layers.11.self_attn.v_proj": 856.1702880859375,
    "model.layers.11.self_attn.o_proj": 799.3784790039062,
    "model.layers.11.mlp.gate_proj": 820.9575805664062,
    "model.layers.11.mlp.up_proj": 836.38134765625,
    "model.layers.11.mlp.down_proj": 855.9786987304688,
    "model.layers.12.self_attn.q_proj": 805.1385498046875,
    "model.layers.12.self_attn.k_proj": 735.263427734375,
    "model.layers.12.self_attn.v_proj": 853.6591796875,
    "model.layers.12.self_attn.o_proj": 760.7026977539062,
    "model.layers.12.mlp.gate_proj": 825.4757080078125,
    "model.layers.12.mlp.up_proj": 822.6803588867188,
    "model.layers.12.mlp.down_proj": 856.3768310546875,
    "model.layers.13.self_attn.q_proj": 812.7380981445312,
    "model.layers.13.self_attn.k_proj": 815.2947387695312,
    "model.layers.13.self_attn.v_proj": 815.7787475585938,
    "model.layers.13.self_attn.o_proj": 734.968505859375,
    "model.layers.13.mlp.gate_proj": 813.2113647460938,
    "model.layers.13.mlp.up_proj": 816.07958984375,
    "model.layers.13.mlp.down_proj": 861.4722900390625,
    "model.layers.14.self_attn.q_proj": 811.7929077148438,
    "model.layers.14.self_attn.k_proj": 809.306396484375,
    "model.layers.14.self_attn.v_proj": 874.3739013671875,
    "model.layers.14.self_attn.o_proj": 763.4271850585938,
    "model.layers.14.mlp.gate_proj": 844.4560546875,
    "model.layers.14.mlp.up_proj": 815.83984375,
    "model.layers.14.mlp.down_proj": 843.7503051757812,
    "model.layers.15.self_attn.q_proj": 797.281005859375,
    "model.layers.15.self_attn.k_proj": 769.3892211914062,
    "model.layers.15.self_attn.v_proj": 856.3446655273438,
    "model.layers.15.self_attn.o_proj": 713.5921020507812,
    "model.layers.15.mlp.gate_proj": 812.4423217773438,
    "model.layers.15.mlp.up_proj": 813.6137084960938,
    "model.layers.15.mlp.down_proj": 878.8594970703125,
    "model.layers.16.self_attn.q_proj": 774.816162109375,
    "model.layers.16.self_attn.k_proj": 839.0149536132812,
    "model.layers.16.self_attn.v_proj": 885.21435546875,
    "model.layers.16.self_attn.o_proj": 799.7940673828125,
    "model.layers.16.mlp.gate_proj": 812.7111206054688,
    "model.layers.16.mlp.up_proj": 805.2279663085938,
    "model.layers.16.mlp.down_proj": 864.7739868164062,
    "model.layers.17.self_attn.q_proj": 790.43994140625,
    "model.layers.17.self_attn.k_proj": 842.0717163085938,
    "model.layers.17.self_attn.v_proj": 888.9476318359375,
    "model.layers.17.self_attn.o_proj": 755.2596435546875,
    "model.layers.17.mlp.gate_proj": 837.6553344726562,
    "model.layers.17.mlp.up_proj": 818.3297119140625,
    "model.layers.17.mlp.down_proj": 864.9675903320312,
    "model.layers.18.self_attn.q_proj": 801.3181762695312,
    "model.layers.18.self_attn.k_proj": 740.5866088867188,
    "model.layers.18.self_attn.v_proj": 869.166015625,
    "model.layers.18.self_attn.o_proj": 682.9617309570312,
    "model.layers.18.mlp.gate_proj": 817.0419921875,
    "model.layers.18.mlp.up_proj": 827.7642822265625,
    "model.layers.18.mlp.down_proj": 876.1627197265625,
    "model.layers.19.self_attn.q_proj": 814.4791259765625,
    "model.layers.19.self_attn.k_proj": 752.81689453125,
    "model.layers.19.self_attn.v_proj": 816.6103515625,
    "model.layers.19.self_attn.o_proj": 742.4510498046875,
    "model.layers.19.mlp.gate_proj": 803.47998046875,
    "model.layers.19.mlp.up_proj": 815.4397583007812,
    "model.layers.19.mlp.down_proj": 862.1468505859375,
    "model.layers.20.self_attn.q_proj": 797.7988891601562,