{
    "model.layers.0.self_attn.q_proj": 801.9014892578125,
    "model.layers.0.self_attn.k_proj": 802.5918579101562,
    "model.layers.0.self_attn.v_proj": 802.777587890625,
    "model.layers.0.self_attn.o_proj": 806.7241821289062,
    "model.layers.0.mlp.gate_proj": 815.9215698242188,
    "model.layers.0.mlp.up_proj": 807.697021484375,
    "model.layers.0.mlp.down_proj": 809.7825317382812,
    "model.layers.1.self_attn.q_proj": 799.882080078125,
    "model.layers.1.self_attn.k_proj": 802.654541015625,
    "model.layers.1.self_attn.v_proj": 801.0982666015625,
    "model.layers.1.self_attn.o_proj": 800.154296875,
    "model.layers.1.mlp.gate_proj": 822.8643188476562,
    "model.layers.1.mlp.up_proj": 843.3111572265625,
    "model.layers.1.mlp.down_proj": 834.7971801757812,
    "model.layers.2.self_attn.q_proj": 802.8035888671875,
    "model.layers.2.self_attn.k_proj": 802.37255859375,
    "model.layers.2.self_attn.v_proj": 847.5047607421875,
    "model.layers.2.self_attn.o_proj": 800.0098876953125,
    "model.layers.2.mlp.gate_proj": 813.0226440429688,
    "model.layers.2.mlp.up_proj": 820.79296875,
    "model.layers.2.mlp.down_proj": 823.7341918945312,
    "model.layers.3.self_attn.q_proj": 815.4567260742188,
    "model.layers.3.self_attn.k_proj": 800.4501342773438,
    "model.layers.3.self_attn.v_proj": 831.9987182617188,
    "model.layers.3.self_attn.o_proj": 804.0052490234375,
    "model.layers.3.mlp.gate_proj": 826.3484497070312,
    "model.layers.3.mlp.up_proj": 836.3994140625,
    "model.layers.3.mlp.down_proj": 854.1664428710938,
    "model.layers.4.self_attn.q_proj": 807.9607543945312,
    "model.layers.4.self_attn.k_proj": 824.9474487304688,
    "model.layers.4.self_attn.v_proj": 846.8128662109375,
    "model.layers.4.self_attn.o_proj": 818.1625366210938,
    "model.layers.4.mlp.gate_proj": 810.4718627929688,
    "model.layers.4.mlp.up_proj": 812.6810302734375,
    "model.layers.4.mlp.down_proj": 831.1460571289062,
    "model.layers.5.self_attn.q_proj": 815.7692260742188,
    "model.layers.5.self_attn.k_proj": 815.9736938476562,
    "model.layers.5.self_attn.v_proj": 861.72314453125,
    "model.layers.5.self_attn.o_proj": 817.0803833007812,
    "model.layers.5.mlp.gate_proj": 816.0878295898438,
    "model.layers.5.mlp.up_proj": 824.1991577148438,
    "model.layers.5.mlp.down_proj": 820.711669921875,
    "model.layers.6.self_attn.q_proj": 791.2540283203125,
    "model.layers.6.self_attn.k_proj": 879.518798828125,
    "model.layers.6.self_attn.v_proj": 868.4354248046875,
    "model.layers.6.self_attn.o_proj": 778.0054931640625,
    "model.layers.6.mlp.gate_proj": 803.7344970703125,
    "model.layers.6.mlp.up_proj": 815.8510131835938,
    "model.layers.6.mlp.down_proj": 844.8806762695312,
    "model.layers.7.self_attn.q_proj": 800.321533203125,
    "model.layers.7.self_attn.k_proj": 811.0059204101562,
    "model.layers.7.self_attn.v_proj": 866.0671997070312,
    "model.layers.7.self_attn.o_proj": 781.6973876953125,
    "model.layers.7.mlp.gate_proj": 816.2159423828125,
    "model.layers.7.mlp.up_proj": 814.1300659179688,
    "model.layers.7.mlp.down_proj": 803.228515625,
    "model.layers.8.self_attn.q_proj": 807.0158081054688,
    "model.layers.8.self_attn.k_proj": 828.5062866210938,
    "model.layers.8.self_attn.v_proj": 817.6566162109375,
    "model.layers.8.self_attn.o_proj": 746.0551147460938,
    "model.layers.8.mlp.gate_proj": 816.5547485351562,
    "model.layers.8.mlp.up_proj": 823.2218627929688,
    "model.layers.8.mlp.down_proj": 815.1807861328125,
    "model.layers.9.self_attn.q_proj": 795.1607666015625,
    "model.layers.9.self_attn.k_proj": 834.4270629882812,
    "model.layers.9.self_attn.v_proj": 847.7439575195312,
    "model.layers.9.self_attn.o_proj": 789.523193359375,
    "model.layers.9.mlp.gate_proj": 825.2537231445312,
    "model.layers.9.mlp.up_proj": 814.2409057617188,
    "model.layers.9.mlp.down_proj": 818.63037109375,
    "model.layers.10.self_attn.q_proj": 808.4651489257812,
    "model.layers.10.self_attn.k_proj": 830.1099243164062,
    "model.layers.10.self_attn.v_proj": 879.1122436523438,
    "model.layers.10.self_attn.o_proj": 763.6621704101562,
    "model.layers.10.mlp.gate_proj": 822.2517700195312,
    "model.layers.10.mlp.up_proj": 806.8062744140625,
    "model.layers.10.mlp.down_proj": 810.354248046875,
    "model.layers.11.self_attn.q_proj": 801.0073852539062,
    "model.layers.11.self_attn.k_proj": 836.7797241210938,
    "model.layers.11.self_attn.v_proj": 834.6358032226562,
    "model.layers.11.self_attn.o_proj": 804.7657470703125,
    "model.layers.11.mlp.gate_proj": 814.582275390625,
    "model.layers.11.mlp.up_proj": 838.8138427734375,
    "model.layers.11.mlp.down_proj": 844.8212280273438,
    "model.layers.12.self_attn.q_proj": 811.6483154296875,
    "model.layers.12.self_attn.k_proj": 756.9464721679688,
    "model.layers.12.self_attn.v_proj": 837.0258178710938,
    "model.layers.12.self_attn.o_proj": 781.7013549804688,
    "model.layers.12.mlp.gate_proj": 825.7909545898438,
    "model.layers.12.mlp.up_proj": 817.655029296875,
    "model.layers.12.mlp.down_proj": 840.0331420898438,
    "model.layers.13.self_attn.q_proj": 813.63037109375,
    "model.layers.13.self_attn.k_proj": 819.9232788085938,
    "model.layers.13.self_attn.v_proj": 828.5501708984375,
    "model.layers.13.self_attn.o_proj": 760.4119262695312,
    "model.layers.13.mlp.gate_proj": 806.2601318359375,
    "model.layers.13.mlp.up_proj": 818.8721313476562,
    "model.layers.13.mlp.down_proj": 849.2985229492188,
    "model.layers.14.self_attn.q_proj": 813.1156616210938,
    "model.layers.14.self_attn.k_proj": 815.6748657226562,
    "model.layers.14.self_attn.v_proj": 859.8773193359375,
    "model.layers.14.self_attn.o_proj": 769.5725708007812,
    "model.layers.14.mlp.gate_proj": 844.4369506835938,
    "model.layers.14.mlp.up_proj": 818.2801513671875,
    "model.layers.14.mlp.down_proj": 833.4224853515625,
    "model.layers.15.self_attn.q_proj": 802.31494140625,
    "model.layers.15.self_attn.k_proj": 784.9152221679688,
    "model.layers.15.self_attn.v_proj": 848.5703125,
    "model.layers.15.self_attn.o_proj": 755.925048828125,
    "model.layers.15.mlp.gate_proj": 809.70263671875,
    "model.layers.15.mlp.up_proj": 818.8960571289062,
    "model.layers.15.mlp.down_proj": 869.367919921875,
    "model.layers.16.self_attn.q_proj": 780.191162109375,
    "model.layers.16.self_attn.k_proj": 836.10009765625,
    "model.layers.16.self_attn.v_proj": 882.4952392578125,
    "model.layers.16.self_attn.o_proj": 800.8916625976562,
    "model.layers.16.mlp.gate_proj": 809.2109985351562,
    "model.layers.16.mlp.up_proj": 809.987060546875,
    "model.layers.16.mlp.down_proj": 848.8534545898438,
    "model.layers.17.self_attn.q_proj": 795.0147705078125,
    "model.layers.17.self_attn.k_proj": 819.9411010742188,
    "model.layers.17.self_attn.v_proj": 882.5814208984375,
    "model.layers.17.self_attn.o_proj": 761.182373046875,
    "model.layers.17.mlp.gate_proj": 839.3612060546875,
    "model.layers.17.mlp.up_proj": 815.8048706054688,
    "model.layers.17.mlp.down_proj": 850.0216064453125,
    "model.layers.18.self_attn.q_proj": 795.189208984375,
    "model.layers.18.self_attn.k_proj": 756.4668579101562,
    "model.layers.18.self_attn.v_proj": 864.340087890625,
    "model.layers.18.self_attn.o_proj": 732.1123046875,
    "model.layers.18.mlp.gate_proj": 816.1294555664062,
    "model.layers.18.mlp.up_proj": 831.6029052734375,
    "model.layers.18.mlp.down_proj": 867.6729736328125,
    "model.layers.19.self_attn.q_proj": 810.1205444335938,
    "model.layers.19.self_attn.k_proj": 764.6791381835938,
    "model.layers.19.self_attn.v_proj": 814.1873168945312,
    "model.layers.19.self_attn.o_proj": 760.1596069335938,
    "model.layers.19.mlp.gate_proj": 808.2838745117188,
    "model.layers.19.mlp.up_proj": 823.3732299804688,
    "model.layers.19.mlp.down_proj": 845.5752563476562,
    "model.layers.20.self_attn.q_proj": 804.5587158203125,