{
    "model.layers.0.self_attn.q_proj": 1224.3128662109375,
    "model.layers.0.self_attn.k_proj": 1224.3128662109375,
    "model.layers.0.self_attn.v_proj": 1224.3128662109375,
    "model.layers.0.self_attn.o_proj": 1224.09375,
    "model.layers.0.mlp.gate_proj": 1224.2503662109375,
    "model.layers.0.mlp.up_proj": 1224.5467529296875,
    "model.layers.0.mlp.down_proj": 1224.524658203125,
    "model.layers.1.self_attn.q_proj": 1224.2027587890625,
    "model.layers.1.self_attn.k_proj": 1224.236328125,
    "model.layers.1.self_attn.v_proj": 1220.7298583984375,
    "model.layers.1.self_attn.o_proj": 1224.185791015625,
    "model.layers.1.mlp.gate_proj": 1226.5635986328125,
    "model.layers.1.mlp.up_proj": 1225.628662109375,
    "model.layers.1.mlp.down_proj": 1233.49951171875,
    "model.layers.2.self_attn.q_proj": 1223.0870361328125,
    "model.layers.2.self_attn.k_proj": 1224.44091796875,
    "model.layers.2.self_attn.v_proj": 1233.861572265625,
    "model.layers.2.self_attn.o_proj": 1215.828857421875,
    "model.layers.2.mlp.gate_proj": 1218.4576416015625,
    "model.layers.2.mlp.up_proj": 1219.2218017578125,
    "model.layers.2.mlp.down_proj": 1223.8677978515625,
    "model.layers.3.self_attn.q_proj": 1230.0555419921875,
    "model.layers.3.self_attn.k_proj": 1220.3280029296875,
    "model.layers.3.self_attn.v_proj": 1253.06396484375,
    "model.layers.3.self_attn.o_proj": 1218.1649169921875,
    "model.layers.3.mlp.gate_proj": 1232.20703125,
    "model.layers.3.mlp.up_proj": 1219.0164794921875,
    "model.layers.3.mlp.down_proj": 1240.417236328125,
    "model.layers.4.self_attn.q_proj": 1226.4100341796875,
    "model.layers.4.self_attn.k_proj": 1220.1307373046875,
    "model.layers.4.self_attn.v_proj": 1241.6435546875,
    "model.layers.4.self_attn.o_proj": 1217.236328125,
    "model.layers.4.mlp.gate_proj": 1227.1558837890625,
    "model.layers.4.mlp.up_proj": 1208.510498046875,
    "model.layers.4.mlp.down_proj": 1229.7755126953125,
    "model.layers.5.self_attn.q_proj": 1217.0574951171875,
    "model.layers.5.self_attn.k_proj": 1225.654052734375,
    "model.layers.5.self_attn.v_proj": 1218.3802490234375,
    "model.layers.5.self_attn.o_proj": 1231.80859375,
    "model.layers.5.mlp.gate_proj": 1233.4727783203125,
    "model.layers.5.mlp.up_proj": 1229.1285400390625,
    "model.layers.5.mlp.down_proj": 1230.2781982421875,
    "model.layers.6.self_attn.q_proj": 1223.2943115234375,
    "model.layers.6.self_attn.k_proj": 1238.019287109375,
    "model.layers.6.self_attn.v_proj": 1248.06982421875,
    "model.layers.6.self_attn.o_proj": 1225.8360595703125,
    "model.layers.6.mlp.gate_proj": 1243.626220703125,
    "model.layers.6.mlp.up_proj": 1218.3187255859375,
    "model.layers.6.mlp.down_proj": 1240.8861083984375,
    "model.layers.7.self_attn.q_proj": 1217.9566650390625,
    "model.layers.7.self_attn.k_proj": 1248.120361328125,
    "model.layers.7.self_attn.v_proj": 1250.57275390625,
    "model.layers.7.self_attn.o_proj": 1204.097412109375,
    "model.layers.7.mlp.gate_proj": 1226.9622802734375,
    "model.layers.7.mlp.up_proj": 1218.4227294921875,
    "model.layers.7.mlp.down_proj": 1200.7470703125,
    "model.layers.8.self_attn.q_proj": 1225.574951171875,
    "model.layers.8.self_attn.k_proj": 1234.4404296875,
    "model.layers.8.self_attn.v_proj": 1238.2247314453125,
    "model.layers.8.self_attn.o_proj": 1224.7982177734375,
    "model.layers.8.mlp.gate_proj": 1224.900634765625,
    "model.layers.8.mlp.up_proj": 1226.15185546875,
    "model.layers.8.mlp.down_proj": 1217.85546875,
    "model.layers.9.self_attn.q_proj": 1226.844970703125,
    "model.layers.9.self_attn.k_proj": 1233.2298583984375,
    "model.layers.9.self_attn.v_proj": 1260.1385498046875,
    "model.layers.9.self_attn.o_proj": 1222.9425048828125,
    "model.layers.9.mlp.gate_proj": 1232.1903076171875,
    "model.layers.9.mlp.up_proj": 1230.7725830078125,
    "model.layers.9.mlp.down_proj": 1219.5435791015625,
    "model.layers.10.self_attn.q_proj": 1229.9720458984375,
    "model.layers.10.self_attn.k_proj": 1252.869140625,
    "model.layers.10.self_attn.v_proj": 1215.9361572265625,
    "model.layers.10.self_attn.o_proj": 1220.650634765625,
    "model.layers.10.mlp.gate_proj": 1219.95361328125,
    "model.layers.10.mlp.up_proj": 1229.0445556640625,
    "model.layers.10.mlp.down_proj": 1228.792236328125,
    "model.layers.11.self_attn.q_proj": 1240.00537109375,
    "model.layers.11.self_attn.k_proj": 1244.9300537109375,
    "model.layers.11.self_attn.v_proj": 1234.7891845703125,
    "model.layers.11.self_attn.o_proj": 1223.467529296875,
    "model.layers.11.mlp.gate_proj": 1219.307373046875,
    "model.layers.11.mlp.up_proj": 1226.6080322265625,
    "model.layers.11.mlp.down_proj": 1227.4403076171875,
    "model.layers.12.self_attn.q_proj": 1222.600341796875,
    "model.layers.12.self_attn.k_proj": 1245.0054931640625,
    "model.layers.12.self_attn.v_proj": 1261.015380859375,
    "model.layers.12.self_attn.o_proj": 1222.010498046875,
    "model.layers.12.mlp.gate_proj": 1229.7625732421875,
    "model.layers.12.mlp.up_proj": 1228.3931884765625,
    "model.layers.12.mlp.down_proj": 1236.480712890625,
    "model.layers.13.self_attn.q_proj": 1225.8668212890625,
    "model.layers.13.self_attn.k_proj": 1213.4808349609375,
    "model.layers.13.self_attn.v_proj": 1239.388427734375,
    "model.layers.13.self_attn.o_proj": 1230.0338134765625,
    "model.layers.13.mlp.gate_proj": 1210.8646240234375,
    "model.layers.13.mlp.up_proj": 1222.5146484375,
    "model.layers.13.mlp.down_proj": 1228.5126953125,
    "model.layers.14.self_attn.q_proj": 1226.60791015625,
    "model.layers.14.self_attn.k_proj": 1228.590087890625,
    "model.layers.14.self_attn.v_proj": 1219.830322265625,
    "model.layers.14.self_attn.o_proj": 1221.4947509765625,
    "model.layers.14.mlp.gate_proj": 1232.17724609375,
    "model.layers.14.mlp.up_proj": 1229.3140869140625,
    "model.layers.14.mlp.down_proj": 1226.2481689453125,
    "model.layers.15.self_attn.q_proj": 1222.7177734375,
    "model.layers.15.self_attn.k_proj": 1245.9130859375,
    "model.layers.15.self_attn.v_proj": 1257.55078125,
    "model.layers.15.self_attn.o_proj": 1224.7655029296875,
    "model.layers.15.mlp.gate_proj": 1237.0174560546875,
    "model.layers.15.mlp.up_proj": 1226.4129638671875,
    "model.layers.15.mlp.down_proj": 1224.63037109375,
    "model.layers.16.self_attn.q_proj": 1222.503662109375,
    "model.layers.16.self_attn.k_proj": 1226.583984375,
    "model.layers.16.self_attn.v_proj": 1242.684814453125,
    "model.layers.16.self_attn.o_proj": 1219.2576904296875,
    "model.layers.16.mlp.gate_proj": 1229.579833984375,
    "model.layers.16.mlp.up_proj": 1225.0103759765625,
    "model.layers.16.mlp.down_proj": 1221.509033203125,
    "model.layers.17.self_attn.q_proj": 1226.3231201171875,
    "model.layers.17.self_attn.k_proj": 1225.859130859375,
    "model.layers.17.self_attn.v_proj": 1243.8758544921875,
    "model.layers.17.self_attn.o_proj": 1221.263916015625,
    "model.layers.17.mlp.gate_proj": 1222.06201171875,
    "model.layers.17.mlp.up_proj": 1229.9991455078125,
    "model.layers.17.mlp.down_proj": 1221.9820556640625,
    "model.layers.18.self_attn.q_proj": 1224.1312255859375,
    "model.layers.18.self_attn.k_proj": 1252.4173583984375,
    "model.layers.18.self_attn.v_proj": 1240.4168701171875,
    "model.layers.18.self_attn.o_proj": 1222.8348388671875,
    "model.layers.18.mlp.gate_proj": 1227.0970458984375,
    "model.layers.18.mlp.up_proj": 1220.9176025390625,
    "model.layers.18.mlp.down_proj": 1231.531982421875,
    "model.layers.19.self_attn.q_proj": 1232.509033203125,
    "model.layers.19.self_attn.k_proj": 1221.824951171875,
    "model.layers.19.self_attn.v_proj": 1233.5767822265625,
    "model.layers.19.self_attn.o_proj": 1220.968505859375,
    "model.layers.19.mlp.gate_proj": 1221.8936767578125,
    "model.layers.19.mlp.up_proj": 1228.0040283203125,
    "model.layers.19.mlp.down_proj": 1220.527099609375,