{
    "model.layers.0.self_attn.q_proj": 1224.8516845703125,
    "model.layers.0.self_attn.k_proj": 1224.8516845703125,
    "model.layers.0.self_attn.v_proj": 1224.8516845703125,
    "model.layers.0.self_attn.o_proj": 1224.52099609375,
    "model.layers.0.mlp.gate_proj": 1224.768310546875,
    "model.layers.0.mlp.up_proj": 1225.192138671875,
    "model.layers.0.mlp.down_proj": 1224.6602783203125,
    "model.layers.1.self_attn.q_proj": 1224.7244873046875,
    "model.layers.1.self_attn.k_proj": 1224.7723388671875,
    "model.layers.1.self_attn.v_proj": 1220.6983642578125,
    "model.layers.1.self_attn.o_proj": 1221.98681640625,
    "model.layers.1.mlp.gate_proj": 1227.68359375,
    "model.layers.1.mlp.up_proj": 1225.8800048828125,
    "model.layers.1.mlp.down_proj": 1236.2669677734375,
    "model.layers.2.self_attn.q_proj": 1222.1103515625,
    "model.layers.2.self_attn.k_proj": 1226.0430908203125,
    "model.layers.2.self_attn.v_proj": 1248.0574951171875,
    "model.layers.2.self_attn.o_proj": 1215.80615234375,
    "model.layers.2.mlp.gate_proj": 1217.1966552734375,
    "model.layers.2.mlp.up_proj": 1217.56396484375,
    "model.layers.2.mlp.down_proj": 1211.16796875,
    "model.layers.3.self_attn.q_proj": 1227.625,
    "model.layers.3.self_attn.k_proj": 1220.44873046875,
    "model.layers.3.self_attn.v_proj": 1260.2030029296875,
    "model.layers.3.self_attn.o_proj": 1223.37744140625,
    "model.layers.3.mlp.gate_proj": 1232.528564453125,
    "model.layers.3.mlp.up_proj": 1206.5267333984375,
    "model.layers.3.mlp.down_proj": 1246.6182861328125,
    "model.layers.4.self_attn.q_proj": 1231.455810546875,
    "model.layers.4.self_attn.k_proj": 1216.627685546875,
    "model.layers.4.self_attn.v_proj": 1251.2275390625,
    "model.layers.4.self_attn.o_proj": 1209.8382568359375,
    "model.layers.4.mlp.gate_proj": 1230.1953125,
    "model.layers.4.mlp.up_proj": 1208.6644287109375,
    "model.layers.4.mlp.down_proj": 1231.603759765625,
    "model.layers.5.self_attn.q_proj": 1214.8902587890625,
    "model.layers.5.self_attn.k_proj": 1230.86669921875,
    "model.layers.5.self_attn.v_proj": 1226.1146240234375,
    "model.layers.5.self_attn.o_proj": 1234.828857421875,
    "model.layers.5.mlp.gate_proj": 1232.6624755859375,
    "model.layers.5.mlp.up_proj": 1231.2198486328125,
    "model.layers.5.mlp.down_proj": 1222.35400390625,
    "model.layers.6.self_attn.q_proj": 1226.27783203125,
    "model.layers.6.self_attn.k_proj": 1236.3609619140625,
    "model.layers.6.self_attn.v_proj": 1247.5579833984375,
    "model.layers.6.self_attn.o_proj": 1219.9512939453125,
    "model.layers.6.mlp.gate_proj": 1248.343017578125,
    "model.layers.6.mlp.up_proj": 1218.3897705078125,
    "model.layers.6.mlp.down_proj": 1248.98486328125,
    "model.layers.7.self_attn.q_proj": 1217.615234375,
    "model.layers.7.self_attn.k_proj": 1258.382568359375,
    "model.layers.7.self_attn.v_proj": 1271.2711181640625,
    "model.layers.7.self_attn.o_proj": 1200.060302734375,
    "model.layers.7.mlp.gate_proj": 1234.136474609375,
    "model.layers.7.mlp.up_proj": 1210.3726806640625,
    "model.layers.7.mlp.down_proj": 1197.1820068359375,
    "model.layers.8.self_attn.q_proj": 1221.7391357421875,
    "model.layers.8.self_attn.k_proj": 1245.6392822265625,
    "model.layers.8.self_attn.v_proj": 1258.869140625,
    "model.layers.8.self_attn.o_proj": 1223.590576171875,
    "model.layers.8.mlp.gate_proj": 1226.9957275390625,
    "model.layers.8.mlp.up_proj": 1226.5394287109375,
    "model.layers.8.mlp.down_proj": 1221.85888671875,
    "model.layers.9.self_attn.q_proj": 1228.3189697265625,
    "model.layers.9.self_attn.k_proj": 1242.9610595703125,
    "model.layers.9.self_attn.v_proj": 1274.613525390625,
    "model.layers.9.self_attn.o_proj": 1210.87890625,
    "model.layers.9.mlp.gate_proj": 1233.0474853515625,
    "model.layers.9.mlp.up_proj": 1228.5732421875,
    "model.layers.9.mlp.down_proj": 1217.134033203125,
    "model.layers.10.self_attn.q_proj": 1232.49609375,
    "model.layers.10.self_attn.k_proj": 1269.3468017578125,
    "model.layers.10.self_attn.v_proj": 1216.0908203125,
    "model.layers.10.self_attn.o_proj": 1226.892578125,
    "model.layers.10.mlp.gate_proj": 1220.31591796875,
    "model.layers.10.mlp.up_proj": 1235.3961181640625,
    "model.layers.10.mlp.down_proj": 1229.4742431640625,
    "model.layers.11.self_attn.q_proj": 1243.7872314453125,
    "model.layers.11.self_attn.k_proj": 1255.81298828125,
    "model.layers.11.self_attn.v_proj": 1234.1513671875,
    "model.layers.11.self_attn.o_proj": 1225.1475830078125,
    "model.layers.11.mlp.gate_proj": 1219.08447265625,
    "model.layers.11.mlp.up_proj": 1237.7904052734375,
    "model.layers.11.mlp.down_proj": 1233.8829345703125,
    "model.layers.12.self_attn.q_proj": 1218.3175048828125,
    "model.layers.12.self_attn.k_proj": 1261.5596923828125,
    "model.layers.12.self_attn.v_proj": 1280.851806640625,
    "model.layers.12.self_attn.o_proj": 1216.5999755859375,
    "model.layers.12.mlp.gate_proj": 1236.58935546875,
    "model.layers.12.mlp.up_proj": 1230.1102294921875,
    "model.layers.12.mlp.down_proj": 1243.412353515625,
    "model.layers.13.self_attn.q_proj": 1230.8648681640625,
    "model.layers.13.self_attn.k_proj": 1210.900390625,
    "model.layers.13.self_attn.v_proj": 1246.33251953125,
    "model.layers.13.self_attn.o_proj": 1234.326171875,
    "model.layers.13.mlp.gate_proj": 1203.1239013671875,
    "model.layers.13.mlp.up_proj": 1226.127197265625,
    "model.layers.13.mlp.down_proj": 1232.467041015625,
    "model.layers.14.self_attn.q_proj": 1225.1575927734375,
    "model.layers.14.self_attn.k_proj": 1225.933349609375,
    "model.layers.14.self_attn.v_proj": 1230.87353515625,
    "model.layers.14.self_attn.o_proj": 1219.878173828125,
    "model.layers.14.mlp.gate_proj": 1236.28564453125,
    "model.layers.14.mlp.up_proj": 1230.2216796875,
    "model.layers.14.mlp.down_proj": 1221.7330322265625,
    "model.layers.15.self_attn.q_proj": 1224.151123046875,
    "model.layers.15.self_attn.k_proj": 1254.7889404296875,
    "model.layers.15.self_attn.v_proj": 1266.974609375,
    "model.layers.15.self_attn.o_proj": 1225.7919921875,
    "model.layers.15.mlp.gate_proj": 1245.342529296875,
    "model.layers.15.mlp.up_proj": 1229.0296630859375,
    "model.layers.15.mlp.down_proj": 1220.1478271484375,
    "model.layers.16.self_attn.q_proj": 1220.50830078125,
    "model.layers.16.self_attn.k_proj": 1228.124755859375,
    "model.layers.16.self_attn.v_proj": 1253.1641845703125,
    "model.layers.16.self_attn.o_proj": 1216.552734375,
    "model.layers.16.mlp.gate_proj": 1234.38818359375,
    "model.layers.16.mlp.up_proj": 1217.6717529296875,
    "model.layers.16.mlp.down_proj": 1220.9500732421875,
    "model.layers.17.self_attn.q_proj": 1225.8658447265625,
    "model.layers.17.self_attn.k_proj": 1229.500244140625,
    "model.layers.17.self_attn.v_proj": 1248.6717529296875,
    "model.layers.17.self_attn.o_proj": 1216.296630859375,
    "model.layers.17.mlp.gate_proj": 1218.282958984375,
    "model.layers.17.mlp.up_proj": 1232.289306640625,
    "model.layers.17.mlp.down_proj": 1226.614990234375,
    "model.layers.18.self_attn.q_proj": 1225.9534912109375,
    "model.layers.18.self_attn.k_proj": 1267.4962158203125,
    "model.layers.18.self_attn.v_proj": 1256.6119384765625,
    "model.layers.18.self_attn.o_proj": 1225.0423583984375,
    "model.layers.18.mlp.gate_proj": 1228.59326171875,
    "model.layers.18.mlp.up_proj": 1215.7977294921875,
    "model.layers.18.mlp.down_proj": 1226.7757568359375,
    "model.layers.19.self_attn.q_proj": 1237.0791015625,
    "model.layers.19.self_attn.k_proj": 1222.6630859375,
    "model.layers.19.self_attn.v_proj": 1241.6522216796875,
    "model.layers.19.self_attn.o_proj": 1225.3782958984375,
    "model.layers.19.mlp.gate_proj": 1230.7047119140625,
    "model.layers.19.mlp.up_proj": 1234.720458984375,
    "model.layers.19.mlp.down_proj": 1215.4786376953125,