{
    "model.layers.0.self_attn.q_proj": 608.335693359375,
    "model.layers.0.self_attn.k_proj": 608.6436767578125,
    "model.layers.0.self_attn.v_proj": 619.9143676757812,
    "model.layers.0.self_attn.o_proj": 609.0902709960938,
    "model.layers.0.mlp.gate_proj": 889.5587768554688,
    "model.layers.0.mlp.up_proj": 890.7529296875,
    "model.layers.0.mlp.down_proj": 894.9707641601562,
    "model.layers.1.self_attn.q_proj": 605.6458129882812,
    "model.layers.1.self_attn.k_proj": 604.87451171875,
    "model.layers.1.self_attn.v_proj": 621.7758178710938,
    "model.layers.1.self_attn.o_proj": 603.9974975585938,
    "model.layers.1.mlp.gate_proj": 901.8535766601562,
    "model.layers.1.mlp.up_proj": 886.3790283203125,
    "model.layers.1.mlp.down_proj": 902.237060546875,
    "model.layers.2.self_attn.q_proj": 605.283447265625,
    "model.layers.2.self_attn.k_proj": 612.8887939453125,
    "model.layers.2.self_attn.v_proj": 628.8934326171875,
    "model.layers.2.self_attn.o_proj": 596.3289184570312,
    "model.layers.2.mlp.gate_proj": 903.4374389648438,
    "model.layers.2.mlp.up_proj": 893.873291015625,
    "model.layers.2.mlp.down_proj": 930.0599975585938,
    "model.layers.3.self_attn.q_proj": 633.2000732421875,
    "model.layers.3.self_attn.k_proj": 600.2037353515625,
    "model.layers.3.self_attn.v_proj": 628.4448852539062,
    "model.layers.3.self_attn.o_proj": 659.590576171875,
    "model.layers.3.mlp.gate_proj": 897.518310546875,
    "model.layers.3.mlp.up_proj": 910.8366088867188,
    "model.layers.3.mlp.down_proj": 947.0139770507812,
    "model.layers.4.self_attn.q_proj": 629.0026245117188,
    "model.layers.4.self_attn.k_proj": 596.3916015625,
    "model.layers.4.self_attn.v_proj": 695.6742553710938,
    "model.layers.4.self_attn.o_proj": 611.7035522460938,
    "model.layers.4.mlp.gate_proj": 896.1571044921875,
    "model.layers.4.mlp.up_proj": 905.696533203125,
    "model.layers.4.mlp.down_proj": 851.6677856445312,
    "model.layers.5.self_attn.q_proj": 610.67041015625,
    "model.layers.5.self_attn.k_proj": 616.2744750976562,
    "model.layers.5.self_attn.v_proj": 669.2179565429688,
    "model.layers.5.self_attn.o_proj": 642.2413940429688,
    "model.layers.5.mlp.gate_proj": 915.0520629882812,
    "model.layers.5.mlp.up_proj": 851.0922241210938,
    "model.layers.5.mlp.down_proj": 861.1763916015625,
    "model.layers.6.self_attn.q_proj": 596.0534057617188,
    "model.layers.6.self_attn.k_proj": 621.5596923828125,
    "model.layers.6.self_attn.v_proj": 678.2921752929688,
    "model.layers.6.self_attn.o_proj": 609.3873901367188,
    "model.layers.6.mlp.gate_proj": 879.0545043945312,
    "model.layers.6.mlp.up_proj": 903.3301391601562,
    "model.layers.6.mlp.down_proj": 882.7471923828125,
    "model.layers.7.self_attn.q_proj": 609.7100830078125,
    "model.layers.7.self_attn.k_proj": 648.7179565429688,
    "model.layers.7.self_attn.v_proj": 679.62841796875,
    "model.layers.7.self_attn.o_proj": 625.8419799804688,
    "model.layers.7.mlp.gate_proj": 888.2061767578125,
    "model.layers.7.mlp.up_proj": 862.8424072265625,
    "model.layers.7.mlp.down_proj": 902.2774047851562,
    "model.layers.8.self_attn.q_proj": 605.6078491210938,
    "model.layers.8.self_attn.k_proj": 632.116943359375,
    "model.layers.8.self_attn.v_proj": 684.6640625,
    "model.layers.8.self_attn.o_proj": 623.1936645507812,
    "model.layers.8.mlp.gate_proj": 900.0211791992188,
    "model.layers.8.mlp.up_proj": 862.7442626953125,
    "model.layers.8.mlp.down_proj": 863.0950927734375,
    "model.layers.9.self_attn.q_proj": 609.3885498046875,
    "model.layers.9.self_attn.k_proj": 627.2296142578125,
    "model.layers.9.self_attn.v_proj": 637.2255249023438,
    "model.layers.9.self_attn.o_proj": 611.4696655273438,
    "model.layers.9.mlp.gate_proj": 905.9368286132812,
    "model.layers.9.mlp.up_proj": 891.9986572265625,
    "model.layers.9.mlp.down_proj": 877.1552124023438,
    "model.layers.10.self_attn.q_proj": 600.1583862304688,
    "model.layers.10.self_attn.k_proj": 647.7838745117188,
    "model.layers.10.self_attn.v_proj": 589.7874755859375,
    "model.layers.10.self_attn.o_proj": 596.1892700195312,
    "model.layers.10.mlp.gate_proj": 905.6517333984375,
    "model.layers.10.mlp.up_proj": 873.4158325195312,
    "model.layers.10.mlp.down_proj": 907.1421508789062,
    "model.layers.11.self_attn.q_proj": 608.7393188476562,
    "model.layers.11.self_attn.k_proj": 643.5714721679688,
    "model.layers.11.self_attn.v_proj": 615.680908203125,
    "model.layers.11.self_attn.o_proj": 580.16064453125,
    "model.layers.11.mlp.gate_proj": 891.945068359375,
    "model.layers.11.mlp.up_proj": 901.321533203125,
    "model.layers.11.mlp.down_proj": 886.6146850585938,
    "model.layers.12.self_attn.q_proj": 607.8599243164062,
    "model.layers.12.self_attn.k_proj": 613.0486450195312,
    "model.layers.12.self_attn.v_proj": 621.70166015625,
    "model.layers.12.self_attn.o_proj": 601.756591796875,
    "model.layers.12.mlp.gate_proj": 910.1566162109375,
    "model.layers.12.mlp.up_proj": 874.2963256835938,
    "model.layers.12.mlp.down_proj": 889.5740356445312,
    "model.layers.13.self_attn.q_proj": 642.616943359375,
    "model.layers.13.self_attn.k_proj": 625.7916259765625,
    "model.layers.13.self_attn.v_proj": 642.8095703125,
    "model.layers.13.self_attn.o_proj": 609.1650390625,
    "model.layers.13.mlp.gate_proj": 897.6975708007812,
    "model.layers.13.mlp.up_proj": 897.9555053710938,
    "model.layers.13.mlp.down_proj": 910.7642822265625,
    "model.layers.14.self_attn.q_proj": 605.522705078125,
    "model.layers.14.self_attn.k_proj": 600.4432373046875,
    "model.layers.14.self_attn.v_proj": 611.7018432617188,
    "model.layers.14.self_attn.o_proj": 588.7141723632812,
    "model.layers.14.mlp.gate_proj": 882.7269287109375,
    "model.layers.14.mlp.up_proj": 882.40869140625,
    "model.layers.14.mlp.down_proj": 903.6329345703125,
    "model.layers.15.self_attn.q_proj": 612.903076171875,
    "model.layers.15.self_attn.k_proj": 625.5996704101562,
    "model.layers.15.self_attn.v_proj": 655.9814453125,
    "model.layers.15.self_attn.o_proj": 616.0738525390625,
    "model.layers.15.mlp.gate_proj": 900.6065673828125,
    "model.layers.15.mlp.up_proj": 892.5805053710938,
    "model.layers.15.mlp.down_proj": 901.7044067382812,
    "model.layers.16.self_attn.q_proj": 617.589111328125,
    "model.layers.16.self_attn.k_proj": 604.96435546875,
    "model.layers.16.self_attn.v_proj": 638.9772338867188,
    "model.layers.16.self_attn.o_proj": 573.886474609375,
    "model.layers.16.mlp.gate_proj": 890.2805786132812,
    "model.layers.16.mlp.up_proj": 893.303955078125,
    "model.layers.16.mlp.down_proj": 917.5779418945312,
    "model.layers.17.self_attn.q_proj": 607.059326171875,
    "model.layers.17.self_attn.k_proj": 616.8170166015625,
    "model.layers.17.self_attn.v_proj": 634.1470947265625,
    "model.layers.17.self_attn.o_proj": 590.8069458007812,
    "model.layers.17.mlp.gate_proj": 894.010986328125,
    "model.layers.17.mlp.up_proj": 895.0220947265625,
    "model.layers.17.mlp.down_proj": 893.6719970703125,
    "model.layers.18.self_attn.q_proj": 611.01318359375,
    "model.layers.18.self_attn.k_proj": 611.864990234375,
    "model.layers.18.self_attn.v_proj": 620.994873046875,
    "model.layers.18.self_attn.o_proj": 592.8834838867188,
    "model.layers.18.mlp.gate_proj": 888.9364624023438,
    "model.layers.18.mlp.up_proj": 897.0941772460938,
    "model.layers.18.mlp.down_proj": 904.4108276367188,
    "model.layers.19.self_attn.q_proj": 613.0457153320312,
    "model.layers.19.self_attn.k_proj": 603.1165161132812,
    "model.layers.19.self_attn.v_proj": 623.6219482421875,
    "model.layers.19.self_attn.o_proj": 607.141845703125,
    "model.layers.19.mlp.gate_proj": 893.0548706054688,
    "model.layers.19.mlp.up_proj": 892.923583984375,
    "model.layers.19.mlp.down_proj": 899.531494140625,
    "model.layers.20.self_attn.q_proj": 608.1083984375,