{
    "model.layers.0.self_attn.q_proj": 611.2472534179688,
    "model.layers.0.self_attn.k_proj": 611.330810546875,
    "model.layers.0.self_attn.v_proj": 617.0084838867188,
    "model.layers.0.self_attn.o_proj": 611.3613891601562,
    "model.layers.0.mlp.gate_proj": 891.1219482421875,
    "model.layers.0.mlp.up_proj": 893.9320068359375,
    "model.layers.0.mlp.down_proj": 895.640625,
    "model.layers.1.self_attn.q_proj": 609.5382080078125,
    "model.layers.1.self_attn.k_proj": 608.4967041015625,
    "model.layers.1.self_attn.v_proj": 628.3718872070312,
    "model.layers.1.self_attn.o_proj": 604.4968872070312,
    "model.layers.1.mlp.gate_proj": 900.6589965820312,
    "model.layers.1.mlp.up_proj": 891.9393920898438,
    "model.layers.1.mlp.down_proj": 902.7744140625,
    "model.layers.2.self_attn.q_proj": 610.331787109375,
    "model.layers.2.self_attn.k_proj": 612.3438110351562,
    "model.layers.2.self_attn.v_proj": 622.177734375,
    "model.layers.2.self_attn.o_proj": 598.3984375,
    "model.layers.2.mlp.gate_proj": 903.1948852539062,
    "model.layers.2.mlp.up_proj": 898.0681762695312,
    "model.layers.2.mlp.down_proj": 918.810791015625,
    "model.layers.3.self_attn.q_proj": 624.2345581054688,
    "model.layers.3.self_attn.k_proj": 602.2738647460938,
    "model.layers.3.self_attn.v_proj": 625.6749877929688,
    "model.layers.3.self_attn.o_proj": 641.0678100585938,
    "model.layers.3.mlp.gate_proj": 901.9814453125,
    "model.layers.3.mlp.up_proj": 904.7792358398438,
    "model.layers.3.mlp.down_proj": 933.6055297851562,
    "model.layers.4.self_attn.q_proj": 631.6090087890625,
    "model.layers.4.self_attn.k_proj": 596.3536376953125,
    "model.layers.4.self_attn.v_proj": 673.447265625,
    "model.layers.4.self_attn.o_proj": 609.0111083984375,
    "model.layers.4.mlp.gate_proj": 906.0299682617188,
    "model.layers.4.mlp.up_proj": 906.052734375,
    "model.layers.4.mlp.down_proj": 858.5508422851562,
    "model.layers.5.self_attn.q_proj": 620.5613403320312,
    "model.layers.5.self_attn.k_proj": 611.621337890625,
    "model.layers.5.self_attn.v_proj": 676.2408447265625,
    "model.layers.5.self_attn.o_proj": 640.4547729492188,
    "model.layers.5.mlp.gate_proj": 898.98779296875,
    "model.layers.5.mlp.up_proj": 862.5107421875,
    "model.layers.5.mlp.down_proj": 869.959716796875,
    "model.layers.6.self_attn.q_proj": 617.0272827148438,
    "model.layers.6.self_attn.k_proj": 622.8242797851562,
    "model.layers.6.self_attn.v_proj": 654.9868774414062,
    "model.layers.6.self_attn.o_proj": 603.6688842773438,
    "model.layers.6.mlp.gate_proj": 869.5011596679688,
    "model.layers.6.mlp.up_proj": 894.646728515625,
    "model.layers.6.mlp.down_proj": 887.0308227539062,
    "model.layers.7.self_attn.q_proj": 613.7761840820312,
    "model.layers.7.self_attn.k_proj": 633.6414184570312,
    "model.layers.7.self_attn.v_proj": 660.291259765625,
    "model.layers.7.self_attn.o_proj": 632.2503662109375,
    "model.layers.7.mlp.gate_proj": 890.2012939453125,
    "model.layers.7.mlp.up_proj": 859.3890380859375,
    "model.layers.7.mlp.down_proj": 893.5371704101562,
    "model.layers.8.self_attn.q_proj": 606.1121215820312,
    "model.layers.8.self_attn.k_proj": 631.5208129882812,
    "model.layers.8.self_attn.v_proj": 651.9954833984375,
    "model.layers.8.self_attn.o_proj": 619.1289672851562,
    "model.layers.8.mlp.gate_proj": 894.4295043945312,
    "model.layers.8.mlp.up_proj": 869.1091918945312,
    "model.layers.8.mlp.down_proj": 861.7421264648438,
    "model.layers.9.self_attn.q_proj": 607.631591796875,
    "model.layers.9.self_attn.k_proj": 625.2207641601562,
    "model.layers.9.self_attn.v_proj": 644.4141845703125,
    "model.layers.9.self_attn.o_proj": 633.10986328125,
    "model.layers.9.mlp.gate_proj": 906.6510620117188,
    "model.layers.9.mlp.up_proj": 905.0286865234375,
    "model.layers.9.mlp.down_proj": 884.3184814453125,
    "model.layers.10.self_attn.q_proj": 606.5477294921875,
    "model.layers.10.self_attn.k_proj": 644.7998046875,
    "model.layers.10.self_attn.v_proj": 592.0222778320312,
    "model.layers.10.self_attn.o_proj": 603.2656860351562,
    "model.layers.10.mlp.gate_proj": 903.3922729492188,
    "model.layers.10.mlp.up_proj": 886.542236328125,
    "model.layers.10.mlp.down_proj": 893.596923828125,
    "model.layers.11.self_attn.q_proj": 607.7229614257812,
    "model.layers.11.self_attn.k_proj": 635.3646850585938,
    "model.layers.11.self_attn.v_proj": 619.108642578125,
    "model.layers.11.self_attn.o_proj": 594.3075561523438,
    "model.layers.11.mlp.gate_proj": 893.499755859375,
    "model.layers.11.mlp.up_proj": 899.996337890625,
    "model.layers.11.mlp.down_proj": 892.703125,
    "model.layers.12.self_attn.q_proj": 611.790771484375,
    "model.layers.12.self_attn.k_proj": 618.5631713867188,
    "model.layers.12.self_attn.v_proj": 622.1425170898438,
    "model.layers.12.self_attn.o_proj": 603.009033203125,
    "model.layers.12.mlp.gate_proj": 911.7349243164062,
    "model.layers.12.mlp.up_proj": 877.4963989257812,
    "model.layers.12.mlp.down_proj": 887.5885009765625,
    "model.layers.13.self_attn.q_proj": 639.2722778320312,
    "model.layers.13.self_attn.k_proj": 623.212646484375,
    "model.layers.13.self_attn.v_proj": 639.7571411132812,
    "model.layers.13.self_attn.o_proj": 610.079833984375,
    "model.layers.13.mlp.gate_proj": 899.0477294921875,
    "model.layers.13.mlp.up_proj": 899.3712158203125,
    "model.layers.13.mlp.down_proj": 907.36181640625,
    "model.layers.14.self_attn.q_proj": 610.73486328125,
    "model.layers.14.self_attn.k_proj": 609.3212280273438,
    "model.layers.14.self_attn.v_proj": 616.7083740234375,
    "model.layers.14.self_attn.o_proj": 607.173828125,
    "model.layers.14.mlp.gate_proj": 886.2853393554688,
    "model.layers.14.mlp.up_proj": 886.8328857421875,
    "model.layers.14.mlp.down_proj": 902.2306518554688,
    "model.layers.15.self_attn.q_proj": 614.166259765625,
    "model.layers.15.self_attn.k_proj": 622.6165161132812,
    "model.layers.15.self_attn.v_proj": 652.8297119140625,
    "model.layers.15.self_attn.o_proj": 615.2881469726562,
    "model.layers.15.mlp.gate_proj": 901.1271362304688,
    "model.layers.15.mlp.up_proj": 896.6119384765625,
    "model.layers.15.mlp.down_proj": 900.2432250976562,
    "model.layers.16.self_attn.q_proj": 615.891357421875,
    "model.layers.16.self_attn.k_proj": 607.1288452148438,
    "model.layers.16.self_attn.v_proj": 631.6256103515625,
    "model.layers.16.self_attn.o_proj": 590.2857666015625,
    "model.layers.16.mlp.gate_proj": 892.6480102539062,
    "model.layers.16.mlp.up_proj": 892.6372680664062,
    "model.layers.16.mlp.down_proj": 911.151123046875,
    "model.layers.17.self_attn.q_proj": 612.554931640625,
    "model.layers.17.self_attn.k_proj": 619.0123901367188,
    "model.layers.17.self_attn.v_proj": 622.000244140625,
    "model.layers.17.self_attn.o_proj": 594.6824340820312,
    "model.layers.17.mlp.gate_proj": 895.8837280273438,
    "model.layers.17.mlp.up_proj": 897.3802490234375,
    "model.layers.17.mlp.down_proj": 892.3627319335938,
    "model.layers.18.self_attn.q_proj": 614.032958984375,
    "model.layers.18.self_attn.k_proj": 612.9248046875,
    "model.layers.18.self_attn.v_proj": 619.5317993164062,
    "model.layers.18.self_attn.o_proj": 602.3358154296875,
    "model.layers.18.mlp.gate_proj": 891.6041259765625,
    "model.layers.18.mlp.up_proj": 901.3954467773438,
    "model.layers.18.mlp.down_proj": 902.6728515625,
    "model.layers.19.self_attn.q_proj": 614.9071655273438,
    "model.layers.19.self_attn.k_proj": 608.0165405273438,
    "model.layers.19.self_attn.v_proj": 618.6714477539062,
    "model.layers.19.self_attn.o_proj": 609.1257934570312,
    "model.layers.19.mlp.gate_proj": 894.669921875,
    "model.layers.19.mlp.up_proj": 893.274658203125,
    "model.layers.19.mlp.down_proj": 898.1389770507812,
    "model.layers.20.self_attn.q_proj": 612.2996215820312,
    "model.layers.20.self_attn.k_proj": 604.4382934570312,