{
    "model.layers.0.self_attn.q_proj": 606.3114013671875,
    "model.layers.0.self_attn.k_proj": 607.2608032226562,
    "model.layers.0.self_attn.v_proj": 619.3451538085938,
    "model.layers.0.self_attn.o_proj": 607.8992919921875,
    "model.layers.0.mlp.gate_proj": 889.3868408203125,
    "model.layers.0.mlp.up_proj": 888.9885864257812,
    "model.layers.0.mlp.down_proj": 905.1691284179688,
    "model.layers.1.self_attn.q_proj": 602.6533203125,
    "model.layers.1.self_attn.k_proj": 602.9014892578125,
    "model.layers.1.self_attn.v_proj": 620.6962280273438,
    "model.layers.1.self_attn.o_proj": 595.1802978515625,
    "model.layers.1.mlp.gate_proj": 903.1494140625,
    "model.layers.1.mlp.up_proj": 885.689208984375,
    "model.layers.1.mlp.down_proj": 901.056396484375,
    "model.layers.2.self_attn.q_proj": 604.73486328125,
    "model.layers.2.self_attn.k_proj": 622.697998046875,
    "model.layers.2.self_attn.v_proj": 657.0942993164062,
    "model.layers.2.self_attn.o_proj": 604.5451049804688,
    "model.layers.2.mlp.gate_proj": 902.5806274414062,
    "model.layers.2.mlp.up_proj": 903.6488647460938,
    "model.layers.2.mlp.down_proj": 938.7526245117188,
    "model.layers.3.self_attn.q_proj": 646.6488647460938,
    "model.layers.3.self_attn.k_proj": 595.5012817382812,
    "model.layers.3.self_attn.v_proj": 631.7711181640625,
    "model.layers.3.self_attn.o_proj": 656.8487548828125,
    "model.layers.3.mlp.gate_proj": 901.8500366210938,
    "model.layers.3.mlp.up_proj": 917.5050659179688,
    "model.layers.3.mlp.down_proj": 955.3700561523438,
    "model.layers.4.self_attn.q_proj": 629.4730834960938,
    "model.layers.4.self_attn.k_proj": 610.2149658203125,
    "model.layers.4.self_attn.v_proj": 721.2144165039062,
    "model.layers.4.self_attn.o_proj": 604.5107421875,
    "model.layers.4.mlp.gate_proj": 898.5420532226562,
    "model.layers.4.mlp.up_proj": 891.4521484375,
    "model.layers.4.mlp.down_proj": 862.0308837890625,
    "model.layers.5.self_attn.q_proj": 599.4779052734375,
    "model.layers.5.self_attn.k_proj": 623.5626220703125,
    "model.layers.5.self_attn.v_proj": 667.2350463867188,
    "model.layers.5.self_attn.o_proj": 659.3221435546875,
    "model.layers.5.mlp.gate_proj": 923.6187744140625,
    "model.layers.5.mlp.up_proj": 849.277099609375,
    "model.layers.5.mlp.down_proj": 865.3218994140625,
    "model.layers.6.self_attn.q_proj": 564.6380615234375,
    "model.layers.6.self_attn.k_proj": 626.3051147460938,
    "model.layers.6.self_attn.v_proj": 691.1222534179688,
    "model.layers.6.self_attn.o_proj": 594.3099975585938,
    "model.layers.6.mlp.gate_proj": 870.853271484375,
    "model.layers.6.mlp.up_proj": 908.8704223632812,
    "model.layers.6.mlp.down_proj": 889.7150268554688,
    "model.layers.7.self_attn.q_proj": 612.32373046875,
    "model.layers.7.self_attn.k_proj": 671.7305297851562,
    "model.layers.7.self_attn.v_proj": 695.1441040039062,
    "model.layers.7.self_attn.o_proj": 626.2640991210938,
    "model.layers.7.mlp.gate_proj": 881.6676635742188,
    "model.layers.7.mlp.up_proj": 875.22216796875,
    "model.layers.7.mlp.down_proj": 911.931884765625,
    "model.layers.8.self_attn.q_proj": 600.8858642578125,
    "model.layers.8.self_attn.k_proj": 638.4072875976562,
    "model.layers.8.self_attn.v_proj": 698.1940307617188,
    "model.layers.8.self_attn.o_proj": 623.1793212890625,
    "model.layers.8.mlp.gate_proj": 903.9683837890625,
    "model.layers.8.mlp.up_proj": 863.76171875,
    "model.layers.8.mlp.down_proj": 855.09033203125,
    "model.layers.9.self_attn.q_proj": 604.0834350585938,
    "model.layers.9.self_attn.k_proj": 632.8201904296875,
    "model.layers.9.self_attn.v_proj": 630.29150390625,
    "model.layers.9.self_attn.o_proj": 576.7994384765625,
    "model.layers.9.mlp.gate_proj": 907.2628784179688,
    "model.layers.9.mlp.up_proj": 887.8675537109375,
    "model.layers.9.mlp.down_proj": 874.2870483398438,
    "model.layers.10.self_attn.q_proj": 598.2769165039062,
    "model.layers.10.self_attn.k_proj": 650.940673828125,
    "model.layers.10.self_attn.v_proj": 583.0396728515625,
    "model.layers.10.self_attn.o_proj": 589.8086547851562,
    "model.layers.10.mlp.gate_proj": 909.5770874023438,
    "model.layers.10.mlp.up_proj": 858.9722290039062,
    "model.layers.10.mlp.down_proj": 922.4646606445312,
    "model.layers.11.self_attn.q_proj": 606.4305419921875,
    "model.layers.11.self_attn.k_proj": 657.8740234375,
    "model.layers.11.self_attn.v_proj": 612.1088256835938,
    "model.layers.11.self_attn.o_proj": 561.4216918945312,
    "model.layers.11.mlp.gate_proj": 889.4309692382812,
    "model.layers.11.mlp.up_proj": 896.1411743164062,
    "model.layers.11.mlp.down_proj": 875.2044067382812,
    "model.layers.12.self_attn.q_proj": 603.5247192382812,
    "model.layers.12.self_attn.k_proj": 620.0853881835938,
    "model.layers.12.self_attn.v_proj": 629.0460205078125,
    "model.layers.12.self_attn.o_proj": 589.970458984375,
    "model.layers.12.mlp.gate_proj": 911.0885620117188,
    "model.layers.12.mlp.up_proj": 866.5663452148438,
    "model.layers.12.mlp.down_proj": 896.9463500976562,
    "model.layers.13.self_attn.q_proj": 637.9888305664062,
    "model.layers.13.self_attn.k_proj": 628.3865356445312,
    "model.layers.13.self_attn.v_proj": 649.1258544921875,
    "model.layers.13.self_attn.o_proj": 607.5725708007812,
    "model.layers.13.mlp.gate_proj": 898.0089111328125,
    "model.layers.13.mlp.up_proj": 898.0014038085938,
    "model.layers.13.mlp.down_proj": 919.56494140625,
    "model.layers.14.self_attn.q_proj": 600.3040771484375,
    "model.layers.14.self_attn.k_proj": 589.9656372070312,
    "model.layers.14.self_attn.v_proj": 626.3939819335938,
    "model.layers.14.self_attn.o_proj": 567.7234497070312,
    "model.layers.14.mlp.gate_proj": 882.4812622070312,
    "model.layers.14.mlp.up_proj": 884.1749267578125,
    "model.layers.14.mlp.down_proj": 904.8817138671875,
    "model.layers.15.self_attn.q_proj": 612.6607055664062,
    "model.layers.15.self_attn.k_proj": 640.07275390625,
    "model.layers.15.self_attn.v_proj": 664.2169799804688,
    "model.layers.15.self_attn.o_proj": 619.4855346679688,
    "model.layers.15.mlp.gate_proj": 900.7459716796875,
    "model.layers.15.mlp.up_proj": 891.1956787109375,
    "model.layers.15.mlp.down_proj": 904.6632080078125,
    "model.layers.16.self_attn.q_proj": 618.9036254882812,
    "model.layers.16.self_attn.k_proj": 602.5897216796875,
    "model.layers.16.self_attn.v_proj": 650.525390625,
    "model.layers.16.self_attn.o_proj": 549.467529296875,
    "model.layers.16.mlp.gate_proj": 889.7255859375,
    "model.layers.16.mlp.up_proj": 895.7600708007812,
    "model.layers.16.mlp.down_proj": 925.91845703125,
    "model.layers.17.self_attn.q_proj": 605.100341796875,
    "model.layers.17.self_attn.k_proj": 614.521240234375,
    "model.layers.17.self_attn.v_proj": 649.8119506835938,
    "model.layers.17.self_attn.o_proj": 581.9636840820312,
    "model.layers.17.mlp.gate_proj": 896.609130859375,
    "model.layers.17.mlp.up_proj": 899.7570190429688,
    "model.layers.17.mlp.down_proj": 893.0090942382812,
    "model.layers.18.self_attn.q_proj": 607.0484008789062,
    "model.layers.18.self_attn.k_proj": 611.1036987304688,
    "model.layers.18.self_attn.v_proj": 630.8429565429688,
    "model.layers.18.self_attn.o_proj": 586.7647094726562,
    "model.layers.18.mlp.gate_proj": 887.5255126953125,
    "model.layers.18.mlp.up_proj": 896.2581176757812,
    "model.layers.18.mlp.down_proj": 911.941162109375,
    "model.layers.19.self_attn.q_proj": 613.9072265625,
    "model.layers.19.self_attn.k_proj": 596.6643676757812,
    "model.layers.19.self_attn.v_proj": 633.1771850585938,
    "model.layers.19.self_attn.o_proj": 607.082275390625,
    "model.layers.19.mlp.gate_proj": 893.231689453125,
    "model.layers.19.mlp.up_proj": 894.4826049804688,
    "model.layers.19.mlp.down_proj": 904.4530029296875,
    "model.layers.20.self_attn.q_proj": 609.052490234375,