{
    "model.layers.0.self_attn.q_proj": 606.6111450195312,
    "model.layers.0.self_attn.k_proj": 607.4182739257812,
    "model.layers.0.self_attn.v_proj": 619.3643188476562,
    "model.layers.0.self_attn.o_proj": 608.0713500976562,
    "model.layers.0.mlp.gate_proj": 889.253173828125,
    "model.layers.0.mlp.up_proj": 889.1759643554688,
    "model.layers.0.mlp.down_proj": 903.56591796875,
    "model.layers.1.self_attn.q_proj": 603.7608032226562,
    "model.layers.1.self_attn.k_proj": 602.9430541992188,
    "model.layers.1.self_attn.v_proj": 621.0145874023438,
    "model.layers.1.self_attn.o_proj": 596.2738647460938,
    "model.layers.1.mlp.gate_proj": 903.0458374023438,
    "model.layers.1.mlp.up_proj": 885.6171875,
    "model.layers.1.mlp.down_proj": 900.3994140625,
    "model.layers.2.self_attn.q_proj": 604.0044555664062,
    "model.layers.2.self_attn.k_proj": 620.393798828125,
    "model.layers.2.self_attn.v_proj": 652.3358764648438,
    "model.layers.2.self_attn.o_proj": 603.37060546875,
    "model.layers.2.mlp.gate_proj": 902.4205322265625,
    "model.layers.2.mlp.up_proj": 901.1901245117188,
    "model.layers.2.mlp.down_proj": 937.2694091796875,
    "model.layers.3.self_attn.q_proj": 638.6873779296875,
    "model.layers.3.self_attn.k_proj": 596.0223388671875,
    "model.layers.3.self_attn.v_proj": 631.3995971679688,
    "model.layers.3.self_attn.o_proj": 659.7767944335938,
    "model.layers.3.mlp.gate_proj": 900.3939819335938,
    "model.layers.3.mlp.up_proj": 918.7754516601562,
    "model.layers.3.mlp.down_proj": 955.5800170898438,
    "model.layers.4.self_attn.q_proj": 628.901611328125,
    "model.layers.4.self_attn.k_proj": 607.239501953125,
    "model.layers.4.self_attn.v_proj": 714.3217163085938,
    "model.layers.4.self_attn.o_proj": 608.3844604492188,
    "model.layers.4.mlp.gate_proj": 897.5636596679688,
    "model.layers.4.mlp.up_proj": 893.54248046875,
    "model.layers.4.mlp.down_proj": 850.6710205078125,
    "model.layers.5.self_attn.q_proj": 601.9945678710938,
    "model.layers.5.self_attn.k_proj": 621.7371826171875,
    "model.layers.5.self_attn.v_proj": 666.623291015625,
    "model.layers.5.self_attn.o_proj": 654.480712890625,
    "model.layers.5.mlp.gate_proj": 922.7162475585938,
    "model.layers.5.mlp.up_proj": 845.9122314453125,
    "model.layers.5.mlp.down_proj": 865.3282470703125,
    "model.layers.6.self_attn.q_proj": 571.65771484375,
    "model.layers.6.self_attn.k_proj": 626.6121826171875,
    "model.layers.6.self_attn.v_proj": 686.7069091796875,
    "model.layers.6.self_attn.o_proj": 596.7642211914062,
    "model.layers.6.mlp.gate_proj": 871.8917846679688,
    "model.layers.6.mlp.up_proj": 906.1008911132812,
    "model.layers.6.mlp.down_proj": 885.0567016601562,
    "model.layers.7.self_attn.q_proj": 607.3049926757812,
    "model.layers.7.self_attn.k_proj": 669.7683715820312,
    "model.layers.7.self_attn.v_proj": 691.3124389648438,
    "model.layers.7.self_attn.o_proj": 623.1213989257812,
    "model.layers.7.mlp.gate_proj": 882.7861938476562,
    "model.layers.7.mlp.up_proj": 871.1401977539062,
    "model.layers.7.mlp.down_proj": 911.132080078125,
    "model.layers.8.self_attn.q_proj": 601.6560668945312,
    "model.layers.8.self_attn.k_proj": 639.3575439453125,
    "model.layers.8.self_attn.v_proj": 696.6311645507812,
    "model.layers.8.self_attn.o_proj": 621.6676635742188,
    "model.layers.8.mlp.gate_proj": 903.6136474609375,
    "model.layers.8.mlp.up_proj": 865.3251953125,
    "model.layers.8.mlp.down_proj": 857.3726806640625,
    "model.layers.9.self_attn.q_proj": 605.7665405273438,
    "model.layers.9.self_attn.k_proj": 631.5820922851562,
    "model.layers.9.self_attn.v_proj": 631.7135620117188,
    "model.layers.9.self_attn.o_proj": 586.0822143554688,
    "model.layers.9.mlp.gate_proj": 904.805908203125,
    "model.layers.9.mlp.up_proj": 887.9412841796875,
    "model.layers.9.mlp.down_proj": 877.0786743164062,
    "model.layers.10.self_attn.q_proj": 598.27294921875,
    "model.layers.10.self_attn.k_proj": 648.683837890625,
    "model.layers.10.self_attn.v_proj": 586.6148681640625,
    "model.layers.10.self_attn.o_proj": 591.8195190429688,
    "model.layers.10.mlp.gate_proj": 909.1627197265625,
    "model.layers.10.mlp.up_proj": 861.7694091796875,
    "model.layers.10.mlp.down_proj": 918.8825073242188,
    "model.layers.11.self_attn.q_proj": 607.5505981445312,
    "model.layers.11.self_attn.k_proj": 655.5665893554688,
    "model.layers.11.self_attn.v_proj": 611.4903564453125,
    "model.layers.11.self_attn.o_proj": 564.86572265625,
    "model.layers.11.mlp.gate_proj": 889.532470703125,
    "model.layers.11.mlp.up_proj": 897.7556762695312,
    "model.layers.11.mlp.down_proj": 879.9400634765625,
    "model.layers.12.self_attn.q_proj": 603.0572509765625,
    "model.layers.12.self_attn.k_proj": 617.4338989257812,
    "model.layers.12.self_attn.v_proj": 625.7186889648438,
    "model.layers.12.self_attn.o_proj": 591.5169067382812,
    "model.layers.12.mlp.gate_proj": 909.7232055664062,
    "model.layers.12.mlp.up_proj": 868.6001586914062,
    "model.layers.12.mlp.down_proj": 895.035400390625,
    "model.layers.13.self_attn.q_proj": 639.312255859375,
    "model.layers.13.self_attn.k_proj": 628.9391479492188,
    "model.layers.13.self_attn.v_proj": 644.676025390625,
    "model.layers.13.self_attn.o_proj": 608.210205078125,
    "model.layers.13.mlp.gate_proj": 896.9298095703125,
    "model.layers.13.mlp.up_proj": 897.6161499023438,
    "model.layers.13.mlp.down_proj": 917.1380004882812,
    "model.layers.14.self_attn.q_proj": 602.7782592773438,
    "model.layers.14.self_attn.k_proj": 591.9129638671875,
    "model.layers.14.self_attn.v_proj": 621.1559448242188,
    "model.layers.14.self_attn.o_proj": 571.3098754882812,
    "model.layers.14.mlp.gate_proj": 882.6353759765625,
    "model.layers.14.mlp.up_proj": 883.4102783203125,
    "model.layers.14.mlp.down_proj": 904.3088989257812,
    "model.layers.15.self_attn.q_proj": 611.7606811523438,
    "model.layers.15.self_attn.k_proj": 636.7863159179688,
    "model.layers.15.self_attn.v_proj": 664.3683471679688,
    "model.layers.15.self_attn.o_proj": 619.2809448242188,
    "model.layers.15.mlp.gate_proj": 899.6871337890625,
    "model.layers.15.mlp.up_proj": 892.2320556640625,
    "model.layers.15.mlp.down_proj": 902.9767456054688,
    "model.layers.16.self_attn.q_proj": 619.2202758789062,
    "model.layers.16.self_attn.k_proj": 602.5079956054688,
    "model.layers.16.self_attn.v_proj": 648.7034301757812,
    "model.layers.16.self_attn.o_proj": 555.5626831054688,
    "model.layers.16.mlp.gate_proj": 889.6013793945312,
    "model.layers.16.mlp.up_proj": 893.9730834960938,
    "model.layers.16.mlp.down_proj": 922.9855346679688,
    "model.layers.17.self_attn.q_proj": 605.8355102539062,
    "model.layers.17.self_attn.k_proj": 614.946044921875,
    "model.layers.17.self_attn.v_proj": 647.7408447265625,
    "model.layers.17.self_attn.o_proj": 585.4620971679688,
    "model.layers.17.mlp.gate_proj": 894.7175903320312,
    "model.layers.17.mlp.up_proj": 899.8097534179688,
    "model.layers.17.mlp.down_proj": 892.32763671875,
    "model.layers.18.self_attn.q_proj": 607.6939086914062,
    "model.layers.18.self_attn.k_proj": 611.272216796875,
    "model.layers.18.self_attn.v_proj": 628.2971801757812,
    "model.layers.18.self_attn.o_proj": 588.3477783203125,
    "model.layers.18.mlp.gate_proj": 887.5828247070312,
    "model.layers.18.mlp.up_proj": 895.6376342773438,
    "model.layers.18.mlp.down_proj": 909.8652954101562,
    "model.layers.19.self_attn.q_proj": 613.6907348632812,
    "model.layers.19.self_attn.k_proj": 597.513916015625,
    "model.layers.19.self_attn.v_proj": 630.2498168945312,
    "model.layers.19.self_attn.o_proj": 607.247802734375,
    "model.layers.19.mlp.gate_proj": 893.37060546875,
    "model.layers.19.mlp.up_proj": 893.9055786132812,
    "model.layers.19.mlp.down_proj": 902.5359497070312,
    "model.layers.20.self_attn.q_proj": 608.7205810546875,