{
    "model.layers.0.self_attn.q_proj": 603.9274291992188,
    "model.layers.0.self_attn.k_proj": 604.6693725585938,
    "model.layers.0.self_attn.v_proj": 641.5477905273438,
    "model.layers.0.self_attn.o_proj": 605.376220703125,
    "model.layers.0.mlp.gate_proj": 888.5704345703125,
    "model.layers.0.mlp.up_proj": 889.4228515625,
    "model.layers.0.mlp.down_proj": 904.299072265625,
    "model.layers.1.self_attn.q_proj": 598.54541015625,
    "model.layers.1.self_attn.k_proj": 603.6018676757812,
    "model.layers.1.self_attn.v_proj": 617.3571166992188,
    "model.layers.1.self_attn.o_proj": 585.714111328125,
    "model.layers.1.mlp.gate_proj": 904.0470581054688,
    "model.layers.1.mlp.up_proj": 902.1604614257812,
    "model.layers.1.mlp.down_proj": 907.8311157226562,
    "model.layers.2.self_attn.q_proj": 576.6243286132812,
    "model.layers.2.self_attn.k_proj": 623.9699096679688,
    "model.layers.2.self_attn.v_proj": 659.124755859375,
    "model.layers.2.self_attn.o_proj": 614.7990112304688,
    "model.layers.2.mlp.gate_proj": 907.7560424804688,
    "model.layers.2.mlp.up_proj": 898.6649780273438,
    "model.layers.2.mlp.down_proj": 971.4375,
    "model.layers.3.self_attn.q_proj": 619.5458984375,
    "model.layers.3.self_attn.k_proj": 579.2606201171875,
    "model.layers.3.self_attn.v_proj": 634.0645751953125,
    "model.layers.3.self_attn.o_proj": 666.716064453125,
    "model.layers.3.mlp.gate_proj": 904.2077026367188,
    "model.layers.3.mlp.up_proj": 914.9118041992188,
    "model.layers.3.mlp.down_proj": 947.8704833984375,
    "model.layers.4.self_attn.q_proj": 643.0492553710938,
    "model.layers.4.self_attn.k_proj": 600.1846923828125,
    "model.layers.4.self_attn.v_proj": 693.3471069335938,
    "model.layers.4.self_attn.o_proj": 636.3299560546875,
    "model.layers.4.mlp.gate_proj": 870.0022583007812,
    "model.layers.4.mlp.up_proj": 915.9298706054688,
    "model.layers.4.mlp.down_proj": 889.404296875,
    "model.layers.5.self_attn.q_proj": 571.6089477539062,
    "model.layers.5.self_attn.k_proj": 634.5256958007812,
    "model.layers.5.self_attn.v_proj": 689.3989868164062,
    "model.layers.5.self_attn.o_proj": 649.3113403320312,
    "model.layers.5.mlp.gate_proj": 931.0476684570312,
    "model.layers.5.mlp.up_proj": 864.0553588867188,
    "model.layers.5.mlp.down_proj": 883.3709106445312,
    "model.layers.6.self_attn.q_proj": 529.3245239257812,
    "model.layers.6.self_attn.k_proj": 633.3966064453125,
    "model.layers.6.self_attn.v_proj": 696.2137451171875,
    "model.layers.6.self_attn.o_proj": 608.5003662109375,
    "model.layers.6.mlp.gate_proj": 863.2915649414062,
    "model.layers.6.mlp.up_proj": 914.2987060546875,
    "model.layers.6.mlp.down_proj": 905.974365234375,
    "model.layers.7.self_attn.q_proj": 633.2986450195312,
    "model.layers.7.self_attn.k_proj": 682.97900390625,
    "model.layers.7.self_attn.v_proj": 741.5652465820312,
    "model.layers.7.self_attn.o_proj": 615.140869140625,
    "model.layers.7.mlp.gate_proj": 880.1978759765625,
    "model.layers.7.mlp.up_proj": 881.9237670898438,
    "model.layers.7.mlp.down_proj": 912.265380859375,
    "model.layers.8.self_attn.q_proj": 629.9774169921875,
    "model.layers.8.self_attn.k_proj": 637.1389770507812,
    "model.layers.8.self_attn.v_proj": 718.82421875,
    "model.layers.8.self_attn.o_proj": 630.3919677734375,
    "model.layers.8.mlp.gate_proj": 909.12353515625,
    "model.layers.8.mlp.up_proj": 855.0637817382812,
    "model.layers.8.mlp.down_proj": 859.9574584960938,
    "model.layers.9.self_attn.q_proj": 628.270263671875,
    "model.layers.9.self_attn.k_proj": 649.327880859375,
    "model.layers.9.self_attn.v_proj": 614.6307983398438,
    "model.layers.9.self_attn.o_proj": 570.2430419921875,
    "model.layers.9.mlp.gate_proj": 900.8092651367188,
    "model.layers.9.mlp.up_proj": 895.0491333007812,
    "model.layers.9.mlp.down_proj": 878.1400146484375,
    "model.layers.10.self_attn.q_proj": 594.9124755859375,
    "model.layers.10.self_attn.k_proj": 676.7794189453125,
    "model.layers.10.self_attn.v_proj": 579.3421020507812,
    "model.layers.10.self_attn.o_proj": 591.1471557617188,
    "model.layers.10.mlp.gate_proj": 916.0977783203125,
    "model.layers.10.mlp.up_proj": 851.2188720703125,
    "model.layers.10.mlp.down_proj": 919.0994873046875,
    "model.layers.11.self_attn.q_proj": 602.49658203125,
    "model.layers.11.self_attn.k_proj": 665.9533081054688,
    "model.layers.11.self_attn.v_proj": 629.3935546875,
    "model.layers.11.self_attn.o_proj": 557.824951171875,
    "model.layers.11.mlp.gate_proj": 890.4105834960938,
    "model.layers.11.mlp.up_proj": 890.0420532226562,
    "model.layers.11.mlp.down_proj": 872.1031494140625,
    "model.layers.12.self_attn.q_proj": 592.8469848632812,
    "model.layers.12.self_attn.k_proj": 621.5983276367188,
    "model.layers.12.self_attn.v_proj": 639.4706420898438,
    "model.layers.12.self_attn.o_proj": 568.0588989257812,
    "model.layers.12.mlp.gate_proj": 910.0965576171875,
    "model.layers.12.mlp.up_proj": 849.8931884765625,
    "model.layers.12.mlp.down_proj": 894.7018432617188,
    "model.layers.13.self_attn.q_proj": 639.2440185546875,
    "model.layers.13.self_attn.k_proj": 625.9794311523438,
    "model.layers.13.self_attn.v_proj": 645.942626953125,
    "model.layers.13.self_attn.o_proj": 601.7008056640625,
    "model.layers.13.mlp.gate_proj": 895.7186279296875,
    "model.layers.13.mlp.up_proj": 894.7509765625,
    "model.layers.13.mlp.down_proj": 927.7145385742188,
    "model.layers.14.self_attn.q_proj": 595.9431762695312,
    "model.layers.14.self_attn.k_proj": 589.8707885742188,
    "model.layers.14.self_attn.v_proj": 631.4804077148438,
    "model.layers.14.self_attn.o_proj": 552.1243286132812,
    "model.layers.14.mlp.gate_proj": 882.2180786132812,
    "model.layers.14.mlp.up_proj": 888.37060546875,
    "model.layers.14.mlp.down_proj": 904.4073486328125,
    "model.layers.15.self_attn.q_proj": 609.830810546875,
    "model.layers.15.self_attn.k_proj": 647.472900390625,
    "model.layers.15.self_attn.v_proj": 669.5836181640625,
    "model.layers.15.self_attn.o_proj": 613.9215087890625,
    "model.layers.15.mlp.gate_proj": 899.8984985351562,
    "model.layers.15.mlp.up_proj": 887.3137817382812,
    "model.layers.15.mlp.down_proj": 918.3670654296875,
    "model.layers.16.self_attn.q_proj": 617.5106811523438,
    "model.layers.16.self_attn.k_proj": 601.0892944335938,
    "model.layers.16.self_attn.v_proj": 666.3338623046875,
    "model.layers.16.self_attn.o_proj": 521.4274291992188,
    "model.layers.16.mlp.gate_proj": 889.1055297851562,
    "model.layers.16.mlp.up_proj": 896.2861328125,
    "model.layers.16.mlp.down_proj": 925.2784423828125,
    "model.layers.17.self_attn.q_proj": 602.3898315429688,
    "model.layers.17.self_attn.k_proj": 618.3439331054688,
    "model.layers.17.self_attn.v_proj": 650.083251953125,
    "model.layers.17.self_attn.o_proj": 571.7891845703125,
    "model.layers.17.mlp.gate_proj": 896.4096069335938,
    "model.layers.17.mlp.up_proj": 896.4976806640625,
    "model.layers.17.mlp.down_proj": 896.6162719726562,
    "model.layers.18.self_attn.q_proj": 604.9039306640625,
    "model.layers.18.self_attn.k_proj": 611.0276489257812,
    "model.layers.18.self_attn.v_proj": 649.7841796875,
    "model.layers.18.self_attn.o_proj": 582.2753295898438,
    "model.layers.18.mlp.gate_proj": 885.2920532226562,
    "model.layers.18.mlp.up_proj": 897.4542846679688,
    "model.layers.18.mlp.down_proj": 925.6997680664062,
    "model.layers.19.self_attn.q_proj": 611.20361328125,
    "model.layers.19.self_attn.k_proj": 592.8452758789062,
    "model.layers.19.self_attn.v_proj": 644.8019409179688,
    "model.layers.19.self_attn.o_proj": 601.90185546875,
    "model.layers.19.mlp.gate_proj": 898.3119506835938,
    "model.layers.19.mlp.up_proj": 893.7085571289062,
    "model.layers.19.mlp.down_proj": 909.2764282226562,
    "model.layers.20.self_attn.q_proj": 606.1348266601562,