{
    "model.layers.0.self_attn.q_proj": 601.4437255859375,
    "model.layers.0.self_attn.k_proj": 602.0736083984375,
    "model.layers.0.self_attn.v_proj": 646.9097290039062,
    "model.layers.0.self_attn.o_proj": 602.5237426757812,
    "model.layers.0.mlp.gate_proj": 886.7223510742188,
    "model.layers.0.mlp.up_proj": 888.51416015625,
    "model.layers.0.mlp.down_proj": 902.2581787109375,
    "model.layers.1.self_attn.q_proj": 595.2332763671875,
    "model.layers.1.self_attn.k_proj": 601.9382934570312,
    "model.layers.1.self_attn.v_proj": 622.3829345703125,
    "model.layers.1.self_attn.o_proj": 582.6639404296875,
    "model.layers.1.mlp.gate_proj": 902.8768310546875,
    "model.layers.1.mlp.up_proj": 909.8554077148438,
    "model.layers.1.mlp.down_proj": 903.72705078125,
    "model.layers.2.self_attn.q_proj": 564.7291870117188,
    "model.layers.2.self_attn.k_proj": 633.7605590820312,
    "model.layers.2.self_attn.v_proj": 669.5489501953125,
    "model.layers.2.self_attn.o_proj": 622.251708984375,
    "model.layers.2.mlp.gate_proj": 909.3318481445312,
    "model.layers.2.mlp.up_proj": 892.5987548828125,
    "model.layers.2.mlp.down_proj": 980.7491455078125,
    "model.layers.3.self_attn.q_proj": 609.497314453125,
    "model.layers.3.self_attn.k_proj": 560.715087890625,
    "model.layers.3.self_attn.v_proj": 654.7571411132812,
    "model.layers.3.self_attn.o_proj": 672.789306640625,
    "model.layers.3.mlp.gate_proj": 902.2924194335938,
    "model.layers.3.mlp.up_proj": 901.2811279296875,
    "model.layers.3.mlp.down_proj": 945.0448608398438,
    "model.layers.4.self_attn.q_proj": 649.4042358398438,
    "model.layers.4.self_attn.k_proj": 594.1243896484375,
    "model.layers.4.self_attn.v_proj": 685.2369995117188,
    "model.layers.4.self_attn.o_proj": 647.7501220703125,
    "model.layers.4.mlp.gate_proj": 857.357666015625,
    "model.layers.4.mlp.up_proj": 925.2810668945312,
    "model.layers.4.mlp.down_proj": 882.6968383789062,
    "model.layers.5.self_attn.q_proj": 562.7598876953125,
    "model.layers.5.self_attn.k_proj": 645.204833984375,
    "model.layers.5.self_attn.v_proj": 703.0835571289062,
    "model.layers.5.self_attn.o_proj": 647.428466796875,
    "model.layers.5.mlp.gate_proj": 936.4754028320312,
    "model.layers.5.mlp.up_proj": 870.9197998046875,
    "model.layers.5.mlp.down_proj": 887.9539794921875,
    "model.layers.6.self_attn.q_proj": 529.6719360351562,
    "model.layers.6.self_attn.k_proj": 638.9736328125,
    "model.layers.6.self_attn.v_proj": 714.060546875,
    "model.layers.6.self_attn.o_proj": 618.7147216796875,
    "model.layers.6.mlp.gate_proj": 868.7607421875,
    "model.layers.6.mlp.up_proj": 925.7254638671875,
    "model.layers.6.mlp.down_proj": 905.3901977539062,
    "model.layers.7.self_attn.q_proj": 636.4605102539062,
    "model.layers.7.self_attn.k_proj": 695.375244140625,
    "model.layers.7.self_attn.v_proj": 766.3153076171875,
    "model.layers.7.self_attn.o_proj": 605.5678100585938,
    "model.layers.7.mlp.gate_proj": 875.0664672851562,
    "model.layers.7.mlp.up_proj": 879.3912353515625,
    "model.layers.7.mlp.down_proj": 920.3436279296875,
    "model.layers.8.self_attn.q_proj": 641.1257934570312,
    "model.layers.8.self_attn.k_proj": 635.85693359375,
    "model.layers.8.self_attn.v_proj": 733.00341796875,
    "model.layers.8.self_attn.o_proj": 639.4811401367188,
    "model.layers.8.mlp.gate_proj": 908.3723754882812,
    "model.layers.8.mlp.up_proj": 850.572265625,
    "model.layers.8.mlp.down_proj": 870.3251953125,
    "model.layers.9.self_attn.q_proj": 630.94384765625,
    "model.layers.9.self_attn.k_proj": 653.7664794921875,
    "model.layers.9.self_attn.v_proj": 617.59326171875,
    "model.layers.9.self_attn.o_proj": 568.2710571289062,
    "model.layers.9.mlp.gate_proj": 887.9642944335938,
    "model.layers.9.mlp.up_proj": 900.5028686523438,
    "model.layers.9.mlp.down_proj": 876.3355102539062,
    "model.layers.10.self_attn.q_proj": 594.4580688476562,
    "model.layers.10.self_attn.k_proj": 700.4556884765625,
    "model.layers.10.self_attn.v_proj": 594.6646118164062,
    "model.layers.10.self_attn.o_proj": 586.8687744140625,
    "model.layers.10.mlp.gate_proj": 917.28955078125,
    "model.layers.10.mlp.up_proj": 858.5572509765625,
    "model.layers.10.mlp.down_proj": 913.3628540039062,
    "model.layers.11.self_attn.q_proj": 600.9600830078125,
    "model.layers.11.self_attn.k_proj": 670.4703979492188,
    "model.layers.11.self_attn.v_proj": 638.7596435546875,
    "model.layers.11.self_attn.o_proj": 541.5328979492188,
    "model.layers.11.mlp.gate_proj": 895.4695434570312,
    "model.layers.11.mlp.up_proj": 896.6785278320312,
    "model.layers.11.mlp.down_proj": 878.3602905273438,
    "model.layers.12.self_attn.q_proj": 585.416748046875,
    "model.layers.12.self_attn.k_proj": 622.6506958007812,
    "model.layers.12.self_attn.v_proj": 649.318359375,
    "model.layers.12.self_attn.o_proj": 561.9517211914062,
    "model.layers.12.mlp.gate_proj": 909.7135009765625,
    "model.layers.12.mlp.up_proj": 841.8948974609375,
    "model.layers.12.mlp.down_proj": 892.2208251953125,
    "model.layers.13.self_attn.q_proj": 636.4788208007812,
    "model.layers.13.self_attn.k_proj": 620.1542358398438,
    "model.layers.13.self_attn.v_proj": 660.6849975585938,
    "model.layers.13.self_attn.o_proj": 591.9946899414062,
    "model.layers.13.mlp.gate_proj": 893.9894409179688,
    "model.layers.13.mlp.up_proj": 889.1804809570312,
    "model.layers.13.mlp.down_proj": 931.898681640625,
    "model.layers.14.self_attn.q_proj": 589.7955932617188,
    "model.layers.14.self_attn.k_proj": 589.1821899414062,
    "model.layers.14.self_attn.v_proj": 631.9346313476562,
    "model.layers.14.self_attn.o_proj": 535.8701171875,
    "model.layers.14.mlp.gate_proj": 881.9354858398438,
    "model.layers.14.mlp.up_proj": 891.403076171875,
    "model.layers.14.mlp.down_proj": 908.6480712890625,
    "model.layers.15.self_attn.q_proj": 605.341552734375,
    "model.layers.15.self_attn.k_proj": 653.6826782226562,
    "model.layers.15.self_attn.v_proj": 693.3728637695312,
    "model.layers.15.self_attn.o_proj": 600.9940795898438,
    "model.layers.15.mlp.gate_proj": 900.436767578125,
    "model.layers.15.mlp.up_proj": 890.8977661132812,
    "model.layers.15.mlp.down_proj": 927.462158203125,
    "model.layers.16.self_attn.q_proj": 617.491455078125,
    "model.layers.16.self_attn.k_proj": 594.7623291015625,
    "model.layers.16.self_attn.v_proj": 680.4374389648438,
    "model.layers.16.self_attn.o_proj": 501.0401611328125,
    "model.layers.16.mlp.gate_proj": 886.0489501953125,
    "model.layers.16.mlp.up_proj": 900.0593872070312,
    "model.layers.16.mlp.down_proj": 918.0895385742188,
    "model.layers.17.self_attn.q_proj": 599.277099609375,
    "model.layers.17.self_attn.k_proj": 618.0464477539062,
    "model.layers.17.self_attn.v_proj": 657.9887084960938,
    "model.layers.17.self_attn.o_proj": 567.1447143554688,
    "model.layers.17.mlp.gate_proj": 892.1316528320312,
    "model.layers.17.mlp.up_proj": 894.6436767578125,
    "model.layers.17.mlp.down_proj": 898.8895263671875,
    "model.layers.18.self_attn.q_proj": 602.0087280273438,
    "model.layers.18.self_attn.k_proj": 615.1493530273438,
    "model.layers.18.self_attn.v_proj": 659.8275146484375,
    "model.layers.18.self_attn.o_proj": 567.91796875,
    "model.layers.18.mlp.gate_proj": 881.5800170898438,
    "model.layers.18.mlp.up_proj": 898.146484375,
    "model.layers.18.mlp.down_proj": 925.6560668945312,
    "model.layers.19.self_attn.q_proj": 607.0722045898438,
    "model.layers.19.self_attn.k_proj": 591.700927734375,
    "model.layers.19.self_attn.v_proj": 656.756591796875,
    "model.layers.19.self_attn.o_proj": 594.2821655273438,
    "model.layers.19.mlp.gate_proj": 903.241943359375,
    "model.layers.19.mlp.up_proj": 893.5615844726562,
    "model.layers.19.mlp.down_proj": 912.7847290039062,
    "model.layers.20.self_attn.q_proj": 601.0415649414062,