{
    "model.layers.0.self_attn.q_proj": 601.6752319335938,
    "model.layers.0.self_attn.k_proj": 602.2875366210938,
    "model.layers.0.self_attn.v_proj": 647.4360961914062,
    "model.layers.0.self_attn.o_proj": 602.7099609375,
    "model.layers.0.mlp.gate_proj": 887.2095336914062,
    "model.layers.0.mlp.up_proj": 889.062744140625,
    "model.layers.0.mlp.down_proj": 902.4937744140625,
    "model.layers.1.self_attn.q_proj": 595.2808837890625,
    "model.layers.1.self_attn.k_proj": 602.7279663085938,
    "model.layers.1.self_attn.v_proj": 623.35595703125,
    "model.layers.1.self_attn.o_proj": 581.5242309570312,
    "model.layers.1.mlp.gate_proj": 903.3722534179688,
    "model.layers.1.mlp.up_proj": 910.421142578125,
    "model.layers.1.mlp.down_proj": 905.440185546875,
    "model.layers.2.self_attn.q_proj": 565.2236328125,
    "model.layers.2.self_attn.k_proj": 634.6423950195312,
    "model.layers.2.self_attn.v_proj": 677.8135986328125,
    "model.layers.2.self_attn.o_proj": 624.4660034179688,
    "model.layers.2.mlp.gate_proj": 910.7184448242188,
    "model.layers.2.mlp.up_proj": 893.8899536132812,
    "model.layers.2.mlp.down_proj": 981.3214721679688,
    "model.layers.3.self_attn.q_proj": 609.292724609375,
    "model.layers.3.self_attn.k_proj": 559.58935546875,
    "model.layers.3.self_attn.v_proj": 659.0389404296875,
    "model.layers.3.self_attn.o_proj": 673.9513549804688,
    "model.layers.3.mlp.gate_proj": 902.3633422851562,
    "model.layers.3.mlp.up_proj": 901.3909912109375,
    "model.layers.3.mlp.down_proj": 947.52587890625,
    "model.layers.4.self_attn.q_proj": 650.6876220703125,
    "model.layers.4.self_attn.k_proj": 593.0274658203125,
    "model.layers.4.self_attn.v_proj": 685.7273559570312,
    "model.layers.4.self_attn.o_proj": 648.1550903320312,
    "model.layers.4.mlp.gate_proj": 856.650390625,
    "model.layers.4.mlp.up_proj": 925.0258178710938,
    "model.layers.4.mlp.down_proj": 882.6389770507812,
    "model.layers.5.self_attn.q_proj": 562.0385131835938,
    "model.layers.5.self_attn.k_proj": 647.8845825195312,
    "model.layers.5.self_attn.v_proj": 705.7695922851562,
    "model.layers.5.self_attn.o_proj": 649.9595947265625,
    "model.layers.5.mlp.gate_proj": 937.5526733398438,
    "model.layers.5.mlp.up_proj": 872.1766967773438,
    "model.layers.5.mlp.down_proj": 890.9844970703125,
    "model.layers.6.self_attn.q_proj": 530.3742065429688,
    "model.layers.6.self_attn.k_proj": 642.2086791992188,
    "model.layers.6.self_attn.v_proj": 719.0985717773438,
    "model.layers.6.self_attn.o_proj": 620.2924194335938,
    "model.layers.6.mlp.gate_proj": 870.9419555664062,
    "model.layers.6.mlp.up_proj": 927.9745483398438,
    "model.layers.6.mlp.down_proj": 905.1275634765625,
    "model.layers.7.self_attn.q_proj": 636.8287353515625,
    "model.layers.7.self_attn.k_proj": 700.1575317382812,
    "model.layers.7.self_attn.v_proj": 768.7161254882812,
    "model.layers.7.self_attn.o_proj": 607.9722290039062,
    "model.layers.7.mlp.gate_proj": 873.2136840820312,
    "model.layers.7.mlp.up_proj": 880.37158203125,
    "model.layers.7.mlp.down_proj": 919.84716796875,
    "model.layers.8.self_attn.q_proj": 641.5453491210938,
    "model.layers.8.self_attn.k_proj": 637.5721435546875,
    "model.layers.8.self_attn.v_proj": 735.8297729492188,
    "model.layers.8.self_attn.o_proj": 637.9261474609375,
    "model.layers.8.mlp.gate_proj": 908.2335815429688,
    "model.layers.8.mlp.up_proj": 850.4750366210938,
    "model.layers.8.mlp.down_proj": 870.0140991210938,
    "model.layers.9.self_attn.q_proj": 628.7742919921875,
    "model.layers.9.self_attn.k_proj": 655.3321533203125,
    "model.layers.9.self_attn.v_proj": 619.8361206054688,
    "model.layers.9.self_attn.o_proj": 567.895751953125,
    "model.layers.9.mlp.gate_proj": 887.5252075195312,
    "model.layers.9.mlp.up_proj": 901.8112182617188,
    "model.layers.9.mlp.down_proj": 876.5958862304688,
    "model.layers.10.self_attn.q_proj": 594.6282958984375,
    "model.layers.10.self_attn.k_proj": 702.3073120117188,
    "model.layers.10.self_attn.v_proj": 597.9393920898438,
    "model.layers.10.self_attn.o_proj": 583.8688354492188,
    "model.layers.10.mlp.gate_proj": 917.2064819335938,
    "model.layers.10.mlp.up_proj": 860.2540283203125,
    "model.layers.10.mlp.down_proj": 912.7672729492188,
    "model.layers.11.self_attn.q_proj": 602.4052734375,
    "model.layers.11.self_attn.k_proj": 671.937744140625,
    "model.layers.11.self_attn.v_proj": 639.678955078125,
    "model.layers.11.self_attn.o_proj": 540.1478881835938,
    "model.layers.11.mlp.gate_proj": 896.4028930664062,
    "model.layers.11.mlp.up_proj": 898.741943359375,
    "model.layers.11.mlp.down_proj": 879.1644287109375,
    "model.layers.12.self_attn.q_proj": 584.9180908203125,
    "model.layers.12.self_attn.k_proj": 623.8555908203125,
    "model.layers.12.self_attn.v_proj": 653.9326171875,
    "model.layers.12.self_attn.o_proj": 561.3720092773438,
    "model.layers.12.mlp.gate_proj": 910.3926391601562,
    "model.layers.12.mlp.up_proj": 842.506103515625,
    "model.layers.12.mlp.down_proj": 895.5352172851562,
    "model.layers.13.self_attn.q_proj": 637.1437377929688,
    "model.layers.13.self_attn.k_proj": 620.4131469726562,
    "model.layers.13.self_attn.v_proj": 663.263671875,
    "model.layers.13.self_attn.o_proj": 590.2164306640625,
    "model.layers.13.mlp.gate_proj": 895.2686157226562,
    "model.layers.13.mlp.up_proj": 889.4344482421875,
    "model.layers.13.mlp.down_proj": 934.3118896484375,
    "model.layers.14.self_attn.q_proj": 589.2275390625,
    "model.layers.14.self_attn.k_proj": 588.1759033203125,
    "model.layers.14.self_attn.v_proj": 632.4432373046875,
    "model.layers.14.self_attn.o_proj": 532.7794189453125,
    "model.layers.14.mlp.gate_proj": 882.1323852539062,
    "model.layers.14.mlp.up_proj": 892.5313720703125,
    "model.layers.14.mlp.down_proj": 910.7211303710938,
    "model.layers.15.self_attn.q_proj": 605.559326171875,
    "model.layers.15.self_attn.k_proj": 656.2843017578125,
    "model.layers.15.self_attn.v_proj": 697.9168090820312,
    "model.layers.15.self_attn.o_proj": 599.7422485351562,
    "model.layers.15.mlp.gate_proj": 900.8587646484375,
    "model.layers.15.mlp.up_proj": 892.9675903320312,
    "model.layers.15.mlp.down_proj": 929.5221557617188,
    "model.layers.16.self_attn.q_proj": 617.8707275390625,
    "model.layers.16.self_attn.k_proj": 593.8713989257812,
    "model.layers.16.self_attn.v_proj": 683.8914794921875,
    "model.layers.16.self_attn.o_proj": 499.01336669921875,
    "model.layers.16.mlp.gate_proj": 886.473876953125,
    "model.layers.16.mlp.up_proj": 901.2933349609375,
    "model.layers.16.mlp.down_proj": 918.1218872070312,
    "model.layers.17.self_attn.q_proj": 600.0337524414062,
    "model.layers.17.self_attn.k_proj": 619.5665893554688,
    "model.layers.17.self_attn.v_proj": 659.7525634765625,
    "model.layers.17.self_attn.o_proj": 566.9611206054688,
    "model.layers.17.mlp.gate_proj": 892.161865234375,
    "model.layers.17.mlp.up_proj": 895.7059326171875,
    "model.layers.17.mlp.down_proj": 900.7324829101562,
    "model.layers.18.self_attn.q_proj": 601.6651611328125,
    "model.layers.18.self_attn.k_proj": 616.3099975585938,
    "model.layers.18.self_attn.v_proj": 661.8359985351562,
    "model.layers.18.self_attn.o_proj": 566.5847778320312,
    "model.layers.18.mlp.gate_proj": 882.4121704101562,
    "model.layers.18.mlp.up_proj": 898.5284423828125,
    "model.layers.18.mlp.down_proj": 926.5577392578125,
    "model.layers.19.self_attn.q_proj": 607.5518188476562,
    "model.layers.19.self_attn.k_proj": 590.9314575195312,
    "model.layers.19.self_attn.v_proj": 658.893798828125,
    "model.layers.19.self_attn.o_proj": 592.6163330078125,
    "model.layers.19.mlp.gate_proj": 904.3898315429688,
    "model.layers.19.mlp.up_proj": 892.51904296875,
    "model.layers.19.mlp.down_proj": 914.0847778320312,
    "model.layers.20.self_attn.q_proj": 599.742919921875,