{
    "model.layers.0.self_attn.q_proj": 610.791015625,
    "model.layers.0.self_attn.k_proj": 610.8003540039062,
    "model.layers.0.self_attn.v_proj": 608.7400512695312,
    "model.layers.0.self_attn.o_proj": 610.7145385742188,
    "model.layers.0.mlp.gate_proj": 890.8589477539062,
    "model.layers.0.mlp.up_proj": 892.88818359375,
    "model.layers.0.mlp.down_proj": 895.2449340820312,
    "model.layers.1.self_attn.q_proj": 609.9049072265625,
    "model.layers.1.self_attn.k_proj": 609.1077880859375,
    "model.layers.1.self_attn.v_proj": 624.7969970703125,
    "model.layers.1.self_attn.o_proj": 604.665283203125,
    "model.layers.1.mlp.gate_proj": 894.917724609375,
    "model.layers.1.mlp.up_proj": 893.5654296875,
    "model.layers.1.mlp.down_proj": 899.3655395507812,
    "model.layers.2.self_attn.q_proj": 610.1571044921875,
    "model.layers.2.self_attn.k_proj": 610.2088012695312,
    "model.layers.2.self_attn.v_proj": 624.956298828125,
    "model.layers.2.self_attn.o_proj": 602.5752563476562,
    "model.layers.2.mlp.gate_proj": 899.575439453125,
    "model.layers.2.mlp.up_proj": 898.3880004882812,
    "model.layers.2.mlp.down_proj": 906.1239624023438,
    "model.layers.3.self_attn.q_proj": 610.740478515625,
    "model.layers.3.self_attn.k_proj": 600.2984008789062,
    "model.layers.3.self_attn.v_proj": 621.7144775390625,
    "model.layers.3.self_attn.o_proj": 628.4505615234375,
    "model.layers.3.mlp.gate_proj": 901.65771484375,
    "model.layers.3.mlp.up_proj": 902.5721435546875,
    "model.layers.3.mlp.down_proj": 914.7283325195312,
    "model.layers.4.self_attn.q_proj": 631.1954956054688,
    "model.layers.4.self_attn.k_proj": 598.859375,
    "model.layers.4.self_attn.v_proj": 657.9885864257812,
    "model.layers.4.self_attn.o_proj": 607.2266845703125,
    "model.layers.4.mlp.gate_proj": 900.9691162109375,
    "model.layers.4.mlp.up_proj": 906.0641479492188,
    "model.layers.4.mlp.down_proj": 870.532958984375,
    "model.layers.5.self_attn.q_proj": 618.740966796875,
    "model.layers.5.self_attn.k_proj": 609.7242431640625,
    "model.layers.5.self_attn.v_proj": 667.4035034179688,
    "model.layers.5.self_attn.o_proj": 634.593505859375,
    "model.layers.5.mlp.gate_proj": 892.3406372070312,
    "model.layers.5.mlp.up_proj": 865.8441162109375,
    "model.layers.5.mlp.down_proj": 871.9429321289062,
    "model.layers.6.self_attn.q_proj": 617.4187622070312,
    "model.layers.6.self_attn.k_proj": 620.431396484375,
    "model.layers.6.self_attn.v_proj": 643.826171875,
    "model.layers.6.self_attn.o_proj": 609.2606811523438,
    "model.layers.6.mlp.gate_proj": 863.8787841796875,
    "model.layers.6.mlp.up_proj": 892.2064208984375,
    "model.layers.6.mlp.down_proj": 885.7435302734375,
    "model.layers.7.self_attn.q_proj": 612.1997680664062,
    "model.layers.7.self_attn.k_proj": 635.225830078125,
    "model.layers.7.self_attn.v_proj": 638.05224609375,
    "model.layers.7.self_attn.o_proj": 628.7564697265625,
    "model.layers.7.mlp.gate_proj": 891.9916381835938,
    "model.layers.7.mlp.up_proj": 867.7232055664062,
    "model.layers.7.mlp.down_proj": 887.3120727539062,
    "model.layers.8.self_attn.q_proj": 604.1966552734375,
    "model.layers.8.self_attn.k_proj": 619.3541870117188,
    "model.layers.8.self_attn.v_proj": 640.2799072265625,
    "model.layers.8.self_attn.o_proj": 611.9671020507812,
    "model.layers.8.mlp.gate_proj": 893.9098510742188,
    "model.layers.8.mlp.up_proj": 872.1000366210938,
    "model.layers.8.mlp.down_proj": 863.11181640625,
    "model.layers.9.self_attn.q_proj": 602.9490966796875,
    "model.layers.9.self_attn.k_proj": 619.7195434570312,
    "model.layers.9.self_attn.v_proj": 631.8818969726562,
    "model.layers.9.self_attn.o_proj": 634.2308349609375,
    "model.layers.9.mlp.gate_proj": 898.0684204101562,
    "model.layers.9.mlp.up_proj": 898.6891479492188,
    "model.layers.9.mlp.down_proj": 884.3348388671875,
    "model.layers.10.self_attn.q_proj": 605.8707885742188,
    "model.layers.10.self_attn.k_proj": 635.3628540039062,
    "model.layers.10.self_attn.v_proj": 600.34521484375,
    "model.layers.10.self_attn.o_proj": 608.1071166992188,
    "model.layers.10.mlp.gate_proj": 901.2846069335938,
    "model.layers.10.mlp.up_proj": 884.5836791992188,
    "model.layers.10.mlp.down_proj": 887.72265625,
    "model.layers.11.self_attn.q_proj": 609.0106201171875,
    "model.layers.11.self_attn.k_proj": 630.2109375,
    "model.layers.11.self_attn.v_proj": 606.8575439453125,
    "model.layers.11.self_attn.o_proj": 598.5718994140625,
    "model.layers.11.mlp.gate_proj": 894.0388793945312,
    "model.layers.11.mlp.up_proj": 899.6749877929688,
    "model.layers.11.mlp.down_proj": 892.0171508789062,
    "model.layers.12.self_attn.q_proj": 611.6382446289062,
    "model.layers.12.self_attn.k_proj": 616.3199462890625,
    "model.layers.12.self_attn.v_proj": 622.4982299804688,
    "model.layers.12.self_attn.o_proj": 601.612548828125,
    "model.layers.12.mlp.gate_proj": 907.7501220703125,
    "model.layers.12.mlp.up_proj": 883.5706787109375,
    "model.layers.12.mlp.down_proj": 892.0015869140625,
    "model.layers.13.self_attn.q_proj": 633.8740844726562,
    "model.layers.13.self_attn.k_proj": 622.9612426757812,
    "model.layers.13.self_attn.v_proj": 631.283935546875,
    "model.layers.13.self_attn.o_proj": 610.4234619140625,
    "model.layers.13.mlp.gate_proj": 897.1583251953125,
    "model.layers.13.mlp.up_proj": 895.4088745117188,
    "model.layers.13.mlp.down_proj": 900.18798828125,
    "model.layers.14.self_attn.q_proj": 612.5060424804688,
    "model.layers.14.self_attn.k_proj": 612.0831298828125,
    "model.layers.14.self_attn.v_proj": 613.7265625,
    "model.layers.14.self_attn.o_proj": 608.7714233398438,
    "model.layers.14.mlp.gate_proj": 888.798583984375,
    "model.layers.14.mlp.up_proj": 887.9942016601562,
    "model.layers.14.mlp.down_proj": 898.1361083984375,
    "model.layers.15.self_attn.q_proj": 612.6007690429688,
    "model.layers.15.self_attn.k_proj": 614.9978637695312,
    "model.layers.15.self_attn.v_proj": 640.9061889648438,
    "model.layers.15.self_attn.o_proj": 613.22412109375,
    "model.layers.15.mlp.gate_proj": 898.0349731445312,
    "model.layers.15.mlp.up_proj": 893.2608642578125,
    "model.layers.15.mlp.down_proj": 899.6143188476562,
    "model.layers.16.self_attn.q_proj": 609.8202514648438,
    "model.layers.16.self_attn.k_proj": 607.5779418945312,
    "model.layers.16.self_attn.v_proj": 627.3777465820312,
    "model.layers.16.self_attn.o_proj": 600.5494995117188,
    "model.layers.16.mlp.gate_proj": 892.5851440429688,
    "model.layers.16.mlp.up_proj": 891.2196655273438,
    "model.layers.16.mlp.down_proj": 905.2914428710938,
    "model.layers.17.self_attn.q_proj": 612.6268310546875,
    "model.layers.17.self_attn.k_proj": 615.7225341796875,
    "model.layers.17.self_attn.v_proj": 613.9830322265625,
    "model.layers.17.self_attn.o_proj": 603.7229614257812,
    "model.layers.17.mlp.gate_proj": 894.6034545898438,
    "model.layers.17.mlp.up_proj": 894.982177734375,
    "model.layers.17.mlp.down_proj": 888.8898315429688,
    "model.layers.18.self_attn.q_proj": 612.5621337890625,
    "model.layers.18.self_attn.k_proj": 611.6192626953125,
    "model.layers.18.self_attn.v_proj": 617.0087280273438,
    "model.layers.18.self_attn.o_proj": 606.0221557617188,
    "model.layers.18.mlp.gate_proj": 890.4169921875,
    "model.layers.18.mlp.up_proj": 900.4464721679688,
    "model.layers.18.mlp.down_proj": 900.0352783203125,
    "model.layers.19.self_attn.q_proj": 615.65185546875,
    "model.layers.19.self_attn.k_proj": 608.15966796875,
    "model.layers.19.self_attn.v_proj": 612.6571044921875,
    "model.layers.19.self_attn.o_proj": 609.765380859375,
    "model.layers.19.mlp.gate_proj": 891.9984741210938,
    "model.layers.19.mlp.up_proj": 891.81884765625,
    "model.layers.19.mlp.down_proj": 896.3494262695312,
    "model.layers.20.self_attn.q_proj": 612.7588500976562,