{
    "model.layers.0.self_attn.q_proj": 606.033447265625,
    "model.layers.0.self_attn.k_proj": 606.9906005859375,
    "model.layers.0.self_attn.v_proj": 619.9078369140625,
    "model.layers.0.self_attn.o_proj": 607.6234741210938,
    "model.layers.0.mlp.gate_proj": 889.8583984375,
    "model.layers.0.mlp.up_proj": 888.678955078125,
    "model.layers.0.mlp.down_proj": 905.6575927734375,
    "model.layers.1.self_attn.q_proj": 601.6284790039062,
    "model.layers.1.self_attn.k_proj": 602.7666015625,
    "model.layers.1.self_attn.v_proj": 619.718994140625,
    "model.layers.1.self_attn.o_proj": 594.37451171875,
    "model.layers.1.mlp.gate_proj": 903.0359497070312,
    "model.layers.1.mlp.up_proj": 885.618408203125,
    "model.layers.1.mlp.down_proj": 903.661865234375,
    "model.layers.2.self_attn.q_proj": 604.9039306640625,
    "model.layers.2.self_attn.k_proj": 622.3087158203125,
    "model.layers.2.self_attn.v_proj": 657.5040893554688,
    "model.layers.2.self_attn.o_proj": 603.6652221679688,
    "model.layers.2.mlp.gate_proj": 903.0709228515625,
    "model.layers.2.mlp.up_proj": 904.925537109375,
    "model.layers.2.mlp.down_proj": 938.9361572265625,
    "model.layers.3.self_attn.q_proj": 651.5908203125,
    "model.layers.3.self_attn.k_proj": 593.9651489257812,
    "model.layers.3.self_attn.v_proj": 632.2327880859375,
    "model.layers.3.self_attn.o_proj": 650.6088256835938,
    "model.layers.3.mlp.gate_proj": 903.2308959960938,
    "model.layers.3.mlp.up_proj": 917.0224609375,
    "model.layers.3.mlp.down_proj": 953.4244384765625,
    "model.layers.4.self_attn.q_proj": 629.7448120117188,
    "model.layers.4.self_attn.k_proj": 613.2390747070312,
    "model.layers.4.self_attn.v_proj": 725.6436767578125,
    "model.layers.4.self_attn.o_proj": 602.2167358398438,
    "model.layers.4.mlp.gate_proj": 898.86376953125,
    "model.layers.4.mlp.up_proj": 892.0623779296875,
    "model.layers.4.mlp.down_proj": 875.6592407226562,
    "model.layers.5.self_attn.q_proj": 598.4131469726562,
    "model.layers.5.self_attn.k_proj": 624.4901123046875,
    "model.layers.5.self_attn.v_proj": 668.835205078125,
    "model.layers.5.self_attn.o_proj": 661.2579345703125,
    "model.layers.5.mlp.gate_proj": 923.843017578125,
    "model.layers.5.mlp.up_proj": 850.746826171875,
    "model.layers.5.mlp.down_proj": 864.214599609375,
    "model.layers.6.self_attn.q_proj": 557.8936767578125,
    "model.layers.6.self_attn.k_proj": 624.564697265625,
    "model.layers.6.self_attn.v_proj": 691.37744140625,
    "model.layers.6.self_attn.o_proj": 593.33056640625,
    "model.layers.6.mlp.gate_proj": 871.8101196289062,
    "model.layers.6.mlp.up_proj": 911.0790405273438,
    "model.layers.6.mlp.down_proj": 892.369873046875,
    "model.layers.7.self_attn.q_proj": 612.0426635742188,
    "model.layers.7.self_attn.k_proj": 672.0304565429688,
    "model.layers.7.self_attn.v_proj": 703.7426147460938,
    "model.layers.7.self_attn.o_proj": 628.0032348632812,
    "model.layers.7.mlp.gate_proj": 882.232666015625,
    "model.layers.7.mlp.up_proj": 876.3964233398438,
    "model.layers.7.mlp.down_proj": 912.89697265625,
    "model.layers.8.self_attn.q_proj": 599.4229736328125,
    "model.layers.8.self_attn.k_proj": 637.7197265625,
    "model.layers.8.self_attn.v_proj": 702.599609375,
    "model.layers.8.self_attn.o_proj": 625.6151733398438,
    "model.layers.8.mlp.gate_proj": 907.4246826171875,
    "model.layers.8.mlp.up_proj": 860.2716674804688,
    "model.layers.8.mlp.down_proj": 854.2506713867188,
    "model.layers.9.self_attn.q_proj": 602.5204467773438,
    "model.layers.9.self_attn.k_proj": 633.5733642578125,
    "model.layers.9.self_attn.v_proj": 629.57958984375,
    "model.layers.9.self_attn.o_proj": 574.1015625,
    "model.layers.9.mlp.gate_proj": 906.6834106445312,
    "model.layers.9.mlp.up_proj": 890.3387451171875,
    "model.layers.9.mlp.down_proj": 872.49072265625,
    "model.layers.10.self_attn.q_proj": 598.0460205078125,
    "model.layers.10.self_attn.k_proj": 656.4491577148438,
    "model.layers.10.self_attn.v_proj": 583.9920654296875,
    "model.layers.10.self_attn.o_proj": 588.1964111328125,
    "model.layers.10.mlp.gate_proj": 909.589111328125,
    "model.layers.10.mlp.up_proj": 858.660400390625,
    "model.layers.10.mlp.down_proj": 923.9537963867188,
    "model.layers.11.self_attn.q_proj": 607.5054321289062,
    "model.layers.11.self_attn.k_proj": 660.0526733398438,
    "model.layers.11.self_attn.v_proj": 614.014892578125,
    "model.layers.11.self_attn.o_proj": 559.103759765625,
    "model.layers.11.mlp.gate_proj": 888.9011840820312,
    "model.layers.11.mlp.up_proj": 895.340576171875,
    "model.layers.11.mlp.down_proj": 871.7133178710938,
    "model.layers.12.self_attn.q_proj": 602.5087890625,
    "model.layers.12.self_attn.k_proj": 622.212158203125,
    "model.layers.12.self_attn.v_proj": 632.44140625,
    "model.layers.12.self_attn.o_proj": 586.7264404296875,
    "model.layers.12.mlp.gate_proj": 911.2493286132812,
    "model.layers.12.mlp.up_proj": 865.0585327148438,
    "model.layers.12.mlp.down_proj": 898.8492431640625,
    "model.layers.13.self_attn.q_proj": 637.0057983398438,
    "model.layers.13.self_attn.k_proj": 628.6595458984375,
    "model.layers.13.self_attn.v_proj": 651.6160888671875,
    "model.layers.13.self_attn.o_proj": 607.0571899414062,
    "model.layers.13.mlp.gate_proj": 898.8992309570312,
    "model.layers.13.mlp.up_proj": 897.8388671875,
    "model.layers.13.mlp.down_proj": 920.2835083007812,
    "model.layers.14.self_attn.q_proj": 599.219482421875,
    "model.layers.14.self_attn.k_proj": 589.4667358398438,
    "model.layers.14.self_attn.v_proj": 629.5379638671875,
    "model.layers.14.self_attn.o_proj": 563.4990234375,
    "model.layers.14.mlp.gate_proj": 882.1913452148438,
    "model.layers.14.mlp.up_proj": 885.3297729492188,
    "model.layers.14.mlp.down_proj": 905.6146240234375,
    "model.layers.15.self_attn.q_proj": 612.8900146484375,
    "model.layers.15.self_attn.k_proj": 641.9957885742188,
    "model.layers.15.self_attn.v_proj": 662.5875854492188,
    "model.layers.15.self_attn.o_proj": 620.0619506835938,
    "model.layers.15.mlp.gate_proj": 900.9465942382812,
    "model.layers.15.mlp.up_proj": 890.142333984375,
    "model.layers.15.mlp.down_proj": 907.767578125,
    "model.layers.16.self_attn.q_proj": 617.7074584960938,
    "model.layers.16.self_attn.k_proj": 603.1423950195312,
    "model.layers.16.self_attn.v_proj": 652.375244140625,
    "model.layers.16.self_attn.o_proj": 545.6637573242188,
    "model.layers.16.mlp.gate_proj": 889.6322631835938,
    "model.layers.16.mlp.up_proj": 896.3041381835938,
    "model.layers.16.mlp.down_proj": 927.1819458007812,
    "model.layers.17.self_attn.q_proj": 604.7816772460938,
    "model.layers.17.self_attn.k_proj": 613.8944091796875,
    "model.layers.17.self_attn.v_proj": 650.5358276367188,
    "model.layers.17.self_attn.o_proj": 579.3433227539062,
    "model.layers.17.mlp.gate_proj": 897.2369384765625,
    "model.layers.17.mlp.up_proj": 899.483154296875,
    "model.layers.17.mlp.down_proj": 893.7979736328125,
    "model.layers.18.self_attn.q_proj": 606.7745361328125,
    "model.layers.18.self_attn.k_proj": 611.480224609375,
    "model.layers.18.self_attn.v_proj": 635.1435546875,
    "model.layers.18.self_attn.o_proj": 584.882568359375,
    "model.layers.18.mlp.gate_proj": 887.1659545898438,
    "model.layers.18.mlp.up_proj": 897.0885009765625,
    "model.layers.18.mlp.down_proj": 915.849609375,
    "model.layers.19.self_attn.q_proj": 613.5282592773438,
    "model.layers.19.self_attn.k_proj": 595.8741455078125,
    "model.layers.19.self_attn.v_proj": 636.0271606445312,
    "model.layers.19.self_attn.o_proj": 606.3212890625,
    "model.layers.19.mlp.gate_proj": 894.1441040039062,
    "model.layers.19.mlp.up_proj": 895.2603149414062,
    "model.layers.19.mlp.down_proj": 905.7376098632812,
    "model.layers.20.self_attn.q_proj": 608.6835327148438,
    "model.layers.20.self_attn.k_proj": 598.7942504882812,