{
    "model.layers.0.self_attn.q_proj": 614.32861328125,
    "model.layers.0.self_attn.k_proj": 614.371337890625,
    "model.layers.0.self_attn.v_proj": 615.8816528320312,
    "model.layers.0.self_attn.o_proj": 614.3612670898438,
    "model.layers.0.mlp.gate_proj": 895.08447265625,
    "model.layers.0.mlp.up_proj": 895.6577758789062,
    "model.layers.0.mlp.down_proj": 897.9161987304688,
    "model.layers.1.self_attn.q_proj": 613.485595703125,
    "model.layers.1.self_attn.k_proj": 613.9349975585938,
    "model.layers.1.self_attn.v_proj": 623.2741088867188,
    "model.layers.1.self_attn.o_proj": 610.1220092773438,
    "model.layers.1.mlp.gate_proj": 896.3359985351562,
    "model.layers.1.mlp.up_proj": 897.1183471679688,
    "model.layers.1.mlp.down_proj": 896.0857543945312,
    "model.layers.2.self_attn.q_proj": 616.2221069335938,
    "model.layers.2.self_attn.k_proj": 611.2357177734375,
    "model.layers.2.self_attn.v_proj": 623.4313354492188,
    "model.layers.2.self_attn.o_proj": 613.0320434570312,
    "model.layers.2.mlp.gate_proj": 897.133056640625,
    "model.layers.2.mlp.up_proj": 898.9334106445312,
    "model.layers.2.mlp.down_proj": 908.6552734375,
    "model.layers.3.self_attn.q_proj": 612.6555786132812,
    "model.layers.3.self_attn.k_proj": 608.4996948242188,
    "model.layers.3.self_attn.v_proj": 623.2802124023438,
    "model.layers.3.self_attn.o_proj": 622.095947265625,
    "model.layers.3.mlp.gate_proj": 905.1691284179688,
    "model.layers.3.mlp.up_proj": 902.2513427734375,
    "model.layers.3.mlp.down_proj": 900.5657958984375,
    "model.layers.4.self_attn.q_proj": 629.8961791992188,
    "model.layers.4.self_attn.k_proj": 604.8135986328125,
    "model.layers.4.self_attn.v_proj": 634.1932373046875,
    "model.layers.4.self_attn.o_proj": 608.98828125,
    "model.layers.4.mlp.gate_proj": 902.2593994140625,
    "model.layers.4.mlp.up_proj": 907.1314086914062,
    "model.layers.4.mlp.down_proj": 878.6940307617188,
    "model.layers.5.self_attn.q_proj": 621.98291015625,
    "model.layers.5.self_attn.k_proj": 615.568603515625,
    "model.layers.5.self_attn.v_proj": 648.7827758789062,
    "model.layers.5.self_attn.o_proj": 626.8939819335938,
    "model.layers.5.mlp.gate_proj": 890.5140991210938,
    "model.layers.5.mlp.up_proj": 876.2836303710938,
    "model.layers.5.mlp.down_proj": 872.1707763671875,
    "model.layers.6.self_attn.q_proj": 615.5389404296875,
    "model.layers.6.self_attn.k_proj": 622.7723388671875,
    "model.layers.6.self_attn.v_proj": 629.252197265625,
    "model.layers.6.self_attn.o_proj": 614.6654663085938,
    "model.layers.6.mlp.gate_proj": 869.7299194335938,
    "model.layers.6.mlp.up_proj": 894.283203125,
    "model.layers.6.mlp.down_proj": 888.1517333984375,
    "model.layers.7.self_attn.q_proj": 609.9548950195312,
    "model.layers.7.self_attn.k_proj": 632.8353271484375,
    "model.layers.7.self_attn.v_proj": 627.0903930664062,
    "model.layers.7.self_attn.o_proj": 621.6503295898438,
    "model.layers.7.mlp.gate_proj": 895.408203125,
    "model.layers.7.mlp.up_proj": 889.5291748046875,
    "model.layers.7.mlp.down_proj": 890.220703125,
    "model.layers.8.self_attn.q_proj": 612.6717529296875,
    "model.layers.8.self_attn.k_proj": 616.8323974609375,
    "model.layers.8.self_attn.v_proj": 633.4786987304688,
    "model.layers.8.self_attn.o_proj": 620.1279907226562,
    "model.layers.8.mlp.gate_proj": 895.1470947265625,
    "model.layers.8.mlp.up_proj": 889.222412109375,
    "model.layers.8.mlp.down_proj": 867.444091796875,
    "model.layers.9.self_attn.q_proj": 612.0180053710938,
    "model.layers.9.self_attn.k_proj": 615.13720703125,
    "model.layers.9.self_attn.v_proj": 629.0460205078125,
    "model.layers.9.self_attn.o_proj": 631.6043701171875,
    "model.layers.9.mlp.gate_proj": 898.7962036132812,
    "model.layers.9.mlp.up_proj": 899.9904174804688,
    "model.layers.9.mlp.down_proj": 887.7147216796875,
    "model.layers.10.self_attn.q_proj": 611.0042724609375,
    "model.layers.10.self_attn.k_proj": 625.6771240234375,
    "model.layers.10.self_attn.v_proj": 614.98828125,
    "model.layers.10.self_attn.o_proj": 613.8703002929688,
    "model.layers.10.mlp.gate_proj": 900.2617797851562,
    "model.layers.10.mlp.up_proj": 893.2329711914062,
    "model.layers.10.mlp.down_proj": 891.0639038085938,
    "model.layers.11.self_attn.q_proj": 610.729248046875,
    "model.layers.11.self_attn.k_proj": 624.5806884765625,
    "model.layers.11.self_attn.v_proj": 616.083984375,
    "model.layers.11.self_attn.o_proj": 607.7579345703125,
    "model.layers.11.mlp.gate_proj": 897.927978515625,
    "model.layers.11.mlp.up_proj": 901.293701171875,
    "model.layers.11.mlp.down_proj": 896.9078369140625,
    "model.layers.12.self_attn.q_proj": 617.047119140625,
    "model.layers.12.self_attn.k_proj": 617.4744873046875,
    "model.layers.12.self_attn.v_proj": 619.2286376953125,
    "model.layers.12.self_attn.o_proj": 612.773681640625,
    "model.layers.12.mlp.gate_proj": 901.36865234375,
    "model.layers.12.mlp.up_proj": 891.9794921875,
    "model.layers.12.mlp.down_proj": 895.806884765625,
    "model.layers.13.self_attn.q_proj": 627.6005859375,
    "model.layers.13.self_attn.k_proj": 616.634033203125,
    "model.layers.13.self_attn.v_proj": 626.5811157226562,
    "model.layers.13.self_attn.o_proj": 614.0750732421875,
    "model.layers.13.mlp.gate_proj": 895.6387329101562,
    "model.layers.13.mlp.up_proj": 895.2197265625,
    "model.layers.13.mlp.down_proj": 897.0100708007812,
    "model.layers.14.self_attn.q_proj": 615.6590576171875,
    "model.layers.14.self_attn.k_proj": 616.629638671875,
    "model.layers.14.self_attn.v_proj": 616.2644653320312,
    "model.layers.14.self_attn.o_proj": 613.1788330078125,
    "model.layers.14.mlp.gate_proj": 896.9518432617188,
    "model.layers.14.mlp.up_proj": 896.2955322265625,
    "model.layers.14.mlp.down_proj": 900.7626953125,
    "model.layers.15.self_attn.q_proj": 614.6614990234375,
    "model.layers.15.self_attn.k_proj": 616.0813598632812,
    "model.layers.15.self_attn.v_proj": 626.0830078125,
    "model.layers.15.self_attn.o_proj": 614.7711181640625,
    "model.layers.15.mlp.gate_proj": 898.0462036132812,
    "model.layers.15.mlp.up_proj": 897.3849487304688,
    "model.layers.15.mlp.down_proj": 899.4072265625,
    "model.layers.16.self_attn.q_proj": 614.0750122070312,
    "model.layers.16.self_attn.k_proj": 613.7144775390625,
    "model.layers.16.self_attn.v_proj": 621.4676513671875,
    "model.layers.16.self_attn.o_proj": 613.2029418945312,
    "model.layers.16.mlp.gate_proj": 895.6559448242188,
    "model.layers.16.mlp.up_proj": 895.4605712890625,
    "model.layers.16.mlp.down_proj": 900.1671752929688,
    "model.layers.17.self_attn.q_proj": 615.7951049804688,
    "model.layers.17.self_attn.k_proj": 617.52685546875,
    "model.layers.17.self_attn.v_proj": 614.776611328125,
    "model.layers.17.self_attn.o_proj": 613.8046875,
    "model.layers.17.mlp.gate_proj": 895.7899169921875,
    "model.layers.17.mlp.up_proj": 895.8880004882812,
    "model.layers.17.mlp.down_proj": 894.829345703125,
    "model.layers.18.self_attn.q_proj": 614.7476806640625,
    "model.layers.18.self_attn.k_proj": 614.5745849609375,
    "model.layers.18.self_attn.v_proj": 616.08056640625,
    "model.layers.18.self_attn.o_proj": 611.701416015625,
    "model.layers.18.mlp.gate_proj": 894.9830322265625,
    "model.layers.18.mlp.up_proj": 902.1702880859375,
    "model.layers.18.mlp.down_proj": 899.6929931640625,
    "model.layers.19.self_attn.q_proj": 617.412841796875,
    "model.layers.19.self_attn.k_proj": 613.21875,
    "model.layers.19.self_attn.v_proj": 614.9393920898438,
    "model.layers.19.self_attn.o_proj": 613.353515625,
    "model.layers.19.mlp.gate_proj": 895.5255126953125,
    "model.layers.19.mlp.up_proj": 894.9397583007812,
    "model.layers.19.mlp.down_proj": 898.1978149414062,
    "model.layers.20.self_attn.q_proj": 614.8822631835938,
    "model.layers.20.self_attn.k_proj": 612.7217407226562,