{
    "model.layers.0.self_attn.q_proj": 817.1611938476562,
    "model.layers.0.self_attn.k_proj": 817.1757202148438,
    "model.layers.0.self_attn.v_proj": 817.274169921875,
    "model.layers.0.self_attn.o_proj": 817.463623046875,
    "model.layers.0.mlp.gate_proj": 1192.0308837890625,
    "model.layers.0.mlp.up_proj": 1191.9339599609375,
    "model.layers.0.mlp.down_proj": 1190.699462890625,
    "model.layers.1.self_attn.q_proj": 810.6242065429688,
    "model.layers.1.self_attn.k_proj": 817.0318603515625,
    "model.layers.1.self_attn.v_proj": 816.824462890625,
    "model.layers.1.self_attn.o_proj": 801.9486083984375,
    "model.layers.1.mlp.gate_proj": 1194.9852294921875,
    "model.layers.1.mlp.up_proj": 1197.447998046875,
    "model.layers.1.mlp.down_proj": 1181.663330078125,
    "model.layers.2.self_attn.q_proj": 825.5941772460938,
    "model.layers.2.self_attn.k_proj": 835.95166015625,
    "model.layers.2.self_attn.v_proj": 883.7991333007812,
    "model.layers.2.self_attn.o_proj": 810.6800537109375,
    "model.layers.2.mlp.gate_proj": 1196.720458984375,
    "model.layers.2.mlp.up_proj": 1178.5531005859375,
    "model.layers.2.mlp.down_proj": 1165.4642333984375,
    "model.layers.3.self_attn.q_proj": 806.4791870117188,
    "model.layers.3.self_attn.k_proj": 786.3546752929688,
    "model.layers.3.self_attn.v_proj": 809.1235961914062,
    "model.layers.3.self_attn.o_proj": 802.8349609375,
    "model.layers.3.mlp.gate_proj": 1199.9671630859375,
    "model.layers.3.mlp.up_proj": 1184.8382568359375,
    "model.layers.3.mlp.down_proj": 1192.5015869140625,
    "model.layers.4.self_attn.q_proj": 803.6304321289062,
    "model.layers.4.self_attn.k_proj": 824.1822509765625,
    "model.layers.4.self_attn.v_proj": 855.1881713867188,
    "model.layers.4.self_attn.o_proj": 791.3556518554688,
    "model.layers.4.mlp.gate_proj": 1175.629638671875,
    "model.layers.4.mlp.up_proj": 1203.29931640625,
    "model.layers.4.mlp.down_proj": 1180.5677490234375,
    "model.layers.5.self_attn.q_proj": 811.7962646484375,
    "model.layers.5.self_attn.k_proj": 861.3612670898438,
    "model.layers.5.self_attn.v_proj": 848.7357177734375,
    "model.layers.5.self_attn.o_proj": 800.3596801757812,
    "model.layers.5.mlp.gate_proj": 1188.3892822265625,
    "model.layers.5.mlp.up_proj": 1161.185302734375,
    "model.layers.5.mlp.down_proj": 1187.83349609375,
    "model.layers.6.self_attn.q_proj": 816.8373413085938,
    "model.layers.6.self_attn.k_proj": 811.5647583007812,
    "model.layers.6.self_attn.v_proj": 860.641357421875,
    "model.layers.6.self_attn.o_proj": 807.3535766601562,
    "model.layers.6.mlp.gate_proj": 1181.30908203125,
    "model.layers.6.mlp.up_proj": 1195.763916015625,
    "model.layers.6.mlp.down_proj": 1213.08544921875,
    "model.layers.7.self_attn.q_proj": 797.4307861328125,
    "model.layers.7.self_attn.k_proj": 858.246337890625,
    "model.layers.7.self_attn.v_proj": 873.4746704101562,
    "model.layers.7.self_attn.o_proj": 813.3876342773438,
    "model.layers.7.mlp.gate_proj": 1198.2216796875,
    "model.layers.7.mlp.up_proj": 1191.52392578125,
    "model.layers.7.mlp.down_proj": 1202.6846923828125,
    "model.layers.8.self_attn.q_proj": 818.1804809570312,
    "model.layers.8.self_attn.k_proj": 846.8432006835938,
    "model.layers.8.self_attn.v_proj": 868.3308715820312,
    "model.layers.8.self_attn.o_proj": 848.3004760742188,
    "model.layers.8.mlp.gate_proj": 1191.1973876953125,
    "model.layers.8.mlp.up_proj": 1188.9769287109375,
    "model.layers.8.mlp.down_proj": 1200.0408935546875,
    "model.layers.9.self_attn.q_proj": 820.7600708007812,
    "model.layers.9.self_attn.k_proj": 841.364990234375,
    "model.layers.9.self_attn.v_proj": 807.4541015625,
    "model.layers.9.self_attn.o_proj": 815.6990356445312,
    "model.layers.9.mlp.gate_proj": 1187.137939453125,
    "model.layers.9.mlp.up_proj": 1171.6282958984375,
    "model.layers.9.mlp.down_proj": 1195.9560546875,
    "model.layers.10.self_attn.q_proj": 821.3352661132812,
    "model.layers.10.self_attn.k_proj": 863.0873413085938,
    "model.layers.10.self_attn.v_proj": 844.5321044921875,
    "model.layers.10.self_attn.o_proj": 771.6925659179688,
    "model.layers.10.mlp.gate_proj": 1177.4566650390625,
    "model.layers.10.mlp.up_proj": 1185.1187744140625,
    "model.layers.10.mlp.down_proj": 1189.1986083984375,
    "model.layers.11.self_attn.q_proj": 801.566650390625,
    "model.layers.11.self_attn.k_proj": 850.6854248046875,
    "model.layers.11.self_attn.v_proj": 856.7523803710938,
    "model.layers.11.self_attn.o_proj": 812.0420532226562,
    "model.layers.11.mlp.gate_proj": 1212.229248046875,
    "model.layers.11.mlp.up_proj": 1171.4381103515625,
    "model.layers.11.mlp.down_proj": 1208.5341796875,
    "model.layers.12.self_attn.q_proj": 801.1100463867188,
    "model.layers.12.self_attn.k_proj": 856.6395874023438,
    "model.layers.12.self_attn.v_proj": 840.3533935546875,
    "model.layers.12.self_attn.o_proj": 800.5450439453125,
    "model.layers.12.mlp.gate_proj": 1167.6129150390625,
    "model.layers.12.mlp.up_proj": 1198.6973876953125,
    "model.layers.12.mlp.down_proj": 1205.8836669921875,
    "model.layers.13.self_attn.q_proj": 802.7565307617188,
    "model.layers.13.self_attn.k_proj": 824.6419677734375,
    "model.layers.13.self_attn.v_proj": 873.7638549804688,
    "model.layers.13.self_attn.o_proj": 839.5490112304688,
    "model.layers.13.mlp.gate_proj": 1172.62060546875,
    "model.layers.13.mlp.up_proj": 1186.43310546875,
    "model.layers.13.mlp.down_proj": 1164.98828125,
    "model.layers.14.self_attn.q_proj": 797.0474243164062,
    "model.layers.14.self_attn.k_proj": 818.3192749023438,
    "model.layers.14.self_attn.v_proj": 873.6961669921875,
    "model.layers.14.self_attn.o_proj": 783.7020874023438,
    "model.layers.14.mlp.gate_proj": 1184.7103271484375,
    "model.layers.14.mlp.up_proj": 1198.3992919921875,
    "model.layers.14.mlp.down_proj": 1202.7950439453125,
    "model.layers.15.self_attn.q_proj": 811.7283325195312,
    "model.layers.15.self_attn.k_proj": 847.5403442382812,
    "model.layers.15.self_attn.v_proj": 836.00634765625,
    "model.layers.15.self_attn.o_proj": 800.0559692382812,
    "model.layers.15.mlp.gate_proj": 1182.10009765625,
    "model.layers.15.mlp.up_proj": 1203.2440185546875,
    "model.layers.15.mlp.down_proj": 1186.7467041015625,
    "model.layers.16.self_attn.q_proj": 804.678466796875,
    "model.layers.16.self_attn.k_proj": 830.7677612304688,
    "model.layers.16.self_attn.v_proj": 841.431640625,
    "model.layers.16.self_attn.o_proj": 761.1864013671875,
    "model.layers.16.mlp.gate_proj": 1186.9993896484375,
    "model.layers.16.mlp.up_proj": 1170.68603515625,
    "model.layers.16.mlp.down_proj": 1203.5272216796875,
    "model.layers.17.self_attn.q_proj": 806.71728515625,
    "model.layers.17.self_attn.k_proj": 820.73046875,
    "model.layers.17.self_attn.v_proj": 830.9262084960938,
    "model.layers.17.self_attn.o_proj": 791.1109619140625,
    "model.layers.17.mlp.gate_proj": 1185.9444580078125,
    "model.layers.17.mlp.up_proj": 1191.1671142578125,
    "model.layers.17.mlp.down_proj": 1180.5213623046875,
    "model.layers.18.self_attn.q_proj": 808.3182983398438,
    "model.layers.18.self_attn.k_proj": 832.7430419921875,
    "model.layers.18.self_attn.v_proj": 849.9400634765625,
    "model.layers.18.self_attn.o_proj": 803.9254150390625,
    "model.layers.18.mlp.gate_proj": 1188.157958984375,
    "model.layers.18.mlp.up_proj": 1187.9945068359375,
    "model.layers.18.mlp.down_proj": 1201.4771728515625,
    "model.layers.19.self_attn.q_proj": 827.6990966796875,
    "model.layers.19.self_attn.k_proj": 819.5325317382812,
    "model.layers.19.self_attn.v_proj": 874.1350708007812,
    "model.layers.19.self_attn.o_proj": 797.7948608398438,
    "model.layers.19.mlp.gate_proj": 1210.9036865234375,
    "model.layers.19.mlp.up_proj": 1212.19921875,
    "model.layers.19.mlp.down_proj": 1190.2708740234375,