{
    "model.layers.0.self_attn.q_proj": 818.8058471679688,
    "model.layers.0.self_attn.k_proj": 818.820068359375,
    "model.layers.0.self_attn.v_proj": 818.9456176757812,
    "model.layers.0.self_attn.o_proj": 818.90283203125,
    "model.layers.0.mlp.gate_proj": 1193.69287109375,
    "model.layers.0.mlp.up_proj": 1193.6544189453125,
    "model.layers.0.mlp.down_proj": 1192.068603515625,
    "model.layers.1.self_attn.q_proj": 817.0018920898438,
    "model.layers.1.self_attn.k_proj": 819.28662109375,
    "model.layers.1.self_attn.v_proj": 822.2284545898438,
    "model.layers.1.self_attn.o_proj": 812.5244750976562,
    "model.layers.1.mlp.gate_proj": 1195.4542236328125,
    "model.layers.1.mlp.up_proj": 1196.4361572265625,
    "model.layers.1.mlp.down_proj": 1194.3450927734375,
    "model.layers.2.self_attn.q_proj": 821.0750732421875,
    "model.layers.2.self_attn.k_proj": 817.3665771484375,
    "model.layers.2.self_attn.v_proj": 839.4636840820312,
    "model.layers.2.self_attn.o_proj": 813.3745727539062,
    "model.layers.2.mlp.gate_proj": 1194.9600830078125,
    "model.layers.2.mlp.up_proj": 1186.5384521484375,
    "model.layers.2.mlp.down_proj": 1194.835205078125,
    "model.layers.3.self_attn.q_proj": 815.5958251953125,
    "model.layers.3.self_attn.k_proj": 805.6997680664062,
    "model.layers.3.self_attn.v_proj": 811.40380859375,
    "model.layers.3.self_attn.o_proj": 816.8719482421875,
    "model.layers.3.mlp.gate_proj": 1194.8089599609375,
    "model.layers.3.mlp.up_proj": 1193.5,
    "model.layers.3.mlp.down_proj": 1186.4970703125,
    "model.layers.4.self_attn.q_proj": 820.6099853515625,
    "model.layers.4.self_attn.k_proj": 817.1597290039062,
    "model.layers.4.self_attn.v_proj": 827.2109985351562,
    "model.layers.4.self_attn.o_proj": 806.3932495117188,
    "model.layers.4.mlp.gate_proj": 1187.1641845703125,
    "model.layers.4.mlp.up_proj": 1199.8834228515625,
    "model.layers.4.mlp.down_proj": 1189.6055908203125,
    "model.layers.5.self_attn.q_proj": 820.8130493164062,
    "model.layers.5.self_attn.k_proj": 841.624755859375,
    "model.layers.5.self_attn.v_proj": 826.7551879882812,
    "model.layers.5.self_attn.o_proj": 813.4130859375,
    "model.layers.5.mlp.gate_proj": 1190.361083984375,
    "model.layers.5.mlp.up_proj": 1182.03271484375,
    "model.layers.5.mlp.down_proj": 1177.685791015625,
    "model.layers.6.self_attn.q_proj": 827.3609619140625,
    "model.layers.6.self_attn.k_proj": 811.3289794921875,
    "model.layers.6.self_attn.v_proj": 845.7700805664062,
    "model.layers.6.self_attn.o_proj": 814.4190673828125,
    "model.layers.6.mlp.gate_proj": 1189.725341796875,
    "model.layers.6.mlp.up_proj": 1190.7103271484375,
    "model.layers.6.mlp.down_proj": 1208.7088623046875,
    "model.layers.7.self_attn.q_proj": 815.3102416992188,
    "model.layers.7.self_attn.k_proj": 825.1937255859375,
    "model.layers.7.self_attn.v_proj": 833.8074340820312,
    "model.layers.7.self_attn.o_proj": 823.032470703125,
    "model.layers.7.mlp.gate_proj": 1189.889404296875,
    "model.layers.7.mlp.up_proj": 1197.68408203125,
    "model.layers.7.mlp.down_proj": 1207.799560546875,
    "model.layers.8.self_attn.q_proj": 818.5498046875,
    "model.layers.8.self_attn.k_proj": 833.038330078125,
    "model.layers.8.self_attn.v_proj": 835.3187255859375,
    "model.layers.8.self_attn.o_proj": 840.7501831054688,
    "model.layers.8.mlp.gate_proj": 1194.3826904296875,
    "model.layers.8.mlp.up_proj": 1182.5223388671875,
    "model.layers.8.mlp.down_proj": 1201.7764892578125,
    "model.layers.9.self_attn.q_proj": 821.632080078125,
    "model.layers.9.self_attn.k_proj": 826.5556640625,
    "model.layers.9.self_attn.v_proj": 808.1481323242188,
    "model.layers.9.self_attn.o_proj": 820.275146484375,
    "model.layers.9.mlp.gate_proj": 1192.3248291015625,
    "model.layers.9.mlp.up_proj": 1186.1322021484375,
    "model.layers.9.mlp.down_proj": 1187.2470703125,
    "model.layers.10.self_attn.q_proj": 822.9968872070312,
    "model.layers.10.self_attn.k_proj": 834.425048828125,
    "model.layers.10.self_attn.v_proj": 829.8899536132812,
    "model.layers.10.self_attn.o_proj": 802.6144409179688,
    "model.layers.10.mlp.gate_proj": 1186.40625,
    "model.layers.10.mlp.up_proj": 1182.5284423828125,
    "model.layers.10.mlp.down_proj": 1194.5374755859375,
    "model.layers.11.self_attn.q_proj": 812.788818359375,
    "model.layers.11.self_attn.k_proj": 831.2780151367188,
    "model.layers.11.self_attn.v_proj": 841.6826782226562,
    "model.layers.11.self_attn.o_proj": 824.53955078125,
    "model.layers.11.mlp.gate_proj": 1210.8985595703125,
    "model.layers.11.mlp.up_proj": 1183.0009765625,
    "model.layers.11.mlp.down_proj": 1193.08544921875,
    "model.layers.12.self_attn.q_proj": 815.6771850585938,
    "model.layers.12.self_attn.k_proj": 840.7918090820312,
    "model.layers.12.self_attn.v_proj": 816.2674560546875,
    "model.layers.12.self_attn.o_proj": 813.0576782226562,
    "model.layers.12.mlp.gate_proj": 1184.7213134765625,
    "model.layers.12.mlp.up_proj": 1190.8505859375,
    "model.layers.12.mlp.down_proj": 1202.376708984375,
    "model.layers.13.self_attn.q_proj": 816.0562744140625,
    "model.layers.13.self_attn.k_proj": 818.2061157226562,
    "model.layers.13.self_attn.v_proj": 845.0341186523438,
    "model.layers.13.self_attn.o_proj": 820.7186889648438,
    "model.layers.13.mlp.gate_proj": 1187.47216796875,
    "model.layers.13.mlp.up_proj": 1186.9161376953125,
    "model.layers.13.mlp.down_proj": 1169.14013671875,
    "model.layers.14.self_attn.q_proj": 815.4442138671875,
    "model.layers.14.self_attn.k_proj": 820.097900390625,
    "model.layers.14.self_attn.v_proj": 840.66455078125,
    "model.layers.14.self_attn.o_proj": 804.0036010742188,
    "model.layers.14.mlp.gate_proj": 1189.969482421875,
    "model.layers.14.mlp.up_proj": 1199.634521484375,
    "model.layers.14.mlp.down_proj": 1200.0223388671875,
    "model.layers.15.self_attn.q_proj": 815.3108520507812,
    "model.layers.15.self_attn.k_proj": 830.52490234375,
    "model.layers.15.self_attn.v_proj": 817.7254028320312,
    "model.layers.15.self_attn.o_proj": 817.86181640625,
    "model.layers.15.mlp.gate_proj": 1186.85986328125,
    "model.layers.15.mlp.up_proj": 1201.846923828125,
    "model.layers.15.mlp.down_proj": 1208.9071044921875,
    "model.layers.16.self_attn.q_proj": 812.6369018554688,
    "model.layers.16.self_attn.k_proj": 823.2739868164062,
    "model.layers.16.self_attn.v_proj": 826.2520751953125,
    "model.layers.16.self_attn.o_proj": 800.8409423828125,
    "model.layers.16.mlp.gate_proj": 1193.1446533203125,
    "model.layers.16.mlp.up_proj": 1183.4208984375,
    "model.layers.16.mlp.down_proj": 1198.43017578125,
    "model.layers.17.self_attn.q_proj": 814.960693359375,
    "model.layers.17.self_attn.k_proj": 818.161865234375,
    "model.layers.17.self_attn.v_proj": 826.6360473632812,
    "model.layers.17.self_attn.o_proj": 814.0097045898438,
    "model.layers.17.mlp.gate_proj": 1191.4339599609375,
    "model.layers.17.mlp.up_proj": 1189.36279296875,
    "model.layers.17.mlp.down_proj": 1183.501708984375,
    "model.layers.18.self_attn.q_proj": 818.3511352539062,
    "model.layers.18.self_attn.k_proj": 828.2340087890625,
    "model.layers.18.self_attn.v_proj": 828.6430053710938,
    "model.layers.18.self_attn.o_proj": 806.551513671875,
    "model.layers.18.mlp.gate_proj": 1190.1666259765625,
    "model.layers.18.mlp.up_proj": 1189.1253662109375,
    "model.layers.18.mlp.down_proj": 1193.50146484375,
    "model.layers.19.self_attn.q_proj": 823.67529296875,
    "model.layers.19.self_attn.k_proj": 818.462646484375,
    "model.layers.19.self_attn.v_proj": 857.1959838867188,
    "model.layers.19.self_attn.o_proj": 811.1793212890625,
    "model.layers.19.mlp.gate_proj": 1203.8402099609375,
    "model.layers.19.mlp.up_proj": 1201.626220703125,
    "model.layers.19.mlp.down_proj": 1193.5284423828125,
    "model.layers.20.self_attn.q_proj": 814.7789306640625,