{
    "model.layers.0.self_attn.q_proj": 815.1058349609375,
    "model.layers.0.self_attn.k_proj": 815.1201782226562,
    "model.layers.0.self_attn.v_proj": 815.2185668945312,
    "model.layers.0.self_attn.o_proj": 815.5223388671875,
    "model.layers.0.mlp.gate_proj": 1190.038330078125,
    "model.layers.0.mlp.up_proj": 1189.86669921875,
    "model.layers.0.mlp.down_proj": 1188.947998046875,
    "model.layers.1.self_attn.q_proj": 808.5634765625,
    "model.layers.1.self_attn.k_proj": 815.7617797851562,
    "model.layers.1.self_attn.v_proj": 814.2675170898438,
    "model.layers.1.self_attn.o_proj": 800.226806640625,
    "model.layers.1.mlp.gate_proj": 1193.7093505859375,
    "model.layers.1.mlp.up_proj": 1194.2430419921875,
    "model.layers.1.mlp.down_proj": 1179.499755859375,
    "model.layers.2.self_attn.q_proj": 823.177001953125,
    "model.layers.2.self_attn.k_proj": 826.034423828125,
    "model.layers.2.self_attn.v_proj": 883.5043334960938,
    "model.layers.2.self_attn.o_proj": 800.9390869140625,
    "model.layers.2.mlp.gate_proj": 1197.619384765625,
    "model.layers.2.mlp.up_proj": 1175.8372802734375,
    "model.layers.2.mlp.down_proj": 1158.0198974609375,
    "model.layers.3.self_attn.q_proj": 794.2128295898438,
    "model.layers.3.self_attn.k_proj": 776.4716796875,
    "model.layers.3.self_attn.v_proj": 817.21875,
    "model.layers.3.self_attn.o_proj": 804.2296142578125,
    "model.layers.3.mlp.gate_proj": 1201.2552490234375,
    "model.layers.3.mlp.up_proj": 1174.10693359375,
    "model.layers.3.mlp.down_proj": 1190.5228271484375,
    "model.layers.4.self_attn.q_proj": 795.8817138671875,
    "model.layers.4.self_attn.k_proj": 826.951171875,
    "model.layers.4.self_attn.v_proj": 896.3212280273438,
    "model.layers.4.self_attn.o_proj": 770.065185546875,
    "model.layers.4.mlp.gate_proj": 1179.64208984375,
    "model.layers.4.mlp.up_proj": 1203.0870361328125,
    "model.layers.4.mlp.down_proj": 1177.4871826171875,
    "model.layers.5.self_attn.q_proj": 803.8485107421875,
    "model.layers.5.self_attn.k_proj": 883.16845703125,
    "model.layers.5.self_attn.v_proj": 868.1113891601562,
    "model.layers.5.self_attn.o_proj": 798.9886474609375,
    "model.layers.5.mlp.gate_proj": 1187.804443359375,
    "model.layers.5.mlp.up_proj": 1150.7401123046875,
    "model.layers.5.mlp.down_proj": 1188.0679931640625,
    "model.layers.6.self_attn.q_proj": 801.7677001953125,
    "model.layers.6.self_attn.k_proj": 817.0170288085938,
    "model.layers.6.self_attn.v_proj": 866.1967163085938,
    "model.layers.6.self_attn.o_proj": 796.5420532226562,
    "model.layers.6.mlp.gate_proj": 1173.8902587890625,
    "model.layers.6.mlp.up_proj": 1203.382080078125,
    "model.layers.6.mlp.down_proj": 1218.448974609375,
    "model.layers.7.self_attn.q_proj": 798.4663696289062,
    "model.layers.7.self_attn.k_proj": 873.4967651367188,
    "model.layers.7.self_attn.v_proj": 891.3099975585938,
    "model.layers.7.self_attn.o_proj": 812.9454956054688,
    "model.layers.7.mlp.gate_proj": 1195.3394775390625,
    "model.layers.7.mlp.up_proj": 1190.6134033203125,
    "model.layers.7.mlp.down_proj": 1209.406494140625,
    "model.layers.8.self_attn.q_proj": 815.650390625,
    "model.layers.8.self_attn.k_proj": 849.8950805664062,
    "model.layers.8.self_attn.v_proj": 874.5154418945312,
    "model.layers.8.self_attn.o_proj": 848.6874389648438,
    "model.layers.8.mlp.gate_proj": 1182.4761962890625,
    "model.layers.8.mlp.up_proj": 1195.2313232421875,
    "model.layers.8.mlp.down_proj": 1201.812744140625,
    "model.layers.9.self_attn.q_proj": 819.24853515625,
    "model.layers.9.self_attn.k_proj": 850.532470703125,
    "model.layers.9.self_attn.v_proj": 821.640380859375,
    "model.layers.9.self_attn.o_proj": 798.524169921875,
    "model.layers.9.mlp.gate_proj": 1190.192138671875,
    "model.layers.9.mlp.up_proj": 1192.21923828125,
    "model.layers.9.mlp.down_proj": 1212.66455078125,
    "model.layers.10.self_attn.q_proj": 820.582275390625,
    "model.layers.10.self_attn.k_proj": 871.6179809570312,
    "model.layers.10.self_attn.v_proj": 856.1441650390625,
    "model.layers.10.self_attn.o_proj": 755.4500122070312,
    "model.layers.10.mlp.gate_proj": 1169.5400390625,
    "model.layers.10.mlp.up_proj": 1180.5013427734375,
    "model.layers.10.mlp.down_proj": 1196.0504150390625,
    "model.layers.11.self_attn.q_proj": 794.2472534179688,
    "model.layers.11.self_attn.k_proj": 856.4340209960938,
    "model.layers.11.self_attn.v_proj": 861.0270385742188,
    "model.layers.11.self_attn.o_proj": 796.3609008789062,
    "model.layers.11.mlp.gate_proj": 1209.197509765625,
    "model.layers.11.mlp.up_proj": 1172.1785888671875,
    "model.layers.11.mlp.down_proj": 1219.1705322265625,
    "model.layers.12.self_attn.q_proj": 787.69482421875,
    "model.layers.12.self_attn.k_proj": 862.71435546875,
    "model.layers.12.self_attn.v_proj": 853.5870361328125,
    "model.layers.12.self_attn.o_proj": 789.96142578125,
    "model.layers.12.mlp.gate_proj": 1163.9683837890625,
    "model.layers.12.mlp.up_proj": 1195.0499267578125,
    "model.layers.12.mlp.down_proj": 1198.0235595703125,
    "model.layers.13.self_attn.q_proj": 799.1498413085938,
    "model.layers.13.self_attn.k_proj": 826.0192260742188,
    "model.layers.13.self_attn.v_proj": 900.0755615234375,
    "model.layers.13.self_attn.o_proj": 835.1205444335938,
    "model.layers.13.mlp.gate_proj": 1167.1810302734375,
    "model.layers.13.mlp.up_proj": 1182.3502197265625,
    "model.layers.13.mlp.down_proj": 1158.2559814453125,
    "model.layers.14.self_attn.q_proj": 790.4727172851562,
    "model.layers.14.self_attn.k_proj": 809.8114013671875,
    "model.layers.14.self_attn.v_proj": 885.1307373046875,
    "model.layers.14.self_attn.o_proj": 778.3892211914062,
    "model.layers.14.mlp.gate_proj": 1181.0672607421875,
    "model.layers.14.mlp.up_proj": 1199.5535888671875,
    "model.layers.14.mlp.down_proj": 1195.0032958984375,
    "model.layers.15.self_attn.q_proj": 809.4210205078125,
    "model.layers.15.self_attn.k_proj": 856.440673828125,
    "model.layers.15.self_attn.v_proj": 853.0382080078125,
    "model.layers.15.self_attn.o_proj": 785.2365112304688,
    "model.layers.15.mlp.gate_proj": 1182.7269287109375,
    "model.layers.15.mlp.up_proj": 1205.1962890625,
    "model.layers.15.mlp.down_proj": 1180.470703125,
    "model.layers.16.self_attn.q_proj": 798.9212646484375,
    "model.layers.16.self_attn.k_proj": 825.6959228515625,
    "model.layers.16.self_attn.v_proj": 853.0808715820312,
    "model.layers.16.self_attn.o_proj": 733.5687866210938,
    "model.layers.16.mlp.gate_proj": 1182.9876708984375,
    "model.layers.16.mlp.up_proj": 1165.014404296875,
    "model.layers.16.mlp.down_proj": 1200.36376953125,
    "model.layers.17.self_attn.q_proj": 806.7857055664062,
    "model.layers.17.self_attn.k_proj": 820.3404541015625,
    "model.layers.17.self_attn.v_proj": 851.3141479492188,
    "model.layers.17.self_attn.o_proj": 779.229736328125,
    "model.layers.17.mlp.gate_proj": 1180.2958984375,
    "model.layers.17.mlp.up_proj": 1191.588623046875,
    "model.layers.17.mlp.down_proj": 1178.044921875,
    "model.layers.18.self_attn.q_proj": 801.768310546875,
    "model.layers.18.self_attn.k_proj": 834.1771240234375,
    "model.layers.18.self_attn.v_proj": 872.9100341796875,
    "model.layers.18.self_attn.o_proj": 799.0545654296875,
    "model.layers.18.mlp.gate_proj": 1185.2623291015625,
    "model.layers.18.mlp.up_proj": 1184.72900390625,
    "model.layers.18.mlp.down_proj": 1209.39013671875,
    "model.layers.19.self_attn.q_proj": 825.0733032226562,
    "model.layers.19.self_attn.k_proj": 817.0164794921875,
    "model.layers.19.self_attn.v_proj": 878.4946899414062,
    "model.layers.19.self_attn.o_proj": 786.8901977539062,
    "model.layers.19.mlp.gate_proj": 1219.0472412109375,
    "model.layers.19.mlp.up_proj": 1216.731201171875,
    "model.layers.19.mlp.down_proj": 1186.1014404296875,
    "model.layers.20.self_attn.q_proj": 813.2244873046875,