{
    "model.layers.0.self_attn.q_proj": 819.169677734375,
    "model.layers.0.self_attn.k_proj": 819.1812744140625,
    "model.layers.0.self_attn.v_proj": 819.2967529296875,
    "model.layers.0.self_attn.o_proj": 819.2304077148438,
    "model.layers.0.mlp.gate_proj": 1194.0560302734375,
    "model.layers.0.mlp.up_proj": 1194.0416259765625,
    "model.layers.0.mlp.down_proj": 1192.864501953125,
    "model.layers.1.self_attn.q_proj": 817.9210205078125,
    "model.layers.1.self_attn.k_proj": 819.9918823242188,
    "model.layers.1.self_attn.v_proj": 821.0960693359375,
    "model.layers.1.self_attn.o_proj": 815.211669921875,
    "model.layers.1.mlp.gate_proj": 1195.66259765625,
    "model.layers.1.mlp.up_proj": 1196.2886962890625,
    "model.layers.1.mlp.down_proj": 1195.434326171875,
    "model.layers.2.self_attn.q_proj": 822.5678100585938,
    "model.layers.2.self_attn.k_proj": 817.6211547851562,
    "model.layers.2.self_attn.v_proj": 834.52001953125,
    "model.layers.2.self_attn.o_proj": 816.9757690429688,
    "model.layers.2.mlp.gate_proj": 1195.490966796875,
    "model.layers.2.mlp.up_proj": 1188.3101806640625,
    "model.layers.2.mlp.down_proj": 1197.0203857421875,
    "model.layers.3.self_attn.q_proj": 815.3640747070312,
    "model.layers.3.self_attn.k_proj": 810.4691162109375,
    "model.layers.3.self_attn.v_proj": 814.1465454101562,
    "model.layers.3.self_attn.o_proj": 816.3284301757812,
    "model.layers.3.mlp.gate_proj": 1194.3536376953125,
    "model.layers.3.mlp.up_proj": 1195.8919677734375,
    "model.layers.3.mlp.down_proj": 1186.8876953125,
    "model.layers.4.self_attn.q_proj": 822.7501831054688,
    "model.layers.4.self_attn.k_proj": 815.2362670898438,
    "model.layers.4.self_attn.v_proj": 823.3815307617188,
    "model.layers.4.self_attn.o_proj": 808.6171264648438,
    "model.layers.4.mlp.gate_proj": 1189.9371337890625,
    "model.layers.4.mlp.up_proj": 1198.130126953125,
    "model.layers.4.mlp.down_proj": 1192.1495361328125,
    "model.layers.5.self_attn.q_proj": 820.1182250976562,
    "model.layers.5.self_attn.k_proj": 835.7693481445312,
    "model.layers.5.self_attn.v_proj": 825.2396850585938,
    "model.layers.5.self_attn.o_proj": 816.2418212890625,
    "model.layers.5.mlp.gate_proj": 1192.4610595703125,
    "model.layers.5.mlp.up_proj": 1185.0875244140625,
    "model.layers.5.mlp.down_proj": 1179.2252197265625,
    "model.layers.6.self_attn.q_proj": 829.5403442382812,
    "model.layers.6.self_attn.k_proj": 813.41064453125,
    "model.layers.6.self_attn.v_proj": 839.2489013671875,
    "model.layers.6.self_attn.o_proj": 816.06982421875,
    "model.layers.6.mlp.gate_proj": 1189.765625,
    "model.layers.6.mlp.up_proj": 1191.3614501953125,
    "model.layers.6.mlp.down_proj": 1206.51806640625,
    "model.layers.7.self_attn.q_proj": 817.205322265625,
    "model.layers.7.self_attn.k_proj": 823.275634765625,
    "model.layers.7.self_attn.v_proj": 828.249267578125,
    "model.layers.7.self_attn.o_proj": 822.1713256835938,
    "model.layers.7.mlp.gate_proj": 1189.1668701171875,
    "model.layers.7.mlp.up_proj": 1195.9722900390625,
    "model.layers.7.mlp.down_proj": 1206.1732177734375,
    "model.layers.8.self_attn.q_proj": 819.26171875,
    "model.layers.8.self_attn.k_proj": 830.145751953125,
    "model.layers.8.self_attn.v_proj": 829.7969970703125,
    "model.layers.8.self_attn.o_proj": 839.7184448242188,
    "model.layers.8.mlp.gate_proj": 1194.8011474609375,
    "model.layers.8.mlp.up_proj": 1183.5101318359375,
    "model.layers.8.mlp.down_proj": 1200.6925048828125,
    "model.layers.9.self_attn.q_proj": 821.4010620117188,
    "model.layers.9.self_attn.k_proj": 825.6480102539062,
    "model.layers.9.self_attn.v_proj": 814.5281982421875,
    "model.layers.9.self_attn.o_proj": 820.2654418945312,
    "model.layers.9.mlp.gate_proj": 1195.0321044921875,
    "model.layers.9.mlp.up_proj": 1186.9285888671875,
    "model.layers.9.mlp.down_proj": 1189.538818359375,
    "model.layers.10.self_attn.q_proj": 821.6929321289062,
    "model.layers.10.self_attn.k_proj": 830.171142578125,
    "model.layers.10.self_attn.v_proj": 823.0985107421875,
    "model.layers.10.self_attn.o_proj": 809.1537475585938,
    "model.layers.10.mlp.gate_proj": 1188.641357421875,
    "model.layers.10.mlp.up_proj": 1182.6878662109375,
    "model.layers.10.mlp.down_proj": 1196.376220703125,
    "model.layers.11.self_attn.q_proj": 815.7700805664062,
    "model.layers.11.self_attn.k_proj": 821.995849609375,
    "model.layers.11.self_attn.v_proj": 834.1268310546875,
    "model.layers.11.self_attn.o_proj": 826.4893798828125,
    "model.layers.11.mlp.gate_proj": 1209.3973388671875,
    "model.layers.11.mlp.up_proj": 1184.813720703125,
    "model.layers.11.mlp.down_proj": 1194.0850830078125,
    "model.layers.12.self_attn.q_proj": 817.1537475585938,
    "model.layers.12.self_attn.k_proj": 833.0059204101562,
    "model.layers.12.self_attn.v_proj": 816.2521362304688,
    "model.layers.12.self_attn.o_proj": 816.6033935546875,
    "model.layers.12.mlp.gate_proj": 1186.250732421875,
    "model.layers.12.mlp.up_proj": 1193.2359619140625,
    "model.layers.12.mlp.down_proj": 1202.467041015625,
    "model.layers.13.self_attn.q_proj": 815.7337036132812,
    "model.layers.13.self_attn.k_proj": 818.03955078125,
    "model.layers.13.self_attn.v_proj": 841.568115234375,
    "model.layers.13.self_attn.o_proj": 819.5498046875,
    "model.layers.13.mlp.gate_proj": 1189.157958984375,
    "model.layers.13.mlp.up_proj": 1187.9110107421875,
    "model.layers.13.mlp.down_proj": 1170.725830078125,
    "model.layers.14.self_attn.q_proj": 818.155517578125,
    "model.layers.14.self_attn.k_proj": 820.91455078125,
    "model.layers.14.self_attn.v_proj": 831.0330200195312,
    "model.layers.14.self_attn.o_proj": 811.0606689453125,
    "model.layers.14.mlp.gate_proj": 1190.66650390625,
    "model.layers.14.mlp.up_proj": 1198.491943359375,
    "model.layers.14.mlp.down_proj": 1196.97265625,
    "model.layers.15.self_attn.q_proj": 816.3994750976562,
    "model.layers.15.self_attn.k_proj": 825.0416870117188,
    "model.layers.15.self_attn.v_proj": 817.0543212890625,
    "model.layers.15.self_attn.o_proj": 821.1724243164062,
    "model.layers.15.mlp.gate_proj": 1188.1214599609375,
    "model.layers.15.mlp.up_proj": 1201.6329345703125,
    "model.layers.15.mlp.down_proj": 1208.12939453125,
    "model.layers.16.self_attn.q_proj": 813.8786010742188,
    "model.layers.16.self_attn.k_proj": 820.0050659179688,
    "model.layers.16.self_attn.v_proj": 824.7247314453125,
    "model.layers.16.self_attn.o_proj": 806.7467041015625,
    "model.layers.16.mlp.gate_proj": 1193.686767578125,
    "model.layers.16.mlp.up_proj": 1185.839599609375,
    "model.layers.16.mlp.down_proj": 1194.785888671875,
    "model.layers.17.self_attn.q_proj": 816.8372192382812,
    "model.layers.17.self_attn.k_proj": 818.996337890625,
    "model.layers.17.self_attn.v_proj": 826.38720703125,
    "model.layers.17.self_attn.o_proj": 815.646484375,
    "model.layers.17.mlp.gate_proj": 1192.660888671875,
    "model.layers.17.mlp.up_proj": 1189.6363525390625,
    "model.layers.17.mlp.down_proj": 1184.2864990234375,
    "model.layers.18.self_attn.q_proj": 818.7147827148438,
    "model.layers.18.self_attn.k_proj": 826.8878173828125,
    "model.layers.18.self_attn.v_proj": 824.7223510742188,
    "model.layers.18.self_attn.o_proj": 811.92919921875,
    "model.layers.18.mlp.gate_proj": 1192.1209716796875,
    "model.layers.18.mlp.up_proj": 1190.56591796875,
    "model.layers.18.mlp.down_proj": 1193.8504638671875,
    "model.layers.19.self_attn.q_proj": 822.6404418945312,
    "model.layers.19.self_attn.k_proj": 818.87548828125,
    "model.layers.19.self_attn.v_proj": 847.92626953125,
    "model.layers.19.self_attn.o_proj": 812.7852783203125,
    "model.layers.19.mlp.gate_proj": 1203.28759765625,
    "model.layers.19.mlp.up_proj": 1200.1971435546875,
    "model.layers.19.mlp.down_proj": 1193.300537109375,