{
    "model.layers.0.self_attn.q_proj": 817.8746948242188,
    "model.layers.0.self_attn.k_proj": 817.893798828125,
    "model.layers.0.self_attn.v_proj": 817.9959716796875,
    "model.layers.0.self_attn.o_proj": 818.1251831054688,
    "model.layers.0.mlp.gate_proj": 1192.7425537109375,
    "model.layers.0.mlp.up_proj": 1192.6571044921875,
    "model.layers.0.mlp.down_proj": 1191.391357421875,
    "model.layers.1.self_attn.q_proj": 811.4610595703125,
    "model.layers.1.self_attn.k_proj": 817.7164306640625,
    "model.layers.1.self_attn.v_proj": 817.5266723632812,
    "model.layers.1.self_attn.o_proj": 802.3865356445312,
    "model.layers.1.mlp.gate_proj": 1195.5516357421875,
    "model.layers.1.mlp.up_proj": 1197.8818359375,
    "model.layers.1.mlp.down_proj": 1185.002197265625,
    "model.layers.2.self_attn.q_proj": 825.7356567382812,
    "model.layers.2.self_attn.k_proj": 834.7669067382812,
    "model.layers.2.self_attn.v_proj": 878.8040161132812,
    "model.layers.2.self_attn.o_proj": 811.130126953125,
    "model.layers.2.mlp.gate_proj": 1197.4991455078125,
    "model.layers.2.mlp.up_proj": 1179.3280029296875,
    "model.layers.2.mlp.down_proj": 1170.3443603515625,
    "model.layers.3.self_attn.q_proj": 807.8763427734375,
    "model.layers.3.self_attn.k_proj": 788.6718139648438,
    "model.layers.3.self_attn.v_proj": 809.5194091796875,
    "model.layers.3.self_attn.o_proj": 804.4378051757812,
    "model.layers.3.mlp.gate_proj": 1198.4630126953125,
    "model.layers.3.mlp.up_proj": 1186.1280517578125,
    "model.layers.3.mlp.down_proj": 1190.287353515625,
    "model.layers.4.self_attn.q_proj": 809.9860229492188,
    "model.layers.4.self_attn.k_proj": 821.1442260742188,
    "model.layers.4.self_attn.v_proj": 848.7238159179688,
    "model.layers.4.self_attn.o_proj": 796.0873413085938,
    "model.layers.4.mlp.gate_proj": 1178.9765625,
    "model.layers.4.mlp.up_proj": 1204.859130859375,
    "model.layers.4.mlp.down_proj": 1182.2879638671875,
    "model.layers.5.self_attn.q_proj": 815.3909912109375,
    "model.layers.5.self_attn.k_proj": 856.6262817382812,
    "model.layers.5.self_attn.v_proj": 843.3919067382812,
    "model.layers.5.self_attn.o_proj": 802.8753662109375,
    "model.layers.5.mlp.gate_proj": 1188.2562255859375,
    "model.layers.5.mlp.up_proj": 1164.7486572265625,
    "model.layers.5.mlp.down_proj": 1185.4622802734375,
    "model.layers.6.self_attn.q_proj": 818.0916748046875,
    "model.layers.6.self_attn.k_proj": 809.7708740234375,
    "model.layers.6.self_attn.v_proj": 861.34326171875,
    "model.layers.6.self_attn.o_proj": 808.5929565429688,
    "model.layers.6.mlp.gate_proj": 1185.1072998046875,
    "model.layers.6.mlp.up_proj": 1194.8980712890625,
    "model.layers.6.mlp.down_proj": 1211.863525390625,
    "model.layers.7.self_attn.q_proj": 799.6036376953125,
    "model.layers.7.self_attn.k_proj": 850.15966796875,
    "model.layers.7.self_attn.v_proj": 867.8352661132812,
    "model.layers.7.self_attn.o_proj": 814.3394775390625,
    "model.layers.7.mlp.gate_proj": 1197.535888671875,
    "model.layers.7.mlp.up_proj": 1191.4356689453125,
    "model.layers.7.mlp.down_proj": 1204.0740966796875,
    "model.layers.8.self_attn.q_proj": 817.810791015625,
    "model.layers.8.self_attn.k_proj": 847.742919921875,
    "model.layers.8.self_attn.v_proj": 865.1734619140625,
    "model.layers.8.self_attn.o_proj": 847.638671875,
    "model.layers.8.mlp.gate_proj": 1191.4329833984375,
    "model.layers.8.mlp.up_proj": 1187.0784912109375,
    "model.layers.8.mlp.down_proj": 1196.8758544921875,
    "model.layers.9.self_attn.q_proj": 821.3307495117188,
    "model.layers.9.self_attn.k_proj": 839.4180908203125,
    "model.layers.9.self_attn.v_proj": 801.2033081054688,
    "model.layers.9.self_attn.o_proj": 819.1502685546875,
    "model.layers.9.mlp.gate_proj": 1187.3497314453125,
    "model.layers.9.mlp.up_proj": 1175.0235595703125,
    "model.layers.9.mlp.down_proj": 1193.0784912109375,
    "model.layers.10.self_attn.q_proj": 822.9176635742188,
    "model.layers.10.self_attn.k_proj": 860.5682983398438,
    "model.layers.10.self_attn.v_proj": 842.1044311523438,
    "model.layers.10.self_attn.o_proj": 775.1065673828125,
    "model.layers.10.mlp.gate_proj": 1178.8427734375,
    "model.layers.10.mlp.up_proj": 1185.527099609375,
    "model.layers.10.mlp.down_proj": 1190.583984375,
    "model.layers.11.self_attn.q_proj": 802.7538452148438,
    "model.layers.11.self_attn.k_proj": 850.3123168945312,
    "model.layers.11.self_attn.v_proj": 856.0133666992188,
    "model.layers.11.self_attn.o_proj": 814.9724731445312,
    "model.layers.11.mlp.gate_proj": 1212.3521728515625,
    "model.layers.11.mlp.up_proj": 1174.4869384765625,
    "model.layers.11.mlp.down_proj": 1204.8330078125,
    "model.layers.12.self_attn.q_proj": 806.0320434570312,
    "model.layers.12.self_attn.k_proj": 857.3229370117188,
    "model.layers.12.self_attn.v_proj": 835.5433959960938,
    "model.layers.12.self_attn.o_proj": 804.1068725585938,
    "model.layers.12.mlp.gate_proj": 1169.38134765625,
    "model.layers.12.mlp.up_proj": 1197.810791015625,
    "model.layers.12.mlp.down_proj": 1206.55859375,
    "model.layers.13.self_attn.q_proj": 804.6879272460938,
    "model.layers.13.self_attn.k_proj": 824.630859375,
    "model.layers.13.self_attn.v_proj": 870.3301391601562,
    "model.layers.13.self_attn.o_proj": 839.6895751953125,
    "model.layers.13.mlp.gate_proj": 1175.615234375,
    "model.layers.13.mlp.up_proj": 1186.267822265625,
    "model.layers.13.mlp.down_proj": 1165.6429443359375,
    "model.layers.14.self_attn.q_proj": 798.9075317382812,
    "model.layers.14.self_attn.k_proj": 819.6799926757812,
    "model.layers.14.self_attn.v_proj": 871.6050415039062,
    "model.layers.14.self_attn.o_proj": 785.7800903320312,
    "model.layers.14.mlp.gate_proj": 1186.3826904296875,
    "model.layers.14.mlp.up_proj": 1199.710693359375,
    "model.layers.14.mlp.down_proj": 1204.7603759765625,
    "model.layers.15.self_attn.q_proj": 812.228759765625,
    "model.layers.15.self_attn.k_proj": 844.5032348632812,
    "model.layers.15.self_attn.v_proj": 829.9497680664062,
    "model.layers.15.self_attn.o_proj": 803.3060913085938,
    "model.layers.15.mlp.gate_proj": 1183.108154296875,
    "model.layers.15.mlp.up_proj": 1203.2415771484375,
    "model.layers.15.mlp.down_proj": 1189.37451171875,
    "model.layers.16.self_attn.q_proj": 805.6592407226562,
    "model.layers.16.self_attn.k_proj": 831.3050537109375,
    "model.layers.16.self_attn.v_proj": 838.7190551757812,
    "model.layers.16.self_attn.o_proj": 765.49755859375,
    "model.layers.16.mlp.gate_proj": 1188.344970703125,
    "model.layers.16.mlp.up_proj": 1173.15625,
    "model.layers.16.mlp.down_proj": 1204.9583740234375,
    "model.layers.17.self_attn.q_proj": 807.0042114257812,
    "model.layers.17.self_attn.k_proj": 820.6290893554688,
    "model.layers.17.self_attn.v_proj": 829.8242797851562,
    "model.layers.17.self_attn.o_proj": 794.77197265625,
    "model.layers.17.mlp.gate_proj": 1187.4349365234375,
    "model.layers.17.mlp.up_proj": 1191.593994140625,
    "model.layers.17.mlp.down_proj": 1182.48583984375,
    "model.layers.18.self_attn.q_proj": 812.807861328125,
    "model.layers.18.self_attn.k_proj": 831.6791381835938,
    "model.layers.18.self_attn.v_proj": 845.9329833984375,
    "model.layers.18.self_attn.o_proj": 802.8154296875,
    "model.layers.18.mlp.gate_proj": 1188.0009765625,
    "model.layers.18.mlp.up_proj": 1188.0272216796875,
    "model.layers.18.mlp.down_proj": 1200.7779541015625,
    "model.layers.19.self_attn.q_proj": 828.3228149414062,
    "model.layers.19.self_attn.k_proj": 820.4691162109375,
    "model.layers.19.self_attn.v_proj": 872.9725341796875,
    "model.layers.19.self_attn.o_proj": 800.2061157226562,
    "model.layers.19.mlp.gate_proj": 1210.3782958984375,
    "model.layers.19.mlp.up_proj": 1210.492431640625,
    "model.layers.19.mlp.down_proj": 1193.8447265625,