{
    "model.layers.0.self_attn.q_proj": 816.909912109375,
    "model.layers.0.self_attn.k_proj": 816.9237060546875,
    "model.layers.0.self_attn.v_proj": 817.0003051757812,
    "model.layers.0.self_attn.o_proj": 817.2386474609375,
    "model.layers.0.mlp.gate_proj": 1191.7864990234375,
    "model.layers.0.mlp.up_proj": 1191.679931640625,
    "model.layers.0.mlp.down_proj": 1190.4615478515625,
    "model.layers.1.self_attn.q_proj": 810.2716064453125,
    "model.layers.1.self_attn.k_proj": 816.7357788085938,
    "model.layers.1.self_attn.v_proj": 816.3909912109375,
    "model.layers.1.self_attn.o_proj": 801.6132202148438,
    "model.layers.1.mlp.gate_proj": 1195.181396484375,
    "model.layers.1.mlp.up_proj": 1197.07080078125,
    "model.layers.1.mlp.down_proj": 1180.199462890625,
    "model.layers.2.self_attn.q_proj": 825.4895629882812,
    "model.layers.2.self_attn.k_proj": 835.6582641601562,
    "model.layers.2.self_attn.v_proj": 886.3920288085938,
    "model.layers.2.self_attn.o_proj": 810.9959716796875,
    "model.layers.2.mlp.gate_proj": 1196.474853515625,
    "model.layers.2.mlp.up_proj": 1178.239990234375,
    "model.layers.2.mlp.down_proj": 1162.4306640625,
    "model.layers.3.self_attn.q_proj": 804.063232421875,
    "model.layers.3.self_attn.k_proj": 784.695068359375,
    "model.layers.3.self_attn.v_proj": 809.2321166992188,
    "model.layers.3.self_attn.o_proj": 802.0709228515625,
    "model.layers.3.mlp.gate_proj": 1200.1336669921875,
    "model.layers.3.mlp.up_proj": 1184.005615234375,
    "model.layers.3.mlp.down_proj": 1193.8345947265625,
    "model.layers.4.self_attn.q_proj": 800.4336547851562,
    "model.layers.4.self_attn.k_proj": 826.4076538085938,
    "model.layers.4.self_attn.v_proj": 862.5278930664062,
    "model.layers.4.self_attn.o_proj": 785.9647216796875,
    "model.layers.4.mlp.gate_proj": 1174.9822998046875,
    "model.layers.4.mlp.up_proj": 1202.4962158203125,
    "model.layers.4.mlp.down_proj": 1180.79736328125,
    "model.layers.5.self_attn.q_proj": 808.994384765625,
    "model.layers.5.self_attn.k_proj": 864.2797241210938,
    "model.layers.5.self_attn.v_proj": 854.3419799804688,
    "model.layers.5.self_attn.o_proj": 800.6414184570312,
    "model.layers.5.mlp.gate_proj": 1189.216552734375,
    "model.layers.5.mlp.up_proj": 1157.927490234375,
    "model.layers.5.mlp.down_proj": 1187.7220458984375,
    "model.layers.6.self_attn.q_proj": 816.0028686523438,
    "model.layers.6.self_attn.k_proj": 812.9862670898438,
    "model.layers.6.self_attn.v_proj": 861.0592651367188,
    "model.layers.6.self_attn.o_proj": 806.8157958984375,
    "model.layers.6.mlp.gate_proj": 1179.480224609375,
    "model.layers.6.mlp.up_proj": 1197.5224609375,
    "model.layers.6.mlp.down_proj": 1213.8167724609375,
    "model.layers.7.self_attn.q_proj": 796.3779296875,
    "model.layers.7.self_attn.k_proj": 863.1497802734375,
    "model.layers.7.self_attn.v_proj": 877.357177734375,
    "model.layers.7.self_attn.o_proj": 812.87939453125,
    "model.layers.7.mlp.gate_proj": 1196.43115234375,
    "model.layers.7.mlp.up_proj": 1191.6864013671875,
    "model.layers.7.mlp.down_proj": 1204.2626953125,
    "model.layers.8.self_attn.q_proj": 818.723388671875,
    "model.layers.8.self_attn.k_proj": 846.7293090820312,
    "model.layers.8.self_attn.v_proj": 867.55419921875,
    "model.layers.8.self_attn.o_proj": 849.2747802734375,
    "model.layers.8.mlp.gate_proj": 1190.5240478515625,
    "model.layers.8.mlp.up_proj": 1190.1405029296875,
    "model.layers.8.mlp.down_proj": 1201.68115234375,
    "model.layers.9.self_attn.q_proj": 820.6417846679688,
    "model.layers.9.self_attn.k_proj": 842.6863403320312,
    "model.layers.9.self_attn.v_proj": 811.0682983398438,
    "model.layers.9.self_attn.o_proj": 811.0975952148438,
    "model.layers.9.mlp.gate_proj": 1187.49755859375,
    "model.layers.9.mlp.up_proj": 1175.750244140625,
    "model.layers.9.mlp.down_proj": 1199.0203857421875,
    "model.layers.10.self_attn.q_proj": 820.6611328125,
    "model.layers.10.self_attn.k_proj": 863.8736572265625,
    "model.layers.10.self_attn.v_proj": 848.6747436523438,
    "model.layers.10.self_attn.o_proj": 769.61279296875,
    "model.layers.10.mlp.gate_proj": 1177.49267578125,
    "model.layers.10.mlp.up_proj": 1183.8565673828125,
    "model.layers.10.mlp.down_proj": 1190.0538330078125,
    "model.layers.11.self_attn.q_proj": 800.7235717773438,
    "model.layers.11.self_attn.k_proj": 850.9624633789062,
    "model.layers.11.self_attn.v_proj": 857.143798828125,
    "model.layers.11.self_attn.o_proj": 809.238037109375,
    "model.layers.11.mlp.gate_proj": 1211.7314453125,
    "model.layers.11.mlp.up_proj": 1171.83740234375,
    "model.layers.11.mlp.down_proj": 1213.0128173828125,
    "model.layers.12.self_attn.q_proj": 796.8685913085938,
    "model.layers.12.self_attn.k_proj": 856.7308349609375,
    "model.layers.12.self_attn.v_proj": 842.5847778320312,
    "model.layers.12.self_attn.o_proj": 798.7529296875,
    "model.layers.12.mlp.gate_proj": 1166.865234375,
    "model.layers.12.mlp.up_proj": 1198.684814453125,
    "model.layers.12.mlp.down_proj": 1205.7694091796875,
    "model.layers.13.self_attn.q_proj": 801.786376953125,
    "model.layers.13.self_attn.k_proj": 825.2175903320312,
    "model.layers.13.self_attn.v_proj": 879.1373291015625,
    "model.layers.13.self_attn.o_proj": 838.9120483398438,
    "model.layers.13.mlp.gate_proj": 1171.9482421875,
    "model.layers.13.mlp.up_proj": 1187.01611328125,
    "model.layers.13.mlp.down_proj": 1164.815673828125,
    "model.layers.14.self_attn.q_proj": 795.9009399414062,
    "model.layers.14.self_attn.k_proj": 817.3969116210938,
    "model.layers.14.self_attn.v_proj": 875.952880859375,
    "model.layers.14.self_attn.o_proj": 782.7100830078125,
    "model.layers.14.mlp.gate_proj": 1183.9791259765625,
    "model.layers.14.mlp.up_proj": 1198.8294677734375,
    "model.layers.14.mlp.down_proj": 1202.2181396484375,
    "model.layers.15.self_attn.q_proj": 811.5712890625,
    "model.layers.15.self_attn.k_proj": 848.4576416015625,
    "model.layers.15.self_attn.v_proj": 839.6158447265625,
    "model.layers.15.self_attn.o_proj": 796.9144287109375,
    "model.layers.15.mlp.gate_proj": 1182.3204345703125,
    "model.layers.15.mlp.up_proj": 1203.5682373046875,
    "model.layers.15.mlp.down_proj": 1186.0672607421875,
    "model.layers.16.self_attn.q_proj": 804.0795288085938,
    "model.layers.16.self_attn.k_proj": 829.9996948242188,
    "model.layers.16.self_attn.v_proj": 843.76171875,
    "model.layers.16.self_attn.o_proj": 756.804931640625,
    "model.layers.16.mlp.gate_proj": 1185.9970703125,
    "model.layers.16.mlp.up_proj": 1169.439697265625,
    "model.layers.16.mlp.down_proj": 1201.8873291015625,
    "model.layers.17.self_attn.q_proj": 806.7675170898438,
    "model.layers.17.self_attn.k_proj": 821.0848999023438,
    "model.layers.17.self_attn.v_proj": 834.7409057617188,
    "model.layers.17.self_attn.o_proj": 788.15576171875,
    "model.layers.17.mlp.gate_proj": 1184.77392578125,
    "model.layers.17.mlp.up_proj": 1192.0565185546875,
    "model.layers.17.mlp.down_proj": 1180.9163818359375,
    "model.layers.18.self_attn.q_proj": 805.8753662109375,
    "model.layers.18.self_attn.k_proj": 833.9976196289062,
    "model.layers.18.self_attn.v_proj": 854.9530029296875,
    "model.layers.18.self_attn.o_proj": 803.711669921875,
    "model.layers.18.mlp.gate_proj": 1187.251220703125,
    "model.layers.18.mlp.up_proj": 1187.6138916015625,
    "model.layers.18.mlp.down_proj": 1202.52978515625,
    "model.layers.19.self_attn.q_proj": 827.5011596679688,
    "model.layers.19.self_attn.k_proj": 819.1593017578125,
    "model.layers.19.self_attn.v_proj": 874.8616333007812,
    "model.layers.19.self_attn.o_proj": 795.27099609375,
    "model.layers.19.mlp.gate_proj": 1212.2591552734375,
    "model.layers.19.mlp.up_proj": 1213.329833984375,
    "model.layers.19.mlp.down_proj": 1188.6778564453125,
    "model.layers.20.self_attn.q_proj": 812.4994506835938,