{
    "model.layers.0.self_attn.q_proj": 818.1573486328125,
    "model.layers.0.self_attn.k_proj": 818.1734619140625,
    "model.layers.0.self_attn.v_proj": 818.2914428710938,
    "model.layers.0.self_attn.o_proj": 818.3287963867188,
    "model.layers.0.mlp.gate_proj": 1193.032470703125,
    "model.layers.0.mlp.up_proj": 1192.9798583984375,
    "model.layers.0.mlp.down_proj": 1191.134765625,
    "model.layers.1.self_attn.q_proj": 814.326416015625,
    "model.layers.1.self_attn.k_proj": 818.4058227539062,
    "model.layers.1.self_attn.v_proj": 820.583251953125,
    "model.layers.1.self_attn.o_proj": 808.9568481445312,
    "model.layers.1.mlp.gate_proj": 1194.7052001953125,
    "model.layers.1.mlp.up_proj": 1196.5330810546875,
    "model.layers.1.mlp.down_proj": 1193.1204833984375,
    "model.layers.2.self_attn.q_proj": 820.4962768554688,
    "model.layers.2.self_attn.k_proj": 817.6488037109375,
    "model.layers.2.self_attn.v_proj": 849.5347900390625,
    "model.layers.2.self_attn.o_proj": 810.6655883789062,
    "model.layers.2.mlp.gate_proj": 1196.6639404296875,
    "model.layers.2.mlp.up_proj": 1184.2501220703125,
    "model.layers.2.mlp.down_proj": 1192.6566162109375,
    "model.layers.3.self_attn.q_proj": 812.567626953125,
    "model.layers.3.self_attn.k_proj": 800.7285766601562,
    "model.layers.3.self_attn.v_proj": 809.1918334960938,
    "model.layers.3.self_attn.o_proj": 811.020751953125,
    "model.layers.3.mlp.gate_proj": 1195.2547607421875,
    "model.layers.3.mlp.up_proj": 1190.251708984375,
    "model.layers.3.mlp.down_proj": 1183.2481689453125,
    "model.layers.4.self_attn.q_proj": 818.04296875,
    "model.layers.4.self_attn.k_proj": 819.232421875,
    "model.layers.4.self_attn.v_proj": 830.3689575195312,
    "model.layers.4.self_attn.o_proj": 805.0238647460938,
    "model.layers.4.mlp.gate_proj": 1184.7177734375,
    "model.layers.4.mlp.up_proj": 1201.14990234375,
    "model.layers.4.mlp.down_proj": 1186.8681640625,
    "model.layers.5.self_attn.q_proj": 821.0802612304688,
    "model.layers.5.self_attn.k_proj": 846.9518432617188,
    "model.layers.5.self_attn.v_proj": 829.7275390625,
    "model.layers.5.self_attn.o_proj": 811.944580078125,
    "model.layers.5.mlp.gate_proj": 1188.93701171875,
    "model.layers.5.mlp.up_proj": 1174.8409423828125,
    "model.layers.5.mlp.down_proj": 1175.3880615234375,
    "model.layers.6.self_attn.q_proj": 823.3522338867188,
    "model.layers.6.self_attn.k_proj": 808.4730834960938,
    "model.layers.6.self_attn.v_proj": 850.5182495117188,
    "model.layers.6.self_attn.o_proj": 814.9707641601562,
    "model.layers.6.mlp.gate_proj": 1190.544921875,
    "model.layers.6.mlp.up_proj": 1192.329345703125,
    "model.layers.6.mlp.down_proj": 1210.254638671875,
    "model.layers.7.self_attn.q_proj": 813.002197265625,
    "model.layers.7.self_attn.k_proj": 827.8902587890625,
    "model.layers.7.self_attn.v_proj": 841.898193359375,
    "model.layers.7.self_attn.o_proj": 820.639892578125,
    "model.layers.7.mlp.gate_proj": 1191.33056640625,
    "model.layers.7.mlp.up_proj": 1198.1248779296875,
    "model.layers.7.mlp.down_proj": 1207.4178466796875,
    "model.layers.8.self_attn.q_proj": 815.8033447265625,
    "model.layers.8.self_attn.k_proj": 840.6829833984375,
    "model.layers.8.self_attn.v_proj": 840.0111083984375,
    "model.layers.8.self_attn.o_proj": 840.2388305664062,
    "model.layers.8.mlp.gate_proj": 1193.763427734375,
    "model.layers.8.mlp.up_proj": 1183.8555908203125,
    "model.layers.8.mlp.down_proj": 1200.628662109375,
    "model.layers.9.self_attn.q_proj": 821.3849487304688,
    "model.layers.9.self_attn.k_proj": 828.3179321289062,
    "model.layers.9.self_attn.v_proj": 801.6686401367188,
    "model.layers.9.self_attn.o_proj": 816.251953125,
    "model.layers.9.mlp.gate_proj": 1189.3255615234375,
    "model.layers.9.mlp.up_proj": 1183.09375,
    "model.layers.9.mlp.down_proj": 1184.1099853515625,
    "model.layers.10.self_attn.q_proj": 822.7120971679688,
    "model.layers.10.self_attn.k_proj": 839.7886352539062,
    "model.layers.10.self_attn.v_proj": 833.464599609375,
    "model.layers.10.self_attn.o_proj": 793.6644287109375,
    "model.layers.10.mlp.gate_proj": 1184.076904296875,
    "model.layers.10.mlp.up_proj": 1182.550048828125,
    "model.layers.10.mlp.down_proj": 1191.82080078125,
    "model.layers.11.self_attn.q_proj": 809.6434936523438,
    "model.layers.11.self_attn.k_proj": 839.66357421875,
    "model.layers.11.self_attn.v_proj": 846.7686767578125,
    "model.layers.11.self_attn.o_proj": 821.6947021484375,
    "model.layers.11.mlp.gate_proj": 1211.2459716796875,
    "model.layers.11.mlp.up_proj": 1179.306396484375,
    "model.layers.11.mlp.down_proj": 1195.58837890625,
    "model.layers.12.self_attn.q_proj": 816.592041015625,
    "model.layers.12.self_attn.k_proj": 846.4856567382812,
    "model.layers.12.self_attn.v_proj": 816.0568237304688,
    "model.layers.12.self_attn.o_proj": 808.6451416015625,
    "model.layers.12.mlp.gate_proj": 1180.500244140625,
    "model.layers.12.mlp.up_proj": 1189.0352783203125,
    "model.layers.12.mlp.down_proj": 1201.481201171875,
    "model.layers.13.self_attn.q_proj": 813.2064208984375,
    "model.layers.13.self_attn.k_proj": 820.7747192382812,
    "model.layers.13.self_attn.v_proj": 851.8143920898438,
    "model.layers.13.self_attn.o_proj": 827.529296875,
    "model.layers.13.mlp.gate_proj": 1185.160400390625,
    "model.layers.13.mlp.up_proj": 1186.81591796875,
    "model.layers.13.mlp.down_proj": 1167.15283203125,
    "model.layers.14.self_attn.q_proj": 810.947021484375,
    "model.layers.14.self_attn.k_proj": 819.3587646484375,
    "model.layers.14.self_attn.v_proj": 853.2503051757812,
    "model.layers.14.self_attn.o_proj": 796.9522705078125,
    "model.layers.14.mlp.gate_proj": 1188.8994140625,
    "model.layers.14.mlp.up_proj": 1200.9525146484375,
    "model.layers.14.mlp.down_proj": 1203.196044921875,
    "model.layers.15.self_attn.q_proj": 814.1350708007812,
    "model.layers.15.self_attn.k_proj": 834.6041870117188,
    "model.layers.15.self_attn.v_proj": 818.4531860351562,
    "model.layers.15.self_attn.o_proj": 813.5518798828125,
    "model.layers.15.mlp.gate_proj": 1184.8125,
    "model.layers.15.mlp.up_proj": 1201.1431884765625,
    "model.layers.15.mlp.down_proj": 1206.687255859375,
    "model.layers.16.self_attn.q_proj": 810.16796875,
    "model.layers.16.self_attn.k_proj": 826.1279907226562,
    "model.layers.16.self_attn.v_proj": 828.6441040039062,
    "model.layers.16.self_attn.o_proj": 792.0014038085938,
    "model.layers.16.mlp.gate_proj": 1192.004150390625,
    "model.layers.16.mlp.up_proj": 1180.59716796875,
    "model.layers.16.mlp.down_proj": 1199.7745361328125,
    "model.layers.17.self_attn.q_proj": 812.22314453125,
    "model.layers.17.self_attn.k_proj": 818.7396850585938,
    "model.layers.17.self_attn.v_proj": 826.3936157226562,
    "model.layers.17.self_attn.o_proj": 807.3351440429688,
    "model.layers.17.mlp.gate_proj": 1189.96435546875,
    "model.layers.17.mlp.up_proj": 1190.1121826171875,
    "model.layers.17.mlp.down_proj": 1184.800537109375,
    "model.layers.18.self_attn.q_proj": 816.9713134765625,
    "model.layers.18.self_attn.k_proj": 828.810302734375,
    "model.layers.18.self_attn.v_proj": 832.5692749023438,
    "model.layers.18.self_attn.o_proj": 802.3464965820312,
    "model.layers.18.mlp.gate_proj": 1187.6405029296875,
    "model.layers.18.mlp.up_proj": 1187.943359375,
    "model.layers.18.mlp.down_proj": 1193.7535400390625,
    "model.layers.19.self_attn.q_proj": 824.2589111328125,
    "model.layers.19.self_attn.k_proj": 819.2465209960938,
    "model.layers.19.self_attn.v_proj": 864.1846313476562,
    "model.layers.19.self_attn.o_proj": 809.9228515625,
    "model.layers.19.mlp.gate_proj": 1205.2081298828125,
    "model.layers.19.mlp.up_proj": 1202.9454345703125,
    "model.layers.19.mlp.down_proj": 1193.3564453125,
    "model.layers.20.self_attn.q_proj": 813.590087890625,