{
    "model.layers.0.self_attn.q_proj": 817.6802978515625,
    "model.layers.0.self_attn.k_proj": 817.70556640625,
    "model.layers.0.self_attn.v_proj": 817.8020629882812,
    "model.layers.0.self_attn.o_proj": 817.9241943359375,
    "model.layers.0.mlp.gate_proj": 1192.558349609375,
    "model.layers.0.mlp.up_proj": 1192.4739990234375,
    "model.layers.0.mlp.down_proj": 1191.1727294921875,
    "model.layers.1.self_attn.q_proj": 811.4674682617188,
    "model.layers.1.self_attn.k_proj": 817.6031494140625,
    "model.layers.1.self_attn.v_proj": 816.8878784179688,
    "model.layers.1.self_attn.o_proj": 802.2544555664062,
    "model.layers.1.mlp.gate_proj": 1195.1602783203125,
    "model.layers.1.mlp.up_proj": 1197.428955078125,
    "model.layers.1.mlp.down_proj": 1186.9088134765625,
    "model.layers.2.self_attn.q_proj": 824.3070068359375,
    "model.layers.2.self_attn.k_proj": 829.8235473632812,
    "model.layers.2.self_attn.v_proj": 874.1566162109375,
    "model.layers.2.self_attn.o_proj": 810.1538696289062,
    "model.layers.2.mlp.gate_proj": 1197.369140625,
    "model.layers.2.mlp.up_proj": 1179.2418212890625,
    "model.layers.2.mlp.down_proj": 1175.7220458984375,
    "model.layers.3.self_attn.q_proj": 808.3190307617188,
    "model.layers.3.self_attn.k_proj": 790.5786743164062,
    "model.layers.3.self_attn.v_proj": 809.2622680664062,
    "model.layers.3.self_attn.o_proj": 805.9771118164062,
    "model.layers.3.mlp.gate_proj": 1196.7218017578125,
    "model.layers.3.mlp.up_proj": 1186.3197021484375,
    "model.layers.3.mlp.down_proj": 1186.773193359375,
    "model.layers.4.self_attn.q_proj": 812.241455078125,
    "model.layers.4.self_attn.k_proj": 817.0736083984375,
    "model.layers.4.self_attn.v_proj": 843.2410888671875,
    "model.layers.4.self_attn.o_proj": 798.4752197265625,
    "model.layers.4.mlp.gate_proj": 1180.31103515625,
    "model.layers.4.mlp.up_proj": 1206.3897705078125,
    "model.layers.4.mlp.down_proj": 1184.2052001953125,
    "model.layers.5.self_attn.q_proj": 818.8073120117188,
    "model.layers.5.self_attn.k_proj": 854.7275390625,
    "model.layers.5.self_attn.v_proj": 841.3449096679688,
    "model.layers.5.self_attn.o_proj": 803.6248779296875,
    "model.layers.5.mlp.gate_proj": 1188.7696533203125,
    "model.layers.5.mlp.up_proj": 1166.240478515625,
    "model.layers.5.mlp.down_proj": 1183.382080078125,
    "model.layers.6.self_attn.q_proj": 818.3642578125,
    "model.layers.6.self_attn.k_proj": 807.2568969726562,
    "model.layers.6.self_attn.v_proj": 860.8963623046875,
    "model.layers.6.self_attn.o_proj": 808.0911865234375,
    "model.layers.6.mlp.gate_proj": 1186.5296630859375,
    "model.layers.6.mlp.up_proj": 1194.2073974609375,
    "model.layers.6.mlp.down_proj": 1210.021484375,
    "model.layers.7.self_attn.q_proj": 801.4362182617188,
    "model.layers.7.self_attn.k_proj": 843.77685546875,
    "model.layers.7.self_attn.v_proj": 861.794677734375,
    "model.layers.7.self_attn.o_proj": 815.0418701171875,
    "model.layers.7.mlp.gate_proj": 1195.414794921875,
    "model.layers.7.mlp.up_proj": 1191.04638671875,
    "model.layers.7.mlp.down_proj": 1207.169189453125,
    "model.layers.8.self_attn.q_proj": 816.1019287109375,
    "model.layers.8.self_attn.k_proj": 849.1533813476562,
    "model.layers.8.self_attn.v_proj": 859.7960815429688,
    "model.layers.8.self_attn.o_proj": 847.017333984375,
    "model.layers.8.mlp.gate_proj": 1190.8182373046875,
    "model.layers.8.mlp.up_proj": 1186.6820068359375,
    "model.layers.8.mlp.down_proj": 1193.17626953125,
    "model.layers.9.self_attn.q_proj": 821.209228515625,
    "model.layers.9.self_attn.k_proj": 837.451904296875,
    "model.layers.9.self_attn.v_proj": 794.2334594726562,
    "model.layers.9.self_attn.o_proj": 817.8646240234375,
    "model.layers.9.mlp.gate_proj": 1186.8616943359375,
    "model.layers.9.mlp.up_proj": 1175.4453125,
    "model.layers.9.mlp.down_proj": 1190.2421875,
    "model.layers.10.self_attn.q_proj": 822.4188842773438,
    "model.layers.10.self_attn.k_proj": 855.6953125,
    "model.layers.10.self_attn.v_proj": 838.5025024414062,
    "model.layers.10.self_attn.o_proj": 779.3981323242188,
    "model.layers.10.mlp.gate_proj": 1179.382080078125,
    "model.layers.10.mlp.up_proj": 1184.3936767578125,
    "model.layers.10.mlp.down_proj": 1191.9027099609375,
    "model.layers.11.self_attn.q_proj": 803.6897583007812,
    "model.layers.11.self_attn.k_proj": 849.2492065429688,
    "model.layers.11.self_attn.v_proj": 855.2608032226562,
    "model.layers.11.self_attn.o_proj": 815.26220703125,
    "model.layers.11.mlp.gate_proj": 1210.9266357421875,
    "model.layers.11.mlp.up_proj": 1176.107421875,
    "model.layers.11.mlp.down_proj": 1201.9449462890625,
    "model.layers.12.self_attn.q_proj": 807.80322265625,
    "model.layers.12.self_attn.k_proj": 855.8565673828125,
    "model.layers.12.self_attn.v_proj": 829.8465576171875,
    "model.layers.12.self_attn.o_proj": 807.0491333007812,
    "model.layers.12.mlp.gate_proj": 1170.2744140625,
    "model.layers.12.mlp.up_proj": 1195.3758544921875,
    "model.layers.12.mlp.down_proj": 1205.8929443359375,
    "model.layers.13.self_attn.q_proj": 805.91552734375,
    "model.layers.13.self_attn.k_proj": 823.745849609375,
    "model.layers.13.self_attn.v_proj": 865.9613037109375,
    "model.layers.13.self_attn.o_proj": 837.451904296875,
    "model.layers.13.mlp.gate_proj": 1178.253662109375,
    "model.layers.13.mlp.up_proj": 1186.20361328125,
    "model.layers.13.mlp.down_proj": 1164.9239501953125,
    "model.layers.14.self_attn.q_proj": 800.416015625,
    "model.layers.14.self_attn.k_proj": 819.2025146484375,
    "model.layers.14.self_attn.v_proj": 869.6170654296875,
    "model.layers.14.self_attn.o_proj": 787.1839599609375,
    "model.layers.14.mlp.gate_proj": 1186.66650390625,
    "model.layers.14.mlp.up_proj": 1200.3240966796875,
    "model.layers.14.mlp.down_proj": 1205.7462158203125,
    "model.layers.15.self_attn.q_proj": 812.112548828125,
    "model.layers.15.self_attn.k_proj": 840.013671875,
    "model.layers.15.self_attn.v_proj": 824.3775634765625,
    "model.layers.15.self_attn.o_proj": 806.470703125,
    "model.layers.15.mlp.gate_proj": 1182.8922119140625,
    "model.layers.15.mlp.up_proj": 1202.106689453125,
    "model.layers.15.mlp.down_proj": 1191.8656005859375,
    "model.layers.16.self_attn.q_proj": 805.8046264648438,
    "model.layers.16.self_attn.k_proj": 830.4945678710938,
    "model.layers.16.self_attn.v_proj": 836.39892578125,
    "model.layers.16.self_attn.o_proj": 769.2515869140625,
    "model.layers.16.mlp.gate_proj": 1188.5159912109375,
    "model.layers.16.mlp.up_proj": 1174.61083984375,
    "model.layers.16.mlp.down_proj": 1206.412109375,
    "model.layers.17.self_attn.q_proj": 807.2539672851562,
    "model.layers.17.self_attn.k_proj": 819.8104248046875,
    "model.layers.17.self_attn.v_proj": 828.6560668945312,
    "model.layers.17.self_attn.o_proj": 796.7772216796875,
    "model.layers.17.mlp.gate_proj": 1187.801025390625,
    "model.layers.17.mlp.up_proj": 1191.130126953125,
    "model.layers.17.mlp.down_proj": 1184.1768798828125,
    "model.layers.18.self_attn.q_proj": 814.5513916015625,
    "model.layers.18.self_attn.k_proj": 830.7628173828125,
    "model.layers.18.self_attn.v_proj": 843.60595703125,
    "model.layers.18.self_attn.o_proj": 800.354248046875,
    "model.layers.18.mlp.gate_proj": 1187.469970703125,
    "model.layers.18.mlp.up_proj": 1187.007080078125,
    "model.layers.18.mlp.down_proj": 1199.4027099609375,
    "model.layers.19.self_attn.q_proj": 828.0062866210938,
    "model.layers.19.self_attn.k_proj": 820.5693359375,
    "model.layers.19.self_attn.v_proj": 871.7158813476562,
    "model.layers.19.self_attn.o_proj": 801.7748413085938,
    "model.layers.19.mlp.gate_proj": 1208.872802734375,
    "model.layers.19.mlp.up_proj": 1207.6116943359375,
    "model.layers.19.mlp.down_proj": 1194.7552490234375,
    "model.layers.20.self_attn.q_proj": 813.1000366210938,