{
    "model.layers.0.self_attn.q_proj": 819.5645751953125,
    "model.layers.0.self_attn.k_proj": 819.5686645507812,
    "model.layers.0.self_attn.v_proj": 819.6096801757812,
    "model.layers.0.self_attn.o_proj": 819.5765380859375,
    "model.layers.0.mlp.gate_proj": 1194.4639892578125,
    "model.layers.0.mlp.up_proj": 1194.4473876953125,
    "model.layers.0.mlp.down_proj": 1194.412109375,
    "model.layers.1.self_attn.q_proj": 819.379150390625,
    "model.layers.1.self_attn.k_proj": 819.8116455078125,
    "model.layers.1.self_attn.v_proj": 819.9061279296875,
    "model.layers.1.self_attn.o_proj": 819.219970703125,
    "model.layers.1.mlp.gate_proj": 1195.30517578125,
    "model.layers.1.mlp.up_proj": 1195.4534912109375,
    "model.layers.1.mlp.down_proj": 1194.499755859375,
    "model.layers.2.self_attn.q_proj": 821.7693481445312,
    "model.layers.2.self_attn.k_proj": 818.6420288085938,
    "model.layers.2.self_attn.v_proj": 824.6447143554688,
    "model.layers.2.self_attn.o_proj": 818.7952270507812,
    "model.layers.2.mlp.gate_proj": 1196.461181640625,
    "model.layers.2.mlp.up_proj": 1193.9263916015625,
    "model.layers.2.mlp.down_proj": 1196.9727783203125,
    "model.layers.3.self_attn.q_proj": 818.8404541015625,
    "model.layers.3.self_attn.k_proj": 817.2460327148438,
    "model.layers.3.self_attn.v_proj": 821.047119140625,
    "model.layers.3.self_attn.o_proj": 820.4944458007812,
    "model.layers.3.mlp.gate_proj": 1195.4993896484375,
    "model.layers.3.mlp.up_proj": 1196.883544921875,
    "model.layers.3.mlp.down_proj": 1190.440185546875,
    "model.layers.4.self_attn.q_proj": 819.8495483398438,
    "model.layers.4.self_attn.k_proj": 819.2466430664062,
    "model.layers.4.self_attn.v_proj": 818.7392578125,
    "model.layers.4.self_attn.o_proj": 818.0818481445312,
    "model.layers.4.mlp.gate_proj": 1195.5709228515625,
    "model.layers.4.mlp.up_proj": 1196.7403564453125,
    "model.layers.4.mlp.down_proj": 1193.8355712890625,
    "model.layers.5.self_attn.q_proj": 820.5198974609375,
    "model.layers.5.self_attn.k_proj": 822.7831420898438,
    "model.layers.5.self_attn.v_proj": 821.5310668945312,
    "model.layers.5.self_attn.o_proj": 818.9144897460938,
    "model.layers.5.mlp.gate_proj": 1195.33154296875,
    "model.layers.5.mlp.up_proj": 1194.559814453125,
    "model.layers.5.mlp.down_proj": 1180.223876953125,
    "model.layers.6.self_attn.q_proj": 821.9498291015625,
    "model.layers.6.self_attn.k_proj": 818.0059204101562,
    "model.layers.6.self_attn.v_proj": 825.586181640625,
    "model.layers.6.self_attn.o_proj": 818.9924926757812,
    "model.layers.6.mlp.gate_proj": 1192.67529296875,
    "model.layers.6.mlp.up_proj": 1195.552001953125,
    "model.layers.6.mlp.down_proj": 1199.2056884765625,
    "model.layers.7.self_attn.q_proj": 819.7454833984375,
    "model.layers.7.self_attn.k_proj": 819.8097534179688,
    "model.layers.7.self_attn.v_proj": 820.7589111328125,
    "model.layers.7.self_attn.o_proj": 821.2996826171875,
    "model.layers.7.mlp.gate_proj": 1191.1058349609375,
    "model.layers.7.mlp.up_proj": 1196.491943359375,
    "model.layers.7.mlp.down_proj": 1198.2650146484375,
    "model.layers.8.self_attn.q_proj": 818.8358764648438,
    "model.layers.8.self_attn.k_proj": 820.1288452148438,
    "model.layers.8.self_attn.v_proj": 822.5060424804688,
    "model.layers.8.self_attn.o_proj": 827.7064208984375,
    "model.layers.8.mlp.gate_proj": 1194.725830078125,
    "model.layers.8.mlp.up_proj": 1191.047607421875,
    "model.layers.8.mlp.down_proj": 1196.482421875,
    "model.layers.9.self_attn.q_proj": 820.2183227539062,
    "model.layers.9.self_attn.k_proj": 820.5985717773438,
    "model.layers.9.self_attn.v_proj": 824.8276977539062,
    "model.layers.9.self_attn.o_proj": 817.8930053710938,
    "model.layers.9.mlp.gate_proj": 1194.4468994140625,
    "model.layers.9.mlp.up_proj": 1189.44677734375,
    "model.layers.9.mlp.down_proj": 1191.50634765625,
    "model.layers.10.self_attn.q_proj": 819.0405883789062,
    "model.layers.10.self_attn.k_proj": 821.1494140625,
    "model.layers.10.self_attn.v_proj": 814.9581298828125,
    "model.layers.10.self_attn.o_proj": 817.9410400390625,
    "model.layers.10.mlp.gate_proj": 1194.151611328125,
    "model.layers.10.mlp.up_proj": 1188.2205810546875,
    "model.layers.10.mlp.down_proj": 1195.752685546875,
    "model.layers.11.self_attn.q_proj": 818.442626953125,
    "model.layers.11.self_attn.k_proj": 818.7254028320312,
    "model.layers.11.self_attn.v_proj": 819.7434692382812,
    "model.layers.11.self_attn.o_proj": 823.7103881835938,
    "model.layers.11.mlp.gate_proj": 1197.02783203125,
    "model.layers.11.mlp.up_proj": 1190.1241455078125,
    "model.layers.11.mlp.down_proj": 1194.72021484375,
    "model.layers.12.self_attn.q_proj": 819.113525390625,
    "model.layers.12.self_attn.k_proj": 819.0675659179688,
    "model.layers.12.self_attn.v_proj": 820.9146728515625,
    "model.layers.12.self_attn.o_proj": 818.6748046875,
    "model.layers.12.mlp.gate_proj": 1190.394287109375,
    "model.layers.12.mlp.up_proj": 1194.37939453125,
    "model.layers.12.mlp.down_proj": 1199.3399658203125,
    "model.layers.13.self_attn.q_proj": 819.1920166015625,
    "model.layers.13.self_attn.k_proj": 819.2341918945312,
    "model.layers.13.self_attn.v_proj": 828.3529052734375,
    "model.layers.13.self_attn.o_proj": 820.1838989257812,
    "model.layers.13.mlp.gate_proj": 1191.9132080078125,
    "model.layers.13.mlp.up_proj": 1193.03076171875,
    "model.layers.13.mlp.down_proj": 1177.076171875,
    "model.layers.14.self_attn.q_proj": 819.4016723632812,
    "model.layers.14.self_attn.k_proj": 819.9052734375,
    "model.layers.14.self_attn.v_proj": 821.1734619140625,
    "model.layers.14.self_attn.o_proj": 818.4713134765625,
    "model.layers.14.mlp.gate_proj": 1193.325439453125,
    "model.layers.14.mlp.up_proj": 1195.5401611328125,
    "model.layers.14.mlp.down_proj": 1194.6361083984375,
    "model.layers.15.self_attn.q_proj": 818.7329711914062,
    "model.layers.15.self_attn.k_proj": 820.5978393554688,
    "model.layers.15.self_attn.v_proj": 820.0307006835938,
    "model.layers.15.self_attn.o_proj": 820.0176391601562,
    "model.layers.15.mlp.gate_proj": 1194.5753173828125,
    "model.layers.15.mlp.up_proj": 1198.1875,
    "model.layers.15.mlp.down_proj": 1200.1004638671875,
    "model.layers.16.self_attn.q_proj": 819.8176879882812,
    "model.layers.16.self_attn.k_proj": 819.1204833984375,
    "model.layers.16.self_attn.v_proj": 819.1360473632812,
    "model.layers.16.self_attn.o_proj": 818.8961791992188,
    "model.layers.16.mlp.gate_proj": 1194.4114990234375,
    "model.layers.16.mlp.up_proj": 1192.10791015625,
    "model.layers.16.mlp.down_proj": 1192.4700927734375,
    "model.layers.17.self_attn.q_proj": 819.1177978515625,
    "model.layers.17.self_attn.k_proj": 820.1934814453125,
    "model.layers.17.self_attn.v_proj": 823.436279296875,
    "model.layers.17.self_attn.o_proj": 818.708984375,
    "model.layers.17.mlp.gate_proj": 1193.602294921875,
    "model.layers.17.mlp.up_proj": 1191.3463134765625,
    "model.layers.17.mlp.down_proj": 1188.78125,
    "model.layers.18.self_attn.q_proj": 819.4009399414062,
    "model.layers.18.self_attn.k_proj": 821.5420532226562,
    "model.layers.18.self_attn.v_proj": 818.8872680664062,
    "model.layers.18.self_attn.o_proj": 819.8654174804688,
    "model.layers.18.mlp.gate_proj": 1193.375244140625,
    "model.layers.18.mlp.up_proj": 1193.6612548828125,
    "model.layers.18.mlp.down_proj": 1195.2608642578125,
    "model.layers.19.self_attn.q_proj": 820.6188354492188,
    "model.layers.19.self_attn.k_proj": 819.7623291015625,
    "model.layers.19.self_attn.v_proj": 827.9195556640625,
    "model.layers.19.self_attn.o_proj": 819.0816650390625,
    "model.layers.19.mlp.gate_proj": 1199.3248291015625,
    "model.layers.19.mlp.up_proj": 1196.47998046875,
    "model.layers.19.mlp.down_proj": 1191.82568359375,
    "model.layers.20.self_attn.q_proj": 819.2810668945312,