{
    "model.layers.0.self_attn.q_proj": 817.0817260742188,
    "model.layers.0.self_attn.k_proj": 817.1002197265625,
    "model.layers.0.self_attn.v_proj": 817.211669921875,
    "model.layers.0.self_attn.o_proj": 817.2857666015625,
    "model.layers.0.mlp.gate_proj": 1191.9664306640625,
    "model.layers.0.mlp.up_proj": 1191.88623046875,
    "model.layers.0.mlp.down_proj": 1190.19091796875,
    "model.layers.1.self_attn.q_proj": 812.212890625,
    "model.layers.1.self_attn.k_proj": 817.2352905273438,
    "model.layers.1.self_attn.v_proj": 818.3070678710938,
    "model.layers.1.self_attn.o_proj": 805.1910400390625,
    "model.layers.1.mlp.gate_proj": 1193.6815185546875,
    "model.layers.1.mlp.up_proj": 1195.708251953125,
    "model.layers.1.mlp.down_proj": 1190.4483642578125,
    "model.layers.2.self_attn.q_proj": 820.091552734375,
    "model.layers.2.self_attn.k_proj": 818.8801879882812,
    "model.layers.2.self_attn.v_proj": 856.8508911132812,
    "model.layers.2.self_attn.o_proj": 809.2797241210938,
    "model.layers.2.mlp.gate_proj": 1196.2823486328125,
    "model.layers.2.mlp.up_proj": 1182.2103271484375,
    "model.layers.2.mlp.down_proj": 1190.0184326171875,
    "model.layers.3.self_attn.q_proj": 810.2199096679688,
    "model.layers.3.self_attn.k_proj": 797.7922973632812,
    "model.layers.3.self_attn.v_proj": 808.4118041992188,
    "model.layers.3.self_attn.o_proj": 810.06787109375,
    "model.layers.3.mlp.gate_proj": 1194.5977783203125,
    "model.layers.3.mlp.up_proj": 1187.283203125,
    "model.layers.3.mlp.down_proj": 1181.9617919921875,
    "model.layers.4.self_attn.q_proj": 815.6874389648438,
    "model.layers.4.self_attn.k_proj": 819.2552490234375,
    "model.layers.4.self_attn.v_proj": 833.14453125,
    "model.layers.4.self_attn.o_proj": 802.0223999023438,
    "model.layers.4.mlp.gate_proj": 1183.0074462890625,
    "model.layers.4.mlp.up_proj": 1202.23583984375,
    "model.layers.4.mlp.down_proj": 1185.3114013671875,
    "model.layers.5.self_attn.q_proj": 820.4769287109375,
    "model.layers.5.self_attn.k_proj": 849.461669921875,
    "model.layers.5.self_attn.v_proj": 831.786865234375,
    "model.layers.5.self_attn.o_proj": 808.8867797851562,
    "model.layers.5.mlp.gate_proj": 1189.6900634765625,
    "model.layers.5.mlp.up_proj": 1170.06298828125,
    "model.layers.5.mlp.down_proj": 1174.744384765625,
    "model.layers.6.self_attn.q_proj": 820.57373046875,
    "model.layers.6.self_attn.k_proj": 806.202880859375,
    "model.layers.6.self_attn.v_proj": 853.1898193359375,
    "model.layers.6.self_attn.o_proj": 812.5478515625,
    "model.layers.6.mlp.gate_proj": 1188.4639892578125,
    "model.layers.6.mlp.up_proj": 1194.00927734375,
    "model.layers.6.mlp.down_proj": 1210.2169189453125,
    "model.layers.7.self_attn.q_proj": 809.355224609375,
    "model.layers.7.self_attn.k_proj": 833.6532592773438,
    "model.layers.7.self_attn.v_proj": 849.677001953125,
    "model.layers.7.self_attn.o_proj": 819.3428344726562,
    "model.layers.7.mlp.gate_proj": 1191.173583984375,
    "model.layers.7.mlp.up_proj": 1195.8255615234375,
    "model.layers.7.mlp.down_proj": 1206.57421875,
    "model.layers.8.self_attn.q_proj": 813.9857177734375,
    "model.layers.8.self_attn.k_proj": 845.3994750976562,
    "model.layers.8.self_attn.v_proj": 845.9984130859375,
    "model.layers.8.self_attn.o_proj": 840.0014038085938,
    "model.layers.8.mlp.gate_proj": 1192.231201171875,
    "model.layers.8.mlp.up_proj": 1183.84423828125,
    "model.layers.8.mlp.down_proj": 1196.3946533203125,
    "model.layers.9.self_attn.q_proj": 820.490478515625,
    "model.layers.9.self_attn.k_proj": 830.6934814453125,
    "model.layers.9.self_attn.v_proj": 796.1787719726562,
    "model.layers.9.self_attn.o_proj": 813.9979858398438,
    "model.layers.9.mlp.gate_proj": 1187.6649169921875,
    "model.layers.9.mlp.up_proj": 1179.542236328125,
    "model.layers.9.mlp.down_proj": 1184.4962158203125,
    "model.layers.10.self_attn.q_proj": 821.5613403320312,
    "model.layers.10.self_attn.k_proj": 842.9862670898438,
    "model.layers.10.self_attn.v_proj": 834.705810546875,
    "model.layers.10.self_attn.o_proj": 788.255126953125,
    "model.layers.10.mlp.gate_proj": 1181.1856689453125,
    "model.layers.10.mlp.up_proj": 1181.4405517578125,
    "model.layers.10.mlp.down_proj": 1190.7489013671875,
    "model.layers.11.self_attn.q_proj": 807.4637451171875,
    "model.layers.11.self_attn.k_proj": 843.7299194335938,
    "model.layers.11.self_attn.v_proj": 849.4072875976562,
    "model.layers.11.self_attn.o_proj": 818.6114501953125,
    "model.layers.11.mlp.gate_proj": 1210.290771484375,
    "model.layers.11.mlp.up_proj": 1176.859130859375,
    "model.layers.11.mlp.down_proj": 1197.1524658203125,
    "model.layers.12.self_attn.q_proj": 813.225341796875,
    "model.layers.12.self_attn.k_proj": 848.859619140625,
    "model.layers.12.self_attn.v_proj": 819.4491577148438,
    "model.layers.12.self_attn.o_proj": 807.5869140625,
    "model.layers.12.mlp.gate_proj": 1176.1910400390625,
    "model.layers.12.mlp.up_proj": 1189.618896484375,
    "model.layers.12.mlp.down_proj": 1201.5823974609375,
    "model.layers.13.self_attn.q_proj": 810.1649169921875,
    "model.layers.13.self_attn.k_proj": 822.1708984375,
    "model.layers.13.self_attn.v_proj": 854.2637329101562,
    "model.layers.13.self_attn.o_proj": 830.0025634765625,
    "model.layers.13.mlp.gate_proj": 1183.0189208984375,
    "model.layers.13.mlp.up_proj": 1185.5767822265625,
    "model.layers.13.mlp.down_proj": 1164.4254150390625,
    "model.layers.14.self_attn.q_proj": 806.8742065429688,
    "model.layers.14.self_attn.k_proj": 818.3694458007812,
    "model.layers.14.self_attn.v_proj": 859.1218872070312,
    "model.layers.14.self_attn.o_proj": 793.0743408203125,
    "model.layers.14.mlp.gate_proj": 1187.244140625,
    "model.layers.14.mlp.up_proj": 1199.76025390625,
    "model.layers.14.mlp.down_proj": 1203.479248046875,
    "model.layers.15.self_attn.q_proj": 812.4498901367188,
    "model.layers.15.self_attn.k_proj": 835.7205200195312,
    "model.layers.15.self_attn.v_proj": 818.1870727539062,
    "model.layers.15.self_attn.o_proj": 810.681884765625,
    "model.layers.15.mlp.gate_proj": 1183.0517578125,
    "model.layers.15.mlp.up_proj": 1200.462646484375,
    "model.layers.15.mlp.down_proj": 1203.9949951171875,
    "model.layers.16.self_attn.q_proj": 807.538818359375,
    "model.layers.16.self_attn.k_proj": 826.357177734375,
    "model.layers.16.self_attn.v_proj": 829.1205444335938,
    "model.layers.16.self_attn.o_proj": 784.8809204101562,
    "model.layers.16.mlp.gate_proj": 1189.800537109375,
    "model.layers.16.mlp.up_proj": 1178.366455078125,
    "model.layers.16.mlp.down_proj": 1200.8193359375,
    "model.layers.17.self_attn.q_proj": 809.5021362304688,
    "model.layers.17.self_attn.k_proj": 818.219482421875,
    "model.layers.17.self_attn.v_proj": 825.5022583007812,
    "model.layers.17.self_attn.o_proj": 803.4640502929688,
    "model.layers.17.mlp.gate_proj": 1188.58056640625,
    "model.layers.17.mlp.up_proj": 1189.761962890625,
    "model.layers.17.mlp.down_proj": 1185.0303955078125,
    "model.layers.18.self_attn.q_proj": 815.6991577148438,
    "model.layers.18.self_attn.k_proj": 828.2344360351562,
    "model.layers.18.self_attn.v_proj": 834.293701171875,
    "model.layers.18.self_attn.o_proj": 800.3279418945312,
    "model.layers.18.mlp.gate_proj": 1186.3258056640625,
    "model.layers.18.mlp.up_proj": 1186.2913818359375,
    "model.layers.18.mlp.down_proj": 1193.5599365234375,
    "model.layers.19.self_attn.q_proj": 824.4799194335938,
    "model.layers.19.self_attn.k_proj": 819.16552734375,
    "model.layers.19.self_attn.v_proj": 866.5820922851562,
    "model.layers.19.self_attn.o_proj": 807.1376953125,
    "model.layers.19.mlp.gate_proj": 1205.681396484375,
    "model.layers.19.mlp.up_proj": 1202.770751953125,
    "model.layers.19.mlp.down_proj": 1192.5419921875,
    "model.layers.20.self_attn.q_proj": 812.4645385742188,