{
    "model.layers.0.self_attn.q_proj": 816.9625244140625,
    "model.layers.0.self_attn.k_proj": 816.9713134765625,
    "model.layers.0.self_attn.v_proj": 817.0452880859375,
    "model.layers.0.self_attn.o_proj": 817.0007934570312,
    "model.layers.0.mlp.gate_proj": 1191.8548583984375,
    "model.layers.0.mlp.up_proj": 1191.8377685546875,
    "model.layers.0.mlp.down_proj": 1191.201904296875,
    "model.layers.1.self_attn.q_proj": 816.1947021484375,
    "model.layers.1.self_attn.k_proj": 817.5962524414062,
    "model.layers.1.self_attn.v_proj": 818.2738037109375,
    "model.layers.1.self_attn.o_proj": 815.4138793945312,
    "model.layers.1.mlp.gate_proj": 1193.1536865234375,
    "model.layers.1.mlp.up_proj": 1193.6895751953125,
    "model.layers.1.mlp.down_proj": 1194.078125,
    "model.layers.2.self_attn.q_proj": 821.04296875,
    "model.layers.2.self_attn.k_proj": 815.5263061523438,
    "model.layers.2.self_attn.v_proj": 828.7992553710938,
    "model.layers.2.self_attn.o_proj": 816.5091552734375,
    "model.layers.2.mlp.gate_proj": 1193.8721923828125,
    "model.layers.2.mlp.up_proj": 1188.5955810546875,
    "model.layers.2.mlp.down_proj": 1194.7979736328125,
    "model.layers.3.self_attn.q_proj": 814.845458984375,
    "model.layers.3.self_attn.k_proj": 812.1422729492188,
    "model.layers.3.self_attn.v_proj": 816.1007080078125,
    "model.layers.3.self_attn.o_proj": 814.7451171875,
    "model.layers.3.mlp.gate_proj": 1193.0098876953125,
    "model.layers.3.mlp.up_proj": 1195.3406982421875,
    "model.layers.3.mlp.down_proj": 1185.3109130859375,
    "model.layers.4.self_attn.q_proj": 819.2634887695312,
    "model.layers.4.self_attn.k_proj": 815.4763793945312,
    "model.layers.4.self_attn.v_proj": 817.7018432617188,
    "model.layers.4.self_attn.o_proj": 810.284912109375,
    "model.layers.4.mlp.gate_proj": 1190.66015625,
    "model.layers.4.mlp.up_proj": 1195.318115234375,
    "model.layers.4.mlp.down_proj": 1191.22119140625,
    "model.layers.5.self_attn.q_proj": 817.9181518554688,
    "model.layers.5.self_attn.k_proj": 826.8516845703125,
    "model.layers.5.self_attn.v_proj": 820.7451782226562,
    "model.layers.5.self_attn.o_proj": 817.3182983398438,
    "model.layers.5.mlp.gate_proj": 1192.923828125,
    "model.layers.5.mlp.up_proj": 1187.4776611328125,
    "model.layers.5.mlp.down_proj": 1176.557373046875,
    "model.layers.6.self_attn.q_proj": 824.9210815429688,
    "model.layers.6.self_attn.k_proj": 813.8739624023438,
    "model.layers.6.self_attn.v_proj": 829.7619018554688,
    "model.layers.6.self_attn.o_proj": 815.2611083984375,
    "model.layers.6.mlp.gate_proj": 1188.42236328125,
    "model.layers.6.mlp.up_proj": 1191.9989013671875,
    "model.layers.6.mlp.down_proj": 1200.9840087890625,
    "model.layers.7.self_attn.q_proj": 817.4437866210938,
    "model.layers.7.self_attn.k_proj": 819.345458984375,
    "model.layers.7.self_attn.v_proj": 821.7232666015625,
    "model.layers.7.self_attn.o_proj": 819.8229370117188,
    "model.layers.7.mlp.gate_proj": 1186.3050537109375,
    "model.layers.7.mlp.up_proj": 1193.674072265625,
    "model.layers.7.mlp.down_proj": 1200.532470703125,
    "model.layers.8.self_attn.q_proj": 816.8235473632812,
    "model.layers.8.self_attn.k_proj": 824.5003662109375,
    "model.layers.8.self_attn.v_proj": 821.9981689453125,
    "model.layers.8.self_attn.o_proj": 834.5081176757812,
    "model.layers.8.mlp.gate_proj": 1192.6304931640625,
    "model.layers.8.mlp.up_proj": 1183.8594970703125,
    "model.layers.8.mlp.down_proj": 1197.50390625,
    "model.layers.9.self_attn.q_proj": 818.4993896484375,
    "model.layers.9.self_attn.k_proj": 821.0318603515625,
    "model.layers.9.self_attn.v_proj": 818.044677734375,
    "model.layers.9.self_attn.o_proj": 816.3690185546875,
    "model.layers.9.mlp.gate_proj": 1191.574951171875,
    "model.layers.9.mlp.up_proj": 1184.7376708984375,
    "model.layers.9.mlp.down_proj": 1187.7574462890625,
    "model.layers.10.self_attn.q_proj": 818.2503051757812,
    "model.layers.10.self_attn.k_proj": 823.6106567382812,
    "model.layers.10.self_attn.v_proj": 818.4244384765625,
    "model.layers.10.self_attn.o_proj": 811.1067504882812,
    "model.layers.10.mlp.gate_proj": 1189.5238037109375,
    "model.layers.10.mlp.up_proj": 1181.7530517578125,
    "model.layers.10.mlp.down_proj": 1193.907958984375,
    "model.layers.11.self_attn.q_proj": 815.3078002929688,
    "model.layers.11.self_attn.k_proj": 816.8120727539062,
    "model.layers.11.self_attn.v_proj": 824.9630737304688,
    "model.layers.11.self_attn.o_proj": 824.2796020507812,
    "model.layers.11.mlp.gate_proj": 1203.9259033203125,
    "model.layers.11.mlp.up_proj": 1184.5018310546875,
    "model.layers.11.mlp.down_proj": 1191.0374755859375,
    "model.layers.12.self_attn.q_proj": 815.140380859375,
    "model.layers.12.self_attn.k_proj": 826.4326171875,
    "model.layers.12.self_attn.v_proj": 813.9010009765625,
    "model.layers.12.self_attn.o_proj": 815.1446533203125,
    "model.layers.12.mlp.gate_proj": 1185.3902587890625,
    "model.layers.12.mlp.up_proj": 1192.3309326171875,
    "model.layers.12.mlp.down_proj": 1199.6693115234375,
    "model.layers.13.self_attn.q_proj": 814.3216552734375,
    "model.layers.13.self_attn.k_proj": 815.5180053710938,
    "model.layers.13.self_attn.v_proj": 834.9849243164062,
    "model.layers.13.self_attn.o_proj": 817.6717529296875,
    "model.layers.13.mlp.gate_proj": 1187.6656494140625,
    "model.layers.13.mlp.up_proj": 1188.129150390625,
    "model.layers.13.mlp.down_proj": 1171.110107421875,
    "model.layers.14.self_attn.q_proj": 817.0804443359375,
    "model.layers.14.self_attn.k_proj": 817.1111450195312,
    "model.layers.14.self_attn.v_proj": 821.5360107421875,
    "model.layers.14.self_attn.o_proj": 813.6488647460938,
    "model.layers.14.mlp.gate_proj": 1189.5130615234375,
    "model.layers.14.mlp.up_proj": 1194.717041015625,
    "model.layers.14.mlp.down_proj": 1192.774169921875,
    "model.layers.15.self_attn.q_proj": 814.9982299804688,
    "model.layers.15.self_attn.k_proj": 821.1450805664062,
    "model.layers.15.self_attn.v_proj": 815.7939453125,
    "model.layers.15.self_attn.o_proj": 818.4603271484375,
    "model.layers.15.mlp.gate_proj": 1188.620849609375,
    "model.layers.15.mlp.up_proj": 1198.288330078125,
    "model.layers.15.mlp.down_proj": 1203.3541259765625,
    "model.layers.16.self_attn.q_proj": 814.76220703125,
    "model.layers.16.self_attn.k_proj": 816.9625244140625,
    "model.layers.16.self_attn.v_proj": 820.6588745117188,
    "model.layers.16.self_attn.o_proj": 809.25,
    "model.layers.16.mlp.gate_proj": 1191.8685302734375,
    "model.layers.16.mlp.up_proj": 1185.7506103515625,
    "model.layers.16.mlp.down_proj": 1190.4139404296875,
    "model.layers.17.self_attn.q_proj": 815.5927734375,
    "model.layers.17.self_attn.k_proj": 817.5995483398438,
    "model.layers.17.self_attn.v_proj": 823.2271118164062,
    "model.layers.17.self_attn.o_proj": 814.7703857421875,
    "model.layers.17.mlp.gate_proj": 1191.0828857421875,
    "model.layers.17.mlp.up_proj": 1187.6424560546875,
    "model.layers.17.mlp.down_proj": 1183.345947265625,
    "model.layers.18.self_attn.q_proj": 816.5819702148438,
    "model.layers.18.self_attn.k_proj": 822.3902587890625,
    "model.layers.18.self_attn.v_proj": 819.1637573242188,
    "model.layers.18.self_attn.o_proj": 814.1171875,
    "model.layers.18.mlp.gate_proj": 1190.4403076171875,
    "model.layers.18.mlp.up_proj": 1189.896240234375,
    "model.layers.18.mlp.down_proj": 1192.58642578125,
    "model.layers.19.self_attn.q_proj": 818.9431762695312,
    "model.layers.19.self_attn.k_proj": 816.8442993164062,
    "model.layers.19.self_attn.v_proj": 838.12255859375,
    "model.layers.19.self_attn.o_proj": 812.9451904296875,
    "model.layers.19.mlp.gate_proj": 1199.5240478515625,
    "model.layers.19.mlp.up_proj": 1195.9580078125,
    "model.layers.19.mlp.down_proj": 1190.5164794921875,