{
    "model.layers.0.self_attn.q_proj": 817.0982666015625,
    "model.layers.0.self_attn.k_proj": 817.1201782226562,
    "model.layers.0.self_attn.v_proj": 817.2244262695312,
    "model.layers.0.self_attn.o_proj": 817.3369750976562,
    "model.layers.0.mlp.gate_proj": 1191.9832763671875,
    "model.layers.0.mlp.up_proj": 1191.8948974609375,
    "model.layers.0.mlp.down_proj": 1190.469970703125,
    "model.layers.1.self_attn.q_proj": 811.2966918945312,
    "model.layers.1.self_attn.k_proj": 817.0529174804688,
    "model.layers.1.self_attn.v_proj": 816.8048706054688,
    "model.layers.1.self_attn.o_proj": 802.7296752929688,
    "model.layers.1.mlp.gate_proj": 1194.1715087890625,
    "model.layers.1.mlp.up_proj": 1196.298583984375,
    "model.layers.1.mlp.down_proj": 1188.5611572265625,
    "model.layers.2.self_attn.q_proj": 821.811279296875,
    "model.layers.2.self_attn.k_proj": 824.4585571289062,
    "model.layers.2.self_attn.v_proj": 867.5930786132812,
    "model.layers.2.self_attn.o_proj": 809.4302368164062,
    "model.layers.2.mlp.gate_proj": 1196.703857421875,
    "model.layers.2.mlp.up_proj": 1179.0174560546875,
    "model.layers.2.mlp.down_proj": 1184.99169921875,
    "model.layers.3.self_attn.q_proj": 808.8038330078125,
    "model.layers.3.self_attn.k_proj": 793.7086181640625,
    "model.layers.3.self_attn.v_proj": 808.641357421875,
    "model.layers.3.self_attn.o_proj": 806.7476806640625,
    "model.layers.3.mlp.gate_proj": 1194.5618896484375,
    "model.layers.3.mlp.up_proj": 1186.1258544921875,
    "model.layers.3.mlp.down_proj": 1181.8980712890625,
    "model.layers.4.self_attn.q_proj": 814.4246215820312,
    "model.layers.4.self_attn.k_proj": 819.9312133789062,
    "model.layers.4.self_attn.v_proj": 838.67236328125,
    "model.layers.4.self_attn.o_proj": 800.18505859375,
    "model.layers.4.mlp.gate_proj": 1181.5369873046875,
    "model.layers.4.mlp.up_proj": 1205.268310546875,
    "model.layers.4.mlp.down_proj": 1184.525146484375,
    "model.layers.5.self_attn.q_proj": 820.4283447265625,
    "model.layers.5.self_attn.k_proj": 853.0559692382812,
    "model.layers.5.self_attn.v_proj": 838.7257690429688,
    "model.layers.5.self_attn.o_proj": 805.5206298828125,
    "model.layers.5.mlp.gate_proj": 1190.12548828125,
    "model.layers.5.mlp.up_proj": 1167.3026123046875,
    "model.layers.5.mlp.down_proj": 1179.824951171875,
    "model.layers.6.self_attn.q_proj": 818.7316284179688,
    "model.layers.6.self_attn.k_proj": 805.5606079101562,
    "model.layers.6.self_attn.v_proj": 859.200927734375,
    "model.layers.6.self_attn.o_proj": 809.6881713867188,
    "model.layers.6.mlp.gate_proj": 1187.4256591796875,
    "model.layers.6.mlp.up_proj": 1194.412353515625,
    "model.layers.6.mlp.down_proj": 1210.55908203125,
    "model.layers.7.self_attn.q_proj": 804.460205078125,
    "model.layers.7.self_attn.k_proj": 840.0130615234375,
    "model.layers.7.self_attn.v_proj": 857.6409301757812,
    "model.layers.7.self_attn.o_proj": 818.1876831054688,
    "model.layers.7.mlp.gate_proj": 1191.9454345703125,
    "model.layers.7.mlp.up_proj": 1192.470947265625,
    "model.layers.7.mlp.down_proj": 1206.8463134765625,
    "model.layers.8.self_attn.q_proj": 814.8936157226562,
    "model.layers.8.self_attn.k_proj": 849.248291015625,
    "model.layers.8.self_attn.v_proj": 854.1492309570312,
    "model.layers.8.self_attn.o_proj": 844.4085693359375,
    "model.layers.8.mlp.gate_proj": 1190.864013671875,
    "model.layers.8.mlp.up_proj": 1185.2509765625,
    "model.layers.8.mlp.down_proj": 1193.3736572265625,
    "model.layers.9.self_attn.q_proj": 820.6041259765625,
    "model.layers.9.self_attn.k_proj": 834.5345458984375,
    "model.layers.9.self_attn.v_proj": 791.9014282226562,
    "model.layers.9.self_attn.o_proj": 815.0496215820312,
    "model.layers.9.mlp.gate_proj": 1187.115966796875,
    "model.layers.9.mlp.up_proj": 1176.3878173828125,
    "model.layers.9.mlp.down_proj": 1186.8519287109375,
    "model.layers.10.self_attn.q_proj": 821.547607421875,
    "model.layers.10.self_attn.k_proj": 848.8987426757812,
    "model.layers.10.self_attn.v_proj": 836.7305297851562,
    "model.layers.10.self_attn.o_proj": 784.0693359375,
    "model.layers.10.mlp.gate_proj": 1179.7176513671875,
    "model.layers.10.mlp.up_proj": 1181.7193603515625,
    "model.layers.10.mlp.down_proj": 1192.09619140625,
    "model.layers.11.self_attn.q_proj": 805.5044555664062,
    "model.layers.11.self_attn.k_proj": 848.0198364257812,
    "model.layers.11.self_attn.v_proj": 852.9996337890625,
    "model.layers.11.self_attn.o_proj": 815.5227661132812,
    "model.layers.11.mlp.gate_proj": 1210.4378662109375,
    "model.layers.11.mlp.up_proj": 1175.6378173828125,
    "model.layers.11.mlp.down_proj": 1198.9361572265625,
    "model.layers.12.self_attn.q_proj": 809.4076538085938,
    "model.layers.12.self_attn.k_proj": 852.8050537109375,
    "model.layers.12.self_attn.v_proj": 825.3643798828125,
    "model.layers.12.self_attn.o_proj": 807.40087890625,
    "model.layers.12.mlp.gate_proj": 1171.7122802734375,
    "model.layers.12.mlp.up_proj": 1193.034912109375,
    "model.layers.12.mlp.down_proj": 1203.8570556640625,
    "model.layers.13.self_attn.q_proj": 807.5028686523438,
    "model.layers.13.self_attn.k_proj": 823.9808959960938,
    "model.layers.13.self_attn.v_proj": 860.5665893554688,
    "model.layers.13.self_attn.o_proj": 834.4182739257812,
    "model.layers.13.mlp.gate_proj": 1180.31640625,
    "model.layers.13.mlp.up_proj": 1185.58544921875,
    "model.layers.13.mlp.down_proj": 1163.028564453125,
    "model.layers.14.self_attn.q_proj": 803.287353515625,
    "model.layers.14.self_attn.k_proj": 818.4970703125,
    "model.layers.14.self_attn.v_proj": 865.7550659179688,
    "model.layers.14.self_attn.o_proj": 789.5309448242188,
    "model.layers.14.mlp.gate_proj": 1186.5531005859375,
    "model.layers.14.mlp.up_proj": 1200.3123779296875,
    "model.layers.14.mlp.down_proj": 1204.548583984375,
    "model.layers.15.self_attn.q_proj": 811.8009643554688,
    "model.layers.15.self_attn.k_proj": 838.0283813476562,
    "model.layers.15.self_attn.v_proj": 819.1445922851562,
    "model.layers.15.self_attn.o_proj": 808.4037475585938,
    "model.layers.15.mlp.gate_proj": 1182.56640625,
    "model.layers.15.mlp.up_proj": 1200.8184814453125,
    "model.layers.15.mlp.down_proj": 1195.9884033203125,
    "model.layers.16.self_attn.q_proj": 806.0650634765625,
    "model.layers.16.self_attn.k_proj": 828.73291015625,
    "model.layers.16.self_attn.v_proj": 833.1655883789062,
    "model.layers.16.self_attn.o_proj": 775.7636108398438,
    "model.layers.16.mlp.gate_proj": 1188.624267578125,
    "model.layers.16.mlp.up_proj": 1176.514892578125,
    "model.layers.16.mlp.down_proj": 1204.351806640625,
    "model.layers.17.self_attn.q_proj": 807.6000366210938,
    "model.layers.17.self_attn.k_proj": 818.0845947265625,
    "model.layers.17.self_attn.v_proj": 826.551513671875,
    "model.layers.17.self_attn.o_proj": 799.2308959960938,
    "model.layers.17.mlp.gate_proj": 1187.875244140625,
    "model.layers.17.mlp.up_proj": 1189.939208984375,
    "model.layers.17.mlp.down_proj": 1184.8643798828125,
    "model.layers.18.self_attn.q_proj": 814.79736328125,
    "model.layers.18.self_attn.k_proj": 829.2236938476562,
    "model.layers.18.self_attn.v_proj": 839.5823364257812,
    "model.layers.18.self_attn.o_proj": 799.4375610351562,
    "model.layers.18.mlp.gate_proj": 1186.7274169921875,
    "model.layers.18.mlp.up_proj": 1185.9151611328125,
    "model.layers.18.mlp.down_proj": 1196.6314697265625,
    "model.layers.19.self_attn.q_proj": 826.3780517578125,
    "model.layers.19.self_attn.k_proj": 819.9300537109375,
    "model.layers.19.self_attn.v_proj": 869.6348266601562,
    "model.layers.19.self_attn.o_proj": 803.8301391601562,
    "model.layers.19.mlp.gate_proj": 1207.361328125,
    "model.layers.19.mlp.up_proj": 1204.041748046875,
    "model.layers.19.mlp.down_proj": 1193.07861328125,