{
    "model.layers.0.self_attn.q_proj": 1633.1859130859375,
    "model.layers.0.self_attn.k_proj": 1633.1859130859375,
    "model.layers.0.self_attn.v_proj": 1633.1859130859375,
    "model.layers.0.self_attn.o_proj": 1633.7628173828125,
    "model.layers.0.mlp.gate_proj": 1633.198974609375,
    "model.layers.0.mlp.up_proj": 1633.1322021484375,
    "model.layers.0.mlp.down_proj": 1632.1904296875,
    "model.layers.1.self_attn.q_proj": 1633.0257568359375,
    "model.layers.1.self_attn.k_proj": 1633.0174560546875,
    "model.layers.1.self_attn.v_proj": 1632.9132080078125,
    "model.layers.1.self_attn.o_proj": 1635.8951416015625,
    "model.layers.1.mlp.gate_proj": 1634.951416015625,
    "model.layers.1.mlp.up_proj": 1632.528564453125,
    "model.layers.1.mlp.down_proj": 1638.06201171875,
    "model.layers.2.self_attn.q_proj": 1632.42822265625,
    "model.layers.2.self_attn.k_proj": 1633.3128662109375,
    "model.layers.2.self_attn.v_proj": 1637.9449462890625,
    "model.layers.2.self_attn.o_proj": 1630.0657958984375,
    "model.layers.2.mlp.gate_proj": 1632.642822265625,
    "model.layers.2.mlp.up_proj": 1630.8349609375,
    "model.layers.2.mlp.down_proj": 1624.1732177734375,
    "model.layers.3.self_attn.q_proj": 1635.22314453125,
    "model.layers.3.self_attn.k_proj": 1646.3001708984375,
    "model.layers.3.self_attn.v_proj": 1777.2279052734375,
    "model.layers.3.self_attn.o_proj": 1632.341064453125,
    "model.layers.3.mlp.gate_proj": 1629.1976318359375,
    "model.layers.3.mlp.up_proj": 1623.50927734375,
    "model.layers.3.mlp.down_proj": 1617.0819091796875,
    "model.layers.4.self_attn.q_proj": 1628.366455078125,
    "model.layers.4.self_attn.k_proj": 1638.884521484375,
    "model.layers.4.self_attn.v_proj": 1722.9661865234375,
    "model.layers.4.self_attn.o_proj": 1619.2833251953125,
    "model.layers.4.mlp.gate_proj": 1633.1431884765625,
    "model.layers.4.mlp.up_proj": 1628.4884033203125,
    "model.layers.4.mlp.down_proj": 1634.80126953125,
    "model.layers.5.self_attn.q_proj": 1638.0557861328125,
    "model.layers.5.self_attn.k_proj": 1645.6646728515625,
    "model.layers.5.self_attn.v_proj": 1715.2635498046875,
    "model.layers.5.self_attn.o_proj": 1630.000244140625,
    "model.layers.5.mlp.gate_proj": 1643.169189453125,
    "model.layers.5.mlp.up_proj": 1645.5323486328125,
    "model.layers.5.mlp.down_proj": 1629.0452880859375,
    "model.layers.6.self_attn.q_proj": 1639.4554443359375,
    "model.layers.6.self_attn.k_proj": 1649.9681396484375,
    "model.layers.6.self_attn.v_proj": 1767.6876220703125,
    "model.layers.6.self_attn.o_proj": 1614.73046875,
    "model.layers.6.mlp.gate_proj": 1633.0694580078125,
    "model.layers.6.mlp.up_proj": 1649.2589111328125,
    "model.layers.6.mlp.down_proj": 1609.970703125,
    "model.layers.7.self_attn.q_proj": 1633.4034423828125,
    "model.layers.7.self_attn.k_proj": 1639.0452880859375,
    "model.layers.7.self_attn.v_proj": 1699.3399658203125,
    "model.layers.7.self_attn.o_proj": 1625.188232421875,
    "model.layers.7.mlp.gate_proj": 1637.7506103515625,
    "model.layers.7.mlp.up_proj": 1633.50146484375,
    "model.layers.7.mlp.down_proj": 1625.5125732421875,
    "model.layers.8.self_attn.q_proj": 1634.4718017578125,
    "model.layers.8.self_attn.k_proj": 1636.7327880859375,
    "model.layers.8.self_attn.v_proj": 1710.33251953125,
    "model.layers.8.self_attn.o_proj": 1621.232177734375,
    "model.layers.8.mlp.gate_proj": 1630.11181640625,
    "model.layers.8.mlp.up_proj": 1647.74609375,
    "model.layers.8.mlp.down_proj": 1651.213623046875,
    "model.layers.9.self_attn.q_proj": 1637.07421875,
    "model.layers.9.self_attn.k_proj": 1642.13623046875,
    "model.layers.9.self_attn.v_proj": 1760.2960205078125,
    "model.layers.9.self_attn.o_proj": 1627.2935791015625,
    "model.layers.9.mlp.gate_proj": 1635.55029296875,
    "model.layers.9.mlp.up_proj": 1625.53564453125,
    "model.layers.9.mlp.down_proj": 1634.4229736328125,
    "model.layers.10.self_attn.q_proj": 1648.038330078125,
    "model.layers.10.self_attn.k_proj": 1631.1815185546875,
    "model.layers.10.self_attn.v_proj": 1752.33203125,
    "model.layers.10.self_attn.o_proj": 1637.3009033203125,
    "model.layers.10.mlp.gate_proj": 1617.9290771484375,
    "model.layers.10.mlp.up_proj": 1638.7513427734375,
    "model.layers.10.mlp.down_proj": 1628.4901123046875,
    "model.layers.11.self_attn.q_proj": 1626.067138671875,
    "model.layers.11.self_attn.k_proj": 1637.9407958984375,
    "model.layers.11.self_attn.v_proj": 1735.48681640625,
    "model.layers.11.self_attn.o_proj": 1615.1864013671875,
    "model.layers.11.mlp.gate_proj": 1629.47900390625,
    "model.layers.11.mlp.up_proj": 1627.404541015625,
    "model.layers.11.mlp.down_proj": 1649.5614013671875,
    "model.layers.12.self_attn.q_proj": 1640.9920654296875,
    "model.layers.12.self_attn.k_proj": 1622.4849853515625,
    "model.layers.12.self_attn.v_proj": 1796.89111328125,
    "model.layers.12.self_attn.o_proj": 1624.9462890625,
    "model.layers.12.mlp.gate_proj": 1633.2957763671875,
    "model.layers.12.mlp.up_proj": 1646.4940185546875,
    "model.layers.12.mlp.down_proj": 1642.3331298828125,
    "model.layers.13.self_attn.q_proj": 1626.3704833984375,
    "model.layers.13.self_attn.k_proj": 1624.37841796875,
    "model.layers.13.self_attn.v_proj": 1736.9661865234375,
    "model.layers.13.self_attn.o_proj": 1631.2022705078125,
    "model.layers.13.mlp.gate_proj": 1632.15478515625,
    "model.layers.13.mlp.up_proj": 1643.7021484375,
    "model.layers.13.mlp.down_proj": 1606.970947265625,
    "model.layers.14.self_attn.q_proj": 1635.08056640625,
    "model.layers.14.self_attn.k_proj": 1629.6485595703125,
    "model.layers.14.self_attn.v_proj": 1718.6446533203125,
    "model.layers.14.self_attn.o_proj": 1640.8123779296875,
    "model.layers.14.mlp.gate_proj": 1628.1092529296875,
    "model.layers.14.mlp.up_proj": 1625.014404296875,
    "model.layers.14.mlp.down_proj": 1628.7000732421875,
    "model.layers.15.self_attn.q_proj": 1628.9619140625,
    "model.layers.15.self_attn.k_proj": 1623.2801513671875,
    "model.layers.15.self_attn.v_proj": 1748.283935546875,
    "model.layers.15.self_attn.o_proj": 1625.793212890625,
    "model.layers.15.mlp.gate_proj": 1628.9619140625,
    "model.layers.15.mlp.up_proj": 1624.97314453125,
    "model.layers.15.mlp.down_proj": 1632.985595703125,
    "model.layers.16.self_attn.q_proj": 1630.86328125,
    "model.layers.16.self_attn.k_proj": 1637.439697265625,
    "model.layers.16.self_attn.v_proj": 1757.7352294921875,
    "model.layers.16.self_attn.o_proj": 1632.025146484375,
    "model.layers.16.mlp.gate_proj": 1635.9271240234375,
    "model.layers.16.mlp.up_proj": 1617.322509765625,
    "model.layers.16.mlp.down_proj": 1625.1181640625,
    "model.layers.17.self_attn.q_proj": 1634.921142578125,
    "model.layers.17.self_attn.k_proj": 1617.6239013671875,
    "model.layers.17.self_attn.v_proj": 1730.6865234375,
    "model.layers.17.self_attn.o_proj": 1611.86767578125,
    "model.layers.17.mlp.gate_proj": 1640.011474609375,
    "model.layers.17.mlp.up_proj": 1621.0985107421875,
    "model.layers.17.mlp.down_proj": 1634.8983154296875,
    "model.layers.18.self_attn.q_proj": 1637.2049560546875,
    "model.layers.18.self_attn.k_proj": 1628.2041015625,
    "model.layers.18.self_attn.v_proj": 1749.2042236328125,
    "model.layers.18.self_attn.o_proj": 1576.760009765625,
    "model.layers.18.mlp.gate_proj": 1631.385498046875,
    "model.layers.18.mlp.up_proj": 1629.263671875,
    "model.layers.18.mlp.down_proj": 1601.9705810546875,
    "model.layers.19.self_attn.q_proj": 1626.312744140625,
    "model.layers.19.self_attn.k_proj": 1621.978271484375,
    "model.layers.19.self_attn.v_proj": 1710.7069091796875,
    "model.layers.19.self_attn.o_proj": 1612.5443115234375,
    "model.layers.19.mlp.gate_proj": 1624.532958984375,
    "model.layers.19.mlp.up_proj": 1626.8070068359375,
    "model.layers.19.mlp.down_proj": 1638.671875,