{
    "model.layers.0.self_attn.q_proj": 1636.00927734375,
    "model.layers.0.self_attn.k_proj": 1636.00927734375,
    "model.layers.0.self_attn.v_proj": 1636.00927734375,
    "model.layers.0.self_attn.o_proj": 1636.2703857421875,
    "model.layers.0.mlp.gate_proj": 1636.0325927734375,
    "model.layers.0.mlp.up_proj": 1635.9866943359375,
    "model.layers.0.mlp.down_proj": 1634.2008056640625,
    "model.layers.1.self_attn.q_proj": 1635.8856201171875,
    "model.layers.1.self_attn.k_proj": 1635.8505859375,
    "model.layers.1.self_attn.v_proj": 1636.4173583984375,
    "model.layers.1.self_attn.o_proj": 1636.714599609375,
    "model.layers.1.mlp.gate_proj": 1638.0562744140625,
    "model.layers.1.mlp.up_proj": 1634.2060546875,
    "model.layers.1.mlp.down_proj": 1637.2879638671875,
    "model.layers.2.self_attn.q_proj": 1635.5877685546875,
    "model.layers.2.self_attn.k_proj": 1636.030029296875,
    "model.layers.2.self_attn.v_proj": 1638.828125,
    "model.layers.2.self_attn.o_proj": 1635.2191162109375,
    "model.layers.2.mlp.gate_proj": 1638.8131103515625,
    "model.layers.2.mlp.up_proj": 1636.755126953125,
    "model.layers.2.mlp.down_proj": 1624.0020751953125,
    "model.layers.3.self_attn.q_proj": 1636.996826171875,
    "model.layers.3.self_attn.k_proj": 1644.3424072265625,
    "model.layers.3.self_attn.v_proj": 1722.9935302734375,
    "model.layers.3.self_attn.o_proj": 1629.08984375,
    "model.layers.3.mlp.gate_proj": 1636.2891845703125,
    "model.layers.3.mlp.up_proj": 1629.3284912109375,
    "model.layers.3.mlp.down_proj": 1615.167724609375,
    "model.layers.4.self_attn.q_proj": 1635.0831298828125,
    "model.layers.4.self_attn.k_proj": 1640.0791015625,
    "model.layers.4.self_attn.v_proj": 1705.909912109375,
    "model.layers.4.self_attn.o_proj": 1630.964599609375,
    "model.layers.4.mlp.gate_proj": 1640.5980224609375,
    "model.layers.4.mlp.up_proj": 1632.9268798828125,
    "model.layers.4.mlp.down_proj": 1633.70947265625,
    "model.layers.5.self_attn.q_proj": 1636.1195068359375,
    "model.layers.5.self_attn.k_proj": 1641.0029296875,
    "model.layers.5.self_attn.v_proj": 1674.307861328125,
    "model.layers.5.self_attn.o_proj": 1632.5211181640625,
    "model.layers.5.mlp.gate_proj": 1647.1849365234375,
    "model.layers.5.mlp.up_proj": 1644.6270751953125,
    "model.layers.5.mlp.down_proj": 1625.7471923828125,
    "model.layers.6.self_attn.q_proj": 1632.716552734375,
    "model.layers.6.self_attn.k_proj": 1652.729736328125,
    "model.layers.6.self_attn.v_proj": 1730.4964599609375,
    "model.layers.6.self_attn.o_proj": 1620.5614013671875,
    "model.layers.6.mlp.gate_proj": 1639.745849609375,
    "model.layers.6.mlp.up_proj": 1646.6905517578125,
    "model.layers.6.mlp.down_proj": 1617.898193359375,
    "model.layers.7.self_attn.q_proj": 1636.9661865234375,
    "model.layers.7.self_attn.k_proj": 1638.224609375,
    "model.layers.7.self_attn.v_proj": 1663.6256103515625,
    "model.layers.7.self_attn.o_proj": 1627.043701171875,
    "model.layers.7.mlp.gate_proj": 1634.6097412109375,
    "model.layers.7.mlp.up_proj": 1634.22802734375,
    "model.layers.7.mlp.down_proj": 1625.7889404296875,
    "model.layers.8.self_attn.q_proj": 1639.0726318359375,
    "model.layers.8.self_attn.k_proj": 1638.7464599609375,
    "model.layers.8.self_attn.v_proj": 1684.3995361328125,
    "model.layers.8.self_attn.o_proj": 1625.4058837890625,
    "model.layers.8.mlp.gate_proj": 1634.961669921875,
    "model.layers.8.mlp.up_proj": 1642.4161376953125,
    "model.layers.8.mlp.down_proj": 1641.287109375,
    "model.layers.9.self_attn.q_proj": 1641.913330078125,
    "model.layers.9.self_attn.k_proj": 1644.6817626953125,
    "model.layers.9.self_attn.v_proj": 1707.6810302734375,
    "model.layers.9.self_attn.o_proj": 1628.208251953125,
    "model.layers.9.mlp.gate_proj": 1638.422607421875,
    "model.layers.9.mlp.up_proj": 1630.78369140625,
    "model.layers.9.mlp.down_proj": 1637.8546142578125,
    "model.layers.10.self_attn.q_proj": 1644.601806640625,
    "model.layers.10.self_attn.k_proj": 1635.6434326171875,
    "model.layers.10.self_attn.v_proj": 1712.3287353515625,
    "model.layers.10.self_attn.o_proj": 1641.6080322265625,
    "model.layers.10.mlp.gate_proj": 1625.84375,
    "model.layers.10.mlp.up_proj": 1646.4453125,
    "model.layers.10.mlp.down_proj": 1629.3538818359375,
    "model.layers.11.self_attn.q_proj": 1629.7327880859375,
    "model.layers.11.self_attn.k_proj": 1640.197265625,
    "model.layers.11.self_attn.v_proj": 1698.9757080078125,
    "model.layers.11.self_attn.o_proj": 1621.39013671875,
    "model.layers.11.mlp.gate_proj": 1630.6427001953125,
    "model.layers.11.mlp.up_proj": 1637.903564453125,
    "model.layers.11.mlp.down_proj": 1645.0140380859375,
    "model.layers.12.self_attn.q_proj": 1642.6187744140625,
    "model.layers.12.self_attn.k_proj": 1622.482177734375,
    "model.layers.12.self_attn.v_proj": 1721.5653076171875,
    "model.layers.12.self_attn.o_proj": 1625.2813720703125,
    "model.layers.12.mlp.gate_proj": 1631.5028076171875,
    "model.layers.12.mlp.up_proj": 1641.076171875,
    "model.layers.12.mlp.down_proj": 1629.977783203125,
    "model.layers.13.self_attn.q_proj": 1627.868408203125,
    "model.layers.13.self_attn.k_proj": 1628.2369384765625,
    "model.layers.13.self_attn.v_proj": 1702.57568359375,
    "model.layers.13.self_attn.o_proj": 1640.1268310546875,
    "model.layers.13.mlp.gate_proj": 1638.9287109375,
    "model.layers.13.mlp.up_proj": 1649.8929443359375,
    "model.layers.13.mlp.down_proj": 1614.2857666015625,
    "model.layers.14.self_attn.q_proj": 1636.61962890625,
    "model.layers.14.self_attn.k_proj": 1627.96728515625,
    "model.layers.14.self_attn.v_proj": 1686.30078125,
    "model.layers.14.self_attn.o_proj": 1639.31298828125,
    "model.layers.14.mlp.gate_proj": 1634.0157470703125,
    "model.layers.14.mlp.up_proj": 1629.594482421875,
    "model.layers.14.mlp.down_proj": 1631.365478515625,
    "model.layers.15.self_attn.q_proj": 1636.9039306640625,
    "model.layers.15.self_attn.k_proj": 1623.892822265625,
    "model.layers.15.self_attn.v_proj": 1710.6258544921875,
    "model.layers.15.self_attn.o_proj": 1632.912109375,
    "model.layers.15.mlp.gate_proj": 1631.0592041015625,
    "model.layers.15.mlp.up_proj": 1625.9949951171875,
    "model.layers.15.mlp.down_proj": 1633.7247314453125,
    "model.layers.16.self_attn.q_proj": 1633.7637939453125,
    "model.layers.16.self_attn.k_proj": 1637.014404296875,
    "model.layers.16.self_attn.v_proj": 1702.0914306640625,
    "model.layers.16.self_attn.o_proj": 1636.5877685546875,
    "model.layers.16.mlp.gate_proj": 1638.6336669921875,
    "model.layers.16.mlp.up_proj": 1627.358642578125,
    "model.layers.16.mlp.down_proj": 1627.568603515625,
    "model.layers.17.self_attn.q_proj": 1637.8631591796875,
    "model.layers.17.self_attn.k_proj": 1626.0096435546875,
    "model.layers.17.self_attn.v_proj": 1712.4205322265625,
    "model.layers.17.self_attn.o_proj": 1619.174560546875,
    "model.layers.17.mlp.gate_proj": 1645.9613037109375,
    "model.layers.17.mlp.up_proj": 1626.5909423828125,
    "model.layers.17.mlp.down_proj": 1634.244873046875,
    "model.layers.18.self_attn.q_proj": 1637.2115478515625,
    "model.layers.18.self_attn.k_proj": 1635.9141845703125,
    "model.layers.18.self_attn.v_proj": 1704.359619140625,
    "model.layers.18.self_attn.o_proj": 1598.850341796875,
    "model.layers.18.mlp.gate_proj": 1636.9547119140625,
    "model.layers.18.mlp.up_proj": 1628.8082275390625,
    "model.layers.18.mlp.down_proj": 1619.3795166015625,
    "model.layers.19.self_attn.q_proj": 1629.3892822265625,
    "model.layers.19.self_attn.k_proj": 1624.6424560546875,
    "model.layers.19.self_attn.v_proj": 1681.228271484375,
    "model.layers.19.self_attn.o_proj": 1622.15966796875,
    "model.layers.19.mlp.gate_proj": 1629.0595703125,
    "model.layers.19.mlp.up_proj": 1633.9876708984375,
    "model.layers.19.mlp.down_proj": 1643.7215576171875,