{
    "model.layers.0.self_attn.q_proj": 1633.7039794921875,
    "model.layers.0.self_attn.k_proj": 1633.7039794921875,
    "model.layers.0.self_attn.v_proj": 1633.7039794921875,
    "model.layers.0.self_attn.o_proj": 1634.2091064453125,
    "model.layers.0.mlp.gate_proj": 1633.7169189453125,
    "model.layers.0.mlp.up_proj": 1633.657958984375,
    "model.layers.0.mlp.down_proj": 1632.536376953125,
    "model.layers.1.self_attn.q_proj": 1633.526123046875,
    "model.layers.1.self_attn.k_proj": 1633.5126953125,
    "model.layers.1.self_attn.v_proj": 1633.5220947265625,
    "model.layers.1.self_attn.o_proj": 1636.570068359375,
    "model.layers.1.mlp.gate_proj": 1635.582275390625,
    "model.layers.1.mlp.up_proj": 1632.75439453125,
    "model.layers.1.mlp.down_proj": 1638.55615234375,
    "model.layers.2.self_attn.q_proj": 1632.9365234375,
    "model.layers.2.self_attn.k_proj": 1633.6494140625,
    "model.layers.2.self_attn.v_proj": 1637.79541015625,
    "model.layers.2.self_attn.o_proj": 1630.8345947265625,
    "model.layers.2.mlp.gate_proj": 1633.6640625,
    "model.layers.2.mlp.up_proj": 1631.8201904296875,
    "model.layers.2.mlp.down_proj": 1624.458740234375,
    "model.layers.3.self_attn.q_proj": 1635.521728515625,
    "model.layers.3.self_attn.k_proj": 1645.889892578125,
    "model.layers.3.self_attn.v_proj": 1769.357421875,
    "model.layers.3.self_attn.o_proj": 1632.3880615234375,
    "model.layers.3.mlp.gate_proj": 1629.5828857421875,
    "model.layers.3.mlp.up_proj": 1624.17236328125,
    "model.layers.3.mlp.down_proj": 1615.7608642578125,
    "model.layers.4.self_attn.q_proj": 1629.9598388671875,
    "model.layers.4.self_attn.k_proj": 1637.9599609375,
    "model.layers.4.self_attn.v_proj": 1719.1435546875,
    "model.layers.4.self_attn.o_proj": 1619.86572265625,
    "model.layers.4.mlp.gate_proj": 1634.5986328125,
    "model.layers.4.mlp.up_proj": 1628.545654296875,
    "model.layers.4.mlp.down_proj": 1636.11181640625,
    "model.layers.5.self_attn.q_proj": 1638.07421875,
    "model.layers.5.self_attn.k_proj": 1645.5235595703125,
    "model.layers.5.self_attn.v_proj": 1706.61865234375,
    "model.layers.5.self_attn.o_proj": 1630.489990234375,
    "model.layers.5.mlp.gate_proj": 1642.160400390625,
    "model.layers.5.mlp.up_proj": 1645.152587890625,
    "model.layers.5.mlp.down_proj": 1624.988037109375,
    "model.layers.6.self_attn.q_proj": 1636.416259765625,
    "model.layers.6.self_attn.k_proj": 1650.6995849609375,
    "model.layers.6.self_attn.v_proj": 1762.6943359375,
    "model.layers.6.self_attn.o_proj": 1615.3109130859375,
    "model.layers.6.mlp.gate_proj": 1634.099609375,
    "model.layers.6.mlp.up_proj": 1649.4808349609375,
    "model.layers.6.mlp.down_proj": 1611.6416015625,
    "model.layers.7.self_attn.q_proj": 1632.2320556640625,
    "model.layers.7.self_attn.k_proj": 1638.0494384765625,
    "model.layers.7.self_attn.v_proj": 1687.1766357421875,
    "model.layers.7.self_attn.o_proj": 1625.45166015625,
    "model.layers.7.mlp.gate_proj": 1636.06201171875,
    "model.layers.7.mlp.up_proj": 1635.01806640625,
    "model.layers.7.mlp.down_proj": 1623.5028076171875,
    "model.layers.8.self_attn.q_proj": 1635.236083984375,
    "model.layers.8.self_attn.k_proj": 1636.8743896484375,
    "model.layers.8.self_attn.v_proj": 1701.90380859375,
    "model.layers.8.self_attn.o_proj": 1622.235107421875,
    "model.layers.8.mlp.gate_proj": 1630.0823974609375,
    "model.layers.8.mlp.up_proj": 1647.3736572265625,
    "model.layers.8.mlp.down_proj": 1648.558837890625,
    "model.layers.9.self_attn.q_proj": 1638.2774658203125,
    "model.layers.9.self_attn.k_proj": 1642.9404296875,
    "model.layers.9.self_attn.v_proj": 1743.95068359375,
    "model.layers.9.self_attn.o_proj": 1627.2860107421875,
    "model.layers.9.mlp.gate_proj": 1636.2186279296875,
    "model.layers.9.mlp.up_proj": 1626.22998046875,
    "model.layers.9.mlp.down_proj": 1634.934814453125,
    "model.layers.10.self_attn.q_proj": 1647.3543701171875,
    "model.layers.10.self_attn.k_proj": 1631.2686767578125,
    "model.layers.10.self_attn.v_proj": 1745.25048828125,
    "model.layers.10.self_attn.o_proj": 1638.2967529296875,
    "model.layers.10.mlp.gate_proj": 1619.867919921875,
    "model.layers.10.mlp.up_proj": 1639.7926025390625,
    "model.layers.10.mlp.down_proj": 1628.5147705078125,
    "model.layers.11.self_attn.q_proj": 1626.3685302734375,
    "model.layers.11.self_attn.k_proj": 1638.102783203125,
    "model.layers.11.self_attn.v_proj": 1728.360595703125,
    "model.layers.11.self_attn.o_proj": 1616.6317138671875,
    "model.layers.11.mlp.gate_proj": 1629.3397216796875,
    "model.layers.11.mlp.up_proj": 1630.66748046875,
    "model.layers.11.mlp.down_proj": 1648.5594482421875,
    "model.layers.12.self_attn.q_proj": 1641.377685546875,
    "model.layers.12.self_attn.k_proj": 1620.03662109375,
    "model.layers.12.self_attn.v_proj": 1781.1448974609375,
    "model.layers.12.self_attn.o_proj": 1625.088623046875,
    "model.layers.12.mlp.gate_proj": 1632.06494140625,
    "model.layers.12.mlp.up_proj": 1644.8255615234375,
    "model.layers.12.mlp.down_proj": 1643.4739990234375,
    "model.layers.13.self_attn.q_proj": 1626.15673828125,
    "model.layers.13.self_attn.k_proj": 1625.26220703125,
    "model.layers.13.self_attn.v_proj": 1731.12353515625,
    "model.layers.13.self_attn.o_proj": 1632.6531982421875,
    "model.layers.13.mlp.gate_proj": 1634.108154296875,
    "model.layers.13.mlp.up_proj": 1646.2618408203125,
    "model.layers.13.mlp.down_proj": 1609.0726318359375,
    "model.layers.14.self_attn.q_proj": 1635.1644287109375,
    "model.layers.14.self_attn.k_proj": 1629.5028076171875,
    "model.layers.14.self_attn.v_proj": 1707.466796875,
    "model.layers.14.self_attn.o_proj": 1640.2955322265625,
    "model.layers.14.mlp.gate_proj": 1628.895263671875,
    "model.layers.14.mlp.up_proj": 1627.9534912109375,
    "model.layers.14.mlp.down_proj": 1627.726806640625,
    "model.layers.15.self_attn.q_proj": 1629.9693603515625,
    "model.layers.15.self_attn.k_proj": 1622.9210205078125,
    "model.layers.15.self_attn.v_proj": 1741.5416259765625,
    "model.layers.15.self_attn.o_proj": 1627.2215576171875,
    "model.layers.15.mlp.gate_proj": 1629.724853515625,
    "model.layers.15.mlp.up_proj": 1625.3336181640625,
    "model.layers.15.mlp.down_proj": 1632.4405517578125,
    "model.layers.16.self_attn.q_proj": 1631.310546875,
    "model.layers.16.self_attn.k_proj": 1636.61328125,
    "model.layers.16.self_attn.v_proj": 1746.4508056640625,
    "model.layers.16.self_attn.o_proj": 1632.7847900390625,
    "model.layers.16.mlp.gate_proj": 1636.837890625,
    "model.layers.16.mlp.up_proj": 1618.9071044921875,
    "model.layers.16.mlp.down_proj": 1625.9556884765625,
    "model.layers.17.self_attn.q_proj": 1635.6409912109375,
    "model.layers.17.self_attn.k_proj": 1619.4581298828125,
    "model.layers.17.self_attn.v_proj": 1725.365966796875,
    "model.layers.17.self_attn.o_proj": 1612.9737548828125,
    "model.layers.17.mlp.gate_proj": 1640.9827880859375,
    "model.layers.17.mlp.up_proj": 1622.24658203125,
    "model.layers.17.mlp.down_proj": 1637.9443359375,
    "model.layers.18.self_attn.q_proj": 1637.39013671875,
    "model.layers.18.self_attn.k_proj": 1630.0281982421875,
    "model.layers.18.self_attn.v_proj": 1740.986328125,
    "model.layers.18.self_attn.o_proj": 1582.8851318359375,
    "model.layers.18.mlp.gate_proj": 1632.2027587890625,
    "model.layers.18.mlp.up_proj": 1629.604736328125,
    "model.layers.18.mlp.down_proj": 1604.01123046875,
    "model.layers.19.self_attn.q_proj": 1626.588623046875,
    "model.layers.19.self_attn.k_proj": 1622.2261962890625,
    "model.layers.19.self_attn.v_proj": 1704.87451171875,
    "model.layers.19.self_attn.o_proj": 1614.926513671875,
    "model.layers.19.mlp.gate_proj": 1625.3253173828125,
    "model.layers.19.mlp.up_proj": 1627.6898193359375,
    "model.layers.19.mlp.down_proj": 1639.2371826171875,