{
    "model.layers.0.self_attn.q_proj": 1637.3062744140625,
    "model.layers.0.self_attn.k_proj": 1637.3062744140625,
    "model.layers.0.self_attn.v_proj": 1637.3062744140625,
    "model.layers.0.self_attn.o_proj": 1637.87939453125,
    "model.layers.0.mlp.gate_proj": 1637.342041015625,
    "model.layers.0.mlp.up_proj": 1637.259033203125,
    "model.layers.0.mlp.down_proj": 1635.8858642578125,
    "model.layers.1.self_attn.q_proj": 1637.3258056640625,
    "model.layers.1.self_attn.k_proj": 1637.1844482421875,
    "model.layers.1.self_attn.v_proj": 1638.2119140625,
    "model.layers.1.self_attn.o_proj": 1636.054931640625,
    "model.layers.1.mlp.gate_proj": 1638.22607421875,
    "model.layers.1.mlp.up_proj": 1635.886474609375,
    "model.layers.1.mlp.down_proj": 1643.6934814453125,
    "model.layers.2.self_attn.q_proj": 1637.224609375,
    "model.layers.2.self_attn.k_proj": 1637.0989990234375,
    "model.layers.2.self_attn.v_proj": 1637.1431884765625,
    "model.layers.2.self_attn.o_proj": 1635.606201171875,
    "model.layers.2.mlp.gate_proj": 1640.49853515625,
    "model.layers.2.mlp.up_proj": 1639.584228515625,
    "model.layers.2.mlp.down_proj": 1635.64453125,
    "model.layers.3.self_attn.q_proj": 1638.5723876953125,
    "model.layers.3.self_attn.k_proj": 1639.4501953125,
    "model.layers.3.self_attn.v_proj": 1682.6103515625,
    "model.layers.3.self_attn.o_proj": 1631.987060546875,
    "model.layers.3.mlp.gate_proj": 1642.37451171875,
    "model.layers.3.mlp.up_proj": 1631.896484375,
    "model.layers.3.mlp.down_proj": 1626.3135986328125,
    "model.layers.4.self_attn.q_proj": 1639.407958984375,
    "model.layers.4.self_attn.k_proj": 1639.0709228515625,
    "model.layers.4.self_attn.v_proj": 1682.7359619140625,
    "model.layers.4.self_attn.o_proj": 1639.60205078125,
    "model.layers.4.mlp.gate_proj": 1637.3575439453125,
    "model.layers.4.mlp.up_proj": 1637.087646484375,
    "model.layers.4.mlp.down_proj": 1632.804931640625,
    "model.layers.5.self_attn.q_proj": 1639.9180908203125,
    "model.layers.5.self_attn.k_proj": 1638.5302734375,
    "model.layers.5.self_attn.v_proj": 1648.1156005859375,
    "model.layers.5.self_attn.o_proj": 1635.4932861328125,
    "model.layers.5.mlp.gate_proj": 1654.439697265625,
    "model.layers.5.mlp.up_proj": 1641.85986328125,
    "model.layers.5.mlp.down_proj": 1627.4111328125,
    "model.layers.6.self_attn.q_proj": 1633.9801025390625,
    "model.layers.6.self_attn.k_proj": 1644.381103515625,
    "model.layers.6.self_attn.v_proj": 1687.87548828125,
    "model.layers.6.self_attn.o_proj": 1631.0802001953125,
    "model.layers.6.mlp.gate_proj": 1639.727783203125,
    "model.layers.6.mlp.up_proj": 1637.04443359375,
    "model.layers.6.mlp.down_proj": 1626.98583984375,
    "model.layers.7.self_attn.q_proj": 1636.5400390625,
    "model.layers.7.self_attn.k_proj": 1642.2681884765625,
    "model.layers.7.self_attn.v_proj": 1646.39794921875,
    "model.layers.7.self_attn.o_proj": 1630.5936279296875,
    "model.layers.7.mlp.gate_proj": 1635.1588134765625,
    "model.layers.7.mlp.up_proj": 1632.7847900390625,
    "model.layers.7.mlp.down_proj": 1627.937744140625,
    "model.layers.8.self_attn.q_proj": 1637.3311767578125,
    "model.layers.8.self_attn.k_proj": 1642.984375,
    "model.layers.8.self_attn.v_proj": 1664.6319580078125,
    "model.layers.8.self_attn.o_proj": 1631.73779296875,
    "model.layers.8.mlp.gate_proj": 1636.7987060546875,
    "model.layers.8.mlp.up_proj": 1640.002685546875,
    "model.layers.8.mlp.down_proj": 1640.1114501953125,
    "model.layers.9.self_attn.q_proj": 1639.664794921875,
    "model.layers.9.self_attn.k_proj": 1643.9656982421875,
    "model.layers.9.self_attn.v_proj": 1670.3330078125,
    "model.layers.9.self_attn.o_proj": 1630.099853515625,
    "model.layers.9.mlp.gate_proj": 1636.31201171875,
    "model.layers.9.mlp.up_proj": 1638.05419921875,
    "model.layers.9.mlp.down_proj": 1641.270751953125,
    "model.layers.10.self_attn.q_proj": 1636.6181640625,
    "model.layers.10.self_attn.k_proj": 1637.4166259765625,
    "model.layers.10.self_attn.v_proj": 1675.5047607421875,
    "model.layers.10.self_attn.o_proj": 1641.3173828125,
    "model.layers.10.mlp.gate_proj": 1634.3599853515625,
    "model.layers.10.mlp.up_proj": 1646.8148193359375,
    "model.layers.10.mlp.down_proj": 1632.2891845703125,
    "model.layers.11.self_attn.q_proj": 1633.9847412109375,
    "model.layers.11.self_attn.k_proj": 1637.067138671875,
    "model.layers.11.self_attn.v_proj": 1670.30078125,
    "model.layers.11.self_attn.o_proj": 1627.4041748046875,
    "model.layers.11.mlp.gate_proj": 1632.1162109375,
    "model.layers.11.mlp.up_proj": 1636.6077880859375,
    "model.layers.11.mlp.down_proj": 1641.84423828125,
    "model.layers.12.self_attn.q_proj": 1640.3118896484375,
    "model.layers.12.self_attn.k_proj": 1628.607666015625,
    "model.layers.12.self_attn.v_proj": 1676.4903564453125,
    "model.layers.12.self_attn.o_proj": 1630.5040283203125,
    "model.layers.12.mlp.gate_proj": 1632.90625,
    "model.layers.12.mlp.up_proj": 1641.8094482421875,
    "model.layers.12.mlp.down_proj": 1631.1641845703125,
    "model.layers.13.self_attn.q_proj": 1630.6097412109375,
    "model.layers.13.self_attn.k_proj": 1632.7347412109375,
    "model.layers.13.self_attn.v_proj": 1663.579833984375,
    "model.layers.13.self_attn.o_proj": 1642.82373046875,
    "model.layers.13.mlp.gate_proj": 1640.337890625,
    "model.layers.13.mlp.up_proj": 1647.1524658203125,
    "model.layers.13.mlp.down_proj": 1628.489990234375,
    "model.layers.14.self_attn.q_proj": 1640.06787109375,
    "model.layers.14.self_attn.k_proj": 1632.1016845703125,
    "model.layers.14.self_attn.v_proj": 1653.7415771484375,
    "model.layers.14.self_attn.o_proj": 1637.1495361328125,
    "model.layers.14.mlp.gate_proj": 1636.140625,
    "model.layers.14.mlp.up_proj": 1638.08935546875,
    "model.layers.14.mlp.down_proj": 1633.6962890625,
    "model.layers.15.self_attn.q_proj": 1639.7484130859375,
    "model.layers.15.self_attn.k_proj": 1629.3568115234375,
    "model.layers.15.self_attn.v_proj": 1676.3785400390625,
    "model.layers.15.self_attn.o_proj": 1634.6126708984375,
    "model.layers.15.mlp.gate_proj": 1629.9222412109375,
    "model.layers.15.mlp.up_proj": 1627.99365234375,
    "model.layers.15.mlp.down_proj": 1637.528076171875,
    "model.layers.16.self_attn.q_proj": 1634.5863037109375,
    "model.layers.16.self_attn.k_proj": 1635.28857421875,
    "model.layers.16.self_attn.v_proj": 1656.855712890625,
    "model.layers.16.self_attn.o_proj": 1638.456787109375,
    "model.layers.16.mlp.gate_proj": 1634.4404296875,
    "model.layers.16.mlp.up_proj": 1637.7047119140625,
    "model.layers.16.mlp.down_proj": 1634.3756103515625,
    "model.layers.17.self_attn.q_proj": 1639.5318603515625,
    "model.layers.17.self_attn.k_proj": 1628.660888671875,
    "model.layers.17.self_attn.v_proj": 1683.6942138671875,
    "model.layers.17.self_attn.o_proj": 1625.3184814453125,
    "model.layers.17.mlp.gate_proj": 1645.7965087890625,
    "model.layers.17.mlp.up_proj": 1631.2568359375,
    "model.layers.17.mlp.down_proj": 1632.790283203125,
    "model.layers.18.self_attn.q_proj": 1636.242919921875,
    "model.layers.18.self_attn.k_proj": 1639.1002197265625,
    "model.layers.18.self_attn.v_proj": 1664.0081787109375,
    "model.layers.18.self_attn.o_proj": 1612.006103515625,
    "model.layers.18.mlp.gate_proj": 1635.9080810546875,
    "model.layers.18.mlp.up_proj": 1635.0001220703125,
    "model.layers.18.mlp.down_proj": 1632.299560546875,
    "model.layers.19.self_attn.q_proj": 1634.162841796875,
    "model.layers.19.self_attn.k_proj": 1631.81396484375,
    "model.layers.19.self_attn.v_proj": 1663.631103515625,
    "model.layers.19.self_attn.o_proj": 1632.582763671875,
    "model.layers.19.mlp.gate_proj": 1632.578857421875,
    "model.layers.19.mlp.up_proj": 1640.1007080078125,
    "model.layers.19.mlp.down_proj": 1644.0670166015625,