{
    "model.layers.0.self_attn.q_proj": 1635.1722412109375,
    "model.layers.0.self_attn.k_proj": 1635.1722412109375,
    "model.layers.0.self_attn.v_proj": 1635.1722412109375,
    "model.layers.0.self_attn.o_proj": 1635.3455810546875,
    "model.layers.0.mlp.gate_proj": 1635.1805419921875,
    "model.layers.0.mlp.up_proj": 1635.1583251953125,
    "model.layers.0.mlp.down_proj": 1634.9937744140625,
    "model.layers.1.self_attn.q_proj": 1635.1783447265625,
    "model.layers.1.self_attn.k_proj": 1635.1259765625,
    "model.layers.1.self_attn.v_proj": 1635.61328125,
    "model.layers.1.self_attn.o_proj": 1634.818115234375,
    "model.layers.1.mlp.gate_proj": 1634.9654541015625,
    "model.layers.1.mlp.up_proj": 1634.6300048828125,
    "model.layers.1.mlp.down_proj": 1638.7386474609375,
    "model.layers.2.self_attn.q_proj": 1635.073486328125,
    "model.layers.2.self_attn.k_proj": 1635.0758056640625,
    "model.layers.2.self_attn.v_proj": 1634.630126953125,
    "model.layers.2.self_attn.o_proj": 1633.776611328125,
    "model.layers.2.mlp.gate_proj": 1635.5894775390625,
    "model.layers.2.mlp.up_proj": 1636.01025390625,
    "model.layers.2.mlp.down_proj": 1637.2906494140625,
    "model.layers.3.self_attn.q_proj": 1635.031005859375,
    "model.layers.3.self_attn.k_proj": 1634.9400634765625,
    "model.layers.3.self_attn.v_proj": 1655.8341064453125,
    "model.layers.3.self_attn.o_proj": 1633.65771484375,
    "model.layers.3.mlp.gate_proj": 1638.2523193359375,
    "model.layers.3.mlp.up_proj": 1633.43505859375,
    "model.layers.3.mlp.down_proj": 1630.7286376953125,
    "model.layers.4.self_attn.q_proj": 1635.5625,
    "model.layers.4.self_attn.k_proj": 1636.3778076171875,
    "model.layers.4.self_attn.v_proj": 1654.169921875,
    "model.layers.4.self_attn.o_proj": 1635.868896484375,
    "model.layers.4.mlp.gate_proj": 1635.7503662109375,
    "model.layers.4.mlp.up_proj": 1636.081787109375,
    "model.layers.4.mlp.down_proj": 1633.0909423828125,
    "model.layers.5.self_attn.q_proj": 1636.1226806640625,
    "model.layers.5.self_attn.k_proj": 1635.1287841796875,
    "model.layers.5.self_attn.v_proj": 1636.0240478515625,
    "model.layers.5.self_attn.o_proj": 1636.3472900390625,
    "model.layers.5.mlp.gate_proj": 1645.143310546875,
    "model.layers.5.mlp.up_proj": 1635.91552734375,
    "model.layers.5.mlp.down_proj": 1635.9990234375,
    "model.layers.6.self_attn.q_proj": 1634.135009765625,
    "model.layers.6.self_attn.k_proj": 1637.81005859375,
    "model.layers.6.self_attn.v_proj": 1659.6632080078125,
    "model.layers.6.self_attn.o_proj": 1634.0841064453125,
    "model.layers.6.mlp.gate_proj": 1635.9129638671875,
    "model.layers.6.mlp.up_proj": 1635.80126953125,
    "model.layers.6.mlp.down_proj": 1631.3109130859375,
    "model.layers.7.self_attn.q_proj": 1635.3839111328125,
    "model.layers.7.self_attn.k_proj": 1636.495849609375,
    "model.layers.7.self_attn.v_proj": 1636.2764892578125,
    "model.layers.7.self_attn.o_proj": 1634.552001953125,
    "model.layers.7.mlp.gate_proj": 1634.02685546875,
    "model.layers.7.mlp.up_proj": 1634.7113037109375,
    "model.layers.7.mlp.down_proj": 1633.540283203125,
    "model.layers.8.self_attn.q_proj": 1634.847412109375,
    "model.layers.8.self_attn.k_proj": 1636.876953125,
    "model.layers.8.self_attn.v_proj": 1652.6680908203125,
    "model.layers.8.self_attn.o_proj": 1633.8397216796875,
    "model.layers.8.mlp.gate_proj": 1635.439453125,
    "model.layers.8.mlp.up_proj": 1634.3734130859375,
    "model.layers.8.mlp.down_proj": 1635.1044921875,
    "model.layers.9.self_attn.q_proj": 1634.8729248046875,
    "model.layers.9.self_attn.k_proj": 1636.3712158203125,
    "model.layers.9.self_attn.v_proj": 1643.695556640625,
    "model.layers.9.self_attn.o_proj": 1632.1180419921875,
    "model.layers.9.mlp.gate_proj": 1634.7291259765625,
    "model.layers.9.mlp.up_proj": 1634.9119873046875,
    "model.layers.9.mlp.down_proj": 1637.2154541015625,
    "model.layers.10.self_attn.q_proj": 1634.078125,
    "model.layers.10.self_attn.k_proj": 1635.2109375,
    "model.layers.10.self_attn.v_proj": 1650.9169921875,
    "model.layers.10.self_attn.o_proj": 1635.6468505859375,
    "model.layers.10.mlp.gate_proj": 1635.9532470703125,
    "model.layers.10.mlp.up_proj": 1636.1065673828125,
    "model.layers.10.mlp.down_proj": 1632.735107421875,
    "model.layers.11.self_attn.q_proj": 1634.9844970703125,
    "model.layers.11.self_attn.k_proj": 1634.366943359375,
    "model.layers.11.self_attn.v_proj": 1646.2960205078125,
    "model.layers.11.self_attn.o_proj": 1632.1168212890625,
    "model.layers.11.mlp.gate_proj": 1632.515625,
    "model.layers.11.mlp.up_proj": 1634.6444091796875,
    "model.layers.11.mlp.down_proj": 1636.727294921875,
    "model.layers.12.self_attn.q_proj": 1637.15185546875,
    "model.layers.12.self_attn.k_proj": 1633.6787109375,
    "model.layers.12.self_attn.v_proj": 1641.652587890625,
    "model.layers.12.self_attn.o_proj": 1633.8917236328125,
    "model.layers.12.mlp.gate_proj": 1633.7861328125,
    "model.layers.12.mlp.up_proj": 1636.305419921875,
    "model.layers.12.mlp.down_proj": 1632.753662109375,
    "model.layers.13.self_attn.q_proj": 1634.7454833984375,
    "model.layers.13.self_attn.k_proj": 1634.8131103515625,
    "model.layers.13.self_attn.v_proj": 1646.434326171875,
    "model.layers.13.self_attn.o_proj": 1637.5377197265625,
    "model.layers.13.mlp.gate_proj": 1636.3743896484375,
    "model.layers.13.mlp.up_proj": 1638.3406982421875,
    "model.layers.13.mlp.down_proj": 1631.7174072265625,
    "model.layers.14.self_attn.q_proj": 1636.088623046875,
    "model.layers.14.self_attn.k_proj": 1634.7366943359375,
    "model.layers.14.self_attn.v_proj": 1636.169189453125,
    "model.layers.14.self_attn.o_proj": 1635.357666015625,
    "model.layers.14.mlp.gate_proj": 1634.6488037109375,
    "model.layers.14.mlp.up_proj": 1635.818359375,
    "model.layers.14.mlp.down_proj": 1633.6563720703125,
    "model.layers.15.self_attn.q_proj": 1636.7752685546875,
    "model.layers.15.self_attn.k_proj": 1635.19091796875,
    "model.layers.15.self_attn.v_proj": 1654.59326171875,
    "model.layers.15.self_attn.o_proj": 1633.8516845703125,
    "model.layers.15.mlp.gate_proj": 1632.4097900390625,
    "model.layers.15.mlp.up_proj": 1634.0616455078125,
    "model.layers.15.mlp.down_proj": 1636.6697998046875,
    "model.layers.16.self_attn.q_proj": 1633.46044921875,
    "model.layers.16.self_attn.k_proj": 1633.3851318359375,
    "model.layers.16.self_attn.v_proj": 1637.367919921875,
    "model.layers.16.self_attn.o_proj": 1636.068115234375,
    "model.layers.16.mlp.gate_proj": 1634.7083740234375,
    "model.layers.16.mlp.up_proj": 1634.57568359375,
    "model.layers.16.mlp.down_proj": 1637.26416015625,
    "model.layers.17.self_attn.q_proj": 1636.37548828125,
    "model.layers.17.self_attn.k_proj": 1632.46240234375,
    "model.layers.17.self_attn.v_proj": 1652.078369140625,
    "model.layers.17.self_attn.o_proj": 1631.2586669921875,
    "model.layers.17.mlp.gate_proj": 1636.217529296875,
    "model.layers.17.mlp.up_proj": 1636.036376953125,
    "model.layers.17.mlp.down_proj": 1634.6900634765625,
    "model.layers.18.self_attn.q_proj": 1634.82958984375,
    "model.layers.18.self_attn.k_proj": 1634.9019775390625,
    "model.layers.18.self_attn.v_proj": 1641.722900390625,
    "model.layers.18.self_attn.o_proj": 1632.0008544921875,
    "model.layers.18.mlp.gate_proj": 1634.8992919921875,
    "model.layers.18.mlp.up_proj": 1635.2772216796875,
    "model.layers.18.mlp.down_proj": 1632.3309326171875,
    "model.layers.19.self_attn.q_proj": 1633.826416015625,
    "model.layers.19.self_attn.k_proj": 1634.6829833984375,
    "model.layers.19.self_attn.v_proj": 1639.4932861328125,
    "model.layers.19.self_attn.o_proj": 1633.7435302734375,
    "model.layers.19.mlp.gate_proj": 1634.5926513671875,
    "model.layers.19.mlp.up_proj": 1635.6641845703125,
    "model.layers.19.mlp.down_proj": 1637.1893310546875,