{
    "model.layers.0.self_attn.q_proj": 1635.5390625,
    "model.layers.0.self_attn.k_proj": 1635.5390625,
    "model.layers.0.self_attn.v_proj": 1635.5390625,
    "model.layers.0.self_attn.o_proj": 1635.878173828125,
    "model.layers.0.mlp.gate_proj": 1635.5599365234375,
    "model.layers.0.mlp.up_proj": 1635.50732421875,
    "model.layers.0.mlp.down_proj": 1633.8231201171875,
    "model.layers.1.self_attn.q_proj": 1635.4010009765625,
    "model.layers.1.self_attn.k_proj": 1635.3662109375,
    "model.layers.1.self_attn.v_proj": 1635.7611083984375,
    "model.layers.1.self_attn.o_proj": 1636.7666015625,
    "model.layers.1.mlp.gate_proj": 1637.6383056640625,
    "model.layers.1.mlp.up_proj": 1633.8199462890625,
    "model.layers.1.mlp.down_proj": 1636.929443359375,
    "model.layers.2.self_attn.q_proj": 1635.126953125,
    "model.layers.2.self_attn.k_proj": 1635.494140625,
    "model.layers.2.self_attn.v_proj": 1638.8458251953125,
    "model.layers.2.self_attn.o_proj": 1634.53125,
    "model.layers.2.mlp.gate_proj": 1638.138916015625,
    "model.layers.2.mlp.up_proj": 1635.5321044921875,
    "model.layers.2.mlp.down_proj": 1624.7548828125,
    "model.layers.3.self_attn.q_proj": 1636.62158203125,
    "model.layers.3.self_attn.k_proj": 1645.136962890625,
    "model.layers.3.self_attn.v_proj": 1737.919677734375,
    "model.layers.3.self_attn.o_proj": 1631.176513671875,
    "model.layers.3.mlp.gate_proj": 1634.278564453125,
    "model.layers.3.mlp.up_proj": 1627.5174560546875,
    "model.layers.3.mlp.down_proj": 1614.64892578125,
    "model.layers.4.self_attn.q_proj": 1633.56103515625,
    "model.layers.4.self_attn.k_proj": 1639.2779541015625,
    "model.layers.4.self_attn.v_proj": 1709.602294921875,
    "model.layers.4.self_attn.o_proj": 1626.4681396484375,
    "model.layers.4.mlp.gate_proj": 1640.2188720703125,
    "model.layers.4.mlp.up_proj": 1631.9254150390625,
    "model.layers.4.mlp.down_proj": 1634.015380859375,
    "model.layers.5.self_attn.q_proj": 1636.8336181640625,
    "model.layers.5.self_attn.k_proj": 1642.306884765625,
    "model.layers.5.self_attn.v_proj": 1682.4193115234375,
    "model.layers.5.self_attn.o_proj": 1632.0557861328125,
    "model.layers.5.mlp.gate_proj": 1644.343994140625,
    "model.layers.5.mlp.up_proj": 1644.6024169921875,
    "model.layers.5.mlp.down_proj": 1625.7301025390625,
    "model.layers.6.self_attn.q_proj": 1633.0001220703125,
    "model.layers.6.self_attn.k_proj": 1652.680419921875,
    "model.layers.6.self_attn.v_proj": 1738.8245849609375,
    "model.layers.6.self_attn.o_proj": 1618.5865478515625,
    "model.layers.6.mlp.gate_proj": 1639.5579833984375,
    "model.layers.6.mlp.up_proj": 1648.266357421875,
    "model.layers.6.mlp.down_proj": 1617.2767333984375,
    "model.layers.7.self_attn.q_proj": 1635.472412109375,
    "model.layers.7.self_attn.k_proj": 1637.5498046875,
    "model.layers.7.self_attn.v_proj": 1669.1475830078125,
    "model.layers.7.self_attn.o_proj": 1627.0087890625,
    "model.layers.7.mlp.gate_proj": 1635.4827880859375,
    "model.layers.7.mlp.up_proj": 1633.931884765625,
    "model.layers.7.mlp.down_proj": 1624.8134765625,
    "model.layers.8.self_attn.q_proj": 1638.35546875,
    "model.layers.8.self_attn.k_proj": 1637.7789306640625,
    "model.layers.8.self_attn.v_proj": 1692.0284423828125,
    "model.layers.8.self_attn.o_proj": 1624.9176025390625,
    "model.layers.8.mlp.gate_proj": 1633.4718017578125,
    "model.layers.8.mlp.up_proj": 1644.1553955078125,
    "model.layers.8.mlp.down_proj": 1642.599853515625,
    "model.layers.9.self_attn.q_proj": 1641.1986083984375,
    "model.layers.9.self_attn.k_proj": 1644.3194580078125,
    "model.layers.9.self_attn.v_proj": 1714.1767578125,
    "model.layers.9.self_attn.o_proj": 1627.7318115234375,
    "model.layers.9.mlp.gate_proj": 1638.1890869140625,
    "model.layers.9.mlp.up_proj": 1629.4185791015625,
    "model.layers.9.mlp.down_proj": 1637.593994140625,
    "model.layers.10.self_attn.q_proj": 1645.1546630859375,
    "model.layers.10.self_attn.k_proj": 1633.84912109375,
    "model.layers.10.self_attn.v_proj": 1719.11474609375,
    "model.layers.10.self_attn.o_proj": 1640.8092041015625,
    "model.layers.10.mlp.gate_proj": 1624.8214111328125,
    "model.layers.10.mlp.up_proj": 1643.906005859375,
    "model.layers.10.mlp.down_proj": 1629.0374755859375,
    "model.layers.11.self_attn.q_proj": 1628.605712890625,
    "model.layers.11.self_attn.k_proj": 1639.1307373046875,
    "model.layers.11.self_attn.v_proj": 1707.2236328125,
    "model.layers.11.self_attn.o_proj": 1620.4215087890625,
    "model.layers.11.mlp.gate_proj": 1629.536865234375,
    "model.layers.11.mlp.up_proj": 1638.08154296875,
    "model.layers.11.mlp.down_proj": 1646.82568359375,
    "model.layers.12.self_attn.q_proj": 1642.8311767578125,
    "model.layers.12.self_attn.k_proj": 1621.7108154296875,
    "model.layers.12.self_attn.v_proj": 1735.0657958984375,
    "model.layers.12.self_attn.o_proj": 1625.217529296875,
    "model.layers.12.mlp.gate_proj": 1632.0640869140625,
    "model.layers.12.mlp.up_proj": 1640.6463623046875,
    "model.layers.12.mlp.down_proj": 1634.528564453125,
    "model.layers.13.self_attn.q_proj": 1626.8057861328125,
    "model.layers.13.self_attn.k_proj": 1628.0311279296875,
    "model.layers.13.self_attn.v_proj": 1710.13818359375,
    "model.layers.13.self_attn.o_proj": 1639.1412353515625,
    "model.layers.13.mlp.gate_proj": 1637.691650390625,
    "model.layers.13.mlp.up_proj": 1649.8350830078125,
    "model.layers.13.mlp.down_proj": 1612.4644775390625,
    "model.layers.14.self_attn.q_proj": 1635.7955322265625,
    "model.layers.14.self_attn.k_proj": 1628.093994140625,
    "model.layers.14.self_attn.v_proj": 1693.1419677734375,
    "model.layers.14.self_attn.o_proj": 1638.4471435546875,
    "model.layers.14.mlp.gate_proj": 1632.7823486328125,
    "model.layers.14.mlp.up_proj": 1628.5206298828125,
    "model.layers.14.mlp.down_proj": 1629.498046875,
    "model.layers.15.self_attn.q_proj": 1635.8209228515625,
    "model.layers.15.self_attn.k_proj": 1623.0460205078125,
    "model.layers.15.self_attn.v_proj": 1719.3489990234375,
    "model.layers.15.self_attn.o_proj": 1632.032470703125,
    "model.layers.15.mlp.gate_proj": 1630.561767578125,
    "model.layers.15.mlp.up_proj": 1626.2738037109375,
    "model.layers.15.mlp.down_proj": 1632.65283203125,
    "model.layers.16.self_attn.q_proj": 1633.9510498046875,
    "model.layers.16.self_attn.k_proj": 1636.723876953125,
    "model.layers.16.self_attn.v_proj": 1715.647216796875,
    "model.layers.16.self_attn.o_proj": 1635.4859619140625,
    "model.layers.16.mlp.gate_proj": 1638.8857421875,
    "model.layers.16.mlp.up_proj": 1624.5247802734375,
    "model.layers.16.mlp.down_proj": 1626.8463134765625,
    "model.layers.17.self_attn.q_proj": 1637.5509033203125,
    "model.layers.17.self_attn.k_proj": 1625.06201171875,
    "model.layers.17.self_attn.v_proj": 1715.6444091796875,
    "model.layers.17.self_attn.o_proj": 1617.968994140625,
    "model.layers.17.mlp.gate_proj": 1644.175537109375,
    "model.layers.17.mlp.up_proj": 1625.845947265625,
    "model.layers.17.mlp.down_proj": 1634.810546875,
    "model.layers.18.self_attn.q_proj": 1637.4429931640625,
    "model.layers.18.self_attn.k_proj": 1633.8155517578125,
    "model.layers.18.self_attn.v_proj": 1713.897216796875,
    "model.layers.18.self_attn.o_proj": 1595.166015625,
    "model.layers.18.mlp.gate_proj": 1635.4619140625,
    "model.layers.18.mlp.up_proj": 1628.1402587890625,
    "model.layers.18.mlp.down_proj": 1616.2679443359375,
    "model.layers.19.self_attn.q_proj": 1628.310546875,
    "model.layers.19.self_attn.k_proj": 1623.62890625,
    "model.layers.19.self_attn.v_proj": 1685.82421875,
    "model.layers.19.self_attn.o_proj": 1620.429443359375,
    "model.layers.19.mlp.gate_proj": 1627.80859375,
    "model.layers.19.mlp.up_proj": 1631.37109375,
    "model.layers.19.mlp.down_proj": 1642.7291259765625,