{
    "model.layers.0.self_attn.q_proj": 1637.3131103515625,
    "model.layers.0.self_attn.k_proj": 1637.3131103515625,
    "model.layers.0.self_attn.v_proj": 1637.3131103515625,
    "model.layers.0.self_attn.o_proj": 1637.921875,
    "model.layers.0.mlp.gate_proj": 1637.3477783203125,
    "model.layers.0.mlp.up_proj": 1637.266845703125,
    "model.layers.0.mlp.down_proj": 1635.72119140625,
    "model.layers.1.self_attn.q_proj": 1637.2923583984375,
    "model.layers.1.self_attn.k_proj": 1637.1845703125,
    "model.layers.1.self_attn.v_proj": 1638.0902099609375,
    "model.layers.1.self_attn.o_proj": 1636.6182861328125,
    "model.layers.1.mlp.gate_proj": 1638.7052001953125,
    "model.layers.1.mlp.up_proj": 1635.798095703125,
    "model.layers.1.mlp.down_proj": 1643.8065185546875,
    "model.layers.2.self_attn.q_proj": 1637.234375,
    "model.layers.2.self_attn.k_proj": 1637.0986328125,
    "model.layers.2.self_attn.v_proj": 1637.8897705078125,
    "model.layers.2.self_attn.o_proj": 1635.4342041015625,
    "model.layers.2.mlp.gate_proj": 1640.8184814453125,
    "model.layers.2.mlp.up_proj": 1639.7191162109375,
    "model.layers.2.mlp.down_proj": 1635.4742431640625,
    "model.layers.3.self_attn.q_proj": 1638.7337646484375,
    "model.layers.3.self_attn.k_proj": 1640.840087890625,
    "model.layers.3.self_attn.v_proj": 1686.6375732421875,
    "model.layers.3.self_attn.o_proj": 1629.4747314453125,
    "model.layers.3.mlp.gate_proj": 1641.9661865234375,
    "model.layers.3.mlp.up_proj": 1631.7626953125,
    "model.layers.3.mlp.down_proj": 1623.178466796875,
    "model.layers.4.self_attn.q_proj": 1639.0982666015625,
    "model.layers.4.self_attn.k_proj": 1638.63671875,
    "model.layers.4.self_attn.v_proj": 1688.5787353515625,
    "model.layers.4.self_attn.o_proj": 1639.767822265625,
    "model.layers.4.mlp.gate_proj": 1637.9185791015625,
    "model.layers.4.mlp.up_proj": 1636.447021484375,
    "model.layers.4.mlp.down_proj": 1633.2353515625,
    "model.layers.5.self_attn.q_proj": 1639.803466796875,
    "model.layers.5.self_attn.k_proj": 1639.3546142578125,
    "model.layers.5.self_attn.v_proj": 1653.546630859375,
    "model.layers.5.self_attn.o_proj": 1634.9598388671875,
    "model.layers.5.mlp.gate_proj": 1654.7706298828125,
    "model.layers.5.mlp.up_proj": 1643.7392578125,
    "model.layers.5.mlp.down_proj": 1626.601318359375,
    "model.layers.6.self_attn.q_proj": 1633.3878173828125,
    "model.layers.6.self_attn.k_proj": 1646.735107421875,
    "model.layers.6.self_attn.v_proj": 1698.23828125,
    "model.layers.6.self_attn.o_proj": 1630.445068359375,
    "model.layers.6.mlp.gate_proj": 1640.0518798828125,
    "model.layers.6.mlp.up_proj": 1637.9534912109375,
    "model.layers.6.mlp.down_proj": 1622.7900390625,
    "model.layers.7.self_attn.q_proj": 1635.9027099609375,
    "model.layers.7.self_attn.k_proj": 1643.00439453125,
    "model.layers.7.self_attn.v_proj": 1648.2030029296875,
    "model.layers.7.self_attn.o_proj": 1629.7425537109375,
    "model.layers.7.mlp.gate_proj": 1635.7354736328125,
    "model.layers.7.mlp.up_proj": 1632.5316162109375,
    "model.layers.7.mlp.down_proj": 1625.9578857421875,
    "model.layers.8.self_attn.q_proj": 1637.9061279296875,
    "model.layers.8.self_attn.k_proj": 1643.860595703125,
    "model.layers.8.self_attn.v_proj": 1664.4185791015625,
    "model.layers.8.self_attn.o_proj": 1630.835205078125,
    "model.layers.8.mlp.gate_proj": 1636.5870361328125,
    "model.layers.8.mlp.up_proj": 1638.651611328125,
    "model.layers.8.mlp.down_proj": 1640.6348876953125,
    "model.layers.9.self_attn.q_proj": 1640.2650146484375,
    "model.layers.9.self_attn.k_proj": 1644.6158447265625,
    "model.layers.9.self_attn.v_proj": 1678.7728271484375,
    "model.layers.9.self_attn.o_proj": 1629.6624755859375,
    "model.layers.9.mlp.gate_proj": 1636.6248779296875,
    "model.layers.9.mlp.up_proj": 1637.1572265625,
    "model.layers.9.mlp.down_proj": 1641.841796875,
    "model.layers.10.self_attn.q_proj": 1638.357666015625,
    "model.layers.10.self_attn.k_proj": 1637.3172607421875,
    "model.layers.10.self_attn.v_proj": 1683.4439697265625,
    "model.layers.10.self_attn.o_proj": 1643.493408203125,
    "model.layers.10.mlp.gate_proj": 1631.398193359375,
    "model.layers.10.mlp.up_proj": 1648.041259765625,
    "model.layers.10.mlp.down_proj": 1632.9371337890625,
    "model.layers.11.self_attn.q_proj": 1633.7489013671875,
    "model.layers.11.self_attn.k_proj": 1638.421142578125,
    "model.layers.11.self_attn.v_proj": 1674.7958984375,
    "model.layers.11.self_attn.o_proj": 1626.24072265625,
    "model.layers.11.mlp.gate_proj": 1632.5892333984375,
    "model.layers.11.mlp.up_proj": 1636.84375,
    "model.layers.11.mlp.down_proj": 1643.642333984375,
    "model.layers.12.self_attn.q_proj": 1640.7344970703125,
    "model.layers.12.self_attn.k_proj": 1627.107666015625,
    "model.layers.12.self_attn.v_proj": 1684.4088134765625,
    "model.layers.12.self_attn.o_proj": 1628.5960693359375,
    "model.layers.12.mlp.gate_proj": 1632.7200927734375,
    "model.layers.12.mlp.up_proj": 1642.4725341796875,
    "model.layers.12.mlp.down_proj": 1629.2255859375,
    "model.layers.13.self_attn.q_proj": 1629.7740478515625,
    "model.layers.13.self_attn.k_proj": 1631.599853515625,
    "model.layers.13.self_attn.v_proj": 1667.3895263671875,
    "model.layers.13.self_attn.o_proj": 1642.4549560546875,
    "model.layers.13.mlp.gate_proj": 1640.9232177734375,
    "model.layers.13.mlp.up_proj": 1648.1676025390625,
    "model.layers.13.mlp.down_proj": 1628.2440185546875,
    "model.layers.14.self_attn.q_proj": 1640.0928955078125,
    "model.layers.14.self_attn.k_proj": 1630.656982421875,
    "model.layers.14.self_attn.v_proj": 1662.3487548828125,
    "model.layers.14.self_attn.o_proj": 1637.7705078125,
    "model.layers.14.mlp.gate_proj": 1636.09033203125,
    "model.layers.14.mlp.up_proj": 1636.7459716796875,
    "model.layers.14.mlp.down_proj": 1633.7081298828125,
    "model.layers.15.self_attn.q_proj": 1639.509521484375,
    "model.layers.15.self_attn.k_proj": 1628.400634765625,
    "model.layers.15.self_attn.v_proj": 1682.0333251953125,
    "model.layers.15.self_attn.o_proj": 1634.8548583984375,
    "model.layers.15.mlp.gate_proj": 1631.1517333984375,
    "model.layers.15.mlp.up_proj": 1627.7879638671875,
    "model.layers.15.mlp.down_proj": 1636.71484375,
    "model.layers.16.self_attn.q_proj": 1634.609375,
    "model.layers.16.self_attn.k_proj": 1635.8848876953125,
    "model.layers.16.self_attn.v_proj": 1665.2200927734375,
    "model.layers.16.self_attn.o_proj": 1638.565185546875,
    "model.layers.16.mlp.gate_proj": 1634.4251708984375,
    "model.layers.16.mlp.up_proj": 1636.918212890625,
    "model.layers.16.mlp.down_proj": 1633.224609375,
    "model.layers.17.self_attn.q_proj": 1639.694091796875,
    "model.layers.17.self_attn.k_proj": 1627.9373779296875,
    "model.layers.17.self_attn.v_proj": 1691.5430908203125,
    "model.layers.17.self_attn.o_proj": 1623.8192138671875,
    "model.layers.17.mlp.gate_proj": 1646.901123046875,
    "model.layers.17.mlp.up_proj": 1630.2974853515625,
    "model.layers.17.mlp.down_proj": 1633.872802734375,
    "model.layers.18.self_attn.q_proj": 1636.123046875,
    "model.layers.18.self_attn.k_proj": 1638.5670166015625,
    "model.layers.18.self_attn.v_proj": 1673.330078125,
    "model.layers.18.self_attn.o_proj": 1609.520751953125,
    "model.layers.18.mlp.gate_proj": 1636.4368896484375,
    "model.layers.18.mlp.up_proj": 1633.51318359375,
    "model.layers.18.mlp.down_proj": 1633.0609130859375,
    "model.layers.19.self_attn.q_proj": 1633.465087890625,
    "model.layers.19.self_attn.k_proj": 1631.37548828125,
    "model.layers.19.self_attn.v_proj": 1669.1507568359375,
    "model.layers.19.self_attn.o_proj": 1630.4581298828125,
    "model.layers.19.mlp.gate_proj": 1632.0467529296875,
    "model.layers.19.mlp.up_proj": 1640.568115234375,
    "model.layers.19.mlp.down_proj": 1645.2347412109375,