{
    "model.layers.0.self_attn.q_proj": 1635.3780517578125,
    "model.layers.0.self_attn.k_proj": 1635.3780517578125,
    "model.layers.0.self_attn.v_proj": 1635.3780517578125,
    "model.layers.0.self_attn.o_proj": 1635.7803955078125,
    "model.layers.0.mlp.gate_proj": 1635.3961181640625,
    "model.layers.0.mlp.up_proj": 1635.3409423828125,
    "model.layers.0.mlp.down_proj": 1633.743896484375,
    "model.layers.1.self_attn.q_proj": 1635.2252197265625,
    "model.layers.1.self_attn.k_proj": 1635.19482421875,
    "model.layers.1.self_attn.v_proj": 1635.453857421875,
    "model.layers.1.self_attn.o_proj": 1637.2945556640625,
    "model.layers.1.mlp.gate_proj": 1637.427001953125,
    "model.layers.1.mlp.up_proj": 1633.8077392578125,
    "model.layers.1.mlp.down_proj": 1638.260986328125,
    "model.layers.2.self_attn.q_proj": 1634.8232421875,
    "model.layers.2.self_attn.k_proj": 1635.297119140625,
    "model.layers.2.self_attn.v_proj": 1639.0596923828125,
    "model.layers.2.self_attn.o_proj": 1634.0045166015625,
    "model.layers.2.mlp.gate_proj": 1637.291015625,
    "model.layers.2.mlp.up_proj": 1634.9244384765625,
    "model.layers.2.mlp.down_proj": 1625.192138671875,
    "model.layers.3.self_attn.q_proj": 1636.8631591796875,
    "model.layers.3.self_attn.k_proj": 1646.0770263671875,
    "model.layers.3.self_attn.v_proj": 1750.5260009765625,
    "model.layers.3.self_attn.o_proj": 1632.4046630859375,
    "model.layers.3.mlp.gate_proj": 1632.01611328125,
    "model.layers.3.mlp.up_proj": 1626.5096435546875,
    "model.layers.3.mlp.down_proj": 1614.166748046875,
    "model.layers.4.self_attn.q_proj": 1632.769775390625,
    "model.layers.4.self_attn.k_proj": 1639.0228271484375,
    "model.layers.4.self_attn.v_proj": 1711.0765380859375,
    "model.layers.4.self_attn.o_proj": 1624.1905517578125,
    "model.layers.4.mlp.gate_proj": 1638.994140625,
    "model.layers.4.mlp.up_proj": 1630.6646728515625,
    "model.layers.4.mlp.down_proj": 1636.5357666015625,
    "model.layers.5.self_attn.q_proj": 1638.3065185546875,
    "model.layers.5.self_attn.k_proj": 1643.7054443359375,
    "model.layers.5.self_attn.v_proj": 1689.128662109375,
    "model.layers.5.self_attn.o_proj": 1632.170166015625,
    "model.layers.5.mlp.gate_proj": 1643.5831298828125,
    "model.layers.5.mlp.up_proj": 1645.44091796875,
    "model.layers.5.mlp.down_proj": 1625.7176513671875,
    "model.layers.6.self_attn.q_proj": 1634.41796875,
    "model.layers.6.self_attn.k_proj": 1652.897705078125,
    "model.layers.6.self_attn.v_proj": 1748.9041748046875,
    "model.layers.6.self_attn.o_proj": 1617.625732421875,
    "model.layers.6.mlp.gate_proj": 1638.6898193359375,
    "model.layers.6.mlp.up_proj": 1649.5338134765625,
    "model.layers.6.mlp.down_proj": 1615.764404296875,
    "model.layers.7.self_attn.q_proj": 1633.1114501953125,
    "model.layers.7.self_attn.k_proj": 1637.2762451171875,
    "model.layers.7.self_attn.v_proj": 1674.2279052734375,
    "model.layers.7.self_attn.o_proj": 1626.8388671875,
    "model.layers.7.mlp.gate_proj": 1636.36279296875,
    "model.layers.7.mlp.up_proj": 1635.34375,
    "model.layers.7.mlp.down_proj": 1623.806396484375,
    "model.layers.8.self_attn.q_proj": 1637.595703125,
    "model.layers.8.self_attn.k_proj": 1638.049560546875,
    "model.layers.8.self_attn.v_proj": 1696.92529296875,
    "model.layers.8.self_attn.o_proj": 1623.9927978515625,
    "model.layers.8.mlp.gate_proj": 1632.622802734375,
    "model.layers.8.mlp.up_proj": 1644.94921875,
    "model.layers.8.mlp.down_proj": 1644.84033203125,
    "model.layers.9.self_attn.q_proj": 1640.5355224609375,
    "model.layers.9.self_attn.k_proj": 1644.29541015625,
    "model.layers.9.self_attn.v_proj": 1719.0201416015625,
    "model.layers.9.self_attn.o_proj": 1627.6602783203125,
    "model.layers.9.mlp.gate_proj": 1638.299560546875,
    "model.layers.9.mlp.up_proj": 1628.67236328125,
    "model.layers.9.mlp.down_proj": 1637.4017333984375,
    "model.layers.10.self_attn.q_proj": 1646.3709716796875,
    "model.layers.10.self_attn.k_proj": 1632.2943115234375,
    "model.layers.10.self_attn.v_proj": 1728.6396484375,
    "model.layers.10.self_attn.o_proj": 1640.470703125,
    "model.layers.10.mlp.gate_proj": 1624.4954833984375,
    "model.layers.10.mlp.up_proj": 1642.70703125,
    "model.layers.10.mlp.down_proj": 1630.4664306640625,
    "model.layers.11.self_attn.q_proj": 1628.0615234375,
    "model.layers.11.self_attn.k_proj": 1638.651123046875,
    "model.layers.11.self_attn.v_proj": 1714.49951171875,
    "model.layers.11.self_attn.o_proj": 1620.0936279296875,
    "model.layers.11.mlp.gate_proj": 1628.9786376953125,
    "model.layers.11.mlp.up_proj": 1636.3154296875,
    "model.layers.11.mlp.down_proj": 1647.832275390625,
    "model.layers.12.self_attn.q_proj": 1642.84033203125,
    "model.layers.12.self_attn.k_proj": 1621.113525390625,
    "model.layers.12.self_attn.v_proj": 1748.0003662109375,
    "model.layers.12.self_attn.o_proj": 1625.025634765625,
    "model.layers.12.mlp.gate_proj": 1632.386474609375,
    "model.layers.12.mlp.up_proj": 1641.1282958984375,
    "model.layers.12.mlp.down_proj": 1637.949462890625,
    "model.layers.13.self_attn.q_proj": 1626.737548828125,
    "model.layers.13.self_attn.k_proj": 1627.6767578125,
    "model.layers.13.self_attn.v_proj": 1718.6776123046875,
    "model.layers.13.self_attn.o_proj": 1637.4371337890625,
    "model.layers.13.mlp.gate_proj": 1636.65234375,
    "model.layers.13.mlp.up_proj": 1649.7237548828125,
    "model.layers.13.mlp.down_proj": 1611.647705078125,
    "model.layers.14.self_attn.q_proj": 1635.6812744140625,
    "model.layers.14.self_attn.k_proj": 1628.867431640625,
    "model.layers.14.self_attn.v_proj": 1699.75244140625,
    "model.layers.14.self_attn.o_proj": 1639.1221923828125,
    "model.layers.14.mlp.gate_proj": 1631.884521484375,
    "model.layers.14.mlp.up_proj": 1628.0731201171875,
    "model.layers.14.mlp.down_proj": 1628.5377197265625,
    "model.layers.15.self_attn.q_proj": 1634.1690673828125,
    "model.layers.15.self_attn.k_proj": 1624.0228271484375,
    "model.layers.15.self_attn.v_proj": 1726.453369140625,
    "model.layers.15.self_attn.o_proj": 1630.7950439453125,
    "model.layers.15.mlp.gate_proj": 1631.1787109375,
    "model.layers.15.mlp.up_proj": 1626.048828125,
    "model.layers.15.mlp.down_proj": 1631.876708984375,
    "model.layers.16.self_attn.q_proj": 1633.535400390625,
    "model.layers.16.self_attn.k_proj": 1636.639892578125,
    "model.layers.16.self_attn.v_proj": 1728.1971435546875,
    "model.layers.16.self_attn.o_proj": 1634.913330078125,
    "model.layers.16.mlp.gate_proj": 1638.7308349609375,
    "model.layers.16.mlp.up_proj": 1622.7783203125,
    "model.layers.16.mlp.down_proj": 1626.8408203125,
    "model.layers.17.self_attn.q_proj": 1637.5087890625,
    "model.layers.17.self_attn.k_proj": 1624.222900390625,
    "model.layers.17.self_attn.v_proj": 1718.1705322265625,
    "model.layers.17.self_attn.o_proj": 1616.5721435546875,
    "model.layers.17.mlp.gate_proj": 1643.4246826171875,
    "model.layers.17.mlp.up_proj": 1625.1824951171875,
    "model.layers.17.mlp.down_proj": 1637.5196533203125,
    "model.layers.18.self_attn.q_proj": 1637.9083251953125,
    "model.layers.18.self_attn.k_proj": 1632.7520751953125,
    "model.layers.18.self_attn.v_proj": 1723.29931640625,
    "model.layers.18.self_attn.o_proj": 1592.6181640625,
    "model.layers.18.mlp.gate_proj": 1634.6446533203125,
    "model.layers.18.mlp.up_proj": 1628.8590087890625,
    "model.layers.18.mlp.down_proj": 1614.0234375,
    "model.layers.19.self_attn.q_proj": 1627.9727783203125,
    "model.layers.19.self_attn.k_proj": 1623.0450439453125,
    "model.layers.19.self_attn.v_proj": 1692.3282470703125,
    "model.layers.19.self_attn.o_proj": 1619.0936279296875,
    "model.layers.19.mlp.gate_proj": 1627.159423828125,
    "model.layers.19.mlp.up_proj": 1630.0369873046875,
    "model.layers.19.mlp.down_proj": 1642.0311279296875,