{
    "model.layers.0.self_attn.q_proj": 1636.406982421875,
    "model.layers.0.self_attn.k_proj": 1636.406982421875,
    "model.layers.0.self_attn.v_proj": 1636.406982421875,
    "model.layers.0.self_attn.o_proj": 1637.0087890625,
    "model.layers.0.mlp.gate_proj": 1636.433349609375,
    "model.layers.0.mlp.up_proj": 1636.363525390625,
    "model.layers.0.mlp.down_proj": 1634.700927734375,
    "model.layers.1.self_attn.q_proj": 1636.328369140625,
    "model.layers.1.self_attn.k_proj": 1636.264404296875,
    "model.layers.1.self_attn.v_proj": 1637.028076171875,
    "model.layers.1.self_attn.o_proj": 1636.5438232421875,
    "model.layers.1.mlp.gate_proj": 1638.1300048828125,
    "model.layers.1.mlp.up_proj": 1634.8153076171875,
    "model.layers.1.mlp.down_proj": 1643.0048828125,
    "model.layers.2.self_attn.q_proj": 1636.17138671875,
    "model.layers.2.self_attn.k_proj": 1636.173828125,
    "model.layers.2.self_attn.v_proj": 1637.677734375,
    "model.layers.2.self_attn.o_proj": 1634.111572265625,
    "model.layers.2.mlp.gate_proj": 1640.073974609375,
    "model.layers.2.mlp.up_proj": 1638.8941650390625,
    "model.layers.2.mlp.down_proj": 1634.85107421875,
    "model.layers.3.self_attn.q_proj": 1637.9339599609375,
    "model.layers.3.self_attn.k_proj": 1640.913330078125,
    "model.layers.3.self_attn.v_proj": 1690.127685546875,
    "model.layers.3.self_attn.o_proj": 1625.864501953125,
    "model.layers.3.mlp.gate_proj": 1639.954345703125,
    "model.layers.3.mlp.up_proj": 1630.4056396484375,
    "model.layers.3.mlp.down_proj": 1621.422607421875,
    "model.layers.4.self_attn.q_proj": 1637.383544921875,
    "model.layers.4.self_attn.k_proj": 1637.35400390625,
    "model.layers.4.self_attn.v_proj": 1692.956787109375,
    "model.layers.4.self_attn.o_proj": 1638.9586181640625,
    "model.layers.4.mlp.gate_proj": 1638.792236328125,
    "model.layers.4.mlp.up_proj": 1633.301513671875,
    "model.layers.4.mlp.down_proj": 1631.9818115234375,
    "model.layers.5.self_attn.q_proj": 1637.5772705078125,
    "model.layers.5.self_attn.k_proj": 1639.1505126953125,
    "model.layers.5.self_attn.v_proj": 1657.1917724609375,
    "model.layers.5.self_attn.o_proj": 1635.0250244140625,
    "model.layers.5.mlp.gate_proj": 1652.8355712890625,
    "model.layers.5.mlp.up_proj": 1643.5350341796875,
    "model.layers.5.mlp.down_proj": 1626.87353515625,
    "model.layers.6.self_attn.q_proj": 1632.542724609375,
    "model.layers.6.self_attn.k_proj": 1648.175048828125,
    "model.layers.6.self_attn.v_proj": 1708.43212890625,
    "model.layers.6.self_attn.o_proj": 1629.2415771484375,
    "model.layers.6.mlp.gate_proj": 1638.4610595703125,
    "model.layers.6.mlp.up_proj": 1638.109619140625,
    "model.layers.6.mlp.down_proj": 1619.4520263671875,
    "model.layers.7.self_attn.q_proj": 1634.540771484375,
    "model.layers.7.self_attn.k_proj": 1641.0269775390625,
    "model.layers.7.self_attn.v_proj": 1649.2799072265625,
    "model.layers.7.self_attn.o_proj": 1628.19287109375,
    "model.layers.7.mlp.gate_proj": 1635.2840576171875,
    "model.layers.7.mlp.up_proj": 1632.7452392578125,
    "model.layers.7.mlp.down_proj": 1625.6397705078125,
    "model.layers.8.self_attn.q_proj": 1637.8087158203125,
    "model.layers.8.self_attn.k_proj": 1642.81689453125,
    "model.layers.8.self_attn.v_proj": 1667.5450439453125,
    "model.layers.8.self_attn.o_proj": 1629.359619140625,
    "model.layers.8.mlp.gate_proj": 1635.5562744140625,
    "model.layers.8.mlp.up_proj": 1637.3360595703125,
    "model.layers.8.mlp.down_proj": 1640.56982421875,
    "model.layers.9.self_attn.q_proj": 1640.2916259765625,
    "model.layers.9.self_attn.k_proj": 1644.12451171875,
    "model.layers.9.self_attn.v_proj": 1685.3350830078125,
    "model.layers.9.self_attn.o_proj": 1628.560302734375,
    "model.layers.9.mlp.gate_proj": 1635.9583740234375,
    "model.layers.9.mlp.up_proj": 1634.87109375,
    "model.layers.9.mlp.down_proj": 1639.848876953125,
    "model.layers.10.self_attn.q_proj": 1639.370849609375,
    "model.layers.10.self_attn.k_proj": 1635.9036865234375,
    "model.layers.10.self_attn.v_proj": 1689.8118896484375,
    "model.layers.10.self_attn.o_proj": 1644.0277099609375,
    "model.layers.10.mlp.gate_proj": 1628.51708984375,
    "model.layers.10.mlp.up_proj": 1650.083740234375,
    "model.layers.10.mlp.down_proj": 1631.68505859375,
    "model.layers.11.self_attn.q_proj": 1632.1339111328125,
    "model.layers.11.self_attn.k_proj": 1638.5391845703125,
    "model.layers.11.self_attn.v_proj": 1677.94873046875,
    "model.layers.11.self_attn.o_proj": 1624.569580078125,
    "model.layers.11.mlp.gate_proj": 1632.8856201171875,
    "model.layers.11.mlp.up_proj": 1636.458984375,
    "model.layers.11.mlp.down_proj": 1643.6446533203125,
    "model.layers.12.self_attn.q_proj": 1641.4254150390625,
    "model.layers.12.self_attn.k_proj": 1624.7469482421875,
    "model.layers.12.self_attn.v_proj": 1691.468505859375,
    "model.layers.12.self_attn.o_proj": 1626.238037109375,
    "model.layers.12.mlp.gate_proj": 1631.7393798828125,
    "model.layers.12.mlp.up_proj": 1641.650146484375,
    "model.layers.12.mlp.down_proj": 1627.34326171875,
    "model.layers.13.self_attn.q_proj": 1628.4688720703125,
    "model.layers.13.self_attn.k_proj": 1629.262451171875,
    "model.layers.13.self_attn.v_proj": 1673.52490234375,
    "model.layers.13.self_attn.o_proj": 1640.605712890625,
    "model.layers.13.mlp.gate_proj": 1639.794921875,
    "model.layers.13.mlp.up_proj": 1648.072021484375,
    "model.layers.13.mlp.down_proj": 1626.2359619140625,
    "model.layers.14.self_attn.q_proj": 1638.7301025390625,
    "model.layers.14.self_attn.k_proj": 1628.277587890625,
    "model.layers.14.self_attn.v_proj": 1670.573974609375,
    "model.layers.14.self_attn.o_proj": 1640.506591796875,
    "model.layers.14.mlp.gate_proj": 1634.923095703125,
    "model.layers.14.mlp.up_proj": 1634.4359130859375,
    "model.layers.14.mlp.down_proj": 1632.796142578125,
    "model.layers.15.self_attn.q_proj": 1638.4205322265625,
    "model.layers.15.self_attn.k_proj": 1626.84814453125,
    "model.layers.15.self_attn.v_proj": 1689.4176025390625,
    "model.layers.15.self_attn.o_proj": 1633.763427734375,
    "model.layers.15.mlp.gate_proj": 1631.2979736328125,
    "model.layers.15.mlp.up_proj": 1626.714111328125,
    "model.layers.15.mlp.down_proj": 1635.2886962890625,
    "model.layers.16.self_attn.q_proj": 1633.7142333984375,
    "model.layers.16.self_attn.k_proj": 1635.5308837890625,
    "model.layers.16.self_attn.v_proj": 1675.030517578125,
    "model.layers.16.self_attn.o_proj": 1637.7169189453125,
    "model.layers.16.mlp.gate_proj": 1633.863037109375,
    "model.layers.16.mlp.up_proj": 1634.7318115234375,
    "model.layers.16.mlp.down_proj": 1631.578125,
    "model.layers.17.self_attn.q_proj": 1638.9361572265625,
    "model.layers.17.self_attn.k_proj": 1626.8348388671875,
    "model.layers.17.self_attn.v_proj": 1697.0059814453125,
    "model.layers.17.self_attn.o_proj": 1621.7490234375,
    "model.layers.17.mlp.gate_proj": 1646.699462890625,
    "model.layers.17.mlp.up_proj": 1628.6710205078125,
    "model.layers.17.mlp.down_proj": 1635.501953125,
    "model.layers.18.self_attn.q_proj": 1635.6600341796875,
    "model.layers.18.self_attn.k_proj": 1636.852783203125,
    "model.layers.18.self_attn.v_proj": 1680.3782958984375,
    "model.layers.18.self_attn.o_proj": 1606.5067138671875,
    "model.layers.18.mlp.gate_proj": 1636.3067626953125,
    "model.layers.18.mlp.up_proj": 1631.3284912109375,
    "model.layers.18.mlp.down_proj": 1630.1954345703125,
    "model.layers.19.self_attn.q_proj": 1631.6109619140625,
    "model.layers.19.self_attn.k_proj": 1628.4713134765625,
    "model.layers.19.self_attn.v_proj": 1673.21630859375,
    "model.layers.19.self_attn.o_proj": 1628.097412109375,
    "model.layers.19.mlp.gate_proj": 1630.1937255859375,
    "model.layers.19.mlp.up_proj": 1640.08349609375,
    "model.layers.19.mlp.down_proj": 1644.8797607421875,