{
    "model.layers.0.self_attn.q_proj": 1638.9459228515625,
    "model.layers.0.self_attn.k_proj": 1638.9459228515625,
    "model.layers.0.self_attn.v_proj": 1638.9459228515625,
    "model.layers.0.self_attn.o_proj": 1638.9517822265625,
    "model.layers.0.mlp.gate_proj": 1638.9461669921875,
    "model.layers.0.mlp.up_proj": 1638.9423828125,
    "model.layers.0.mlp.down_proj": 1638.897216796875,
    "model.layers.1.self_attn.q_proj": 1638.9471435546875,
    "model.layers.1.self_attn.k_proj": 1638.9373779296875,
    "model.layers.1.self_attn.v_proj": 1638.95703125,
    "model.layers.1.self_attn.o_proj": 1638.8935546875,
    "model.layers.1.mlp.gate_proj": 1639.018798828125,
    "model.layers.1.mlp.up_proj": 1638.8983154296875,
    "model.layers.1.mlp.down_proj": 1639.0029296875,
    "model.layers.2.self_attn.q_proj": 1638.978271484375,
    "model.layers.2.self_attn.k_proj": 1638.9366455078125,
    "model.layers.2.self_attn.v_proj": 1638.98291015625,
    "model.layers.2.self_attn.o_proj": 1638.8236083984375,
    "model.layers.2.mlp.gate_proj": 1639.013916015625,
    "model.layers.2.mlp.up_proj": 1638.9444580078125,
    "model.layers.2.mlp.down_proj": 1639.619384765625,
    "model.layers.3.self_attn.q_proj": 1638.941162109375,
    "model.layers.3.self_attn.k_proj": 1638.8758544921875,
    "model.layers.3.self_attn.v_proj": 1643.882080078125,
    "model.layers.3.self_attn.o_proj": 1638.9222412109375,
    "model.layers.3.mlp.gate_proj": 1639.879638671875,
    "model.layers.3.mlp.up_proj": 1639.0133056640625,
    "model.layers.3.mlp.down_proj": 1639.57763671875,
    "model.layers.4.self_attn.q_proj": 1638.950927734375,
    "model.layers.4.self_attn.k_proj": 1638.7762451171875,
    "model.layers.4.self_attn.v_proj": 1646.1583251953125,
    "model.layers.4.self_attn.o_proj": 1639.2298583984375,
    "model.layers.4.mlp.gate_proj": 1639.0133056640625,
    "model.layers.4.mlp.up_proj": 1638.9525146484375,
    "model.layers.4.mlp.down_proj": 1638.2034912109375,
    "model.layers.5.self_attn.q_proj": 1639.3934326171875,
    "model.layers.5.self_attn.k_proj": 1638.9439697265625,
    "model.layers.5.self_attn.v_proj": 1639.29736328125,
    "model.layers.5.self_attn.o_proj": 1639.04736328125,
    "model.layers.5.mlp.gate_proj": 1638.9810791015625,
    "model.layers.5.mlp.up_proj": 1639.2891845703125,
    "model.layers.5.mlp.down_proj": 1639.505615234375,
    "model.layers.6.self_attn.q_proj": 1638.87744140625,
    "model.layers.6.self_attn.k_proj": 1639.543701171875,
    "model.layers.6.self_attn.v_proj": 1647.96337890625,
    "model.layers.6.self_attn.o_proj": 1638.9056396484375,
    "model.layers.6.mlp.gate_proj": 1638.9085693359375,
    "model.layers.6.mlp.up_proj": 1638.8638916015625,
    "model.layers.6.mlp.down_proj": 1638.993896484375,
    "model.layers.7.self_attn.q_proj": 1638.8560791015625,
    "model.layers.7.self_attn.k_proj": 1639.0423583984375,
    "model.layers.7.self_attn.v_proj": 1638.8231201171875,
    "model.layers.7.self_attn.o_proj": 1639.06982421875,
    "model.layers.7.mlp.gate_proj": 1638.8116455078125,
    "model.layers.7.mlp.up_proj": 1638.78466796875,
    "model.layers.7.mlp.down_proj": 1638.2916259765625,
    "model.layers.8.self_attn.q_proj": 1639.0299072265625,
    "model.layers.8.self_attn.k_proj": 1638.9755859375,
    "model.layers.8.self_attn.v_proj": 1644.75,
    "model.layers.8.self_attn.o_proj": 1638.513671875,
    "model.layers.8.mlp.gate_proj": 1638.9608154296875,
    "model.layers.8.mlp.up_proj": 1638.636962890625,
    "model.layers.8.mlp.down_proj": 1638.210693359375,
    "model.layers.9.self_attn.q_proj": 1639.0484619140625,
    "model.layers.9.self_attn.k_proj": 1638.6162109375,
    "model.layers.9.self_attn.v_proj": 1639.173583984375,
    "model.layers.9.self_attn.o_proj": 1639.008544921875,
    "model.layers.9.mlp.gate_proj": 1639.0977783203125,
    "model.layers.9.mlp.up_proj": 1638.7076416015625,
    "model.layers.9.mlp.down_proj": 1638.8131103515625,
    "model.layers.10.self_attn.q_proj": 1638.7606201171875,
    "model.layers.10.self_attn.k_proj": 1638.715087890625,
    "model.layers.10.self_attn.v_proj": 1641.99365234375,
    "model.layers.10.self_attn.o_proj": 1639.1759033203125,
    "model.layers.10.mlp.gate_proj": 1639.307373046875,
    "model.layers.10.mlp.up_proj": 1639.4014892578125,
    "model.layers.10.mlp.down_proj": 1637.9600830078125,
    "model.layers.11.self_attn.q_proj": 1638.7164306640625,
    "model.layers.11.self_attn.k_proj": 1638.6920166015625,
    "model.layers.11.self_attn.v_proj": 1639.0985107421875,
    "model.layers.11.self_attn.o_proj": 1639.00390625,
    "model.layers.11.mlp.gate_proj": 1638.7679443359375,
    "model.layers.11.mlp.up_proj": 1638.9056396484375,
    "model.layers.11.mlp.down_proj": 1638.938232421875,
    "model.layers.12.self_attn.q_proj": 1639.0018310546875,
    "model.layers.12.self_attn.k_proj": 1638.8255615234375,
    "model.layers.12.self_attn.v_proj": 1642.3472900390625,
    "model.layers.12.self_attn.o_proj": 1638.834228515625,
    "model.layers.12.mlp.gate_proj": 1638.9815673828125,
    "model.layers.12.mlp.up_proj": 1638.9803466796875,
    "model.layers.12.mlp.down_proj": 1638.164306640625,
    "model.layers.13.self_attn.q_proj": 1638.8431396484375,
    "model.layers.13.self_attn.k_proj": 1638.944091796875,
    "model.layers.13.self_attn.v_proj": 1638.9775390625,
    "model.layers.13.self_attn.o_proj": 1638.7799072265625,
    "model.layers.13.mlp.gate_proj": 1638.908935546875,
    "model.layers.13.mlp.up_proj": 1638.7403564453125,
    "model.layers.13.mlp.down_proj": 1638.076416015625,
    "model.layers.14.self_attn.q_proj": 1639.2061767578125,
    "model.layers.14.self_attn.k_proj": 1638.925048828125,
    "model.layers.14.self_attn.v_proj": 1639.2386474609375,
    "model.layers.14.self_attn.o_proj": 1638.8892822265625,
    "model.layers.14.mlp.gate_proj": 1639.1087646484375,
    "model.layers.14.mlp.up_proj": 1639.17236328125,
    "model.layers.14.mlp.down_proj": 1638.7261962890625,
    "model.layers.15.self_attn.q_proj": 1639.025146484375,
    "model.layers.15.self_attn.k_proj": 1638.84033203125,
    "model.layers.15.self_attn.v_proj": 1645.38671875,
    "model.layers.15.self_attn.o_proj": 1638.8555908203125,
    "model.layers.15.mlp.gate_proj": 1638.9483642578125,
    "model.layers.15.mlp.up_proj": 1638.5888671875,
    "model.layers.15.mlp.down_proj": 1639.2701416015625,
    "model.layers.16.self_attn.q_proj": 1639.0029296875,
    "model.layers.16.self_attn.k_proj": 1638.7445068359375,
    "model.layers.16.self_attn.v_proj": 1639.7308349609375,
    "model.layers.16.self_attn.o_proj": 1638.9097900390625,
    "model.layers.16.mlp.gate_proj": 1639.0111083984375,
    "model.layers.16.mlp.up_proj": 1639.05712890625,
    "model.layers.16.mlp.down_proj": 1640.2984619140625,
    "model.layers.17.self_attn.q_proj": 1638.8385009765625,
    "model.layers.17.self_attn.k_proj": 1638.9329833984375,
    "model.layers.17.self_attn.v_proj": 1643.9068603515625,
    "model.layers.17.self_attn.o_proj": 1638.723388671875,
    "model.layers.17.mlp.gate_proj": 1639.19921875,
    "model.layers.17.mlp.up_proj": 1639.0406494140625,
    "model.layers.17.mlp.down_proj": 1638.8758544921875,
    "model.layers.18.self_attn.q_proj": 1638.8013916015625,
    "model.layers.18.self_attn.k_proj": 1638.9183349609375,
    "model.layers.18.self_attn.v_proj": 1639.5284423828125,
    "model.layers.18.self_attn.o_proj": 1638.86474609375,
    "model.layers.18.mlp.gate_proj": 1638.8795166015625,
    "model.layers.18.mlp.up_proj": 1638.7637939453125,
    "model.layers.18.mlp.down_proj": 1638.063720703125,
    "model.layers.19.self_attn.q_proj": 1638.6868896484375,
    "model.layers.19.self_attn.k_proj": 1638.80029296875,
    "model.layers.19.self_attn.v_proj": 1639.45263671875,
    "model.layers.19.self_attn.o_proj": 1638.914306640625,
    "model.layers.19.mlp.gate_proj": 1639.046630859375,
    "model.layers.19.mlp.up_proj": 1639.5067138671875,
    "model.layers.19.mlp.down_proj": 1639.494140625,