{
    "model.layers.0.self_attn.q_proj": 1636.49072265625,
    "model.layers.0.self_attn.k_proj": 1636.49072265625,
    "model.layers.0.self_attn.v_proj": 1636.49072265625,
    "model.layers.0.self_attn.o_proj": 1636.76318359375,
    "model.layers.0.mlp.gate_proj": 1636.5125732421875,
    "model.layers.0.mlp.up_proj": 1636.4622802734375,
    "model.layers.0.mlp.down_proj": 1634.66455078125,
    "model.layers.1.self_attn.q_proj": 1636.3846435546875,
    "model.layers.1.self_attn.k_proj": 1636.3438720703125,
    "model.layers.1.self_attn.v_proj": 1637.191162109375,
    "model.layers.1.self_attn.o_proj": 1637.1307373046875,
    "model.layers.1.mlp.gate_proj": 1638.4814453125,
    "model.layers.1.mlp.up_proj": 1634.777587890625,
    "model.layers.1.mlp.down_proj": 1638.6204833984375,
    "model.layers.2.self_attn.q_proj": 1636.036865234375,
    "model.layers.2.self_attn.k_proj": 1636.445068359375,
    "model.layers.2.self_attn.v_proj": 1638.79345703125,
    "model.layers.2.self_attn.o_proj": 1635.22900390625,
    "model.layers.2.mlp.gate_proj": 1639.256103515625,
    "model.layers.2.mlp.up_proj": 1637.9066162109375,
    "model.layers.2.mlp.down_proj": 1626.29052734375,
    "model.layers.3.self_attn.q_proj": 1637.5787353515625,
    "model.layers.3.self_attn.k_proj": 1643.596435546875,
    "model.layers.3.self_attn.v_proj": 1709.931396484375,
    "model.layers.3.self_attn.o_proj": 1627.7147216796875,
    "model.layers.3.mlp.gate_proj": 1637.9256591796875,
    "model.layers.3.mlp.up_proj": 1630.6119384765625,
    "model.layers.3.mlp.down_proj": 1615.6474609375,
    "model.layers.4.self_attn.q_proj": 1636.119140625,
    "model.layers.4.self_attn.k_proj": 1639.8062744140625,
    "model.layers.4.self_attn.v_proj": 1701.4080810546875,
    "model.layers.4.self_attn.o_proj": 1634.9183349609375,
    "model.layers.4.mlp.gate_proj": 1640.757080078125,
    "model.layers.4.mlp.up_proj": 1632.318115234375,
    "model.layers.4.mlp.down_proj": 1634.0606689453125,
    "model.layers.5.self_attn.q_proj": 1636.382568359375,
    "model.layers.5.self_attn.k_proj": 1640.671630859375,
    "model.layers.5.self_attn.v_proj": 1667.0877685546875,
    "model.layers.5.self_attn.o_proj": 1633.42333984375,
    "model.layers.5.mlp.gate_proj": 1650.306396484375,
    "model.layers.5.mlp.up_proj": 1644.67724609375,
    "model.layers.5.mlp.down_proj": 1624.961669921875,
    "model.layers.6.self_attn.q_proj": 1632.8621826171875,
    "model.layers.6.self_attn.k_proj": 1652.083251953125,
    "model.layers.6.self_attn.v_proj": 1723.8170166015625,
    "model.layers.6.self_attn.o_proj": 1623.28125,
    "model.layers.6.mlp.gate_proj": 1639.74560546875,
    "model.layers.6.mlp.up_proj": 1644.7833251953125,
    "model.layers.6.mlp.down_proj": 1617.7864990234375,
    "model.layers.7.self_attn.q_proj": 1636.65771484375,
    "model.layers.7.self_attn.k_proj": 1639.2733154296875,
    "model.layers.7.self_attn.v_proj": 1656.3623046875,
    "model.layers.7.self_attn.o_proj": 1627.6026611328125,
    "model.layers.7.mlp.gate_proj": 1632.98193359375,
    "model.layers.7.mlp.up_proj": 1633.8690185546875,
    "model.layers.7.mlp.down_proj": 1626.49951171875,
    "model.layers.8.self_attn.q_proj": 1638.5037841796875,
    "model.layers.8.self_attn.k_proj": 1640.0992431640625,
    "model.layers.8.self_attn.v_proj": 1675.7078857421875,
    "model.layers.8.self_attn.o_proj": 1626.0791015625,
    "model.layers.8.mlp.gate_proj": 1635.53515625,
    "model.layers.8.mlp.up_proj": 1639.204833984375,
    "model.layers.8.mlp.down_proj": 1641.115478515625,
    "model.layers.9.self_attn.q_proj": 1641.591796875,
    "model.layers.9.self_attn.k_proj": 1645.028076171875,
    "model.layers.9.self_attn.v_proj": 1699.0826416015625,
    "model.layers.9.self_attn.o_proj": 1629.0546875,
    "model.layers.9.mlp.gate_proj": 1637.7930908203125,
    "model.layers.9.mlp.up_proj": 1632.4093017578125,
    "model.layers.9.mlp.down_proj": 1638.2476806640625,
    "model.layers.10.self_attn.q_proj": 1643.68310546875,
    "model.layers.10.self_attn.k_proj": 1637.1021728515625,
    "model.layers.10.self_attn.v_proj": 1704.3900146484375,
    "model.layers.10.self_attn.o_proj": 1642.5513916015625,
    "model.layers.10.mlp.gate_proj": 1626.7254638671875,
    "model.layers.10.mlp.up_proj": 1649.1942138671875,
    "model.layers.10.mlp.down_proj": 1630.2222900390625,
    "model.layers.11.self_attn.q_proj": 1630.8721923828125,
    "model.layers.11.self_attn.k_proj": 1640.2406005859375,
    "model.layers.11.self_attn.v_proj": 1692.1053466796875,
    "model.layers.11.self_attn.o_proj": 1622.4698486328125,
    "model.layers.11.mlp.gate_proj": 1632.0015869140625,
    "model.layers.11.mlp.up_proj": 1638.0867919921875,
    "model.layers.11.mlp.down_proj": 1644.508056640625,
    "model.layers.12.self_attn.q_proj": 1642.9334716796875,
    "model.layers.12.self_attn.k_proj": 1623.3753662109375,
    "model.layers.12.self_attn.v_proj": 1711.3135986328125,
    "model.layers.12.self_attn.o_proj": 1625.337158203125,
    "model.layers.12.mlp.gate_proj": 1631.6697998046875,
    "model.layers.12.mlp.up_proj": 1641.7919921875,
    "model.layers.12.mlp.down_proj": 1628.843505859375,
    "model.layers.13.self_attn.q_proj": 1629.0618896484375,
    "model.layers.13.self_attn.k_proj": 1628.5552978515625,
    "model.layers.13.self_attn.v_proj": 1694.20654296875,
    "model.layers.13.self_attn.o_proj": 1640.4937744140625,
    "model.layers.13.mlp.gate_proj": 1639.51513671875,
    "model.layers.13.mlp.up_proj": 1649.47265625,
    "model.layers.13.mlp.down_proj": 1617.4295654296875,
    "model.layers.14.self_attn.q_proj": 1637.591064453125,
    "model.layers.14.self_attn.k_proj": 1628.1910400390625,
    "model.layers.14.self_attn.v_proj": 1680.324951171875,
    "model.layers.14.self_attn.o_proj": 1640.79150390625,
    "model.layers.14.mlp.gate_proj": 1634.586181640625,
    "model.layers.14.mlp.up_proj": 1630.9368896484375,
    "model.layers.14.mlp.down_proj": 1632.7816162109375,
    "model.layers.15.self_attn.q_proj": 1637.726806640625,
    "model.layers.15.self_attn.k_proj": 1625.1654052734375,
    "model.layers.15.self_attn.v_proj": 1700.0679931640625,
    "model.layers.15.self_attn.o_proj": 1633.629638671875,
    "model.layers.15.mlp.gate_proj": 1631.892822265625,
    "model.layers.15.mlp.up_proj": 1626.619873046875,
    "model.layers.15.mlp.down_proj": 1634.694580078125,
    "model.layers.16.self_attn.q_proj": 1633.7938232421875,
    "model.layers.16.self_attn.k_proj": 1636.3541259765625,
    "model.layers.16.self_attn.v_proj": 1690.7132568359375,
    "model.layers.16.self_attn.o_proj": 1637.9425048828125,
    "model.layers.16.mlp.gate_proj": 1637.386962890625,
    "model.layers.16.mlp.up_proj": 1631.2313232421875,
    "model.layers.16.mlp.down_proj": 1629.3533935546875,
    "model.layers.17.self_attn.q_proj": 1638.3865966796875,
    "model.layers.17.self_attn.k_proj": 1626.5723876953125,
    "model.layers.17.self_attn.v_proj": 1709.5831298828125,
    "model.layers.17.self_attn.o_proj": 1620.26611328125,
    "model.layers.17.mlp.gate_proj": 1647.3817138671875,
    "model.layers.17.mlp.up_proj": 1627.4791259765625,
    "model.layers.17.mlp.down_proj": 1634.1131591796875,
    "model.layers.18.self_attn.q_proj": 1636.7835693359375,
    "model.layers.18.self_attn.k_proj": 1636.7725830078125,
    "model.layers.18.self_attn.v_proj": 1694.502197265625,
    "model.layers.18.self_attn.o_proj": 1601.5018310546875,
    "model.layers.18.mlp.gate_proj": 1637.179443359375,
    "model.layers.18.mlp.up_proj": 1629.3975830078125,
    "model.layers.18.mlp.down_proj": 1622.7275390625,
    "model.layers.19.self_attn.q_proj": 1630.424560546875,
    "model.layers.19.self_attn.k_proj": 1625.8797607421875,
    "model.layers.19.self_attn.v_proj": 1678.680908203125,
    "model.layers.19.self_attn.o_proj": 1624.4862060546875,
    "model.layers.19.mlp.gate_proj": 1629.241455078125,
    "model.layers.19.mlp.up_proj": 1637.989013671875,
    "model.layers.19.mlp.down_proj": 1644.4097900390625,