{
    "model.layers.0.self_attn.q_proj": 1633.4796142578125,
    "model.layers.0.self_attn.k_proj": 1633.4796142578125,
    "model.layers.0.self_attn.v_proj": 1633.4796142578125,
    "model.layers.0.self_attn.o_proj": 1633.93212890625,
    "model.layers.0.mlp.gate_proj": 1633.4935302734375,
    "model.layers.0.mlp.up_proj": 1633.4410400390625,
    "model.layers.0.mlp.down_proj": 1631.9053955078125,
    "model.layers.1.self_attn.q_proj": 1633.3101806640625,
    "model.layers.1.self_attn.k_proj": 1633.2874755859375,
    "model.layers.1.self_attn.v_proj": 1633.4180908203125,
    "model.layers.1.self_attn.o_proj": 1635.9444580078125,
    "model.layers.1.mlp.gate_proj": 1635.4337158203125,
    "model.layers.1.mlp.up_proj": 1632.0133056640625,
    "model.layers.1.mlp.down_proj": 1637.7357177734375,
    "model.layers.2.self_attn.q_proj": 1632.78271484375,
    "model.layers.2.self_attn.k_proj": 1633.3887939453125,
    "model.layers.2.self_attn.v_proj": 1637.283935546875,
    "model.layers.2.self_attn.o_proj": 1631.2042236328125,
    "model.layers.2.mlp.gate_proj": 1634.3128662109375,
    "model.layers.2.mlp.up_proj": 1632.1943359375,
    "model.layers.2.mlp.down_proj": 1624.238525390625,
    "model.layers.3.self_attn.q_proj": 1635.19189453125,
    "model.layers.3.self_attn.k_proj": 1645.0115966796875,
    "model.layers.3.self_attn.v_proj": 1760.4913330078125,
    "model.layers.3.self_attn.o_proj": 1631.5137939453125,
    "model.layers.3.mlp.gate_proj": 1628.821044921875,
    "model.layers.3.mlp.up_proj": 1624.121337890625,
    "model.layers.3.mlp.down_proj": 1614.2958984375,
    "model.layers.4.self_attn.q_proj": 1630.256591796875,
    "model.layers.4.self_attn.k_proj": 1637.3084716796875,
    "model.layers.4.self_attn.v_proj": 1715.258056640625,
    "model.layers.4.self_attn.o_proj": 1621.1031494140625,
    "model.layers.4.mlp.gate_proj": 1635.7034912109375,
    "model.layers.4.mlp.up_proj": 1628.1400146484375,
    "model.layers.4.mlp.down_proj": 1636.1971435546875,
    "model.layers.5.self_attn.q_proj": 1637.7088623046875,
    "model.layers.5.self_attn.k_proj": 1643.8194580078125,
    "model.layers.5.self_attn.v_proj": 1695.920166015625,
    "model.layers.5.self_attn.o_proj": 1630.0753173828125,
    "model.layers.5.mlp.gate_proj": 1641.4317626953125,
    "model.layers.5.mlp.up_proj": 1644.4771728515625,
    "model.layers.5.mlp.down_proj": 1624.1761474609375,
    "model.layers.6.self_attn.q_proj": 1634.0311279296875,
    "model.layers.6.self_attn.k_proj": 1650.7354736328125,
    "model.layers.6.self_attn.v_proj": 1756.7716064453125,
    "model.layers.6.self_attn.o_proj": 1615.4393310546875,
    "model.layers.6.mlp.gate_proj": 1635.6915283203125,
    "model.layers.6.mlp.up_proj": 1649.0643310546875,
    "model.layers.6.mlp.down_proj": 1613.08544921875,
    "model.layers.7.self_attn.q_proj": 1630.892822265625,
    "model.layers.7.self_attn.k_proj": 1636.1907958984375,
    "model.layers.7.self_attn.v_proj": 1678.6033935546875,
    "model.layers.7.self_attn.o_proj": 1625.1202392578125,
    "model.layers.7.mlp.gate_proj": 1635.3843994140625,
    "model.layers.7.mlp.up_proj": 1634.72509765625,
    "model.layers.7.mlp.down_proj": 1620.937744140625,
    "model.layers.8.self_attn.q_proj": 1635.3529052734375,
    "model.layers.8.self_attn.k_proj": 1636.492919921875,
    "model.layers.8.self_attn.v_proj": 1697.91552734375,
    "model.layers.8.self_attn.o_proj": 1622.6041259765625,
    "model.layers.8.mlp.gate_proj": 1630.233642578125,
    "model.layers.8.mlp.up_proj": 1645.344482421875,
    "model.layers.8.mlp.down_proj": 1645.4642333984375,
    "model.layers.9.self_attn.q_proj": 1638.57958984375,
    "model.layers.9.self_attn.k_proj": 1642.4737548828125,
    "model.layers.9.self_attn.v_proj": 1731.4534912109375,
    "model.layers.9.self_attn.o_proj": 1626.31103515625,
    "model.layers.9.mlp.gate_proj": 1636.4322509765625,
    "model.layers.9.mlp.up_proj": 1626.3487548828125,
    "model.layers.9.mlp.down_proj": 1634.9874267578125,
    "model.layers.10.self_attn.q_proj": 1645.71923828125,
    "model.layers.10.self_attn.k_proj": 1630.6505126953125,
    "model.layers.10.self_attn.v_proj": 1737.6544189453125,
    "model.layers.10.self_attn.o_proj": 1638.1492919921875,
    "model.layers.10.mlp.gate_proj": 1621.9610595703125,
    "model.layers.10.mlp.up_proj": 1640.198974609375,
    "model.layers.10.mlp.down_proj": 1628.3087158203125,
    "model.layers.11.self_attn.q_proj": 1626.1705322265625,
    "model.layers.11.self_attn.k_proj": 1637.4786376953125,
    "model.layers.11.self_attn.v_proj": 1720.10498046875,
    "model.layers.11.self_attn.o_proj": 1617.4752197265625,
    "model.layers.11.mlp.gate_proj": 1628.23095703125,
    "model.layers.11.mlp.up_proj": 1632.9827880859375,
    "model.layers.11.mlp.down_proj": 1647.140625,
    "model.layers.12.self_attn.q_proj": 1641.1646728515625,
    "model.layers.12.self_attn.k_proj": 1618.9720458984375,
    "model.layers.12.self_attn.v_proj": 1764.0838623046875,
    "model.layers.12.self_attn.o_proj": 1624.5750732421875,
    "model.layers.12.mlp.gate_proj": 1630.873046875,
    "model.layers.12.mlp.up_proj": 1641.1336669921875,
    "model.layers.12.mlp.down_proj": 1640.9698486328125,
    "model.layers.13.self_attn.q_proj": 1625.356201171875,
    "model.layers.13.self_attn.k_proj": 1625.510986328125,
    "model.layers.13.self_attn.v_proj": 1725.4102783203125,
    "model.layers.13.self_attn.o_proj": 1633.740234375,
    "model.layers.13.mlp.gate_proj": 1634.1602783203125,
    "model.layers.13.mlp.up_proj": 1648.065673828125,
    "model.layers.13.mlp.down_proj": 1609.634033203125,
    "model.layers.14.self_attn.q_proj": 1634.52783203125,
    "model.layers.14.self_attn.k_proj": 1628.3309326171875,
    "model.layers.14.self_attn.v_proj": 1703.039306640625,
    "model.layers.14.self_attn.o_proj": 1638.30126953125,
    "model.layers.14.mlp.gate_proj": 1629.290283203125,
    "model.layers.14.mlp.up_proj": 1627.096923828125,
    "model.layers.14.mlp.down_proj": 1626.0338134765625,
    "model.layers.15.self_attn.q_proj": 1631.2581787109375,
    "model.layers.15.self_attn.k_proj": 1622.4661865234375,
    "model.layers.15.self_attn.v_proj": 1733.6981201171875,
    "model.layers.15.self_attn.o_proj": 1627.7325439453125,
    "model.layers.15.mlp.gate_proj": 1629.789794921875,
    "model.layers.15.mlp.up_proj": 1624.792724609375,
    "model.layers.15.mlp.down_proj": 1631.0889892578125,
    "model.layers.16.self_attn.q_proj": 1631.3619384765625,
    "model.layers.16.self_attn.k_proj": 1634.9698486328125,
    "model.layers.16.self_attn.v_proj": 1738.3978271484375,
    "model.layers.16.self_attn.o_proj": 1632.796875,
    "model.layers.16.mlp.gate_proj": 1636.8773193359375,
    "model.layers.16.mlp.up_proj": 1619.6080322265625,
    "model.layers.16.mlp.down_proj": 1625.4678955078125,
    "model.layers.17.self_attn.q_proj": 1635.5489501953125,
    "model.layers.17.self_attn.k_proj": 1620.951171875,
    "model.layers.17.self_attn.v_proj": 1721.3641357421875,
    "model.layers.17.self_attn.o_proj": 1613.537109375,
    "model.layers.17.mlp.gate_proj": 1641.1370849609375,
    "model.layers.17.mlp.up_proj": 1622.6375732421875,
    "model.layers.17.mlp.down_proj": 1638.541015625,
    "model.layers.18.self_attn.q_proj": 1636.771484375,
    "model.layers.18.self_attn.k_proj": 1630.2144775390625,
    "model.layers.18.self_attn.v_proj": 1732.1573486328125,
    "model.layers.18.self_attn.o_proj": 1587.49169921875,
    "model.layers.18.mlp.gate_proj": 1632.284912109375,
    "model.layers.18.mlp.up_proj": 1628.4857177734375,
    "model.layers.18.mlp.down_proj": 1608.974853515625,
    "model.layers.19.self_attn.q_proj": 1626.216796875,
    "model.layers.19.self_attn.k_proj": 1621.62060546875,
    "model.layers.19.self_attn.v_proj": 1697.866455078125,
    "model.layers.19.self_attn.o_proj": 1615.70654296875,
    "model.layers.19.mlp.gate_proj": 1625.1856689453125,
    "model.layers.19.mlp.up_proj": 1627.776611328125,