{
    "model.layers.0.self_attn.q_proj": 1636.2593994140625,
    "model.layers.0.self_attn.k_proj": 1636.2593994140625,
    "model.layers.0.self_attn.v_proj": 1636.2593994140625,
    "model.layers.0.self_attn.o_proj": 1636.6680908203125,
    "model.layers.0.mlp.gate_proj": 1636.27978515625,
    "model.layers.0.mlp.up_proj": 1636.2218017578125,
    "model.layers.0.mlp.down_proj": 1634.48388671875,
    "model.layers.1.self_attn.q_proj": 1636.1678466796875,
    "model.layers.1.self_attn.k_proj": 1636.113037109375,
    "model.layers.1.self_attn.v_proj": 1637.004638671875,
    "model.layers.1.self_attn.o_proj": 1636.7042236328125,
    "model.layers.1.mlp.gate_proj": 1638.1591796875,
    "model.layers.1.mlp.up_proj": 1634.597412109375,
    "model.layers.1.mlp.down_proj": 1640.5667724609375,
    "model.layers.2.self_attn.q_proj": 1635.9677734375,
    "model.layers.2.self_attn.k_proj": 1636.1243896484375,
    "model.layers.2.self_attn.v_proj": 1637.9183349609375,
    "model.layers.2.self_attn.o_proj": 1634.193359375,
    "model.layers.2.mlp.gate_proj": 1639.4290771484375,
    "model.layers.2.mlp.up_proj": 1638.3028564453125,
    "model.layers.2.mlp.down_proj": 1631.4385986328125,
    "model.layers.3.self_attn.q_proj": 1637.52783203125,
    "model.layers.3.self_attn.k_proj": 1641.8824462890625,
    "model.layers.3.self_attn.v_proj": 1698.095703125,
    "model.layers.3.self_attn.o_proj": 1625.8895263671875,
    "model.layers.3.mlp.gate_proj": 1638.8367919921875,
    "model.layers.3.mlp.up_proj": 1630.4100341796875,
    "model.layers.3.mlp.down_proj": 1618.9129638671875,
    "model.layers.4.self_attn.q_proj": 1636.518310546875,
    "model.layers.4.self_attn.k_proj": 1638.0516357421875,
    "model.layers.4.self_attn.v_proj": 1697.710693359375,
    "model.layers.4.self_attn.o_proj": 1637.2740478515625,
    "model.layers.4.mlp.gate_proj": 1639.7493896484375,
    "model.layers.4.mlp.up_proj": 1631.505615234375,
    "model.layers.4.mlp.down_proj": 1633.3265380859375,
    "model.layers.5.self_attn.q_proj": 1636.71630859375,
    "model.layers.5.self_attn.k_proj": 1639.6708984375,
    "model.layers.5.self_attn.v_proj": 1658.982177734375,
    "model.layers.5.self_attn.o_proj": 1633.894775390625,
    "model.layers.5.mlp.gate_proj": 1651.419677734375,
    "model.layers.5.mlp.up_proj": 1643.9119873046875,
    "model.layers.5.mlp.down_proj": 1626.1883544921875,
    "model.layers.6.self_attn.q_proj": 1632.626220703125,
    "model.layers.6.self_attn.k_proj": 1650.1373291015625,
    "model.layers.6.self_attn.v_proj": 1716.1783447265625,
    "model.layers.6.self_attn.o_proj": 1626.9215087890625,
    "model.layers.6.mlp.gate_proj": 1638.71240234375,
    "model.layers.6.mlp.up_proj": 1639.996337890625,
    "model.layers.6.mlp.down_proj": 1617.492919921875,
    "model.layers.7.self_attn.q_proj": 1635.430908203125,
    "model.layers.7.self_attn.k_proj": 1639.7413330078125,
    "model.layers.7.self_attn.v_proj": 1651.512451171875,
    "model.layers.7.self_attn.o_proj": 1627.3974609375,
    "model.layers.7.mlp.gate_proj": 1633.7254638671875,
    "model.layers.7.mlp.up_proj": 1633.1466064453125,
    "model.layers.7.mlp.down_proj": 1626.2630615234375,
    "model.layers.8.self_attn.q_proj": 1637.9019775390625,
    "model.layers.8.self_attn.k_proj": 1641.724609375,
    "model.layers.8.self_attn.v_proj": 1671.60107421875,
    "model.layers.8.self_attn.o_proj": 1627.9886474609375,
    "model.layers.8.mlp.gate_proj": 1635.3629150390625,
    "model.layers.8.mlp.up_proj": 1637.6416015625,
    "model.layers.8.mlp.down_proj": 1640.7073974609375,
    "model.layers.9.self_attn.q_proj": 1640.783935546875,
    "model.layers.9.self_attn.k_proj": 1644.2216796875,
    "model.layers.9.self_attn.v_proj": 1691.2777099609375,
    "model.layers.9.self_attn.o_proj": 1628.40576171875,
    "model.layers.9.mlp.gate_proj": 1636.5374755859375,
    "model.layers.9.mlp.up_proj": 1633.2802734375,
    "model.layers.9.mlp.down_proj": 1638.8966064453125,
    "model.layers.10.self_attn.q_proj": 1641.0029296875,
    "model.layers.10.self_attn.k_proj": 1635.67236328125,
    "model.layers.10.self_attn.v_proj": 1695.4949951171875,
    "model.layers.10.self_attn.o_proj": 1643.0213623046875,
    "model.layers.10.mlp.gate_proj": 1627.190185546875,
    "model.layers.10.mlp.up_proj": 1649.5806884765625,
    "model.layers.10.mlp.down_proj": 1630.82470703125,
    "model.layers.11.self_attn.q_proj": 1631.2855224609375,
    "model.layers.11.self_attn.k_proj": 1638.964111328125,
    "model.layers.11.self_attn.v_proj": 1684.072021484375,
    "model.layers.11.self_attn.o_proj": 1623.0853271484375,
    "model.layers.11.mlp.gate_proj": 1632.8194580078125,
    "model.layers.11.mlp.up_proj": 1637.2757568359375,
    "model.layers.11.mlp.down_proj": 1643.814453125,
    "model.layers.12.self_attn.q_proj": 1642.133544921875,
    "model.layers.12.self_attn.k_proj": 1623.6954345703125,
    "model.layers.12.self_attn.v_proj": 1700.755859375,
    "model.layers.12.self_attn.o_proj": 1625.49267578125,
    "model.layers.12.mlp.gate_proj": 1631.5174560546875,
    "model.layers.12.mlp.up_proj": 1641.5419921875,
    "model.layers.12.mlp.down_proj": 1627.897705078125,
    "model.layers.13.self_attn.q_proj": 1628.630859375,
    "model.layers.13.self_attn.k_proj": 1628.1090087890625,
    "model.layers.13.self_attn.v_proj": 1683.375244140625,
    "model.layers.13.self_attn.o_proj": 1640.1466064453125,
    "model.layers.13.mlp.gate_proj": 1639.438720703125,
    "model.layers.13.mlp.up_proj": 1647.755615234375,
    "model.layers.13.mlp.down_proj": 1622.2216796875,
    "model.layers.14.self_attn.q_proj": 1638.1551513671875,
    "model.layers.14.self_attn.k_proj": 1627.4854736328125,
    "model.layers.14.self_attn.v_proj": 1676.262939453125,
    "model.layers.14.self_attn.o_proj": 1642.06787109375,
    "model.layers.14.mlp.gate_proj": 1634.536376953125,
    "model.layers.14.mlp.up_proj": 1632.727294921875,
    "model.layers.14.mlp.down_proj": 1632.5950927734375,
    "model.layers.15.self_attn.q_proj": 1638.142578125,
    "model.layers.15.self_attn.k_proj": 1625.7801513671875,
    "model.layers.15.self_attn.v_proj": 1694.407958984375,
    "model.layers.15.self_attn.o_proj": 1633.508544921875,
    "model.layers.15.mlp.gate_proj": 1631.52880859375,
    "model.layers.15.mlp.up_proj": 1626.472900390625,
    "model.layers.15.mlp.down_proj": 1634.7579345703125,
    "model.layers.16.self_attn.q_proj": 1633.57861328125,
    "model.layers.16.self_attn.k_proj": 1635.6500244140625,
    "model.layers.16.self_attn.v_proj": 1681.7783203125,
    "model.layers.16.self_attn.o_proj": 1637.62646484375,
    "model.layers.16.mlp.gate_proj": 1635.2000732421875,
    "model.layers.16.mlp.up_proj": 1633.7340087890625,
    "model.layers.16.mlp.down_proj": 1630.1700439453125,
    "model.layers.17.self_attn.q_proj": 1638.402099609375,
    "model.layers.17.self_attn.k_proj": 1626.4661865234375,
    "model.layers.17.self_attn.v_proj": 1705.028564453125,
    "model.layers.17.self_attn.o_proj": 1620.8585205078125,
    "model.layers.17.mlp.gate_proj": 1646.7672119140625,
    "model.layers.17.mlp.up_proj": 1627.9837646484375,
    "model.layers.17.mlp.down_proj": 1635.3177490234375,
    "model.layers.18.self_attn.q_proj": 1635.7896728515625,
    "model.layers.18.self_attn.k_proj": 1636.3636474609375,
    "model.layers.18.self_attn.v_proj": 1686.4681396484375,
    "model.layers.18.self_attn.o_proj": 1604.011474609375,
    "model.layers.18.mlp.gate_proj": 1636.584228515625,
    "model.layers.18.mlp.up_proj": 1630.17919921875,
    "model.layers.18.mlp.down_proj": 1626.96484375,
    "model.layers.19.self_attn.q_proj": 1630.84765625,
    "model.layers.19.self_attn.k_proj": 1626.610107421875,
    "model.layers.19.self_attn.v_proj": 1676.1038818359375,
    "model.layers.19.self_attn.o_proj": 1626.4979248046875,
    "model.layers.19.mlp.gate_proj": 1629.326904296875,
    "model.layers.19.mlp.up_proj": 1639.36767578125,
    "model.layers.19.mlp.down_proj": 1644.60546875,