{
    "model.layers.0.self_attn.q_proj": 1637.559326171875,
    "model.layers.0.self_attn.k_proj": 1637.559326171875,
    "model.layers.0.self_attn.v_proj": 1637.559326171875,
    "model.layers.0.self_attn.o_proj": 1638.05029296875,
    "model.layers.0.mlp.gate_proj": 1637.58837890625,
    "model.layers.0.mlp.up_proj": 1637.5238037109375,
    "model.layers.0.mlp.down_proj": 1636.4554443359375,
    "model.layers.1.self_attn.q_proj": 1637.578125,
    "model.layers.1.self_attn.k_proj": 1637.451171875,
    "model.layers.1.self_attn.v_proj": 1638.43896484375,
    "model.layers.1.self_attn.o_proj": 1636.526123046875,
    "model.layers.1.mlp.gate_proj": 1637.9044189453125,
    "model.layers.1.mlp.up_proj": 1636.34814453125,
    "model.layers.1.mlp.down_proj": 1644.097412109375,
    "model.layers.2.self_attn.q_proj": 1637.3980712890625,
    "model.layers.2.self_attn.k_proj": 1637.3524169921875,
    "model.layers.2.self_attn.v_proj": 1636.0482177734375,
    "model.layers.2.self_attn.o_proj": 1634.054443359375,
    "model.layers.2.mlp.gate_proj": 1640.1607666015625,
    "model.layers.2.mlp.up_proj": 1639.59423828125,
    "model.layers.2.mlp.down_proj": 1637.148193359375,
    "model.layers.3.self_attn.q_proj": 1638.5599365234375,
    "model.layers.3.self_attn.k_proj": 1638.0328369140625,
    "model.layers.3.self_attn.v_proj": 1676.5546875,
    "model.layers.3.self_attn.o_proj": 1632.8148193359375,
    "model.layers.3.mlp.gate_proj": 1642.4512939453125,
    "model.layers.3.mlp.up_proj": 1632.782958984375,
    "model.layers.3.mlp.down_proj": 1627.54296875,
    "model.layers.4.self_attn.q_proj": 1639.9476318359375,
    "model.layers.4.self_attn.k_proj": 1639.4754638671875,
    "model.layers.4.self_attn.v_proj": 1674.7545166015625,
    "model.layers.4.self_attn.o_proj": 1639.59375,
    "model.layers.4.mlp.gate_proj": 1637.5762939453125,
    "model.layers.4.mlp.up_proj": 1637.4232177734375,
    "model.layers.4.mlp.down_proj": 1633.2076416015625,
    "model.layers.5.self_attn.q_proj": 1639.638427734375,
    "model.layers.5.self_attn.k_proj": 1638.0673828125,
    "model.layers.5.self_attn.v_proj": 1645.538818359375,
    "model.layers.5.self_attn.o_proj": 1636.57861328125,
    "model.layers.5.mlp.gate_proj": 1653.1534423828125,
    "model.layers.5.mlp.up_proj": 1639.999755859375,
    "model.layers.5.mlp.down_proj": 1628.165283203125,
    "model.layers.6.self_attn.q_proj": 1635.3206787109375,
    "model.layers.6.self_attn.k_proj": 1641.912109375,
    "model.layers.6.self_attn.v_proj": 1676.00634765625,
    "model.layers.6.self_attn.o_proj": 1633.077880859375,
    "model.layers.6.mlp.gate_proj": 1639.6116943359375,
    "model.layers.6.mlp.up_proj": 1635.4503173828125,
    "model.layers.6.mlp.down_proj": 1628.5411376953125,
    "model.layers.7.self_attn.q_proj": 1637.8565673828125,
    "model.layers.7.self_attn.k_proj": 1641.075439453125,
    "model.layers.7.self_attn.v_proj": 1643.698974609375,
    "model.layers.7.self_attn.o_proj": 1632.916748046875,
    "model.layers.7.mlp.gate_proj": 1635.4246826171875,
    "model.layers.7.mlp.up_proj": 1634.1754150390625,
    "model.layers.7.mlp.down_proj": 1630.8599853515625,
    "model.layers.8.self_attn.q_proj": 1637.4910888671875,
    "model.layers.8.self_attn.k_proj": 1641.833740234375,
    "model.layers.8.self_attn.v_proj": 1663.8253173828125,
    "model.layers.8.self_attn.o_proj": 1633.4915771484375,
    "model.layers.8.mlp.gate_proj": 1637.4246826171875,
    "model.layers.8.mlp.up_proj": 1639.474853515625,
    "model.layers.8.mlp.down_proj": 1638.93798828125,
    "model.layers.9.self_attn.q_proj": 1638.81298828125,
    "model.layers.9.self_attn.k_proj": 1642.291015625,
    "model.layers.9.self_attn.v_proj": 1662.4169921875,
    "model.layers.9.self_attn.o_proj": 1630.8974609375,
    "model.layers.9.mlp.gate_proj": 1636.402587890625,
    "model.layers.9.mlp.up_proj": 1637.6107177734375,
    "model.layers.9.mlp.down_proj": 1640.8974609375,
    "model.layers.10.self_attn.q_proj": 1636.167724609375,
    "model.layers.10.self_attn.k_proj": 1637.8414306640625,
    "model.layers.10.self_attn.v_proj": 1667.797607421875,
    "model.layers.10.self_attn.o_proj": 1639.7640380859375,
    "model.layers.10.mlp.gate_proj": 1635.70849609375,
    "model.layers.10.mlp.up_proj": 1644.4794921875,
    "model.layers.10.mlp.down_proj": 1632.2506103515625,
    "model.layers.11.self_attn.q_proj": 1634.916748046875,
    "model.layers.11.self_attn.k_proj": 1636.1468505859375,
    "model.layers.11.self_attn.v_proj": 1663.6285400390625,
    "model.layers.11.self_attn.o_proj": 1629.728759765625,
    "model.layers.11.mlp.gate_proj": 1632.7440185546875,
    "model.layers.11.mlp.up_proj": 1636.46630859375,
    "model.layers.11.mlp.down_proj": 1640.656494140625,
    "model.layers.12.self_attn.q_proj": 1639.612548828125,
    "model.layers.12.self_attn.k_proj": 1631.1138916015625,
    "model.layers.12.self_attn.v_proj": 1665.4937744140625,
    "model.layers.12.self_attn.o_proj": 1633.1544189453125,
    "model.layers.12.mlp.gate_proj": 1633.7613525390625,
    "model.layers.12.mlp.up_proj": 1640.683349609375,
    "model.layers.12.mlp.down_proj": 1632.84619140625,
    "model.layers.13.self_attn.q_proj": 1632.2086181640625,
    "model.layers.13.self_attn.k_proj": 1634.7340087890625,
    "model.layers.13.self_attn.v_proj": 1658.4300537109375,
    "model.layers.13.self_attn.o_proj": 1642.3504638671875,
    "model.layers.13.mlp.gate_proj": 1640.6796875,
    "model.layers.13.mlp.up_proj": 1645.52978515625,
    "model.layers.13.mlp.down_proj": 1628.923828125,
    "model.layers.14.self_attn.q_proj": 1639.6435546875,
    "model.layers.14.self_attn.k_proj": 1634.55712890625,
    "model.layers.14.self_attn.v_proj": 1645.8294677734375,
    "model.layers.14.self_attn.o_proj": 1637.55712890625,
    "model.layers.14.mlp.gate_proj": 1636.5306396484375,
    "model.layers.14.mlp.up_proj": 1639.0670166015625,
    "model.layers.14.mlp.down_proj": 1634.5150146484375,
    "model.layers.15.self_attn.q_proj": 1640.474365234375,
    "model.layers.15.self_attn.k_proj": 1631.21826171875,
    "model.layers.15.self_attn.v_proj": 1668.899169921875,
    "model.layers.15.self_attn.o_proj": 1634.4266357421875,
    "model.layers.15.mlp.gate_proj": 1630.5958251953125,
    "model.layers.15.mlp.up_proj": 1630.1407470703125,
    "model.layers.15.mlp.down_proj": 1638.99365234375,
    "model.layers.16.self_attn.q_proj": 1634.8056640625,
    "model.layers.16.self_attn.k_proj": 1634.543212890625,
    "model.layers.16.self_attn.v_proj": 1651.661376953125,
    "model.layers.16.self_attn.o_proj": 1638.6522216796875,
    "model.layers.16.mlp.gate_proj": 1635.9608154296875,
    "model.layers.16.mlp.up_proj": 1639.04541015625,
    "model.layers.16.mlp.down_proj": 1636.69384765625,
    "model.layers.17.self_attn.q_proj": 1639.5076904296875,
    "model.layers.17.self_attn.k_proj": 1630.3291015625,
    "model.layers.17.self_attn.v_proj": 1673.1978759765625,
    "model.layers.17.self_attn.o_proj": 1628.2550048828125,
    "model.layers.17.mlp.gate_proj": 1644.64404296875,
    "model.layers.17.mlp.up_proj": 1634.1573486328125,
    "model.layers.17.mlp.down_proj": 1632.86376953125,
    "model.layers.18.self_attn.q_proj": 1637.235595703125,
    "model.layers.18.self_attn.k_proj": 1638.8582763671875,
    "model.layers.18.self_attn.v_proj": 1655.972900390625,
    "model.layers.18.self_attn.o_proj": 1617.1630859375,
    "model.layers.18.mlp.gate_proj": 1635.9755859375,
    "model.layers.18.mlp.up_proj": 1636.243896484375,
    "model.layers.18.mlp.down_proj": 1631.4725341796875,
    "model.layers.19.self_attn.q_proj": 1635.007568359375,
    "model.layers.19.self_attn.k_proj": 1633.1014404296875,
    "model.layers.19.self_attn.v_proj": 1655.731201171875,
    "model.layers.19.self_attn.o_proj": 1634.2593994140625,
    "model.layers.19.mlp.gate_proj": 1634.61865234375,
    "model.layers.19.mlp.up_proj": 1639.927978515625,
    "model.layers.19.mlp.down_proj": 1642.624267578125,