{
    "model.layers.0.self_attn.q_proj": 1639.1558837890625,
    "model.layers.0.self_attn.k_proj": 1639.1558837890625,
    "model.layers.0.self_attn.v_proj": 1639.1558837890625,
    "model.layers.0.self_attn.o_proj": 1639.4747314453125,
    "model.layers.0.mlp.gate_proj": 1639.1759033203125,
    "model.layers.0.mlp.up_proj": 1639.1292724609375,
    "model.layers.0.mlp.down_proj": 1638.5042724609375,
    "model.layers.1.self_attn.q_proj": 1639.1676025390625,
    "model.layers.1.self_attn.k_proj": 1639.07421875,
    "model.layers.1.self_attn.v_proj": 1639.87890625,
    "model.layers.1.self_attn.o_proj": 1638.464599609375,
    "model.layers.1.mlp.gate_proj": 1639.02490234375,
    "model.layers.1.mlp.up_proj": 1638.180908203125,
    "model.layers.1.mlp.down_proj": 1644.965576171875,
    "model.layers.2.self_attn.q_proj": 1638.91259765625,
    "model.layers.2.self_attn.k_proj": 1638.975830078125,
    "model.layers.2.self_attn.v_proj": 1637.9801025390625,
    "model.layers.2.self_attn.o_proj": 1635.9346923828125,
    "model.layers.2.mlp.gate_proj": 1640.617431640625,
    "model.layers.2.mlp.up_proj": 1640.808349609375,
    "model.layers.2.mlp.down_proj": 1640.479736328125,
    "model.layers.3.self_attn.q_proj": 1639.6658935546875,
    "model.layers.3.self_attn.k_proj": 1639.2950439453125,
    "model.layers.3.self_attn.v_proj": 1668.5439453125,
    "model.layers.3.self_attn.o_proj": 1635.184326171875,
    "model.layers.3.mlp.gate_proj": 1644.0328369140625,
    "model.layers.3.mlp.up_proj": 1635.1998291015625,
    "model.layers.3.mlp.down_proj": 1630.698486328125,
    "model.layers.4.self_attn.q_proj": 1640.7509765625,
    "model.layers.4.self_attn.k_proj": 1641.0885009765625,
    "model.layers.4.self_attn.v_proj": 1664.920654296875,
    "model.layers.4.self_attn.o_proj": 1640.697265625,
    "model.layers.4.mlp.gate_proj": 1639.4716796875,
    "model.layers.4.mlp.up_proj": 1639.4029541015625,
    "model.layers.4.mlp.down_proj": 1635.4833984375,
    "model.layers.5.self_attn.q_proj": 1640.611572265625,
    "model.layers.5.self_attn.k_proj": 1639.1595458984375,
    "model.layers.5.self_attn.v_proj": 1643.353759765625,
    "model.layers.5.self_attn.o_proj": 1639.203857421875,
    "model.layers.5.mlp.gate_proj": 1652.405517578125,
    "model.layers.5.mlp.up_proj": 1640.424072265625,
    "model.layers.5.mlp.down_proj": 1633.232177734375,
    "model.layers.6.self_attn.q_proj": 1637.116455078125,
    "model.layers.6.self_attn.k_proj": 1642.9798583984375,
    "model.layers.6.self_attn.v_proj": 1670.102294921875,
    "model.layers.6.self_attn.o_proj": 1635.8565673828125,
    "model.layers.6.mlp.gate_proj": 1640.5164794921875,
    "model.layers.6.mlp.up_proj": 1638.5316162109375,
    "model.layers.6.mlp.down_proj": 1631.651123046875,
    "model.layers.7.self_attn.q_proj": 1639.7042236328125,
    "model.layers.7.self_attn.k_proj": 1641.864501953125,
    "model.layers.7.self_attn.v_proj": 1642.24462890625,
    "model.layers.7.self_attn.o_proj": 1637.9600830078125,
    "model.layers.7.mlp.gate_proj": 1637.2982177734375,
    "model.layers.7.mlp.up_proj": 1637.9130859375,
    "model.layers.7.mlp.down_proj": 1634.74462890625,
    "model.layers.8.self_attn.q_proj": 1638.90966796875,
    "model.layers.8.self_attn.k_proj": 1642.491943359375,
    "model.layers.8.self_attn.v_proj": 1663.08935546875,
    "model.layers.8.self_attn.o_proj": 1636.671142578125,
    "model.layers.8.mlp.gate_proj": 1639.4136962890625,
    "model.layers.8.mlp.up_proj": 1639.233642578125,
    "model.layers.8.mlp.down_proj": 1639.6419677734375,
    "model.layers.9.self_attn.q_proj": 1638.998046875,
    "model.layers.9.self_attn.k_proj": 1640.961181640625,
    "model.layers.9.self_attn.v_proj": 1655.7030029296875,
    "model.layers.9.self_attn.o_proj": 1633.0692138671875,
    "model.layers.9.mlp.gate_proj": 1638.181396484375,
    "model.layers.9.mlp.up_proj": 1638.3719482421875,
    "model.layers.9.mlp.down_proj": 1641.8311767578125,
    "model.layers.10.self_attn.q_proj": 1637.8404541015625,
    "model.layers.10.self_attn.k_proj": 1639.2633056640625,
    "model.layers.10.self_attn.v_proj": 1660.2998046875,
    "model.layers.10.self_attn.o_proj": 1640.5616455078125,
    "model.layers.10.mlp.gate_proj": 1637.923828125,
    "model.layers.10.mlp.up_proj": 1641.5548095703125,
    "model.layers.10.mlp.down_proj": 1634.373779296875,
    "model.layers.11.self_attn.q_proj": 1636.94873046875,
    "model.layers.11.self_attn.k_proj": 1637.654052734375,
    "model.layers.11.self_attn.v_proj": 1655.0201416015625,
    "model.layers.11.self_attn.o_proj": 1634.0240478515625,
    "model.layers.11.mlp.gate_proj": 1635.0794677734375,
    "model.layers.11.mlp.up_proj": 1637.503173828125,
    "model.layers.11.mlp.down_proj": 1641.8092041015625,
    "model.layers.12.self_attn.q_proj": 1641.3310546875,
    "model.layers.12.self_attn.k_proj": 1635.438232421875,
    "model.layers.12.self_attn.v_proj": 1652.0889892578125,
    "model.layers.12.self_attn.o_proj": 1636.2037353515625,
    "model.layers.12.mlp.gate_proj": 1636.09912109375,
    "model.layers.12.mlp.up_proj": 1640.926513671875,
    "model.layers.12.mlp.down_proj": 1634.815185546875,
    "model.layers.13.self_attn.q_proj": 1636.114013671875,
    "model.layers.13.self_attn.k_proj": 1637.5648193359375,
    "model.layers.13.self_attn.v_proj": 1653.3648681640625,
    "model.layers.13.self_attn.o_proj": 1642.7022705078125,
    "model.layers.13.mlp.gate_proj": 1642.1171875,
    "model.layers.13.mlp.up_proj": 1644.0709228515625,
    "model.layers.13.mlp.down_proj": 1631.9755859375,
    "model.layers.14.self_attn.q_proj": 1640.62109375,
    "model.layers.14.self_attn.k_proj": 1637.6954345703125,
    "model.layers.14.self_attn.v_proj": 1643.235595703125,
    "model.layers.14.self_attn.o_proj": 1639.2823486328125,
    "model.layers.14.mlp.gate_proj": 1638.09228515625,
    "model.layers.14.mlp.up_proj": 1640.431884765625,
    "model.layers.14.mlp.down_proj": 1636.832763671875,
    "model.layers.15.self_attn.q_proj": 1642.1009521484375,
    "model.layers.15.self_attn.k_proj": 1635.390869140625,
    "model.layers.15.self_attn.v_proj": 1663.1982421875,
    "model.layers.15.self_attn.o_proj": 1636.655029296875,
    "model.layers.15.mlp.gate_proj": 1633.6534423828125,
    "model.layers.15.mlp.up_proj": 1634.37841796875,
    "model.layers.15.mlp.down_proj": 1641.7440185546875,
    "model.layers.16.self_attn.q_proj": 1636.18994140625,
    "model.layers.16.self_attn.k_proj": 1636.3363037109375,
    "model.layers.16.self_attn.v_proj": 1645.860107421875,
    "model.layers.16.self_attn.o_proj": 1640.2662353515625,
    "model.layers.16.mlp.gate_proj": 1638.154541015625,
    "model.layers.16.mlp.up_proj": 1638.68115234375,
    "model.layers.16.mlp.down_proj": 1640.9833984375,
    "model.layers.17.self_attn.q_proj": 1640.700439453125,
    "model.layers.17.self_attn.k_proj": 1634.0435791015625,
    "model.layers.17.self_attn.v_proj": 1663.288818359375,
    "model.layers.17.self_attn.o_proj": 1632.3238525390625,
    "model.layers.17.mlp.gate_proj": 1643.043701171875,
    "model.layers.17.mlp.up_proj": 1639.03271484375,
    "model.layers.17.mlp.down_proj": 1636.9315185546875,
    "model.layers.18.self_attn.q_proj": 1639.080322265625,
    "model.layers.18.self_attn.k_proj": 1639.5009765625,
    "model.layers.18.self_attn.v_proj": 1651.2720947265625,
    "model.layers.18.self_attn.o_proj": 1625.7305908203125,
    "model.layers.18.mlp.gate_proj": 1637.943603515625,
    "model.layers.18.mlp.up_proj": 1638.4129638671875,
    "model.layers.18.mlp.down_proj": 1632.8680419921875,
    "model.layers.19.self_attn.q_proj": 1637.0540771484375,
    "model.layers.19.self_attn.k_proj": 1636.518798828125,
    "model.layers.19.self_attn.v_proj": 1648.8656005859375,
    "model.layers.19.self_attn.o_proj": 1636.4947509765625,
    "model.layers.19.mlp.gate_proj": 1637.5184326171875,
    "model.layers.19.mlp.up_proj": 1640.64599609375,
    "model.layers.19.mlp.down_proj": 1640.9539794921875,