{
    "model.layers.0.self_attn.q_proj": 1224.4061279296875,
    "model.layers.0.self_attn.k_proj": 1224.4061279296875,
    "model.layers.0.self_attn.v_proj": 1224.4061279296875,
    "model.layers.0.self_attn.o_proj": 1226.12158203125,
    "model.layers.0.mlp.gate_proj": 1224.10498046875,
    "model.layers.0.mlp.up_proj": 1224.0244140625,
    "model.layers.0.mlp.down_proj": 1229.327880859375,
    "model.layers.1.self_attn.q_proj": 1223.9293212890625,
    "model.layers.1.self_attn.k_proj": 1224.06982421875,
    "model.layers.1.self_attn.v_proj": 1223.1605224609375,
    "model.layers.1.self_attn.o_proj": 1213.022216796875,
    "model.layers.1.mlp.gate_proj": 1225.18603515625,
    "model.layers.1.mlp.up_proj": 1222.6761474609375,
    "model.layers.1.mlp.down_proj": 1213.201171875,
    "model.layers.2.self_attn.q_proj": 1224.7852783203125,
    "model.layers.2.self_attn.k_proj": 1225.839599609375,
    "model.layers.2.self_attn.v_proj": 1244.8885498046875,
    "model.layers.2.self_attn.o_proj": 1210.073486328125,
    "model.layers.2.mlp.gate_proj": 1236.144287109375,
    "model.layers.2.mlp.up_proj": 1233.52685546875,
    "model.layers.2.mlp.down_proj": 1237.88818359375,
    "model.layers.3.self_attn.q_proj": 1223.9285888671875,
    "model.layers.3.self_attn.k_proj": 1212.60791015625,
    "model.layers.3.self_attn.v_proj": 1315.4844970703125,
    "model.layers.3.self_attn.o_proj": 1231.3731689453125,
    "model.layers.3.mlp.gate_proj": 1217.137451171875,
    "model.layers.3.mlp.up_proj": 1209.06591796875,
    "model.layers.3.mlp.down_proj": 1225.2293701171875,
    "model.layers.4.self_attn.q_proj": 1226.6900634765625,
    "model.layers.4.self_attn.k_proj": 1228.0560302734375,
    "model.layers.4.self_attn.v_proj": 1386.9610595703125,
    "model.layers.4.self_attn.o_proj": 1198.0999755859375,
    "model.layers.4.mlp.gate_proj": 1222.635009765625,
    "model.layers.4.mlp.up_proj": 1210.8780517578125,
    "model.layers.4.mlp.down_proj": 1233.6307373046875,
    "model.layers.5.self_attn.q_proj": 1237.897216796875,
    "model.layers.5.self_attn.k_proj": 1225.86669921875,
    "model.layers.5.self_attn.v_proj": 1295.31494140625,
    "model.layers.5.self_attn.o_proj": 1222.3795166015625,
    "model.layers.5.mlp.gate_proj": 1217.3271484375,
    "model.layers.5.mlp.up_proj": 1220.4630126953125,
    "model.layers.5.mlp.down_proj": 1173.8084716796875,
    "model.layers.6.self_attn.q_proj": 1213.080810546875,
    "model.layers.6.self_attn.k_proj": 1250.8499755859375,
    "model.layers.6.self_attn.v_proj": 1319.561279296875,
    "model.layers.6.self_attn.o_proj": 1183.5609130859375,
    "model.layers.6.mlp.gate_proj": 1206.086181640625,
    "model.layers.6.mlp.up_proj": 1227.6676025390625,
    "model.layers.6.mlp.down_proj": 1197.2122802734375,
    "model.layers.7.self_attn.q_proj": 1208.085693359375,
    "model.layers.7.self_attn.k_proj": 1264.621826171875,
    "model.layers.7.self_attn.v_proj": 1327.7774658203125,
    "model.layers.7.self_attn.o_proj": 1208.802490234375,
    "model.layers.7.mlp.gate_proj": 1226.178466796875,
    "model.layers.7.mlp.up_proj": 1220.461669921875,
    "model.layers.7.mlp.down_proj": 1208.8209228515625,
    "model.layers.8.self_attn.q_proj": 1208.7640380859375,
    "model.layers.8.self_attn.k_proj": 1230.965087890625,
    "model.layers.8.self_attn.v_proj": 1285.2518310546875,
    "model.layers.8.self_attn.o_proj": 1187.4149169921875,
    "model.layers.8.mlp.gate_proj": 1219.070556640625,
    "model.layers.8.mlp.up_proj": 1248.9716796875,
    "model.layers.8.mlp.down_proj": 1199.882568359375,
    "model.layers.9.self_attn.q_proj": 1241.5650634765625,
    "model.layers.9.self_attn.k_proj": 1226.666748046875,
    "model.layers.9.self_attn.v_proj": 1352.32177734375,
    "model.layers.9.self_attn.o_proj": 1192.9635009765625,
    "model.layers.9.mlp.gate_proj": 1211.3048095703125,
    "model.layers.9.mlp.up_proj": 1251.999755859375,
    "model.layers.9.mlp.down_proj": 1249.7755126953125,
    "model.layers.10.self_attn.q_proj": 1213.4644775390625,
    "model.layers.10.self_attn.k_proj": 1210.23583984375,
    "model.layers.10.self_attn.v_proj": 1324.711669921875,
    "model.layers.10.self_attn.o_proj": 1188.0992431640625,
    "model.layers.10.mlp.gate_proj": 1235.505615234375,
    "model.layers.10.mlp.up_proj": 1222.1712646484375,
    "model.layers.10.mlp.down_proj": 1204.5794677734375,
    "model.layers.11.self_attn.q_proj": 1226.5291748046875,
    "model.layers.11.self_attn.k_proj": 1249.3653564453125,
    "model.layers.11.self_attn.v_proj": 1276.434814453125,
    "model.layers.11.self_attn.o_proj": 1171.244873046875,
    "model.layers.11.mlp.gate_proj": 1242.0902099609375,
    "model.layers.11.mlp.up_proj": 1248.160888671875,
    "model.layers.11.mlp.down_proj": 1238.7244873046875,
    "model.layers.12.self_attn.q_proj": 1207.1409912109375,
    "model.layers.12.self_attn.k_proj": 1149.5675048828125,
    "model.layers.12.self_attn.v_proj": 1329.3309326171875,
    "model.layers.12.self_attn.o_proj": 1173.86279296875,
    "model.layers.12.mlp.gate_proj": 1242.8182373046875,
    "model.layers.12.mlp.up_proj": 1232.2376708984375,
    "model.layers.12.mlp.down_proj": 1251.383544921875,
    "model.layers.13.self_attn.q_proj": 1224.36865234375,
    "model.layers.13.self_attn.k_proj": 1217.0230712890625,
    "model.layers.13.self_attn.v_proj": 1342.9189453125,
    "model.layers.13.self_attn.o_proj": 1195.5518798828125,
    "model.layers.13.mlp.gate_proj": 1218.805419921875,
    "model.layers.13.mlp.up_proj": 1232.4034423828125,
    "model.layers.13.mlp.down_proj": 1241.5555419921875,
    "model.layers.14.self_attn.q_proj": 1223.97265625,
    "model.layers.14.self_attn.k_proj": 1214.064453125,
    "model.layers.14.self_attn.v_proj": 1299.6617431640625,
    "model.layers.14.self_attn.o_proj": 1194.80419921875,
    "model.layers.14.mlp.gate_proj": 1231.34326171875,
    "model.layers.14.mlp.up_proj": 1218.2750244140625,
    "model.layers.14.mlp.down_proj": 1255.50341796875,
    "model.layers.15.self_attn.q_proj": 1227.2900390625,
    "model.layers.15.self_attn.k_proj": 1143.3414306640625,
    "model.layers.15.self_attn.v_proj": 1335.105712890625,
    "model.layers.15.self_attn.o_proj": 1180.3287353515625,
    "model.layers.15.mlp.gate_proj": 1220.0770263671875,
    "model.layers.15.mlp.up_proj": 1216.68896484375,
    "model.layers.15.mlp.down_proj": 1222.095947265625,
    "model.layers.16.self_attn.q_proj": 1213.9029541015625,
    "model.layers.16.self_attn.k_proj": 1275.772705078125,
    "model.layers.16.self_attn.v_proj": 1328.775390625,
    "model.layers.16.self_attn.o_proj": 1216.9705810546875,
    "model.layers.16.mlp.gate_proj": 1216.4205322265625,
    "model.layers.16.mlp.up_proj": 1217.319580078125,
    "model.layers.16.mlp.down_proj": 1191.6085205078125,
    "model.layers.17.self_attn.q_proj": 1207.4122314453125,
    "model.layers.17.self_attn.k_proj": 1256.7623291015625,
    "model.layers.17.self_attn.v_proj": 1357.245849609375,
    "model.layers.17.self_attn.o_proj": 1173.891357421875,
    "model.layers.17.mlp.gate_proj": 1244.334716796875,
    "model.layers.17.mlp.up_proj": 1238.047119140625,
    "model.layers.17.mlp.down_proj": 1207.265869140625,
    "model.layers.18.self_attn.q_proj": 1219.64599609375,
    "model.layers.18.self_attn.k_proj": 1165.300537109375,
    "model.layers.18.self_attn.v_proj": 1337.589599609375,
    "model.layers.18.self_attn.o_proj": 1167.2752685546875,
    "model.layers.18.mlp.gate_proj": 1232.558837890625,
    "model.layers.18.mlp.up_proj": 1233.3988037109375,
    "model.layers.18.mlp.down_proj": 1214.9324951171875,
    "model.layers.19.self_attn.q_proj": 1213.3524169921875,
    "model.layers.19.self_attn.k_proj": 1205.3076171875,
    "model.layers.19.self_attn.v_proj": 1282.39404296875,
    "model.layers.19.self_attn.o_proj": 1176.591796875,
    "model.layers.19.mlp.gate_proj": 1217.8255615234375,
    "model.layers.19.mlp.up_proj": 1236.5240478515625,
    "model.layers.19.mlp.down_proj": 1211.98486328125,