{
    "model.layers.0.self_attn.q_proj": 1225.9644775390625,
    "model.layers.0.self_attn.k_proj": 1225.9644775390625,
    "model.layers.0.self_attn.v_proj": 1225.9644775390625,
    "model.layers.0.self_attn.o_proj": 1227.4541015625,
    "model.layers.0.mlp.gate_proj": 1225.76708984375,
    "model.layers.0.mlp.up_proj": 1225.8743896484375,
    "model.layers.0.mlp.down_proj": 1229.916015625,
    "model.layers.1.self_attn.q_proj": 1225.367431640625,
    "model.layers.1.self_attn.k_proj": 1225.51904296875,
    "model.layers.1.self_attn.v_proj": 1225.248291015625,
    "model.layers.1.self_attn.o_proj": 1215.42626953125,
    "model.layers.1.mlp.gate_proj": 1227.9737548828125,
    "model.layers.1.mlp.up_proj": 1225.1494140625,
    "model.layers.1.mlp.down_proj": 1216.7237548828125,
    "model.layers.2.self_attn.q_proj": 1225.412841796875,
    "model.layers.2.self_attn.k_proj": 1227.17333984375,
    "model.layers.2.self_attn.v_proj": 1241.7972412109375,
    "model.layers.2.self_attn.o_proj": 1213.4874267578125,
    "model.layers.2.mlp.gate_proj": 1234.3065185546875,
    "model.layers.2.mlp.up_proj": 1232.0692138671875,
    "model.layers.2.mlp.down_proj": 1234.96044921875,
    "model.layers.3.self_attn.q_proj": 1230.2720947265625,
    "model.layers.3.self_attn.k_proj": 1214.9293212890625,
    "model.layers.3.self_attn.v_proj": 1300.1168212890625,
    "model.layers.3.self_attn.o_proj": 1228.6883544921875,
    "model.layers.3.mlp.gate_proj": 1219.2452392578125,
    "model.layers.3.mlp.up_proj": 1213.568359375,
    "model.layers.3.mlp.down_proj": 1222.09912109375,
    "model.layers.4.self_attn.q_proj": 1228.23828125,
    "model.layers.4.self_attn.k_proj": 1226.9559326171875,
    "model.layers.4.self_attn.v_proj": 1342.98291015625,
    "model.layers.4.self_attn.o_proj": 1211.9571533203125,
    "model.layers.4.mlp.gate_proj": 1225.60546875,
    "model.layers.4.mlp.up_proj": 1215.2928466796875,
    "model.layers.4.mlp.down_proj": 1236.9793701171875,
    "model.layers.5.self_attn.q_proj": 1233.340576171875,
    "model.layers.5.self_attn.k_proj": 1225.8238525390625,
    "model.layers.5.self_attn.v_proj": 1284.8203125,
    "model.layers.5.self_attn.o_proj": 1223.0223388671875,
    "model.layers.5.mlp.gate_proj": 1223.7969970703125,
    "model.layers.5.mlp.up_proj": 1222.61669921875,
    "model.layers.5.mlp.down_proj": 1181.7999267578125,
    "model.layers.6.self_attn.q_proj": 1216.09619140625,
    "model.layers.6.self_attn.k_proj": 1244.2760009765625,
    "model.layers.6.self_attn.v_proj": 1297.2642822265625,
    "model.layers.6.self_attn.o_proj": 1193.4224853515625,
    "model.layers.6.mlp.gate_proj": 1205.7406005859375,
    "model.layers.6.mlp.up_proj": 1233.15478515625,
    "model.layers.6.mlp.down_proj": 1206.55078125,
    "model.layers.7.self_attn.q_proj": 1210.6806640625,
    "model.layers.7.self_attn.k_proj": 1270.4952392578125,
    "model.layers.7.self_attn.v_proj": 1288.962890625,
    "model.layers.7.self_attn.o_proj": 1213.8795166015625,
    "model.layers.7.mlp.gate_proj": 1223.499267578125,
    "model.layers.7.mlp.up_proj": 1223.81689453125,
    "model.layers.7.mlp.down_proj": 1215.9580078125,
    "model.layers.8.self_attn.q_proj": 1213.4022216796875,
    "model.layers.8.self_attn.k_proj": 1230.0816650390625,
    "model.layers.8.self_attn.v_proj": 1255.6824951171875,
    "model.layers.8.self_attn.o_proj": 1206.8751220703125,
    "model.layers.8.mlp.gate_proj": 1220.7900390625,
    "model.layers.8.mlp.up_proj": 1246.366455078125,
    "model.layers.8.mlp.down_proj": 1200.034912109375,
    "model.layers.9.self_attn.q_proj": 1240.3568115234375,
    "model.layers.9.self_attn.k_proj": 1231.7188720703125,
    "model.layers.9.self_attn.v_proj": 1321.47998046875,
    "model.layers.9.self_attn.o_proj": 1204.234619140625,
    "model.layers.9.mlp.gate_proj": 1217.33154296875,
    "model.layers.9.mlp.up_proj": 1248.8958740234375,
    "model.layers.9.mlp.down_proj": 1249.8924560546875,
    "model.layers.10.self_attn.q_proj": 1217.111328125,
    "model.layers.10.self_attn.k_proj": 1215.33837890625,
    "model.layers.10.self_attn.v_proj": 1288.99560546875,
    "model.layers.10.self_attn.o_proj": 1198.246337890625,
    "model.layers.10.mlp.gate_proj": 1234.44189453125,
    "model.layers.10.mlp.up_proj": 1230.23046875,
    "model.layers.10.mlp.down_proj": 1212.3355712890625,
    "model.layers.11.self_attn.q_proj": 1233.449462890625,
    "model.layers.11.self_attn.k_proj": 1246.6962890625,
    "model.layers.11.self_attn.v_proj": 1269.5526123046875,
    "model.layers.11.self_attn.o_proj": 1187.4051513671875,
    "model.layers.11.mlp.gate_proj": 1241.87255859375,
    "model.layers.11.mlp.up_proj": 1249.4464111328125,
    "model.layers.11.mlp.down_proj": 1240.750244140625,
    "model.layers.12.self_attn.q_proj": 1215.1072998046875,
    "model.layers.12.self_attn.k_proj": 1175.526611328125,
    "model.layers.12.self_attn.v_proj": 1309.678955078125,
    "model.layers.12.self_attn.o_proj": 1189.0946044921875,
    "model.layers.12.mlp.gate_proj": 1244.63232421875,
    "model.layers.12.mlp.up_proj": 1236.3978271484375,
    "model.layers.12.mlp.down_proj": 1237.9818115234375,
    "model.layers.13.self_attn.q_proj": 1221.8790283203125,
    "model.layers.13.self_attn.k_proj": 1216.53857421875,
    "model.layers.13.self_attn.v_proj": 1310.1396484375,
    "model.layers.13.self_attn.o_proj": 1199.5135498046875,
    "model.layers.13.mlp.gate_proj": 1211.9918212890625,
    "model.layers.13.mlp.up_proj": 1224.008056640625,
    "model.layers.13.mlp.down_proj": 1236.9686279296875,
    "model.layers.14.self_attn.q_proj": 1226.091064453125,
    "model.layers.14.self_attn.k_proj": 1218.68701171875,
    "model.layers.14.self_attn.v_proj": 1284.79296875,
    "model.layers.14.self_attn.o_proj": 1206.794189453125,
    "model.layers.14.mlp.gate_proj": 1232.4112548828125,
    "model.layers.14.mlp.up_proj": 1215.5919189453125,
    "model.layers.14.mlp.down_proj": 1246.2125244140625,
    "model.layers.15.self_attn.q_proj": 1225.9991455078125,
    "model.layers.15.self_attn.k_proj": 1157.60205078125,
    "model.layers.15.self_attn.v_proj": 1309.242431640625,
    "model.layers.15.self_attn.o_proj": 1203.4644775390625,
    "model.layers.15.mlp.gate_proj": 1223.7222900390625,
    "model.layers.15.mlp.up_proj": 1217.342041015625,
    "model.layers.15.mlp.down_proj": 1222.96923828125,
    "model.layers.16.self_attn.q_proj": 1221.3349609375,
    "model.layers.16.self_attn.k_proj": 1252.9361572265625,
    "model.layers.16.self_attn.v_proj": 1308.3863525390625,
    "model.layers.16.self_attn.o_proj": 1215.3470458984375,
    "model.layers.16.mlp.gate_proj": 1224.56005859375,
    "model.layers.16.mlp.up_proj": 1223.5244140625,
    "model.layers.16.mlp.down_proj": 1201.264404296875,
    "model.layers.17.self_attn.q_proj": 1210.781005859375,
    "model.layers.17.self_attn.k_proj": 1251.113037109375,
    "model.layers.17.self_attn.v_proj": 1315.378662109375,
    "model.layers.17.self_attn.o_proj": 1180.2083740234375,
    "model.layers.17.mlp.gate_proj": 1241.3946533203125,
    "model.layers.17.mlp.up_proj": 1232.80615234375,
    "model.layers.17.mlp.down_proj": 1221.9898681640625,
    "model.layers.18.self_attn.q_proj": 1223.307861328125,
    "model.layers.18.self_attn.k_proj": 1167.9027099609375,
    "model.layers.18.self_attn.v_proj": 1299.97607421875,
    "model.layers.18.self_attn.o_proj": 1178.4747314453125,
    "model.layers.18.mlp.gate_proj": 1231.9154052734375,
    "model.layers.18.mlp.up_proj": 1229.2462158203125,
    "model.layers.18.mlp.down_proj": 1224.478515625,
    "model.layers.19.self_attn.q_proj": 1215.058837890625,
    "model.layers.19.self_attn.k_proj": 1213.6995849609375,
    "model.layers.19.self_attn.v_proj": 1274.4818115234375,
    "model.layers.19.self_attn.o_proj": 1189.556640625,
    "model.layers.19.mlp.gate_proj": 1221.475341796875,
    "model.layers.19.mlp.up_proj": 1231.1419677734375,
    "model.layers.19.mlp.down_proj": 1211.26904296875,