{
    "model.layers.0.self_attn.q_proj": 1226.583251953125,
    "model.layers.0.self_attn.k_proj": 1226.583251953125,
    "model.layers.0.self_attn.v_proj": 1226.583251953125,
    "model.layers.0.self_attn.o_proj": 1228.10205078125,
    "model.layers.0.mlp.gate_proj": 1226.4083251953125,
    "model.layers.0.mlp.up_proj": 1226.6942138671875,
    "model.layers.0.mlp.down_proj": 1230.1893310546875,
    "model.layers.1.self_attn.q_proj": 1226.084716796875,
    "model.layers.1.self_attn.k_proj": 1226.0291748046875,
    "model.layers.1.self_attn.v_proj": 1226.2603759765625,
    "model.layers.1.self_attn.o_proj": 1217.15576171875,
    "model.layers.1.mlp.gate_proj": 1228.2884521484375,
    "model.layers.1.mlp.up_proj": 1226.3291015625,
    "model.layers.1.mlp.down_proj": 1218.7666015625,
    "model.layers.2.self_attn.q_proj": 1225.64794921875,
    "model.layers.2.self_attn.k_proj": 1227.58984375,
    "model.layers.2.self_attn.v_proj": 1239.9097900390625,
    "model.layers.2.self_attn.o_proj": 1213.8314208984375,
    "model.layers.2.mlp.gate_proj": 1234.6199951171875,
    "model.layers.2.mlp.up_proj": 1232.5841064453125,
    "model.layers.2.mlp.down_proj": 1232.969482421875,
    "model.layers.3.self_attn.q_proj": 1233.0452880859375,
    "model.layers.3.self_attn.k_proj": 1214.367919921875,
    "model.layers.3.self_attn.v_proj": 1286.3511962890625,
    "model.layers.3.self_attn.o_proj": 1228.239013671875,
    "model.layers.3.mlp.gate_proj": 1221.160400390625,
    "model.layers.3.mlp.up_proj": 1216.04638671875,
    "model.layers.3.mlp.down_proj": 1222.802490234375,
    "model.layers.4.self_attn.q_proj": 1228.439453125,
    "model.layers.4.self_attn.k_proj": 1226.705078125,
    "model.layers.4.self_attn.v_proj": 1323.010986328125,
    "model.layers.4.self_attn.o_proj": 1214.7098388671875,
    "model.layers.4.mlp.gate_proj": 1225.805908203125,
    "model.layers.4.mlp.up_proj": 1217.390869140625,
    "model.layers.4.mlp.down_proj": 1232.96044921875,
    "model.layers.5.self_attn.q_proj": 1234.33984375,
    "model.layers.5.self_attn.k_proj": 1228.1761474609375,
    "model.layers.5.self_attn.v_proj": 1274.2125244140625,
    "model.layers.5.self_attn.o_proj": 1222.225341796875,
    "model.layers.5.mlp.gate_proj": 1227.7119140625,
    "model.layers.5.mlp.up_proj": 1224.943115234375,
    "model.layers.5.mlp.down_proj": 1182.330322265625,
    "model.layers.6.self_attn.q_proj": 1211.8951416015625,
    "model.layers.6.self_attn.k_proj": 1238.093505859375,
    "model.layers.6.self_attn.v_proj": 1286.296875,
    "model.layers.6.self_attn.o_proj": 1196.384033203125,
    "model.layers.6.mlp.gate_proj": 1207.002197265625,
    "model.layers.6.mlp.up_proj": 1234.0855712890625,
    "model.layers.6.mlp.down_proj": 1208.836181640625,
    "model.layers.7.self_attn.q_proj": 1214.6673583984375,
    "model.layers.7.self_attn.k_proj": 1272.948974609375,
    "model.layers.7.self_attn.v_proj": 1280.262451171875,
    "model.layers.7.self_attn.o_proj": 1217.1513671875,
    "model.layers.7.mlp.gate_proj": 1225.1312255859375,
    "model.layers.7.mlp.up_proj": 1224.547607421875,
    "model.layers.7.mlp.down_proj": 1226.3792724609375,
    "model.layers.8.self_attn.q_proj": 1215.27587890625,
    "model.layers.8.self_attn.k_proj": 1230.5831298828125,
    "model.layers.8.self_attn.v_proj": 1251.534912109375,
    "model.layers.8.self_attn.o_proj": 1214.3023681640625,
    "model.layers.8.mlp.gate_proj": 1221.650634765625,
    "model.layers.8.mlp.up_proj": 1244.0606689453125,
    "model.layers.8.mlp.down_proj": 1209.1282958984375,
    "model.layers.9.self_attn.q_proj": 1235.763671875,
    "model.layers.9.self_attn.k_proj": 1232.9163818359375,
    "model.layers.9.self_attn.v_proj": 1312.4627685546875,
    "model.layers.9.self_attn.o_proj": 1207.1180419921875,
    "model.layers.9.mlp.gate_proj": 1220.736083984375,
    "model.layers.9.mlp.up_proj": 1244.5303955078125,
    "model.layers.9.mlp.down_proj": 1246.195068359375,
    "model.layers.10.self_attn.q_proj": 1218.5858154296875,
    "model.layers.10.self_attn.k_proj": 1217.892578125,
    "model.layers.10.self_attn.v_proj": 1280.209228515625,
    "model.layers.10.self_attn.o_proj": 1206.0030517578125,
    "model.layers.10.mlp.gate_proj": 1236.190185546875,
    "model.layers.10.mlp.up_proj": 1234.71875,
    "model.layers.10.mlp.down_proj": 1218.583251953125,
    "model.layers.11.self_attn.q_proj": 1234.9805908203125,
    "model.layers.11.self_attn.k_proj": 1246.4615478515625,
    "model.layers.11.self_attn.v_proj": 1268.4217529296875,
    "model.layers.11.self_attn.o_proj": 1195.24365234375,
    "model.layers.11.mlp.gate_proj": 1240.66943359375,
    "model.layers.11.mlp.up_proj": 1250.880615234375,
    "model.layers.11.mlp.down_proj": 1240.5426025390625,
    "model.layers.12.self_attn.q_proj": 1219.7303466796875,
    "model.layers.12.self_attn.k_proj": 1185.1075439453125,
    "model.layers.12.self_attn.v_proj": 1298.4150390625,
    "model.layers.12.self_attn.o_proj": 1192.2752685546875,
    "model.layers.12.mlp.gate_proj": 1244.8350830078125,
    "model.layers.12.mlp.up_proj": 1237.7537841796875,
    "model.layers.12.mlp.down_proj": 1238.952880859375,
    "model.layers.13.self_attn.q_proj": 1221.83056640625,
    "model.layers.13.self_attn.k_proj": 1218.2052001953125,
    "model.layers.13.self_attn.v_proj": 1300.2818603515625,
    "model.layers.13.self_attn.o_proj": 1201.1611328125,
    "model.layers.13.mlp.gate_proj": 1210.868896484375,
    "model.layers.13.mlp.up_proj": 1226.0257568359375,
    "model.layers.13.mlp.down_proj": 1237.697998046875,
    "model.layers.14.self_attn.q_proj": 1227.45751953125,
    "model.layers.14.self_attn.k_proj": 1225.9036865234375,
    "model.layers.14.self_attn.v_proj": 1274.1290283203125,
    "model.layers.14.self_attn.o_proj": 1213.5665283203125,
    "model.layers.14.mlp.gate_proj": 1232.608642578125,
    "model.layers.14.mlp.up_proj": 1214.18505859375,
    "model.layers.14.mlp.down_proj": 1240.82177734375,
    "model.layers.15.self_attn.q_proj": 1228.30908203125,
    "model.layers.15.self_attn.k_proj": 1164.9091796875,
    "model.layers.15.self_attn.v_proj": 1301.7218017578125,
    "model.layers.15.self_attn.o_proj": 1207.317626953125,
    "model.layers.15.mlp.gate_proj": 1224.36083984375,
    "model.layers.15.mlp.up_proj": 1217.4073486328125,
    "model.layers.15.mlp.down_proj": 1221.317138671875,
    "model.layers.16.self_attn.q_proj": 1222.666748046875,
    "model.layers.16.self_attn.k_proj": 1249.3612060546875,
    "model.layers.16.self_attn.v_proj": 1301.667236328125,
    "model.layers.16.self_attn.o_proj": 1215.790283203125,
    "model.layers.16.mlp.gate_proj": 1226.11865234375,
    "model.layers.16.mlp.up_proj": 1224.8416748046875,
    "model.layers.16.mlp.down_proj": 1204.408447265625,
    "model.layers.17.self_attn.q_proj": 1213.65673828125,
    "model.layers.17.self_attn.k_proj": 1247.8201904296875,
    "model.layers.17.self_attn.v_proj": 1299.772216796875,
    "model.layers.17.self_attn.o_proj": 1183.266845703125,
    "model.layers.17.mlp.gate_proj": 1242.037841796875,
    "model.layers.17.mlp.up_proj": 1230.336181640625,
    "model.layers.17.mlp.down_proj": 1225.552001953125,
    "model.layers.18.self_attn.q_proj": 1224.221923828125,
    "model.layers.18.self_attn.k_proj": 1169.41064453125,
    "model.layers.18.self_attn.v_proj": 1283.2052001953125,
    "model.layers.18.self_attn.o_proj": 1184.7899169921875,
    "model.layers.18.mlp.gate_proj": 1229.9708251953125,
    "model.layers.18.mlp.up_proj": 1229.9569091796875,
    "model.layers.18.mlp.down_proj": 1225.4522705078125,
    "model.layers.19.self_attn.q_proj": 1215.4547119140625,
    "model.layers.19.self_attn.k_proj": 1217.4525146484375,
    "model.layers.19.self_attn.v_proj": 1269.9306640625,
    "model.layers.19.self_attn.o_proj": 1193.7998046875,
    "model.layers.19.mlp.gate_proj": 1223.74462890625,
    "model.layers.19.mlp.up_proj": 1230.576904296875,
    "model.layers.19.mlp.down_proj": 1211.4525146484375,