{
    "model.layers.0.self_attn.q_proj": 1227.5867919921875,
    "model.layers.0.self_attn.k_proj": 1227.5867919921875,
    "model.layers.0.self_attn.v_proj": 1227.5867919921875,
    "model.layers.0.self_attn.o_proj": 1227.5596923828125,
    "model.layers.0.mlp.gate_proj": 1227.39794921875,
    "model.layers.0.mlp.up_proj": 1227.575439453125,
    "model.layers.0.mlp.down_proj": 1228.4312744140625,
    "model.layers.1.self_attn.q_proj": 1227.342529296875,
    "model.layers.1.self_attn.k_proj": 1227.48291015625,
    "model.layers.1.self_attn.v_proj": 1227.4771728515625,
    "model.layers.1.self_attn.o_proj": 1227.1944580078125,
    "model.layers.1.mlp.gate_proj": 1227.8607177734375,
    "model.layers.1.mlp.up_proj": 1227.33154296875,
    "model.layers.1.mlp.down_proj": 1222.1351318359375,
    "model.layers.2.self_attn.q_proj": 1226.2408447265625,
    "model.layers.2.self_attn.k_proj": 1229.3448486328125,
    "model.layers.2.self_attn.v_proj": 1229.7421875,
    "model.layers.2.self_attn.o_proj": 1223.956787109375,
    "model.layers.2.mlp.gate_proj": 1227.5780029296875,
    "model.layers.2.mlp.up_proj": 1227.7430419921875,
    "model.layers.2.mlp.down_proj": 1229.2257080078125,
    "model.layers.3.self_attn.q_proj": 1230.1859130859375,
    "model.layers.3.self_attn.k_proj": 1224.42333984375,
    "model.layers.3.self_attn.v_proj": 1242.8402099609375,
    "model.layers.3.self_attn.o_proj": 1230.3900146484375,
    "model.layers.3.mlp.gate_proj": 1228.69189453125,
    "model.layers.3.mlp.up_proj": 1220.4967041015625,
    "model.layers.3.mlp.down_proj": 1232.518310546875,
    "model.layers.4.self_attn.q_proj": 1225.6624755859375,
    "model.layers.4.self_attn.k_proj": 1229.7010498046875,
    "model.layers.4.self_attn.v_proj": 1260.3211669921875,
    "model.layers.4.self_attn.o_proj": 1226.5625,
    "model.layers.4.mlp.gate_proj": 1229.989990234375,
    "model.layers.4.mlp.up_proj": 1230.232177734375,
    "model.layers.4.mlp.down_proj": 1230.12109375,
    "model.layers.5.self_attn.q_proj": 1230.6033935546875,
    "model.layers.5.self_attn.k_proj": 1228.438720703125,
    "model.layers.5.self_attn.v_proj": 1233.0721435546875,
    "model.layers.5.self_attn.o_proj": 1225.307861328125,
    "model.layers.5.mlp.gate_proj": 1226.888671875,
    "model.layers.5.mlp.up_proj": 1230.1778564453125,
    "model.layers.5.mlp.down_proj": 1191.309814453125,
    "model.layers.6.self_attn.q_proj": 1220.905029296875,
    "model.layers.6.self_attn.k_proj": 1228.61474609375,
    "model.layers.6.self_attn.v_proj": 1230.8966064453125,
    "model.layers.6.self_attn.o_proj": 1205.1787109375,
    "model.layers.6.mlp.gate_proj": 1223.3746337890625,
    "model.layers.6.mlp.up_proj": 1240.712158203125,
    "model.layers.6.mlp.down_proj": 1223.2452392578125,
    "model.layers.7.self_attn.q_proj": 1221.856689453125,
    "model.layers.7.self_attn.k_proj": 1241.0291748046875,
    "model.layers.7.self_attn.v_proj": 1238.961669921875,
    "model.layers.7.self_attn.o_proj": 1230.46484375,
    "model.layers.7.mlp.gate_proj": 1224.2777099609375,
    "model.layers.7.mlp.up_proj": 1226.49462890625,
    "model.layers.7.mlp.down_proj": 1227.6552734375,
    "model.layers.8.self_attn.q_proj": 1222.4078369140625,
    "model.layers.8.self_attn.k_proj": 1228.912841796875,
    "model.layers.8.self_attn.v_proj": 1237.4478759765625,
    "model.layers.8.self_attn.o_proj": 1223.854736328125,
    "model.layers.8.mlp.gate_proj": 1225.44775390625,
    "model.layers.8.mlp.up_proj": 1232.8736572265625,
    "model.layers.8.mlp.down_proj": 1222.6947021484375,
    "model.layers.9.self_attn.q_proj": 1232.9903564453125,
    "model.layers.9.self_attn.k_proj": 1227.2100830078125,
    "model.layers.9.self_attn.v_proj": 1253.9371337890625,
    "model.layers.9.self_attn.o_proj": 1220.5377197265625,
    "model.layers.9.mlp.gate_proj": 1229.8126220703125,
    "model.layers.9.mlp.up_proj": 1228.7962646484375,
    "model.layers.9.mlp.down_proj": 1231.0670166015625,
    "model.layers.10.self_attn.q_proj": 1226.98779296875,
    "model.layers.10.self_attn.k_proj": 1228.5748291015625,
    "model.layers.10.self_attn.v_proj": 1238.9954833984375,
    "model.layers.10.self_attn.o_proj": 1222.0247802734375,
    "model.layers.10.mlp.gate_proj": 1229.8531494140625,
    "model.layers.10.mlp.up_proj": 1230.724609375,
    "model.layers.10.mlp.down_proj": 1227.6251220703125,
    "model.layers.11.self_attn.q_proj": 1228.4703369140625,
    "model.layers.11.self_attn.k_proj": 1231.57958984375,
    "model.layers.11.self_attn.v_proj": 1248.9635009765625,
    "model.layers.11.self_attn.o_proj": 1221.12255859375,
    "model.layers.11.mlp.gate_proj": 1224.601318359375,
    "model.layers.11.mlp.up_proj": 1231.9986572265625,
    "model.layers.11.mlp.down_proj": 1238.5689697265625,
    "model.layers.12.self_attn.q_proj": 1222.1854248046875,
    "model.layers.12.self_attn.k_proj": 1221.81787109375,
    "model.layers.12.self_attn.v_proj": 1253.140380859375,
    "model.layers.12.self_attn.o_proj": 1211.270263671875,
    "model.layers.12.mlp.gate_proj": 1229.1092529296875,
    "model.layers.12.mlp.up_proj": 1238.9332275390625,
    "model.layers.12.mlp.down_proj": 1232.9912109375,
    "model.layers.13.self_attn.q_proj": 1222.39404296875,
    "model.layers.13.self_attn.k_proj": 1225.442138671875,
    "model.layers.13.self_attn.v_proj": 1254.1700439453125,
    "model.layers.13.self_attn.o_proj": 1212.1397705078125,
    "model.layers.13.mlp.gate_proj": 1213.7286376953125,
    "model.layers.13.mlp.up_proj": 1217.4072265625,
    "model.layers.13.mlp.down_proj": 1238.49853515625,
    "model.layers.14.self_attn.q_proj": 1228.7900390625,
    "model.layers.14.self_attn.k_proj": 1229.487060546875,
    "model.layers.14.self_attn.v_proj": 1230.978759765625,
    "model.layers.14.self_attn.o_proj": 1221.308837890625,
    "model.layers.14.mlp.gate_proj": 1232.661376953125,
    "model.layers.14.mlp.up_proj": 1226.594970703125,
    "model.layers.14.mlp.down_proj": 1230.274658203125,
    "model.layers.15.self_attn.q_proj": 1228.681396484375,
    "model.layers.15.self_attn.k_proj": 1208.04296875,
    "model.layers.15.self_attn.v_proj": 1239.7454833984375,
    "model.layers.15.self_attn.o_proj": 1225.6666259765625,
    "model.layers.15.mlp.gate_proj": 1232.643310546875,
    "model.layers.15.mlp.up_proj": 1217.52880859375,
    "model.layers.15.mlp.down_proj": 1227.5775146484375,
    "model.layers.16.self_attn.q_proj": 1225.7386474609375,
    "model.layers.16.self_attn.k_proj": 1226.213134765625,
    "model.layers.16.self_attn.v_proj": 1250.00146484375,
    "model.layers.16.self_attn.o_proj": 1219.65380859375,
    "model.layers.16.mlp.gate_proj": 1228.408935546875,
    "model.layers.16.mlp.up_proj": 1232.420166015625,
    "model.layers.16.mlp.down_proj": 1222.187744140625,
    "model.layers.17.self_attn.q_proj": 1225.336669921875,
    "model.layers.17.self_attn.k_proj": 1234.08935546875,
    "model.layers.17.self_attn.v_proj": 1249.4000244140625,
    "model.layers.17.self_attn.o_proj": 1216.1527099609375,
    "model.layers.17.mlp.gate_proj": 1233.5050048828125,
    "model.layers.17.mlp.up_proj": 1227.2078857421875,
    "model.layers.17.mlp.down_proj": 1224.7271728515625,
    "model.layers.18.self_attn.q_proj": 1224.6171875,
    "model.layers.18.self_attn.k_proj": 1213.8211669921875,
    "model.layers.18.self_attn.v_proj": 1244.1075439453125,
    "model.layers.18.self_attn.o_proj": 1215.78076171875,
    "model.layers.18.mlp.gate_proj": 1228.3017578125,
    "model.layers.18.mlp.up_proj": 1227.9671630859375,
    "model.layers.18.mlp.down_proj": 1230.560302734375,
    "model.layers.19.self_attn.q_proj": 1222.9998779296875,
    "model.layers.19.self_attn.k_proj": 1229.908935546875,
    "model.layers.19.self_attn.v_proj": 1236.0015869140625,
    "model.layers.19.self_attn.o_proj": 1222.3968505859375,
    "model.layers.19.mlp.gate_proj": 1227.0008544921875,
    "model.layers.19.mlp.up_proj": 1229.7095947265625,
    "model.layers.19.mlp.down_proj": 1223.1004638671875,