{
    "model.layers.0.self_attn.q_proj": 1227.4134521484375,
    "model.layers.0.self_attn.k_proj": 1227.4134521484375,
    "model.layers.0.self_attn.v_proj": 1227.4134521484375,
    "model.layers.0.self_attn.o_proj": 1228.928955078125,
    "model.layers.0.mlp.gate_proj": 1227.19921875,
    "model.layers.0.mlp.up_proj": 1227.5740966796875,
    "model.layers.0.mlp.down_proj": 1229.4739990234375,
    "model.layers.1.self_attn.q_proj": 1227.115478515625,
    "model.layers.1.self_attn.k_proj": 1226.9154052734375,
    "model.layers.1.self_attn.v_proj": 1227.1943359375,
    "model.layers.1.self_attn.o_proj": 1220.649169921875,
    "model.layers.1.mlp.gate_proj": 1228.3997802734375,
    "model.layers.1.mlp.up_proj": 1228.090087890625,
    "model.layers.1.mlp.down_proj": 1220.9251708984375,
    "model.layers.2.self_attn.q_proj": 1226.12060546875,
    "model.layers.2.self_attn.k_proj": 1228.79345703125,
    "model.layers.2.self_attn.v_proj": 1237.3397216796875,
    "model.layers.2.self_attn.o_proj": 1214.0865478515625,
    "model.layers.2.mlp.gate_proj": 1233.5614013671875,
    "model.layers.2.mlp.up_proj": 1231.8226318359375,
    "model.layers.2.mlp.down_proj": 1229.07275390625,
    "model.layers.3.self_attn.q_proj": 1232.6075439453125,
    "model.layers.3.self_attn.k_proj": 1215.1964111328125,
    "model.layers.3.self_attn.v_proj": 1255.0445556640625,
    "model.layers.3.self_attn.o_proj": 1229.94091796875,
    "model.layers.3.mlp.gate_proj": 1226.053466796875,
    "model.layers.3.mlp.up_proj": 1218.4732666015625,
    "model.layers.3.mlp.down_proj": 1222.3223876953125,
    "model.layers.4.self_attn.q_proj": 1227.6751708984375,
    "model.layers.4.self_attn.k_proj": 1229.3502197265625,
    "model.layers.4.self_attn.v_proj": 1299.4246826171875,
    "model.layers.4.self_attn.o_proj": 1216.585205078125,
    "model.layers.4.mlp.gate_proj": 1226.3421630859375,
    "model.layers.4.mlp.up_proj": 1221.616943359375,
    "model.layers.4.mlp.down_proj": 1229.4178466796875,
    "model.layers.5.self_attn.q_proj": 1233.2423095703125,
    "model.layers.5.self_attn.k_proj": 1231.2335205078125,
    "model.layers.5.self_attn.v_proj": 1258.1458740234375,
    "model.layers.5.self_attn.o_proj": 1220.41162109375,
    "model.layers.5.mlp.gate_proj": 1230.18408203125,
    "model.layers.5.mlp.up_proj": 1225.44384765625,
    "model.layers.5.mlp.down_proj": 1183.5345458984375,
    "model.layers.6.self_attn.q_proj": 1213.4329833984375,
    "model.layers.6.self_attn.k_proj": 1228.8731689453125,
    "model.layers.6.self_attn.v_proj": 1265.3367919921875,
    "model.layers.6.self_attn.o_proj": 1198.292236328125,
    "model.layers.6.mlp.gate_proj": 1212.0111083984375,
    "model.layers.6.mlp.up_proj": 1238.0880126953125,
    "model.layers.6.mlp.down_proj": 1207.054931640625,
    "model.layers.7.self_attn.q_proj": 1217.3990478515625,
    "model.layers.7.self_attn.k_proj": 1267.1275634765625,
    "model.layers.7.self_attn.v_proj": 1271.9847412109375,
    "model.layers.7.self_attn.o_proj": 1222.9088134765625,
    "model.layers.7.mlp.gate_proj": 1224.8760986328125,
    "model.layers.7.mlp.up_proj": 1222.687744140625,
    "model.layers.7.mlp.down_proj": 1230.47314453125,
    "model.layers.8.self_attn.q_proj": 1218.829833984375,
    "model.layers.8.self_attn.k_proj": 1229.166748046875,
    "model.layers.8.self_attn.v_proj": 1249.2987060546875,
    "model.layers.8.self_attn.o_proj": 1217.1561279296875,
    "model.layers.8.mlp.gate_proj": 1222.61865234375,
    "model.layers.8.mlp.up_proj": 1240.68212890625,
    "model.layers.8.mlp.down_proj": 1217.29931640625,
    "model.layers.9.self_attn.q_proj": 1234.906005859375,
    "model.layers.9.self_attn.k_proj": 1233.9346923828125,
    "model.layers.9.self_attn.v_proj": 1295.3936767578125,
    "model.layers.9.self_attn.o_proj": 1209.035888671875,
    "model.layers.9.mlp.gate_proj": 1226.040283203125,
    "model.layers.9.mlp.up_proj": 1237.8177490234375,
    "model.layers.9.mlp.down_proj": 1240.7418212890625,
    "model.layers.10.self_attn.q_proj": 1227.9649658203125,
    "model.layers.10.self_attn.k_proj": 1222.964111328125,
    "model.layers.10.self_attn.v_proj": 1266.2850341796875,
    "model.layers.10.self_attn.o_proj": 1211.1141357421875,
    "model.layers.10.mlp.gate_proj": 1238.5958251953125,
    "model.layers.10.mlp.up_proj": 1237.1368408203125,
    "model.layers.10.mlp.down_proj": 1220.340087890625,
    "model.layers.11.self_attn.q_proj": 1235.6785888671875,
    "model.layers.11.self_attn.k_proj": 1245.7779541015625,
    "model.layers.11.self_attn.v_proj": 1262.4691162109375,
    "model.layers.11.self_attn.o_proj": 1203.5035400390625,
    "model.layers.11.mlp.gate_proj": 1236.4930419921875,
    "model.layers.11.mlp.up_proj": 1244.5059814453125,
    "model.layers.11.mlp.down_proj": 1237.5609130859375,
    "model.layers.12.self_attn.q_proj": 1219.9215087890625,
    "model.layers.12.self_attn.k_proj": 1198.104248046875,
    "model.layers.12.self_attn.v_proj": 1284.8590087890625,
    "model.layers.12.self_attn.o_proj": 1196.4068603515625,
    "model.layers.12.mlp.gate_proj": 1242.0760498046875,
    "model.layers.12.mlp.up_proj": 1236.2938232421875,
    "model.layers.12.mlp.down_proj": 1234.2401123046875,
    "model.layers.13.self_attn.q_proj": 1222.09326171875,
    "model.layers.13.self_attn.k_proj": 1221.633544921875,
    "model.layers.13.self_attn.v_proj": 1287.2374267578125,
    "model.layers.13.self_attn.o_proj": 1205.50146484375,
    "model.layers.13.mlp.gate_proj": 1209.725830078125,
    "model.layers.13.mlp.up_proj": 1221.8521728515625,
    "model.layers.13.mlp.down_proj": 1240.679931640625,
    "model.layers.14.self_attn.q_proj": 1229.2655029296875,
    "model.layers.14.self_attn.k_proj": 1231.43896484375,
    "model.layers.14.self_attn.v_proj": 1253.1663818359375,
    "model.layers.14.self_attn.o_proj": 1218.8828125,
    "model.layers.14.mlp.gate_proj": 1233.675048828125,
    "model.layers.14.mlp.up_proj": 1219.834228515625,
    "model.layers.14.mlp.down_proj": 1233.313720703125,
    "model.layers.15.self_attn.q_proj": 1227.9951171875,
    "model.layers.15.self_attn.k_proj": 1183.081787109375,
    "model.layers.15.self_attn.v_proj": 1285.29638671875,
    "model.layers.15.self_attn.o_proj": 1214.5836181640625,
    "model.layers.15.mlp.gate_proj": 1226.7789306640625,
    "model.layers.15.mlp.up_proj": 1216.404052734375,
    "model.layers.15.mlp.down_proj": 1225.5843505859375,
    "model.layers.16.self_attn.q_proj": 1224.9345703125,
    "model.layers.16.self_attn.k_proj": 1238.1832275390625,
    "model.layers.16.self_attn.v_proj": 1287.5469970703125,
    "model.layers.16.self_attn.o_proj": 1215.6337890625,
    "model.layers.16.mlp.gate_proj": 1227.2662353515625,
    "model.layers.16.mlp.up_proj": 1228.53857421875,
    "model.layers.16.mlp.down_proj": 1212.9044189453125,
    "model.layers.17.self_attn.q_proj": 1218.275634765625,
    "model.layers.17.self_attn.k_proj": 1246.217041015625,
    "model.layers.17.self_attn.v_proj": 1282.1234130859375,
    "model.layers.17.self_attn.o_proj": 1189.9266357421875,
    "model.layers.17.mlp.gate_proj": 1241.58642578125,
    "model.layers.17.mlp.up_proj": 1229.2664794921875,
    "model.layers.17.mlp.down_proj": 1225.72998046875,
    "model.layers.18.self_attn.q_proj": 1224.6005859375,
    "model.layers.18.self_attn.k_proj": 1179.3826904296875,
    "model.layers.18.self_attn.v_proj": 1267.8824462890625,
    "model.layers.18.self_attn.o_proj": 1200.0006103515625,
    "model.layers.18.mlp.gate_proj": 1228.587158203125,
    "model.layers.18.mlp.up_proj": 1232.3209228515625,
    "model.layers.18.mlp.down_proj": 1224.4010009765625,
    "model.layers.19.self_attn.q_proj": 1218.7725830078125,
    "model.layers.19.self_attn.k_proj": 1224.9161376953125,
    "model.layers.19.self_attn.v_proj": 1264.310302734375,
    "model.layers.19.self_attn.o_proj": 1205.441650390625,
    "model.layers.19.mlp.gate_proj": 1225.7984619140625,
    "model.layers.19.mlp.up_proj": 1228.3226318359375,