{
    "model.layers.0.self_attn.q_proj": 1232.0281982421875,
    "model.layers.0.self_attn.k_proj": 1232.0281982421875,
    "model.layers.0.self_attn.v_proj": 1232.0281982421875,
    "model.layers.0.self_attn.o_proj": 1231.9874267578125,
    "model.layers.0.mlp.gate_proj": 1231.92724609375,
    "model.layers.0.mlp.up_proj": 1232.031494140625,
    "model.layers.0.mlp.down_proj": 1232.1927490234375,
    "model.layers.1.self_attn.q_proj": 1231.913818359375,
    "model.layers.1.self_attn.k_proj": 1231.984619140625,
    "model.layers.1.self_attn.v_proj": 1231.868408203125,
    "model.layers.1.self_attn.o_proj": 1232.967529296875,
    "model.layers.1.mlp.gate_proj": 1232.072998046875,
    "model.layers.1.mlp.up_proj": 1231.6981201171875,
    "model.layers.1.mlp.down_proj": 1228.77783203125,
    "model.layers.2.self_attn.q_proj": 1231.2327880859375,
    "model.layers.2.self_attn.k_proj": 1232.6680908203125,
    "model.layers.2.self_attn.v_proj": 1232.83203125,
    "model.layers.2.self_attn.o_proj": 1231.876953125,
    "model.layers.2.mlp.gate_proj": 1231.845947265625,
    "model.layers.2.mlp.up_proj": 1232.5819091796875,
    "model.layers.2.mlp.down_proj": 1232.34619140625,
    "model.layers.3.self_attn.q_proj": 1232.312744140625,
    "model.layers.3.self_attn.k_proj": 1229.75244140625,
    "model.layers.3.self_attn.v_proj": 1234.904052734375,
    "model.layers.3.self_attn.o_proj": 1233.06591796875,
    "model.layers.3.mlp.gate_proj": 1232.570556640625,
    "model.layers.3.mlp.up_proj": 1230.9835205078125,
    "model.layers.3.mlp.down_proj": 1233.1539306640625,
    "model.layers.4.self_attn.q_proj": 1232.4625244140625,
    "model.layers.4.self_attn.k_proj": 1233.5877685546875,
    "model.layers.4.self_attn.v_proj": 1240.757568359375,
    "model.layers.4.self_attn.o_proj": 1232.7872314453125,
    "model.layers.4.mlp.gate_proj": 1232.9185791015625,
    "model.layers.4.mlp.up_proj": 1233.541259765625,
    "model.layers.4.mlp.down_proj": 1233.5615234375,
    "model.layers.5.self_attn.q_proj": 1232.995361328125,
    "model.layers.5.self_attn.k_proj": 1232.6771240234375,
    "model.layers.5.self_attn.v_proj": 1235.72705078125,
    "model.layers.5.self_attn.o_proj": 1231.1707763671875,
    "model.layers.5.mlp.gate_proj": 1230.968017578125,
    "model.layers.5.mlp.up_proj": 1233.8009033203125,
    "model.layers.5.mlp.down_proj": 1210.917236328125,
    "model.layers.6.self_attn.q_proj": 1229.8863525390625,
    "model.layers.6.self_attn.k_proj": 1232.7740478515625,
    "model.layers.6.self_attn.v_proj": 1232.50341796875,
    "model.layers.6.self_attn.o_proj": 1219.396240234375,
    "model.layers.6.mlp.gate_proj": 1230.3602294921875,
    "model.layers.6.mlp.up_proj": 1235.4847412109375,
    "model.layers.6.mlp.down_proj": 1228.9639892578125,
    "model.layers.7.self_attn.q_proj": 1230.6063232421875,
    "model.layers.7.self_attn.k_proj": 1235.9278564453125,
    "model.layers.7.self_attn.v_proj": 1235.513671875,
    "model.layers.7.self_attn.o_proj": 1233.7999267578125,
    "model.layers.7.mlp.gate_proj": 1231.077880859375,
    "model.layers.7.mlp.up_proj": 1231.92919921875,
    "model.layers.7.mlp.down_proj": 1233.80419921875,
    "model.layers.8.self_attn.q_proj": 1229.6424560546875,
    "model.layers.8.self_attn.k_proj": 1232.1541748046875,
    "model.layers.8.self_attn.v_proj": 1234.130615234375,
    "model.layers.8.self_attn.o_proj": 1231.649169921875,
    "model.layers.8.mlp.gate_proj": 1231.850830078125,
    "model.layers.8.mlp.up_proj": 1234.3211669921875,
    "model.layers.8.mlp.down_proj": 1232.09033203125,
    "model.layers.9.self_attn.q_proj": 1234.23974609375,
    "model.layers.9.self_attn.k_proj": 1231.7164306640625,
    "model.layers.9.self_attn.v_proj": 1242.69287109375,
    "model.layers.9.self_attn.o_proj": 1230.5428466796875,
    "model.layers.9.mlp.gate_proj": 1233.1417236328125,
    "model.layers.9.mlp.up_proj": 1232.4114990234375,
    "model.layers.9.mlp.down_proj": 1233.6173095703125,
    "model.layers.10.self_attn.q_proj": 1230.7161865234375,
    "model.layers.10.self_attn.k_proj": 1232.705078125,
    "model.layers.10.self_attn.v_proj": 1236.3134765625,
    "model.layers.10.self_attn.o_proj": 1228.4998779296875,
    "model.layers.10.mlp.gate_proj": 1232.3563232421875,
    "model.layers.10.mlp.up_proj": 1233.5445556640625,
    "model.layers.10.mlp.down_proj": 1231.389892578125,
    "model.layers.11.self_attn.q_proj": 1231.16455078125,
    "model.layers.11.self_attn.k_proj": 1232.2587890625,
    "model.layers.11.self_attn.v_proj": 1238.4256591796875,
    "model.layers.11.self_attn.o_proj": 1231.05078125,
    "model.layers.11.mlp.gate_proj": 1230.6446533203125,
    "model.layers.11.mlp.up_proj": 1231.9105224609375,
    "model.layers.11.mlp.down_proj": 1238.6126708984375,
    "model.layers.12.self_attn.q_proj": 1230.485595703125,
    "model.layers.12.self_attn.k_proj": 1231.038818359375,
    "model.layers.12.self_attn.v_proj": 1235.9403076171875,
    "model.layers.12.self_attn.o_proj": 1221.523193359375,
    "model.layers.12.mlp.gate_proj": 1233.1844482421875,
    "model.layers.12.mlp.up_proj": 1237.3128662109375,
    "model.layers.12.mlp.down_proj": 1232.92529296875,
    "model.layers.13.self_attn.q_proj": 1229.04345703125,
    "model.layers.13.self_attn.k_proj": 1231.0306396484375,
    "model.layers.13.self_attn.v_proj": 1239.060546875,
    "model.layers.13.self_attn.o_proj": 1221.9871826171875,
    "model.layers.13.mlp.gate_proj": 1222.2628173828125,
    "model.layers.13.mlp.up_proj": 1223.83056640625,
    "model.layers.13.mlp.down_proj": 1234.5689697265625,
    "model.layers.14.self_attn.q_proj": 1232.730712890625,
    "model.layers.14.self_attn.k_proj": 1233.7254638671875,
    "model.layers.14.self_attn.v_proj": 1232.4755859375,
    "model.layers.14.self_attn.o_proj": 1227.2572021484375,
    "model.layers.14.mlp.gate_proj": 1233.5775146484375,
    "model.layers.14.mlp.up_proj": 1233.2568359375,
    "model.layers.14.mlp.down_proj": 1234.7587890625,
    "model.layers.15.self_attn.q_proj": 1232.344482421875,
    "model.layers.15.self_attn.k_proj": 1221.1966552734375,
    "model.layers.15.self_attn.v_proj": 1236.123779296875,
    "model.layers.15.self_attn.o_proj": 1230.743896484375,
    "model.layers.15.mlp.gate_proj": 1232.979248046875,
    "model.layers.15.mlp.up_proj": 1227.221923828125,
    "model.layers.15.mlp.down_proj": 1231.422607421875,
    "model.layers.16.self_attn.q_proj": 1231.127685546875,
    "model.layers.16.self_attn.k_proj": 1231.4776611328125,
    "model.layers.16.self_attn.v_proj": 1239.8355712890625,
    "model.layers.16.self_attn.o_proj": 1227.8212890625,
    "model.layers.16.mlp.gate_proj": 1232.6153564453125,
    "model.layers.16.mlp.up_proj": 1235.3638916015625,
    "model.layers.16.mlp.down_proj": 1230.981689453125,
    "model.layers.17.self_attn.q_proj": 1230.5836181640625,
    "model.layers.17.self_attn.k_proj": 1234.2830810546875,
    "model.layers.17.self_attn.v_proj": 1233.1058349609375,
    "model.layers.17.self_attn.o_proj": 1230.1014404296875,
    "model.layers.17.mlp.gate_proj": 1234.55322265625,
    "model.layers.17.mlp.up_proj": 1234.0604248046875,
    "model.layers.17.mlp.down_proj": 1231.7125244140625,
    "model.layers.18.self_attn.q_proj": 1230.2877197265625,
    "model.layers.18.self_attn.k_proj": 1226.2069091796875,
    "model.layers.18.self_attn.v_proj": 1237.3277587890625,
    "model.layers.18.self_attn.o_proj": 1227.0703125,
    "model.layers.18.mlp.gate_proj": 1232.2545166015625,
    "model.layers.18.mlp.up_proj": 1232.194580078125,
    "model.layers.18.mlp.down_proj": 1234.8978271484375,
    "model.layers.19.self_attn.q_proj": 1228.4296875,
    "model.layers.19.self_attn.k_proj": 1233.537109375,
    "model.layers.19.self_attn.v_proj": 1235.48095703125,
    "model.layers.19.self_attn.o_proj": 1229.4761962890625,
    "model.layers.19.mlp.gate_proj": 1231.8121337890625,
    "model.layers.19.mlp.up_proj": 1232.1192626953125,
    "model.layers.19.mlp.down_proj": 1227.7996826171875,