{
    "model.layers.0.self_attn.q_proj": 1227.7012939453125,
    "model.layers.0.self_attn.k_proj": 1227.7012939453125,
    "model.layers.0.self_attn.v_proj": 1227.7012939453125,
    "model.layers.0.self_attn.o_proj": 1228.5540771484375,
    "model.layers.0.mlp.gate_proj": 1227.4869384765625,
    "model.layers.0.mlp.up_proj": 1227.7908935546875,
    "model.layers.0.mlp.down_proj": 1229.449462890625,
    "model.layers.1.self_attn.q_proj": 1227.434326171875,
    "model.layers.1.self_attn.k_proj": 1227.39599609375,
    "model.layers.1.self_attn.v_proj": 1227.5933837890625,
    "model.layers.1.self_attn.o_proj": 1223.7918701171875,
    "model.layers.1.mlp.gate_proj": 1227.88818359375,
    "model.layers.1.mlp.up_proj": 1228.112548828125,
    "model.layers.1.mlp.down_proj": 1221.2281494140625,
    "model.layers.2.self_attn.q_proj": 1226.3717041015625,
    "model.layers.2.self_attn.k_proj": 1229.975830078125,
    "model.layers.2.self_attn.v_proj": 1233.48046875,
    "model.layers.2.self_attn.o_proj": 1218.546142578125,
    "model.layers.2.mlp.gate_proj": 1230.149658203125,
    "model.layers.2.mlp.up_proj": 1229.672119140625,
    "model.layers.2.mlp.down_proj": 1228.9541015625,
    "model.layers.3.self_attn.q_proj": 1230.8604736328125,
    "model.layers.3.self_attn.k_proj": 1219.6229248046875,
    "model.layers.3.self_attn.v_proj": 1249.592041015625,
    "model.layers.3.self_attn.o_proj": 1230.0517578125,
    "model.layers.3.mlp.gate_proj": 1227.123779296875,
    "model.layers.3.mlp.up_proj": 1217.3682861328125,
    "model.layers.3.mlp.down_proj": 1228.6627197265625,
    "model.layers.4.self_attn.q_proj": 1225.6593017578125,
    "model.layers.4.self_attn.k_proj": 1230.220947265625,
    "model.layers.4.self_attn.v_proj": 1278.3651123046875,
    "model.layers.4.self_attn.o_proj": 1221.91162109375,
    "model.layers.4.mlp.gate_proj": 1228.909912109375,
    "model.layers.4.mlp.up_proj": 1225.6119384765625,
    "model.layers.4.mlp.down_proj": 1228.73388671875,
    "model.layers.5.self_attn.q_proj": 1231.2362060546875,
    "model.layers.5.self_attn.k_proj": 1234.23828125,
    "model.layers.5.self_attn.v_proj": 1247.720458984375,
    "model.layers.5.self_attn.o_proj": 1222.0670166015625,
    "model.layers.5.mlp.gate_proj": 1229.466552734375,
    "model.layers.5.mlp.up_proj": 1226.0159912109375,
    "model.layers.5.mlp.down_proj": 1184.5299072265625,
    "model.layers.6.self_attn.q_proj": 1215.0723876953125,
    "model.layers.6.self_attn.k_proj": 1226.5765380859375,
    "model.layers.6.self_attn.v_proj": 1253.6759033203125,
    "model.layers.6.self_attn.o_proj": 1199.3370361328125,
    "model.layers.6.mlp.gate_proj": 1216.8231201171875,
    "model.layers.6.mlp.up_proj": 1244.31591796875,
    "model.layers.6.mlp.down_proj": 1211.01123046875,
    "model.layers.7.self_attn.q_proj": 1220.58203125,
    "model.layers.7.self_attn.k_proj": 1255.574951171875,
    "model.layers.7.self_attn.v_proj": 1251.767578125,
    "model.layers.7.self_attn.o_proj": 1228.616943359375,
    "model.layers.7.mlp.gate_proj": 1222.9610595703125,
    "model.layers.7.mlp.up_proj": 1226.090576171875,
    "model.layers.7.mlp.down_proj": 1232.2362060546875,
    "model.layers.8.self_attn.q_proj": 1220.657958984375,
    "model.layers.8.self_attn.k_proj": 1230.46533203125,
    "model.layers.8.self_attn.v_proj": 1245.55859375,
    "model.layers.8.self_attn.o_proj": 1218.578857421875,
    "model.layers.8.mlp.gate_proj": 1222.9903564453125,
    "model.layers.8.mlp.up_proj": 1238.1973876953125,
    "model.layers.8.mlp.down_proj": 1219.67236328125,
    "model.layers.9.self_attn.q_proj": 1235.6624755859375,
    "model.layers.9.self_attn.k_proj": 1227.6400146484375,
    "model.layers.9.self_attn.v_proj": 1270.0184326171875,
    "model.layers.9.self_attn.o_proj": 1211.899169921875,
    "model.layers.9.mlp.gate_proj": 1228.5400390625,
    "model.layers.9.mlp.up_proj": 1233.710693359375,
    "model.layers.9.mlp.down_proj": 1235.595458984375,
    "model.layers.10.self_attn.q_proj": 1227.27978515625,
    "model.layers.10.self_attn.k_proj": 1225.25439453125,
    "model.layers.10.self_attn.v_proj": 1255.554443359375,
    "model.layers.10.self_attn.o_proj": 1212.260009765625,
    "model.layers.10.mlp.gate_proj": 1237.9937744140625,
    "model.layers.10.mlp.up_proj": 1233.556640625,
    "model.layers.10.mlp.down_proj": 1221.70947265625,
    "model.layers.11.self_attn.q_proj": 1230.6351318359375,
    "model.layers.11.self_attn.k_proj": 1241.731201171875,
    "model.layers.11.self_attn.v_proj": 1258.3560791015625,
    "model.layers.11.self_attn.o_proj": 1215.9779052734375,
    "model.layers.11.mlp.gate_proj": 1231.5811767578125,
    "model.layers.11.mlp.up_proj": 1238.177978515625,
    "model.layers.11.mlp.down_proj": 1235.3419189453125,
    "model.layers.12.self_attn.q_proj": 1218.1295166015625,
    "model.layers.12.self_attn.k_proj": 1208.68212890625,
    "model.layers.12.self_attn.v_proj": 1271.6943359375,
    "model.layers.12.self_attn.o_proj": 1201.73193359375,
    "model.layers.12.mlp.gate_proj": 1234.225830078125,
    "model.layers.12.mlp.up_proj": 1236.49365234375,
    "model.layers.12.mlp.down_proj": 1231.8424072265625,
    "model.layers.13.self_attn.q_proj": 1222.611083984375,
    "model.layers.13.self_attn.k_proj": 1224.089111328125,
    "model.layers.13.self_attn.v_proj": 1271.755615234375,
    "model.layers.13.self_attn.o_proj": 1208.304443359375,
    "model.layers.13.mlp.gate_proj": 1211.161865234375,
    "model.layers.13.mlp.up_proj": 1220.221923828125,
    "model.layers.13.mlp.down_proj": 1241.71142578125,
    "model.layers.14.self_attn.q_proj": 1229.3751220703125,
    "model.layers.14.self_attn.k_proj": 1229.1416015625,
    "model.layers.14.self_attn.v_proj": 1243.6124267578125,
    "model.layers.14.self_attn.o_proj": 1220.554931640625,
    "model.layers.14.mlp.gate_proj": 1236.95068359375,
    "model.layers.14.mlp.up_proj": 1223.12060546875,
    "model.layers.14.mlp.down_proj": 1232.2803955078125,
    "model.layers.15.self_attn.q_proj": 1228.4652099609375,
    "model.layers.15.self_attn.k_proj": 1198.357177734375,
    "model.layers.15.self_attn.v_proj": 1265.8270263671875,
    "model.layers.15.self_attn.o_proj": 1221.4132080078125,
    "model.layers.15.mlp.gate_proj": 1230.0814208984375,
    "model.layers.15.mlp.up_proj": 1215.4515380859375,
    "model.layers.15.mlp.down_proj": 1228.1534423828125,
    "model.layers.16.self_attn.q_proj": 1225.20068359375,
    "model.layers.16.self_attn.k_proj": 1229.4107666015625,
    "model.layers.16.self_attn.v_proj": 1267.2491455078125,
    "model.layers.16.self_attn.o_proj": 1217.9736328125,
    "model.layers.16.mlp.gate_proj": 1227.124755859375,
    "model.layers.16.mlp.up_proj": 1231.8917236328125,
    "model.layers.16.mlp.down_proj": 1220.95849609375,
    "model.layers.17.self_attn.q_proj": 1221.233154296875,
    "model.layers.17.self_attn.k_proj": 1237.8243408203125,
    "model.layers.17.self_attn.v_proj": 1266.02294921875,
    "model.layers.17.self_attn.o_proj": 1202.4818115234375,
    "model.layers.17.mlp.gate_proj": 1235.920654296875,
    "model.layers.17.mlp.up_proj": 1229.56494140625,
    "model.layers.17.mlp.down_proj": 1220.5020751953125,
    "model.layers.18.self_attn.q_proj": 1224.1912841796875,
    "model.layers.18.self_attn.k_proj": 1196.13916015625,
    "model.layers.18.self_attn.v_proj": 1253.90234375,
    "model.layers.18.self_attn.o_proj": 1210.1910400390625,
    "model.layers.18.mlp.gate_proj": 1228.8922119140625,
    "model.layers.18.mlp.up_proj": 1232.0784912109375,
    "model.layers.18.mlp.down_proj": 1223.9815673828125,
    "model.layers.19.self_attn.q_proj": 1221.5965576171875,
    "model.layers.19.self_attn.k_proj": 1227.346435546875,
    "model.layers.19.self_attn.v_proj": 1250.9656982421875,
    "model.layers.19.self_attn.o_proj": 1215.7486572265625,
    "model.layers.19.mlp.gate_proj": 1227.1007080078125,
    "model.layers.19.mlp.up_proj": 1228.7086181640625,
    "model.layers.19.mlp.down_proj": 1222.415771484375,