{
    "model.layers.0.self_attn.q_proj": 1225.3603515625,
    "model.layers.0.self_attn.k_proj": 1225.3603515625,
    "model.layers.0.self_attn.v_proj": 1225.3603515625,
    "model.layers.0.self_attn.o_proj": 1226.9215087890625,
    "model.layers.0.mlp.gate_proj": 1225.0855712890625,
    "model.layers.0.mlp.up_proj": 1225.0118408203125,
    "model.layers.0.mlp.down_proj": 1230.209716796875,
    "model.layers.1.self_attn.q_proj": 1224.9351806640625,
    "model.layers.1.self_attn.k_proj": 1224.994384765625,
    "model.layers.1.self_attn.v_proj": 1224.1351318359375,
    "model.layers.1.self_attn.o_proj": 1212.955078125,
    "model.layers.1.mlp.gate_proj": 1226.3084716796875,
    "model.layers.1.mlp.up_proj": 1223.8062744140625,
    "model.layers.1.mlp.down_proj": 1214.6005859375,
    "model.layers.2.self_attn.q_proj": 1225.579833984375,
    "model.layers.2.self_attn.k_proj": 1226.819091796875,
    "model.layers.2.self_attn.v_proj": 1245.244384765625,
    "model.layers.2.self_attn.o_proj": 1211.912109375,
    "model.layers.2.mlp.gate_proj": 1235.8330078125,
    "model.layers.2.mlp.up_proj": 1232.724609375,
    "model.layers.2.mlp.down_proj": 1238.3519287109375,
    "model.layers.3.self_attn.q_proj": 1225.63671875,
    "model.layers.3.self_attn.k_proj": 1213.6363525390625,
    "model.layers.3.self_attn.v_proj": 1313.37744140625,
    "model.layers.3.self_attn.o_proj": 1231.8240966796875,
    "model.layers.3.mlp.gate_proj": 1217.03076171875,
    "model.layers.3.mlp.up_proj": 1210.222900390625,
    "model.layers.3.mlp.down_proj": 1225.2327880859375,
    "model.layers.4.self_attn.q_proj": 1227.8109130859375,
    "model.layers.4.self_attn.k_proj": 1229.3271484375,
    "model.layers.4.self_attn.v_proj": 1378.4970703125,
    "model.layers.4.self_attn.o_proj": 1201.312255859375,
    "model.layers.4.mlp.gate_proj": 1223.69677734375,
    "model.layers.4.mlp.up_proj": 1212.5494384765625,
    "model.layers.4.mlp.down_proj": 1231.7557373046875,
    "model.layers.5.self_attn.q_proj": 1238.6234130859375,
    "model.layers.5.self_attn.k_proj": 1226.640869140625,
    "model.layers.5.self_attn.v_proj": 1294.1268310546875,
    "model.layers.5.self_attn.o_proj": 1222.917724609375,
    "model.layers.5.mlp.gate_proj": 1220.022216796875,
    "model.layers.5.mlp.up_proj": 1221.808349609375,
    "model.layers.5.mlp.down_proj": 1175.054443359375,
    "model.layers.6.self_attn.q_proj": 1215.5853271484375,
    "model.layers.6.self_attn.k_proj": 1249.1876220703125,
    "model.layers.6.self_attn.v_proj": 1314.223388671875,
    "model.layers.6.self_attn.o_proj": 1186.925537109375,
    "model.layers.6.mlp.gate_proj": 1205.03857421875,
    "model.layers.6.mlp.up_proj": 1229.554931640625,
    "model.layers.6.mlp.down_proj": 1199.44482421875,
    "model.layers.7.self_attn.q_proj": 1208.598388671875,
    "model.layers.7.self_attn.k_proj": 1264.6544189453125,
    "model.layers.7.self_attn.v_proj": 1323.34375,
    "model.layers.7.self_attn.o_proj": 1209.55517578125,
    "model.layers.7.mlp.gate_proj": 1224.6507568359375,
    "model.layers.7.mlp.up_proj": 1221.7197265625,
    "model.layers.7.mlp.down_proj": 1210.528076171875,
    "model.layers.8.self_attn.q_proj": 1210.7763671875,
    "model.layers.8.self_attn.k_proj": 1231.142822265625,
    "model.layers.8.self_attn.v_proj": 1275.072265625,
    "model.layers.8.self_attn.o_proj": 1190.873779296875,
    "model.layers.8.mlp.gate_proj": 1219.88623046875,
    "model.layers.8.mlp.up_proj": 1250.3321533203125,
    "model.layers.8.mlp.down_proj": 1198.458740234375,
    "model.layers.9.self_attn.q_proj": 1242.8330078125,
    "model.layers.9.self_attn.k_proj": 1228.51953125,
    "model.layers.9.self_attn.v_proj": 1347.541259765625,
    "model.layers.9.self_attn.o_proj": 1195.1435546875,
    "model.layers.9.mlp.gate_proj": 1212.657958984375,
    "model.layers.9.mlp.up_proj": 1252.1484375,
    "model.layers.9.mlp.down_proj": 1250.376220703125,
    "model.layers.10.self_attn.q_proj": 1215.26953125,
    "model.layers.10.self_attn.k_proj": 1211.759521484375,
    "model.layers.10.self_attn.v_proj": 1315.69189453125,
    "model.layers.10.self_attn.o_proj": 1190.5347900390625,
    "model.layers.10.mlp.gate_proj": 1235.1973876953125,
    "model.layers.10.mlp.up_proj": 1223.1553955078125,
    "model.layers.10.mlp.down_proj": 1205.6490478515625,
    "model.layers.11.self_attn.q_proj": 1227.633544921875,
    "model.layers.11.self_attn.k_proj": 1249.3177490234375,
    "model.layers.11.self_attn.v_proj": 1275.5894775390625,
    "model.layers.11.self_attn.o_proj": 1174.69384765625,
    "model.layers.11.mlp.gate_proj": 1242.289794921875,
    "model.layers.11.mlp.up_proj": 1247.911865234375,
    "model.layers.11.mlp.down_proj": 1239.63330078125,
    "model.layers.12.self_attn.q_proj": 1209.21142578125,
    "model.layers.12.self_attn.k_proj": 1156.9132080078125,
    "model.layers.12.self_attn.v_proj": 1325.6378173828125,
    "model.layers.12.self_attn.o_proj": 1176.57958984375,
    "model.layers.12.mlp.gate_proj": 1244.1669921875,
    "model.layers.12.mlp.up_proj": 1233.366455078125,
    "model.layers.12.mlp.down_proj": 1251.5775146484375,
    "model.layers.13.self_attn.q_proj": 1224.689208984375,
    "model.layers.13.self_attn.k_proj": 1218.1038818359375,
    "model.layers.13.self_attn.v_proj": 1337.23779296875,
    "model.layers.13.self_attn.o_proj": 1197.274169921875,
    "model.layers.13.mlp.gate_proj": 1217.5640869140625,
    "model.layers.13.mlp.up_proj": 1232.4400634765625,
    "model.layers.13.mlp.down_proj": 1241.0302734375,
    "model.layers.14.self_attn.q_proj": 1225.5322265625,
    "model.layers.14.self_attn.k_proj": 1214.5318603515625,
    "model.layers.14.self_attn.v_proj": 1295.1475830078125,
    "model.layers.14.self_attn.o_proj": 1198.908935546875,
    "model.layers.14.mlp.gate_proj": 1232.2412109375,
    "model.layers.14.mlp.up_proj": 1218.0379638671875,
    "model.layers.14.mlp.down_proj": 1252.93896484375,
    "model.layers.15.self_attn.q_proj": 1226.9866943359375,
    "model.layers.15.self_attn.k_proj": 1145.6741943359375,
    "model.layers.15.self_attn.v_proj": 1331.0567626953125,
    "model.layers.15.self_attn.o_proj": 1187.8206787109375,
    "model.layers.15.mlp.gate_proj": 1220.405517578125,
    "model.layers.15.mlp.up_proj": 1218.548828125,
    "model.layers.15.mlp.down_proj": 1222.4117431640625,
    "model.layers.16.self_attn.q_proj": 1215.458251953125,
    "model.layers.16.self_attn.k_proj": 1271.0457763671875,
    "model.layers.16.self_attn.v_proj": 1325.098876953125,
    "model.layers.16.self_attn.o_proj": 1217.4110107421875,
    "model.layers.16.mlp.gate_proj": 1219.172119140625,
    "model.layers.16.mlp.up_proj": 1219.3125,
    "model.layers.16.mlp.down_proj": 1193.3929443359375,
    "model.layers.17.self_attn.q_proj": 1208.9722900390625,
    "model.layers.17.self_attn.k_proj": 1255.62255859375,
    "model.layers.17.self_attn.v_proj": 1352.46533203125,
    "model.layers.17.self_attn.o_proj": 1175.57275390625,
    "model.layers.17.mlp.gate_proj": 1243.9356689453125,
    "model.layers.17.mlp.up_proj": 1238.2735595703125,
    "model.layers.17.mlp.down_proj": 1210.01904296875,
    "model.layers.18.self_attn.q_proj": 1220.8251953125,
    "model.layers.18.self_attn.k_proj": 1166.488037109375,
    "model.layers.18.self_attn.v_proj": 1334.2364501953125,
    "model.layers.18.self_attn.o_proj": 1169.833984375,
    "model.layers.18.mlp.gate_proj": 1233.1185302734375,
    "model.layers.18.mlp.up_proj": 1233.3411865234375,
    "model.layers.18.mlp.down_proj": 1218.0677490234375,
    "model.layers.19.self_attn.q_proj": 1212.9400634765625,
    "model.layers.19.self_attn.k_proj": 1207.7467041015625,
    "model.layers.19.self_attn.v_proj": 1280.199951171875,
    "model.layers.19.self_attn.o_proj": 1178.7073974609375,
    "model.layers.19.mlp.gate_proj": 1219.8895263671875,
    "model.layers.19.mlp.up_proj": 1234.801513671875,
    "model.layers.19.mlp.down_proj": 1211.1298828125,
    "model.layers.20.self_attn.q_proj": 1222.578857421875,