{
    "model.layers.0.self_attn.q_proj": 1230.3515625,
    "model.layers.0.self_attn.k_proj": 1230.3515625,
    "model.layers.0.self_attn.v_proj": 1230.3515625,
    "model.layers.0.self_attn.o_proj": 1230.2615966796875,
    "model.layers.0.mlp.gate_proj": 1230.1337890625,
    "model.layers.0.mlp.up_proj": 1230.3363037109375,
    "model.layers.0.mlp.down_proj": 1231.7264404296875,
    "model.layers.1.self_attn.q_proj": 1230.118896484375,
    "model.layers.1.self_attn.k_proj": 1230.2232666015625,
    "model.layers.1.self_attn.v_proj": 1230.2313232421875,
    "model.layers.1.self_attn.o_proj": 1228.8499755859375,
    "model.layers.1.mlp.gate_proj": 1230.60546875,
    "model.layers.1.mlp.up_proj": 1230.3817138671875,
    "model.layers.1.mlp.down_proj": 1224.45849609375,
    "model.layers.2.self_attn.q_proj": 1229.1187744140625,
    "model.layers.2.self_attn.k_proj": 1232.3546142578125,
    "model.layers.2.self_attn.v_proj": 1233.03955078125,
    "model.layers.2.self_attn.o_proj": 1224.789794921875,
    "model.layers.2.mlp.gate_proj": 1230.96630859375,
    "model.layers.2.mlp.up_proj": 1230.0592041015625,
    "model.layers.2.mlp.down_proj": 1231.3739013671875,
    "model.layers.3.self_attn.q_proj": 1231.7933349609375,
    "model.layers.3.self_attn.k_proj": 1227.261474609375,
    "model.layers.3.self_attn.v_proj": 1248.7528076171875,
    "model.layers.3.self_attn.o_proj": 1232.671630859375,
    "model.layers.3.mlp.gate_proj": 1231.6265869140625,
    "model.layers.3.mlp.up_proj": 1220.9842529296875,
    "model.layers.3.mlp.down_proj": 1235.6728515625,
    "model.layers.4.self_attn.q_proj": 1227.2470703125,
    "model.layers.4.self_attn.k_proj": 1232.5709228515625,
    "model.layers.4.self_attn.v_proj": 1269.9580078125,
    "model.layers.4.self_attn.o_proj": 1227.95654296875,
    "model.layers.4.mlp.gate_proj": 1232.37646484375,
    "model.layers.4.mlp.up_proj": 1232.411865234375,
    "model.layers.4.mlp.down_proj": 1231.342041015625,
    "model.layers.5.self_attn.q_proj": 1233.3970947265625,
    "model.layers.5.self_attn.k_proj": 1231.525390625,
    "model.layers.5.self_attn.v_proj": 1240.2659912109375,
    "model.layers.5.self_attn.o_proj": 1226.9769287109375,
    "model.layers.5.mlp.gate_proj": 1230.70654296875,
    "model.layers.5.mlp.up_proj": 1230.735107421875,
    "model.layers.5.mlp.down_proj": 1188.4661865234375,
    "model.layers.6.self_attn.q_proj": 1220.926513671875,
    "model.layers.6.self_attn.k_proj": 1231.38232421875,
    "model.layers.6.self_attn.v_proj": 1238.44189453125,
    "model.layers.6.self_attn.o_proj": 1204.1951904296875,
    "model.layers.6.mlp.gate_proj": 1223.6114501953125,
    "model.layers.6.mlp.up_proj": 1246.5140380859375,
    "model.layers.6.mlp.down_proj": 1220.6563720703125,
    "model.layers.7.self_attn.q_proj": 1223.0010986328125,
    "model.layers.7.self_attn.k_proj": 1248.6004638671875,
    "model.layers.7.self_attn.v_proj": 1244.392578125,
    "model.layers.7.self_attn.o_proj": 1232.399169921875,
    "model.layers.7.mlp.gate_proj": 1225.840576171875,
    "model.layers.7.mlp.up_proj": 1229.1590576171875,
    "model.layers.7.mlp.down_proj": 1230.0003662109375,
    "model.layers.8.self_attn.q_proj": 1224.1083984375,
    "model.layers.8.self_attn.k_proj": 1231.94384765625,
    "model.layers.8.self_attn.v_proj": 1241.3546142578125,
    "model.layers.8.self_attn.o_proj": 1224.8111572265625,
    "model.layers.8.mlp.gate_proj": 1226.92724609375,
    "model.layers.8.mlp.up_proj": 1237.3447265625,
    "model.layers.8.mlp.down_proj": 1223.325927734375,
    "model.layers.9.self_attn.q_proj": 1237.6318359375,
    "model.layers.9.self_attn.k_proj": 1229.3214111328125,
    "model.layers.9.self_attn.v_proj": 1261.4818115234375,
    "model.layers.9.self_attn.o_proj": 1219.7689208984375,
    "model.layers.9.mlp.gate_proj": 1232.6483154296875,
    "model.layers.9.mlp.up_proj": 1231.5064697265625,
    "model.layers.9.mlp.down_proj": 1235.4925537109375,
    "model.layers.10.self_attn.q_proj": 1229.3153076171875,
    "model.layers.10.self_attn.k_proj": 1231.2939453125,
    "model.layers.10.self_attn.v_proj": 1247.629150390625,
    "model.layers.10.self_attn.o_proj": 1220.902099609375,
    "model.layers.10.mlp.gate_proj": 1233.995849609375,
    "model.layers.10.mlp.up_proj": 1234.184814453125,
    "model.layers.10.mlp.down_proj": 1230.6016845703125,
    "model.layers.11.self_attn.q_proj": 1232.1192626953125,
    "model.layers.11.self_attn.k_proj": 1236.77734375,
    "model.layers.11.self_attn.v_proj": 1252.473876953125,
    "model.layers.11.self_attn.o_proj": 1221.8328857421875,
    "model.layers.11.mlp.gate_proj": 1228.2384033203125,
    "model.layers.11.mlp.up_proj": 1236.224365234375,
    "model.layers.11.mlp.down_proj": 1239.08203125,
    "model.layers.12.self_attn.q_proj": 1222.6668701171875,
    "model.layers.12.self_attn.k_proj": 1219.5069580078125,
    "model.layers.12.self_attn.v_proj": 1261.546875,
    "model.layers.12.self_attn.o_proj": 1210.8529052734375,
    "model.layers.12.mlp.gate_proj": 1231.9677734375,
    "model.layers.12.mlp.up_proj": 1239.9840087890625,
    "model.layers.12.mlp.down_proj": 1235.113037109375,
    "model.layers.13.self_attn.q_proj": 1224.182373046875,
    "model.layers.13.self_attn.k_proj": 1226.931884765625,
    "model.layers.13.self_attn.v_proj": 1261.1068115234375,
    "model.layers.13.self_attn.o_proj": 1213.309814453125,
    "model.layers.13.mlp.gate_proj": 1215.679443359375,
    "model.layers.13.mlp.up_proj": 1220.640625,
    "model.layers.13.mlp.down_proj": 1243.5850830078125,
    "model.layers.14.self_attn.q_proj": 1231.7337646484375,
    "model.layers.14.self_attn.k_proj": 1231.8577880859375,
    "model.layers.14.self_attn.v_proj": 1237.109375,
    "model.layers.14.self_attn.o_proj": 1223.8958740234375,
    "model.layers.14.mlp.gate_proj": 1237.63671875,
    "model.layers.14.mlp.up_proj": 1228.314697265625,
    "model.layers.14.mlp.down_proj": 1231.8175048828125,
    "model.layers.15.self_attn.q_proj": 1231.386962890625,
    "model.layers.15.self_attn.k_proj": 1209.0626220703125,
    "model.layers.15.self_attn.v_proj": 1245.859130859375,
    "model.layers.15.self_attn.o_proj": 1228.7266845703125,
    "model.layers.15.mlp.gate_proj": 1235.721923828125,
    "model.layers.15.mlp.up_proj": 1218.02734375,
    "model.layers.15.mlp.down_proj": 1230.36279296875,
    "model.layers.16.self_attn.q_proj": 1228.1051025390625,
    "model.layers.16.self_attn.k_proj": 1228.6669921875,
    "model.layers.16.self_attn.v_proj": 1255.1041259765625,
    "model.layers.16.self_attn.o_proj": 1221.427978515625,
    "model.layers.16.mlp.gate_proj": 1230.26123046875,
    "model.layers.16.mlp.up_proj": 1235.7027587890625,
    "model.layers.16.mlp.down_proj": 1223.3582763671875,
    "model.layers.17.self_attn.q_proj": 1226.959228515625,
    "model.layers.17.self_attn.k_proj": 1236.365966796875,
    "model.layers.17.self_attn.v_proj": 1258.0411376953125,
    "model.layers.17.self_attn.o_proj": 1214.1627197265625,
    "model.layers.17.mlp.gate_proj": 1236.737548828125,
    "model.layers.17.mlp.up_proj": 1229.77392578125,
    "model.layers.17.mlp.down_proj": 1225.4696044921875,
    "model.layers.18.self_attn.q_proj": 1227.2437744140625,
    "model.layers.18.self_attn.k_proj": 1212.992919921875,
    "model.layers.18.self_attn.v_proj": 1249.2681884765625,
    "model.layers.18.self_attn.o_proj": 1215.7244873046875,
    "model.layers.18.mlp.gate_proj": 1231.6046142578125,
    "model.layers.18.mlp.up_proj": 1232.6966552734375,
    "model.layers.18.mlp.down_proj": 1230.139404296875,
    "model.layers.19.self_attn.q_proj": 1223.90966796875,
    "model.layers.19.self_attn.k_proj": 1232.36474609375,
    "model.layers.19.self_attn.v_proj": 1244.552734375,
    "model.layers.19.self_attn.o_proj": 1223.9954833984375,
    "model.layers.19.mlp.gate_proj": 1229.56884765625,
    "model.layers.19.mlp.up_proj": 1232.2481689453125,
    "model.layers.19.mlp.down_proj": 1226.8870849609375,