{
    "model.layers.0.self_attn.q_proj": 1225.679443359375,
    "model.layers.0.self_attn.k_proj": 1225.679443359375,
    "model.layers.0.self_attn.v_proj": 1225.679443359375,
    "model.layers.0.self_attn.o_proj": 1227.1541748046875,
    "model.layers.0.mlp.gate_proj": 1225.4637451171875,
    "model.layers.0.mlp.up_proj": 1225.834228515625,
    "model.layers.0.mlp.down_proj": 1227.653076171875,
    "model.layers.1.self_attn.q_proj": 1225.384521484375,
    "model.layers.1.self_attn.k_proj": 1225.2406005859375,
    "model.layers.1.self_attn.v_proj": 1225.480712890625,
    "model.layers.1.self_attn.o_proj": 1219.951904296875,
    "model.layers.1.mlp.gate_proj": 1226.4622802734375,
    "model.layers.1.mlp.up_proj": 1226.2249755859375,
    "model.layers.1.mlp.down_proj": 1219.2916259765625,
    "model.layers.2.self_attn.q_proj": 1224.183349609375,
    "model.layers.2.self_attn.k_proj": 1227.355224609375,
    "model.layers.2.self_attn.v_proj": 1235.2196044921875,
    "model.layers.2.self_attn.o_proj": 1213.2220458984375,
    "model.layers.2.mlp.gate_proj": 1229.9166259765625,
    "model.layers.2.mlp.up_proj": 1229.61474609375,
    "model.layers.2.mlp.down_proj": 1227.2611083984375,
    "model.layers.3.self_attn.q_proj": 1230.592041015625,
    "model.layers.3.self_attn.k_proj": 1213.9322509765625,
    "model.layers.3.self_attn.v_proj": 1251.451416015625,
    "model.layers.3.self_attn.o_proj": 1228.491943359375,
    "model.layers.3.mlp.gate_proj": 1225.0911865234375,
    "model.layers.3.mlp.up_proj": 1216.6341552734375,
    "model.layers.3.mlp.down_proj": 1222.4356689453125,
    "model.layers.4.self_attn.q_proj": 1225.1129150390625,
    "model.layers.4.self_attn.k_proj": 1228.3331298828125,
    "model.layers.4.self_attn.v_proj": 1292.771728515625,
    "model.layers.4.self_attn.o_proj": 1215.8443603515625,
    "model.layers.4.mlp.gate_proj": 1225.760986328125,
    "model.layers.4.mlp.up_proj": 1220.7799072265625,
    "model.layers.4.mlp.down_proj": 1227.476806640625,
    "model.layers.5.self_attn.q_proj": 1230.96484375,
    "model.layers.5.self_attn.k_proj": 1234.015625,
    "model.layers.5.self_attn.v_proj": 1253.88916015625,
    "model.layers.5.self_attn.o_proj": 1218.9478759765625,
    "model.layers.5.mlp.gate_proj": 1228.6490478515625,
    "model.layers.5.mlp.up_proj": 1224.2197265625,
    "model.layers.5.mlp.down_proj": 1181.412353515625,
    "model.layers.6.self_attn.q_proj": 1212.9517822265625,
    "model.layers.6.self_attn.k_proj": 1224.01123046875,
    "model.layers.6.self_attn.v_proj": 1260.881103515625,
    "model.layers.6.self_attn.o_proj": 1196.3212890625,
    "model.layers.6.mlp.gate_proj": 1211.2784423828125,
    "model.layers.6.mlp.up_proj": 1238.9658203125,
    "model.layers.6.mlp.down_proj": 1206.4947509765625,
    "model.layers.7.self_attn.q_proj": 1216.7718505859375,
    "model.layers.7.self_attn.k_proj": 1261.8594970703125,
    "model.layers.7.self_attn.v_proj": 1266.4779052734375,
    "model.layers.7.self_attn.o_proj": 1223.614990234375,
    "model.layers.7.mlp.gate_proj": 1221.1837158203125,
    "model.layers.7.mlp.up_proj": 1220.039306640625,
    "model.layers.7.mlp.down_proj": 1228.31689453125,
    "model.layers.8.self_attn.q_proj": 1217.5380859375,
    "model.layers.8.self_attn.k_proj": 1227.248291015625,
    "model.layers.8.self_attn.v_proj": 1247.3551025390625,
    "model.layers.8.self_attn.o_proj": 1215.6146240234375,
    "model.layers.8.mlp.gate_proj": 1220.4798583984375,
    "model.layers.8.mlp.up_proj": 1238.511962890625,
    "model.layers.8.mlp.down_proj": 1217.3172607421875,
    "model.layers.9.self_attn.q_proj": 1233.548095703125,
    "model.layers.9.self_attn.k_proj": 1230.23779296875,
    "model.layers.9.self_attn.v_proj": 1286.2633056640625,
    "model.layers.9.self_attn.o_proj": 1207.9580078125,
    "model.layers.9.mlp.gate_proj": 1225.3516845703125,
    "model.layers.9.mlp.up_proj": 1234.9591064453125,
    "model.layers.9.mlp.down_proj": 1237.0286865234375,
    "model.layers.10.self_attn.q_proj": 1228.1104736328125,
    "model.layers.10.self_attn.k_proj": 1221.8111572265625,
    "model.layers.10.self_attn.v_proj": 1261.00634765625,
    "model.layers.10.self_attn.o_proj": 1209.38623046875,
    "model.layers.10.mlp.gate_proj": 1236.693603515625,
    "model.layers.10.mlp.up_proj": 1235.8570556640625,
    "model.layers.10.mlp.down_proj": 1219.19189453125,
    "model.layers.11.self_attn.q_proj": 1232.3304443359375,
    "model.layers.11.self_attn.k_proj": 1243.230224609375,
    "model.layers.11.self_attn.v_proj": 1259.598876953125,
    "model.layers.11.self_attn.o_proj": 1203.9930419921875,
    "model.layers.11.mlp.gate_proj": 1233.056640625,
    "model.layers.11.mlp.up_proj": 1240.0582275390625,
    "model.layers.11.mlp.down_proj": 1235.3590087890625,
    "model.layers.12.self_attn.q_proj": 1217.512939453125,
    "model.layers.12.self_attn.k_proj": 1200.4742431640625,
    "model.layers.12.self_attn.v_proj": 1278.956787109375,
    "model.layers.12.self_attn.o_proj": 1195.7611083984375,
    "model.layers.12.mlp.gate_proj": 1238.0360107421875,
    "model.layers.12.mlp.up_proj": 1234.7674560546875,
    "model.layers.12.mlp.down_proj": 1230.77880859375,
    "model.layers.13.self_attn.q_proj": 1220.319580078125,
    "model.layers.13.self_attn.k_proj": 1221.3626708984375,
    "model.layers.13.self_attn.v_proj": 1281.0494384765625,
    "model.layers.13.self_attn.o_proj": 1205.2724609375,
    "model.layers.13.mlp.gate_proj": 1209.3175048828125,
    "model.layers.13.mlp.up_proj": 1219.488525390625,
    "model.layers.13.mlp.down_proj": 1239.07421875,
    "model.layers.14.self_attn.q_proj": 1227.404296875,
    "model.layers.14.self_attn.k_proj": 1228.86474609375,
    "model.layers.14.self_attn.v_proj": 1249.1661376953125,
    "model.layers.14.self_attn.o_proj": 1218.0400390625,
    "model.layers.14.mlp.gate_proj": 1232.546630859375,
    "model.layers.14.mlp.up_proj": 1219.309326171875,
    "model.layers.14.mlp.down_proj": 1231.398681640625,
    "model.layers.15.self_attn.q_proj": 1226.063720703125,
    "model.layers.15.self_attn.k_proj": 1186.919189453125,
    "model.layers.15.self_attn.v_proj": 1279.6304931640625,
    "model.layers.15.self_attn.o_proj": 1214.2532958984375,
    "model.layers.15.mlp.gate_proj": 1225.72509765625,
    "model.layers.15.mlp.up_proj": 1214.7113037109375,
    "model.layers.15.mlp.down_proj": 1224.9124755859375,
    "model.layers.16.self_attn.q_proj": 1223.056884765625,
    "model.layers.16.self_attn.k_proj": 1232.8330078125,
    "model.layers.16.self_attn.v_proj": 1280.88427734375,
    "model.layers.16.self_attn.o_proj": 1214.8714599609375,
    "model.layers.16.mlp.gate_proj": 1225.812255859375,
    "model.layers.16.mlp.up_proj": 1228.80615234375,
    "model.layers.16.mlp.down_proj": 1215.7421875,
    "model.layers.17.self_attn.q_proj": 1217.90478515625,
    "model.layers.17.self_attn.k_proj": 1242.84375,
    "model.layers.17.self_attn.v_proj": 1277.4739990234375,
    "model.layers.17.self_attn.o_proj": 1191.5029296875,
    "model.layers.17.mlp.gate_proj": 1238.640380859375,
    "model.layers.17.mlp.up_proj": 1227.7955322265625,
    "model.layers.17.mlp.down_proj": 1222.572265625,
    "model.layers.18.self_attn.q_proj": 1222.441162109375,
    "model.layers.18.self_attn.k_proj": 1182.093017578125,
    "model.layers.18.self_attn.v_proj": 1262.6639404296875,
    "model.layers.18.self_attn.o_proj": 1203.072509765625,
    "model.layers.18.mlp.gate_proj": 1227.1170654296875,
    "model.layers.18.mlp.up_proj": 1230.41552734375,
    "model.layers.18.mlp.down_proj": 1221.738037109375,
    "model.layers.19.self_attn.q_proj": 1218.207763671875,
    "model.layers.19.self_attn.k_proj": 1223.77587890625,
    "model.layers.19.self_attn.v_proj": 1259.4464111328125,
    "model.layers.19.self_attn.o_proj": 1208.1585693359375,
    "model.layers.19.mlp.gate_proj": 1224.637939453125,
    "model.layers.19.mlp.up_proj": 1226.5616455078125,
    "model.layers.19.mlp.down_proj": 1215.5238037109375,