{
    "model.layers.0.self_attn.q_proj": 1225.6927490234375,
    "model.layers.0.self_attn.k_proj": 1225.6927490234375,
    "model.layers.0.self_attn.v_proj": 1225.6927490234375,
    "model.layers.0.self_attn.o_proj": 1225.7310791015625,
    "model.layers.0.mlp.gate_proj": 1225.5384521484375,
    "model.layers.0.mlp.up_proj": 1225.686279296875,
    "model.layers.0.mlp.down_proj": 1226.0380859375,
    "model.layers.1.self_attn.q_proj": 1225.4888916015625,
    "model.layers.1.self_attn.k_proj": 1225.619873046875,
    "model.layers.1.self_attn.v_proj": 1225.5404052734375,
    "model.layers.1.self_attn.o_proj": 1226.5050048828125,
    "model.layers.1.mlp.gate_proj": 1226.05029296875,
    "model.layers.1.mlp.up_proj": 1225.2291259765625,
    "model.layers.1.mlp.down_proj": 1220.7093505859375,
    "model.layers.2.self_attn.q_proj": 1224.367919921875,
    "model.layers.2.self_attn.k_proj": 1227.02685546875,
    "model.layers.2.self_attn.v_proj": 1227.2109375,
    "model.layers.2.self_attn.o_proj": 1224.2567138671875,
    "model.layers.2.mlp.gate_proj": 1225.303466796875,
    "model.layers.2.mlp.up_proj": 1226.282470703125,
    "model.layers.2.mlp.down_proj": 1226.839111328125,
    "model.layers.3.self_attn.q_proj": 1227.3865966796875,
    "model.layers.3.self_attn.k_proj": 1222.540283203125,
    "model.layers.3.self_attn.v_proj": 1236.51318359375,
    "model.layers.3.self_attn.o_proj": 1228.4014892578125,
    "model.layers.3.mlp.gate_proj": 1226.5926513671875,
    "model.layers.3.mlp.up_proj": 1222.079345703125,
    "model.layers.3.mlp.down_proj": 1229.2430419921875,
    "model.layers.4.self_attn.q_proj": 1225.07421875,
    "model.layers.4.self_attn.k_proj": 1227.6162109375,
    "model.layers.4.self_attn.v_proj": 1248.9490966796875,
    "model.layers.4.self_attn.o_proj": 1226.3082275390625,
    "model.layers.4.mlp.gate_proj": 1227.4385986328125,
    "model.layers.4.mlp.up_proj": 1228.82421875,
    "model.layers.4.mlp.down_proj": 1227.774169921875,
    "model.layers.5.self_attn.q_proj": 1228.3721923828125,
    "model.layers.5.self_attn.k_proj": 1226.6500244140625,
    "model.layers.5.self_attn.v_proj": 1230.402587890625,
    "model.layers.5.self_attn.o_proj": 1224.28173828125,
    "model.layers.5.mlp.gate_proj": 1224.5072021484375,
    "model.layers.5.mlp.up_proj": 1228.74658203125,
    "model.layers.5.mlp.down_proj": 1196.264892578125,
    "model.layers.6.self_attn.q_proj": 1221.786865234375,
    "model.layers.6.self_attn.k_proj": 1226.6798095703125,
    "model.layers.6.self_attn.v_proj": 1227.7982177734375,
    "model.layers.6.self_attn.o_proj": 1208.5435791015625,
    "model.layers.6.mlp.gate_proj": 1223.2335205078125,
    "model.layers.6.mlp.up_proj": 1234.1900634765625,
    "model.layers.6.mlp.down_proj": 1226.6083984375,
    "model.layers.7.self_attn.q_proj": 1222.081787109375,
    "model.layers.7.self_attn.k_proj": 1235.4566650390625,
    "model.layers.7.self_attn.v_proj": 1235.4501953125,
    "model.layers.7.self_attn.o_proj": 1228.5904541015625,
    "model.layers.7.mlp.gate_proj": 1224.379150390625,
    "model.layers.7.mlp.up_proj": 1225.1259765625,
    "model.layers.7.mlp.down_proj": 1227.3485107421875,
    "model.layers.8.self_attn.q_proj": 1221.8291015625,
    "model.layers.8.self_attn.k_proj": 1226.6766357421875,
    "model.layers.8.self_attn.v_proj": 1233.5040283203125,
    "model.layers.8.self_attn.o_proj": 1224.170166015625,
    "model.layers.8.mlp.gate_proj": 1224.525146484375,
    "model.layers.8.mlp.up_proj": 1229.861083984375,
    "model.layers.8.mlp.down_proj": 1223.5423583984375,
    "model.layers.9.self_attn.q_proj": 1230.802734375,
    "model.layers.9.self_attn.k_proj": 1225.6485595703125,
    "model.layers.9.self_attn.v_proj": 1247.0894775390625,
    "model.layers.9.self_attn.o_proj": 1222.2540283203125,
    "model.layers.9.mlp.gate_proj": 1227.31884765625,
    "model.layers.9.mlp.up_proj": 1226.8656005859375,
    "model.layers.9.mlp.down_proj": 1228.5595703125,
    "model.layers.10.self_attn.q_proj": 1224.24658203125,
    "model.layers.10.self_attn.k_proj": 1226.68701171875,
    "model.layers.10.self_attn.v_proj": 1232.105224609375,
    "model.layers.10.self_attn.o_proj": 1221.149658203125,
    "model.layers.10.mlp.gate_proj": 1226.3494873046875,
    "model.layers.10.mlp.up_proj": 1228.342041015625,
    "model.layers.10.mlp.down_proj": 1225.4215087890625,
    "model.layers.11.self_attn.q_proj": 1225.4088134765625,
    "model.layers.11.self_attn.k_proj": 1227.634521484375,
    "model.layers.11.self_attn.v_proj": 1243.4566650390625,
    "model.layers.11.self_attn.o_proj": 1222.8717041015625,
    "model.layers.11.mlp.gate_proj": 1222.9693603515625,
    "model.layers.11.mlp.up_proj": 1227.7127685546875,
    "model.layers.11.mlp.down_proj": 1238.600830078125,
    "model.layers.12.self_attn.q_proj": 1222.7847900390625,
    "model.layers.12.self_attn.k_proj": 1223.8687744140625,
    "model.layers.12.self_attn.v_proj": 1243.314453125,
    "model.layers.12.self_attn.o_proj": 1212.146728515625,
    "model.layers.12.mlp.gate_proj": 1227.1795654296875,
    "model.layers.12.mlp.up_proj": 1236.13720703125,
    "model.layers.12.mlp.down_proj": 1229.0943603515625,
    "model.layers.13.self_attn.q_proj": 1221.056396484375,
    "model.layers.13.self_attn.k_proj": 1224.12353515625,
    "model.layers.13.self_attn.v_proj": 1245.937744140625,
    "model.layers.13.self_attn.o_proj": 1212.385498046875,
    "model.layers.13.mlp.gate_proj": 1213.1763916015625,
    "model.layers.13.mlp.up_proj": 1215.5396728515625,
    "model.layers.13.mlp.down_proj": 1232.3468017578125,
    "model.layers.14.self_attn.q_proj": 1226.773681640625,
    "model.layers.14.self_attn.k_proj": 1227.6341552734375,
    "model.layers.14.self_attn.v_proj": 1227.7381591796875,
    "model.layers.14.self_attn.o_proj": 1220.1837158203125,
    "model.layers.14.mlp.gate_proj": 1228.31787109375,
    "model.layers.14.mlp.up_proj": 1226.117431640625,
    "model.layers.14.mlp.down_proj": 1230.2554931640625,
    "model.layers.15.self_attn.q_proj": 1226.8193359375,
    "model.layers.15.self_attn.k_proj": 1209.3155517578125,
    "model.layers.15.self_attn.v_proj": 1233.3631591796875,
    "model.layers.15.self_attn.o_proj": 1223.0380859375,
    "model.layers.15.mlp.gate_proj": 1229.5177001953125,
    "model.layers.15.mlp.up_proj": 1218.787353515625,
    "model.layers.15.mlp.down_proj": 1225.583251953125,
    "model.layers.16.self_attn.q_proj": 1224.2440185546875,
    "model.layers.16.self_attn.k_proj": 1224.6964111328125,
    "model.layers.16.self_attn.v_proj": 1244.611083984375,
    "model.layers.16.self_attn.o_proj": 1219.31982421875,
    "model.layers.16.mlp.gate_proj": 1226.7421875,
    "model.layers.16.mlp.up_proj": 1230.60205078125,
    "model.layers.16.mlp.down_proj": 1222.938232421875,
    "model.layers.17.self_attn.q_proj": 1224.155517578125,
    "model.layers.17.self_attn.k_proj": 1230.707275390625,
    "model.layers.17.self_attn.v_proj": 1239.05419921875,
    "model.layers.17.self_attn.o_proj": 1220.1204833984375,
    "model.layers.17.mlp.gate_proj": 1230.892333984375,
    "model.layers.17.mlp.up_proj": 1226.9991455078125,
    "model.layers.17.mlp.down_proj": 1224.2159423828125,
    "model.layers.18.self_attn.q_proj": 1223.0242919921875,
    "model.layers.18.self_attn.k_proj": 1217.0870361328125,
    "model.layers.18.self_attn.v_proj": 1238.78759765625,
    "model.layers.18.self_attn.o_proj": 1217.240234375,
    "model.layers.18.mlp.gate_proj": 1225.4312744140625,
    "model.layers.18.mlp.up_proj": 1225.393798828125,
    "model.layers.18.mlp.down_proj": 1231.9876708984375,
    "model.layers.19.self_attn.q_proj": 1220.6485595703125,
    "model.layers.19.self_attn.k_proj": 1227.7677001953125,
    "model.layers.19.self_attn.v_proj": 1230.8590087890625,
    "model.layers.19.self_attn.o_proj": 1222.1610107421875,
    "model.layers.19.mlp.gate_proj": 1225.6402587890625,
    "model.layers.19.mlp.up_proj": 1226.491943359375,
    "model.layers.19.mlp.down_proj": 1220.2662353515625,