{
    "model.layers.0.self_attn.q_proj": 1226.2901611328125,
    "model.layers.0.self_attn.k_proj": 1226.2901611328125,
    "model.layers.0.self_attn.v_proj": 1226.2901611328125,
    "model.layers.0.self_attn.o_proj": 1227.812744140625,
    "model.layers.0.mlp.gate_proj": 1226.111083984375,
    "model.layers.0.mlp.up_proj": 1226.3236083984375,
    "model.layers.0.mlp.down_proj": 1230.1806640625,
    "model.layers.1.self_attn.q_proj": 1225.7276611328125,
    "model.layers.1.self_attn.k_proj": 1225.8021240234375,
    "model.layers.1.self_attn.v_proj": 1225.7764892578125,
    "model.layers.1.self_attn.o_proj": 1216.2235107421875,
    "model.layers.1.mlp.gate_proj": 1228.2044677734375,
    "model.layers.1.mlp.up_proj": 1225.7554931640625,
    "model.layers.1.mlp.down_proj": 1217.9300537109375,
    "model.layers.2.self_attn.q_proj": 1225.5467529296875,
    "model.layers.2.self_attn.k_proj": 1227.3165283203125,
    "model.layers.2.self_attn.v_proj": 1240.7020263671875,
    "model.layers.2.self_attn.o_proj": 1213.6968994140625,
    "model.layers.2.mlp.gate_proj": 1234.4779052734375,
    "model.layers.2.mlp.up_proj": 1232.41748046875,
    "model.layers.2.mlp.down_proj": 1234.3109130859375,
    "model.layers.3.self_attn.q_proj": 1231.7371826171875,
    "model.layers.3.self_attn.k_proj": 1214.6796875,
    "model.layers.3.self_attn.v_proj": 1294.389404296875,
    "model.layers.3.self_attn.o_proj": 1228.2362060546875,
    "model.layers.3.mlp.gate_proj": 1220.1561279296875,
    "model.layers.3.mlp.up_proj": 1213.89892578125,
    "model.layers.3.mlp.down_proj": 1222.723876953125,
    "model.layers.4.self_attn.q_proj": 1228.3848876953125,
    "model.layers.4.self_attn.k_proj": 1226.4075927734375,
    "model.layers.4.self_attn.v_proj": 1333.2091064453125,
    "model.layers.4.self_attn.o_proj": 1213.159423828125,
    "model.layers.4.mlp.gate_proj": 1225.82666015625,
    "model.layers.4.mlp.up_proj": 1216.3553466796875,
    "model.layers.4.mlp.down_proj": 1235.4114990234375,
    "model.layers.5.self_attn.q_proj": 1233.9747314453125,
    "model.layers.5.self_attn.k_proj": 1227.1873779296875,
    "model.layers.5.self_attn.v_proj": 1280.2481689453125,
    "model.layers.5.self_attn.o_proj": 1222.8990478515625,
    "model.layers.5.mlp.gate_proj": 1225.5655517578125,
    "model.layers.5.mlp.up_proj": 1222.9967041015625,
    "model.layers.5.mlp.down_proj": 1183.114013671875,
    "model.layers.6.self_attn.q_proj": 1213.53515625,
    "model.layers.6.self_attn.k_proj": 1241.4737548828125,
    "model.layers.6.self_attn.v_proj": 1292.0560302734375,
    "model.layers.6.self_attn.o_proj": 1194.3563232421875,
    "model.layers.6.mlp.gate_proj": 1206.17919921875,
    "model.layers.6.mlp.up_proj": 1233.4581298828125,
    "model.layers.6.mlp.down_proj": 1207.534912109375,
    "model.layers.7.self_attn.q_proj": 1212.22705078125,
    "model.layers.7.self_attn.k_proj": 1272.56494140625,
    "model.layers.7.self_attn.v_proj": 1283.7777099609375,
    "model.layers.7.self_attn.o_proj": 1215.2845458984375,
    "model.layers.7.mlp.gate_proj": 1224.30810546875,
    "model.layers.7.mlp.up_proj": 1224.5572509765625,
    "model.layers.7.mlp.down_proj": 1222.094970703125,
    "model.layers.8.self_attn.q_proj": 1214.2593994140625,
    "model.layers.8.self_attn.k_proj": 1230.33154296875,
    "model.layers.8.self_attn.v_proj": 1253.209716796875,
    "model.layers.8.self_attn.o_proj": 1211.3045654296875,
    "model.layers.8.mlp.gate_proj": 1221.257080078125,
    "model.layers.8.mlp.up_proj": 1243.9632568359375,
    "model.layers.8.mlp.down_proj": 1204.395263671875,
    "model.layers.9.self_attn.q_proj": 1237.6934814453125,
    "model.layers.9.self_attn.k_proj": 1232.606689453125,
    "model.layers.9.self_attn.v_proj": 1316.589599609375,
    "model.layers.9.self_attn.o_proj": 1206.4656982421875,
    "model.layers.9.mlp.gate_proj": 1219.6202392578125,
    "model.layers.9.mlp.up_proj": 1245.9493408203125,
    "model.layers.9.mlp.down_proj": 1248.2685546875,
    "model.layers.10.self_attn.q_proj": 1217.802001953125,
    "model.layers.10.self_attn.k_proj": 1216.431640625,
    "model.layers.10.self_attn.v_proj": 1284.765625,
    "model.layers.10.self_attn.o_proj": 1201.5594482421875,
    "model.layers.10.mlp.gate_proj": 1235.217529296875,
    "model.layers.10.mlp.up_proj": 1232.16162109375,
    "model.layers.10.mlp.down_proj": 1215.4549560546875,
    "model.layers.11.self_attn.q_proj": 1234.304443359375,
    "model.layers.11.self_attn.k_proj": 1246.6668701171875,
    "model.layers.11.self_attn.v_proj": 1270.008544921875,
    "model.layers.11.self_attn.o_proj": 1192.22119140625,
    "model.layers.11.mlp.gate_proj": 1240.976318359375,
    "model.layers.11.mlp.up_proj": 1250.3931884765625,
    "model.layers.11.mlp.down_proj": 1240.8343505859375,
    "model.layers.12.self_attn.q_proj": 1217.5491943359375,
    "model.layers.12.self_attn.k_proj": 1180.8892822265625,
    "model.layers.12.self_attn.v_proj": 1304.4075927734375,
    "model.layers.12.self_attn.o_proj": 1190.4945068359375,
    "model.layers.12.mlp.gate_proj": 1244.7841796875,
    "model.layers.12.mlp.up_proj": 1237.36279296875,
    "model.layers.12.mlp.down_proj": 1238.2596435546875,
    "model.layers.13.self_attn.q_proj": 1221.39501953125,
    "model.layers.13.self_attn.k_proj": 1217.2791748046875,
    "model.layers.13.self_attn.v_proj": 1305.267333984375,
    "model.layers.13.self_attn.o_proj": 1200.204833984375,
    "model.layers.13.mlp.gate_proj": 1211.5860595703125,
    "model.layers.13.mlp.up_proj": 1225.2069091796875,
    "model.layers.13.mlp.down_proj": 1236.4337158203125,
    "model.layers.14.self_attn.q_proj": 1226.733642578125,
    "model.layers.14.self_attn.k_proj": 1223.07568359375,
    "model.layers.14.self_attn.v_proj": 1280.397705078125,
    "model.layers.14.self_attn.o_proj": 1211.04443359375,
    "model.layers.14.mlp.gate_proj": 1232.3909912109375,
    "model.layers.14.mlp.up_proj": 1215.0489501953125,
    "model.layers.14.mlp.down_proj": 1243.919189453125,
    "model.layers.15.self_attn.q_proj": 1227.1722412109375,
    "model.layers.15.self_attn.k_proj": 1160.71630859375,
    "model.layers.15.self_attn.v_proj": 1305.4063720703125,
    "model.layers.15.self_attn.o_proj": 1205.63232421875,
    "model.layers.15.mlp.gate_proj": 1224.4498291015625,
    "model.layers.15.mlp.up_proj": 1216.58935546875,
    "model.layers.15.mlp.down_proj": 1222.0347900390625,
    "model.layers.16.self_attn.q_proj": 1222.244140625,
    "model.layers.16.self_attn.k_proj": 1251.3531494140625,
    "model.layers.16.self_attn.v_proj": 1304.879150390625,
    "model.layers.16.self_attn.o_proj": 1215.139892578125,
    "model.layers.16.mlp.gate_proj": 1225.282470703125,
    "model.layers.16.mlp.up_proj": 1224.245849609375,
    "model.layers.16.mlp.down_proj": 1203.8927001953125,
    "model.layers.17.self_attn.q_proj": 1212.177978515625,
    "model.layers.17.self_attn.k_proj": 1248.8909912109375,
    "model.layers.17.self_attn.v_proj": 1304.977294921875,
    "model.layers.17.self_attn.o_proj": 1181.754638671875,
    "model.layers.17.mlp.gate_proj": 1241.3037109375,
    "model.layers.17.mlp.up_proj": 1230.9222412109375,
    "model.layers.17.mlp.down_proj": 1223.614990234375,
    "model.layers.18.self_attn.q_proj": 1224.1824951171875,
    "model.layers.18.self_attn.k_proj": 1167.7958984375,
    "model.layers.18.self_attn.v_proj": 1290.0335693359375,
    "model.layers.18.self_attn.o_proj": 1181.975341796875,
    "model.layers.18.mlp.gate_proj": 1231.1566162109375,
    "model.layers.18.mlp.up_proj": 1229.6126708984375,
    "model.layers.18.mlp.down_proj": 1225.2958984375,
    "model.layers.19.self_attn.q_proj": 1215.10205078125,
    "model.layers.19.self_attn.k_proj": 1215.314208984375,
    "model.layers.19.self_attn.v_proj": 1272.602783203125,
    "model.layers.19.self_attn.o_proj": 1191.7117919921875,
    "model.layers.19.mlp.gate_proj": 1223.0677490234375,
    "model.layers.19.mlp.up_proj": 1231.10009765625,
    "model.layers.19.mlp.down_proj": 1211.1148681640625,