{
    "model.layers.0.self_attn.q_proj": 1225.21826171875,
    "model.layers.0.self_attn.k_proj": 1225.21826171875,
    "model.layers.0.self_attn.v_proj": 1225.21826171875,
    "model.layers.0.self_attn.o_proj": 1226.760986328125,
    "model.layers.0.mlp.gate_proj": 1225.00146484375,
    "model.layers.0.mlp.up_proj": 1224.909423828125,
    "model.layers.0.mlp.down_proj": 1229.8304443359375,
    "model.layers.1.self_attn.q_proj": 1224.7373046875,
    "model.layers.1.self_attn.k_proj": 1224.825927734375,
    "model.layers.1.self_attn.v_proj": 1224.1492919921875,
    "model.layers.1.self_attn.o_proj": 1213.1243896484375,
    "model.layers.1.mlp.gate_proj": 1226.2261962890625,
    "model.layers.1.mlp.up_proj": 1223.7664794921875,
    "model.layers.1.mlp.down_proj": 1214.7861328125,
    "model.layers.2.self_attn.q_proj": 1225.2374267578125,
    "model.layers.2.self_attn.k_proj": 1226.6578369140625,
    "model.layers.2.self_attn.v_proj": 1244.416015625,
    "model.layers.2.self_attn.o_proj": 1212.583740234375,
    "model.layers.2.mlp.gate_proj": 1234.7635498046875,
    "model.layers.2.mlp.up_proj": 1232.042724609375,
    "model.layers.2.mlp.down_proj": 1237.69580078125,
    "model.layers.3.self_attn.q_proj": 1226.59716796875,
    "model.layers.3.self_attn.k_proj": 1213.6307373046875,
    "model.layers.3.self_attn.v_proj": 1311.4173583984375,
    "model.layers.3.self_attn.o_proj": 1230.7452392578125,
    "model.layers.3.mlp.gate_proj": 1216.7869873046875,
    "model.layers.3.mlp.up_proj": 1210.744140625,
    "model.layers.3.mlp.down_proj": 1223.4976806640625,
    "model.layers.4.self_attn.q_proj": 1227.7177734375,
    "model.layers.4.self_attn.k_proj": 1228.8924560546875,
    "model.layers.4.self_attn.v_proj": 1372.3829345703125,
    "model.layers.4.self_attn.o_proj": 1204.35595703125,
    "model.layers.4.mlp.gate_proj": 1224.9774169921875,
    "model.layers.4.mlp.up_proj": 1213.24365234375,
    "model.layers.4.mlp.down_proj": 1229.440185546875,
    "model.layers.5.self_attn.q_proj": 1237.53466796875,
    "model.layers.5.self_attn.k_proj": 1226.30078125,
    "model.layers.5.self_attn.v_proj": 1292.5546875,
    "model.layers.5.self_attn.o_proj": 1222.0540771484375,
    "model.layers.5.mlp.gate_proj": 1220.719482421875,
    "model.layers.5.mlp.up_proj": 1221.7674560546875,
    "model.layers.5.mlp.down_proj": 1176.4556884765625,
    "model.layers.6.self_attn.q_proj": 1217.6998291015625,
    "model.layers.6.self_attn.k_proj": 1248.5146484375,
    "model.layers.6.self_attn.v_proj": 1307.6536865234375,
    "model.layers.6.self_attn.o_proj": 1188.490966796875,
    "model.layers.6.mlp.gate_proj": 1204.849609375,
    "model.layers.6.mlp.up_proj": 1230.9073486328125,
    "model.layers.6.mlp.down_proj": 1201.58447265625,
    "model.layers.7.self_attn.q_proj": 1208.436279296875,
    "model.layers.7.self_attn.k_proj": 1264.8172607421875,
    "model.layers.7.self_attn.v_proj": 1315.8050537109375,
    "model.layers.7.self_attn.o_proj": 1209.151611328125,
    "model.layers.7.mlp.gate_proj": 1222.0560302734375,
    "model.layers.7.mlp.up_proj": 1222.1417236328125,
    "model.layers.7.mlp.down_proj": 1211.6693115234375,
    "model.layers.8.self_attn.q_proj": 1212.216552734375,
    "model.layers.8.self_attn.k_proj": 1230.822509765625,
    "model.layers.8.self_attn.v_proj": 1265.42333984375,
    "model.layers.8.self_attn.o_proj": 1195.5260009765625,
    "model.layers.8.mlp.gate_proj": 1219.9031982421875,
    "model.layers.8.mlp.up_proj": 1249.804443359375,
    "model.layers.8.mlp.down_proj": 1194.6148681640625,
    "model.layers.9.self_attn.q_proj": 1242.6688232421875,
    "model.layers.9.self_attn.k_proj": 1229.896728515625,
    "model.layers.9.self_attn.v_proj": 1339.5819091796875,
    "model.layers.9.self_attn.o_proj": 1197.2117919921875,
    "model.layers.9.mlp.gate_proj": 1213.2535400390625,
    "model.layers.9.mlp.up_proj": 1251.7138671875,
    "model.layers.9.mlp.down_proj": 1250.7874755859375,
    "model.layers.10.self_attn.q_proj": 1216.4005126953125,
    "model.layers.10.self_attn.k_proj": 1212.16357421875,
    "model.layers.10.self_attn.v_proj": 1304.8785400390625,
    "model.layers.10.self_attn.o_proj": 1192.7265625,
    "model.layers.10.mlp.gate_proj": 1233.34375,
    "model.layers.10.mlp.up_proj": 1224.6688232421875,
    "model.layers.10.mlp.down_proj": 1205.890625,
    "model.layers.11.self_attn.q_proj": 1228.068115234375,
    "model.layers.11.self_attn.k_proj": 1247.792236328125,
    "model.layers.11.self_attn.v_proj": 1273.1690673828125,
    "model.layers.11.self_attn.o_proj": 1178.0654296875,
    "model.layers.11.mlp.gate_proj": 1241.0595703125,
    "model.layers.11.mlp.up_proj": 1247.702880859375,
    "model.layers.11.mlp.down_proj": 1239.767822265625,
    "model.layers.12.self_attn.q_proj": 1209.87841796875,
    "model.layers.12.self_attn.k_proj": 1161.330078125,
    "model.layers.12.self_attn.v_proj": 1321.576171875,
    "model.layers.12.self_attn.o_proj": 1179.1173095703125,
    "model.layers.12.mlp.gate_proj": 1244.1768798828125,
    "model.layers.12.mlp.up_proj": 1233.544677734375,
    "model.layers.12.mlp.down_proj": 1248.7236328125,
    "model.layers.13.self_attn.q_proj": 1223.778564453125,
    "model.layers.13.self_attn.k_proj": 1217.979736328125,
    "model.layers.13.self_attn.v_proj": 1327.2950439453125,
    "model.layers.13.self_attn.o_proj": 1197.8028564453125,
    "model.layers.13.mlp.gate_proj": 1215.6170654296875,
    "model.layers.13.mlp.up_proj": 1229.9488525390625,
    "model.layers.13.mlp.down_proj": 1237.3160400390625,
    "model.layers.14.self_attn.q_proj": 1225.844482421875,
    "model.layers.14.self_attn.k_proj": 1214.46875,
    "model.layers.14.self_attn.v_proj": 1292.1053466796875,
    "model.layers.14.self_attn.o_proj": 1199.741943359375,
    "model.layers.14.mlp.gate_proj": 1231.9376220703125,
    "model.layers.14.mlp.up_proj": 1217.1727294921875,
    "model.layers.14.mlp.down_proj": 1251.4229736328125,
    "model.layers.15.self_attn.q_proj": 1226.6175537109375,
    "model.layers.15.self_attn.k_proj": 1147.6578369140625,
    "model.layers.15.self_attn.v_proj": 1326.2294921875,
    "model.layers.15.self_attn.o_proj": 1192.8096923828125,
    "model.layers.15.mlp.gate_proj": 1219.9349365234375,
    "model.layers.15.mlp.up_proj": 1220.06689453125,
    "model.layers.15.mlp.down_proj": 1222.559326171875,
    "model.layers.16.self_attn.q_proj": 1216.382568359375,
    "model.layers.16.self_attn.k_proj": 1263.9481201171875,
    "model.layers.16.self_attn.v_proj": 1320.9910888671875,
    "model.layers.16.self_attn.o_proj": 1216.6358642578125,
    "model.layers.16.mlp.gate_proj": 1220.6195068359375,
    "model.layers.16.mlp.up_proj": 1221.106689453125,
    "model.layers.16.mlp.down_proj": 1194.354248046875,
    "model.layers.17.self_attn.q_proj": 1208.473388671875,
    "model.layers.17.self_attn.k_proj": 1253.783447265625,
    "model.layers.17.self_attn.v_proj": 1344.34423828125,
    "model.layers.17.self_attn.o_proj": 1176.5029296875,
    "model.layers.17.mlp.gate_proj": 1242.9033203125,
    "model.layers.17.mlp.up_proj": 1237.0960693359375,
    "model.layers.17.mlp.down_proj": 1212.9520263671875,
    "model.layers.18.self_attn.q_proj": 1221.14697265625,
    "model.layers.18.self_attn.k_proj": 1165.7938232421875,
    "model.layers.18.self_attn.v_proj": 1328.2314453125,
    "model.layers.18.self_attn.o_proj": 1172.3953857421875,
    "model.layers.18.mlp.gate_proj": 1232.43017578125,
    "model.layers.18.mlp.up_proj": 1231.7919921875,
    "model.layers.18.mlp.down_proj": 1218.781005859375,
    "model.layers.19.self_attn.q_proj": 1212.4080810546875,
    "model.layers.19.self_attn.k_proj": 1209.6729736328125,
    "model.layers.19.self_attn.v_proj": 1278.3001708984375,
    "model.layers.19.self_attn.o_proj": 1180.3822021484375,
    "model.layers.19.mlp.gate_proj": 1220.3226318359375,
    "model.layers.19.mlp.up_proj": 1233.99755859375,
    "model.layers.19.mlp.down_proj": 1210.7021484375,