{
    "model.layers.0.self_attn.q_proj": 1228.2540283203125,
    "model.layers.0.self_attn.k_proj": 1228.2540283203125,
    "model.layers.0.self_attn.v_proj": 1228.2540283203125,
    "model.layers.0.self_attn.o_proj": 1228.281005859375,
    "model.layers.0.mlp.gate_proj": 1228.21337890625,
    "model.layers.0.mlp.up_proj": 1228.2542724609375,
    "model.layers.0.mlp.down_proj": 1228.403076171875,
    "model.layers.1.self_attn.q_proj": 1228.1865234375,
    "model.layers.1.self_attn.k_proj": 1228.2615966796875,
    "model.layers.1.self_attn.v_proj": 1228.108154296875,
    "model.layers.1.self_attn.o_proj": 1228.8795166015625,
    "model.layers.1.mlp.gate_proj": 1228.18896484375,
    "model.layers.1.mlp.up_proj": 1228.0970458984375,
    "model.layers.1.mlp.down_proj": 1226.8140869140625,
    "model.layers.2.self_attn.q_proj": 1227.973876953125,
    "model.layers.2.self_attn.k_proj": 1228.445068359375,
    "model.layers.2.self_attn.v_proj": 1228.5316162109375,
    "model.layers.2.self_attn.o_proj": 1228.54296875,
    "model.layers.2.mlp.gate_proj": 1228.19091796875,
    "model.layers.2.mlp.up_proj": 1228.7620849609375,
    "model.layers.2.mlp.down_proj": 1228.4818115234375,
    "model.layers.3.self_attn.q_proj": 1228.4736328125,
    "model.layers.3.self_attn.k_proj": 1227.3306884765625,
    "model.layers.3.self_attn.v_proj": 1228.43017578125,
    "model.layers.3.self_attn.o_proj": 1229.055908203125,
    "model.layers.3.mlp.gate_proj": 1228.7408447265625,
    "model.layers.3.mlp.up_proj": 1227.6048583984375,
    "model.layers.3.mlp.down_proj": 1228.338134765625,
    "model.layers.4.self_attn.q_proj": 1228.7548828125,
    "model.layers.4.self_attn.k_proj": 1228.2564697265625,
    "model.layers.4.self_attn.v_proj": 1230.918701171875,
    "model.layers.4.self_attn.o_proj": 1228.8797607421875,
    "model.layers.4.mlp.gate_proj": 1228.8594970703125,
    "model.layers.4.mlp.up_proj": 1229.223876953125,
    "model.layers.4.mlp.down_proj": 1229.151123046875,
    "model.layers.5.self_attn.q_proj": 1228.7626953125,
    "model.layers.5.self_attn.k_proj": 1228.8446044921875,
    "model.layers.5.self_attn.v_proj": 1230.2767333984375,
    "model.layers.5.self_attn.o_proj": 1227.62646484375,
    "model.layers.5.mlp.gate_proj": 1227.3394775390625,
    "model.layers.5.mlp.up_proj": 1228.7572021484375,
    "model.layers.5.mlp.down_proj": 1221.9835205078125,
    "model.layers.6.self_attn.q_proj": 1228.3466796875,
    "model.layers.6.self_attn.k_proj": 1228.7584228515625,
    "model.layers.6.self_attn.v_proj": 1227.8974609375,
    "model.layers.6.self_attn.o_proj": 1223.999267578125,
    "model.layers.6.mlp.gate_proj": 1228.0390625,
    "model.layers.6.mlp.up_proj": 1228.8267822265625,
    "model.layers.6.mlp.down_proj": 1227.6697998046875,
    "model.layers.7.self_attn.q_proj": 1229.0302734375,
    "model.layers.7.self_attn.k_proj": 1228.7705078125,
    "model.layers.7.self_attn.v_proj": 1229.2879638671875,
    "model.layers.7.self_attn.o_proj": 1228.8621826171875,
    "model.layers.7.mlp.gate_proj": 1227.548583984375,
    "model.layers.7.mlp.up_proj": 1228.5887451171875,
    "model.layers.7.mlp.down_proj": 1229.4202880859375,
    "model.layers.8.self_attn.q_proj": 1227.42724609375,
    "model.layers.8.self_attn.k_proj": 1228.378173828125,
    "model.layers.8.self_attn.v_proj": 1229.288818359375,
    "model.layers.8.self_attn.o_proj": 1228.54833984375,
    "model.layers.8.mlp.gate_proj": 1228.6741943359375,
    "model.layers.8.mlp.up_proj": 1228.8638916015625,
    "model.layers.8.mlp.down_proj": 1228.6314697265625,
    "model.layers.9.self_attn.q_proj": 1229.0164794921875,
    "model.layers.9.self_attn.k_proj": 1228.4718017578125,
    "model.layers.9.self_attn.v_proj": 1230.906494140625,
    "model.layers.9.self_attn.o_proj": 1227.882080078125,
    "model.layers.9.mlp.gate_proj": 1228.76416015625,
    "model.layers.9.mlp.up_proj": 1229.135498046875,
    "model.layers.9.mlp.down_proj": 1228.6082763671875,
    "model.layers.10.self_attn.q_proj": 1227.4599609375,
    "model.layers.10.self_attn.k_proj": 1228.671142578125,
    "model.layers.10.self_attn.v_proj": 1231.3892822265625,
    "model.layers.10.self_attn.o_proj": 1226.802978515625,
    "model.layers.10.mlp.gate_proj": 1228.6539306640625,
    "model.layers.10.mlp.up_proj": 1228.8941650390625,
    "model.layers.10.mlp.down_proj": 1227.6942138671875,
    "model.layers.11.self_attn.q_proj": 1227.56591796875,
    "model.layers.11.self_attn.k_proj": 1227.561279296875,
    "model.layers.11.self_attn.v_proj": 1229.8695068359375,
    "model.layers.11.self_attn.o_proj": 1227.650634765625,
    "model.layers.11.mlp.gate_proj": 1227.888916015625,
    "model.layers.11.mlp.up_proj": 1228.594482421875,
    "model.layers.11.mlp.down_proj": 1229.970947265625,
    "model.layers.12.self_attn.q_proj": 1228.372802734375,
    "model.layers.12.self_attn.k_proj": 1228.0657958984375,
    "model.layers.12.self_attn.v_proj": 1228.7626953125,
    "model.layers.12.self_attn.o_proj": 1224.6168212890625,
    "model.layers.12.mlp.gate_proj": 1228.7236328125,
    "model.layers.12.mlp.up_proj": 1229.2681884765625,
    "model.layers.12.mlp.down_proj": 1229.0943603515625,
    "model.layers.13.self_attn.q_proj": 1228.043212890625,
    "model.layers.13.self_attn.k_proj": 1227.359130859375,
    "model.layers.13.self_attn.v_proj": 1230.885009765625,
    "model.layers.13.self_attn.o_proj": 1223.174072265625,
    "model.layers.13.mlp.gate_proj": 1223.230712890625,
    "model.layers.13.mlp.up_proj": 1224.2947998046875,
    "model.layers.13.mlp.down_proj": 1228.7637939453125,
    "model.layers.14.self_attn.q_proj": 1228.6259765625,
    "model.layers.14.self_attn.k_proj": 1229.267578125,
    "model.layers.14.self_attn.v_proj": 1226.7164306640625,
    "model.layers.14.self_attn.o_proj": 1225.0394287109375,
    "model.layers.14.mlp.gate_proj": 1228.7310791015625,
    "model.layers.14.mlp.up_proj": 1228.9639892578125,
    "model.layers.14.mlp.down_proj": 1228.0821533203125,
    "model.layers.15.self_attn.q_proj": 1228.0355224609375,
    "model.layers.15.self_attn.k_proj": 1226.09326171875,
    "model.layers.15.self_attn.v_proj": 1230.7117919921875,
    "model.layers.15.self_attn.o_proj": 1227.539794921875,
    "model.layers.15.mlp.gate_proj": 1228.5413818359375,
    "model.layers.15.mlp.up_proj": 1225.8099365234375,
    "model.layers.15.mlp.down_proj": 1227.75341796875,
    "model.layers.16.self_attn.q_proj": 1227.677490234375,
    "model.layers.16.self_attn.k_proj": 1228.87353515625,
    "model.layers.16.self_attn.v_proj": 1230.30810546875,
    "model.layers.16.self_attn.o_proj": 1227.6693115234375,
    "model.layers.16.mlp.gate_proj": 1228.746337890625,
    "model.layers.16.mlp.up_proj": 1228.7708740234375,
    "model.layers.16.mlp.down_proj": 1228.7801513671875,
    "model.layers.17.self_attn.q_proj": 1227.36474609375,
    "model.layers.17.self_attn.k_proj": 1228.753662109375,
    "model.layers.17.self_attn.v_proj": 1228.6708984375,
    "model.layers.17.self_attn.o_proj": 1228.9251708984375,
    "model.layers.17.mlp.gate_proj": 1228.9974365234375,
    "model.layers.17.mlp.up_proj": 1228.74267578125,
    "model.layers.17.mlp.down_proj": 1228.625,
    "model.layers.18.self_attn.q_proj": 1227.807861328125,
    "model.layers.18.self_attn.k_proj": 1225.8502197265625,
    "model.layers.18.self_attn.v_proj": 1229.8056640625,
    "model.layers.18.self_attn.o_proj": 1226.1295166015625,
    "model.layers.18.mlp.gate_proj": 1228.6259765625,
    "model.layers.18.mlp.up_proj": 1228.5164794921875,
    "model.layers.18.mlp.down_proj": 1228.7996826171875,
    "model.layers.19.self_attn.q_proj": 1226.398681640625,
    "model.layers.19.self_attn.k_proj": 1228.9185791015625,
    "model.layers.19.self_attn.v_proj": 1229.1959228515625,
    "model.layers.19.self_attn.o_proj": 1227.32666015625,
    "model.layers.19.mlp.gate_proj": 1228.9881591796875,
    "model.layers.19.mlp.up_proj": 1228.28564453125,
    "model.layers.19.mlp.down_proj": 1228.0224609375,