{
    "model.layers.0.self_attn.q_proj": 1229.7398681640625,
    "model.layers.0.self_attn.k_proj": 1229.7398681640625,
    "model.layers.0.self_attn.v_proj": 1229.7398681640625,
    "model.layers.0.self_attn.o_proj": 1230.93017578125,
    "model.layers.0.mlp.gate_proj": 1229.5269775390625,
    "model.layers.0.mlp.up_proj": 1229.866943359375,
    "model.layers.0.mlp.down_proj": 1231.5628662109375,
    "model.layers.1.self_attn.q_proj": 1229.4593505859375,
    "model.layers.1.self_attn.k_proj": 1229.35986328125,
    "model.layers.1.self_attn.v_proj": 1229.5853271484375,
    "model.layers.1.self_attn.o_proj": 1224.78173828125,
    "model.layers.1.mlp.gate_proj": 1230.260498046875,
    "model.layers.1.mlp.up_proj": 1230.2149658203125,
    "model.layers.1.mlp.down_proj": 1223.675537109375,
    "model.layers.2.self_attn.q_proj": 1228.343505859375,
    "model.layers.2.self_attn.k_proj": 1231.7576904296875,
    "model.layers.2.self_attn.v_proj": 1237.51318359375,
    "model.layers.2.self_attn.o_proj": 1218.41259765625,
    "model.layers.2.mlp.gate_proj": 1232.565185546875,
    "model.layers.2.mlp.up_proj": 1232.75,
    "model.layers.2.mlp.down_proj": 1230.822509765625,
    "model.layers.3.self_attn.q_proj": 1233.608642578125,
    "model.layers.3.self_attn.k_proj": 1219.421875,
    "model.layers.3.self_attn.v_proj": 1253.37841796875,
    "model.layers.3.self_attn.o_proj": 1232.16748046875,
    "model.layers.3.mlp.gate_proj": 1229.1180419921875,
    "model.layers.3.mlp.up_proj": 1219.3973388671875,
    "model.layers.3.mlp.down_proj": 1228.97802734375,
    "model.layers.4.self_attn.q_proj": 1228.3106689453125,
    "model.layers.4.self_attn.k_proj": 1232.3936767578125,
    "model.layers.4.self_attn.v_proj": 1287.4775390625,
    "model.layers.4.self_attn.o_proj": 1221.671875,
    "model.layers.4.mlp.gate_proj": 1231.01220703125,
    "model.layers.4.mlp.up_proj": 1225.632080078125,
    "model.layers.4.mlp.down_proj": 1231.328369140625,
    "model.layers.5.self_attn.q_proj": 1233.4693603515625,
    "model.layers.5.self_attn.k_proj": 1237.2841796875,
    "model.layers.5.self_attn.v_proj": 1253.128173828125,
    "model.layers.5.self_attn.o_proj": 1223.3736572265625,
    "model.layers.5.mlp.gate_proj": 1232.0872802734375,
    "model.layers.5.mlp.up_proj": 1228.012451171875,
    "model.layers.5.mlp.down_proj": 1185.2626953125,
    "model.layers.6.self_attn.q_proj": 1216.962646484375,
    "model.layers.6.self_attn.k_proj": 1226.662109375,
    "model.layers.6.self_attn.v_proj": 1259.7322998046875,
    "model.layers.6.self_attn.o_proj": 1200.146484375,
    "model.layers.6.mlp.gate_proj": 1217.8834228515625,
    "model.layers.6.mlp.up_proj": 1244.6724853515625,
    "model.layers.6.mlp.down_proj": 1211.108642578125,
    "model.layers.7.self_attn.q_proj": 1222.1531982421875,
    "model.layers.7.self_attn.k_proj": 1260.047119140625,
    "model.layers.7.self_attn.v_proj": 1261.4815673828125,
    "model.layers.7.self_attn.o_proj": 1229.2901611328125,
    "model.layers.7.mlp.gate_proj": 1225.1612548828125,
    "model.layers.7.mlp.up_proj": 1226.099853515625,
    "model.layers.7.mlp.down_proj": 1232.7752685546875,
    "model.layers.8.self_attn.q_proj": 1221.9085693359375,
    "model.layers.8.self_attn.k_proj": 1232.34423828125,
    "model.layers.8.self_attn.v_proj": 1249.54345703125,
    "model.layers.8.self_attn.o_proj": 1219.014892578125,
    "model.layers.8.mlp.gate_proj": 1224.3958740234375,
    "model.layers.8.mlp.up_proj": 1241.34765625,
    "model.layers.8.mlp.down_proj": 1221.3201904296875,
    "model.layers.9.self_attn.q_proj": 1237.1309814453125,
    "model.layers.9.self_attn.k_proj": 1231.868896484375,
    "model.layers.9.self_attn.v_proj": 1278.0018310546875,
    "model.layers.9.self_attn.o_proj": 1213.081298828125,
    "model.layers.9.mlp.gate_proj": 1229.8905029296875,
    "model.layers.9.mlp.up_proj": 1238.039306640625,
    "model.layers.9.mlp.down_proj": 1239.22607421875,
    "model.layers.10.self_attn.q_proj": 1230.58837890625,
    "model.layers.10.self_attn.k_proj": 1226.4241943359375,
    "model.layers.10.self_attn.v_proj": 1260.165283203125,
    "model.layers.10.self_attn.o_proj": 1213.4715576171875,
    "model.layers.10.mlp.gate_proj": 1240.1932373046875,
    "model.layers.10.mlp.up_proj": 1237.7955322265625,
    "model.layers.10.mlp.down_proj": 1222.251953125,
    "model.layers.11.self_attn.q_proj": 1234.3670654296875,
    "model.layers.11.self_attn.k_proj": 1245.7471923828125,
    "model.layers.11.self_attn.v_proj": 1261.513427734375,
    "model.layers.11.self_attn.o_proj": 1211.962646484375,
    "model.layers.11.mlp.gate_proj": 1235.541259765625,
    "model.layers.11.mlp.up_proj": 1241.4498291015625,
    "model.layers.11.mlp.down_proj": 1237.12841796875,
    "model.layers.12.self_attn.q_proj": 1219.955810546875,
    "model.layers.12.self_attn.k_proj": 1206.7220458984375,
    "model.layers.12.self_attn.v_proj": 1277.6822509765625,
    "model.layers.12.self_attn.o_proj": 1201.5064697265625,
    "model.layers.12.mlp.gate_proj": 1238.934814453125,
    "model.layers.12.mlp.up_proj": 1238.291259765625,
    "model.layers.12.mlp.down_proj": 1234.0247802734375,
    "model.layers.13.self_attn.q_proj": 1224.55126953125,
    "model.layers.13.self_attn.k_proj": 1226.5140380859375,
    "model.layers.13.self_attn.v_proj": 1277.4632568359375,
    "model.layers.13.self_attn.o_proj": 1209.5057373046875,
    "model.layers.13.mlp.gate_proj": 1213.9976806640625,
    "model.layers.13.mlp.up_proj": 1222.610595703125,
    "model.layers.13.mlp.down_proj": 1243.4774169921875,
    "model.layers.14.self_attn.q_proj": 1231.4398193359375,
    "model.layers.14.self_attn.k_proj": 1231.1854248046875,
    "model.layers.14.self_attn.v_proj": 1249.3470458984375,
    "model.layers.14.self_attn.o_proj": 1222.2108154296875,
    "model.layers.14.mlp.gate_proj": 1237.00830078125,
    "model.layers.14.mlp.up_proj": 1223.8839111328125,
    "model.layers.14.mlp.down_proj": 1234.5380859375,
    "model.layers.15.self_attn.q_proj": 1230.2615966796875,
    "model.layers.15.self_attn.k_proj": 1194.78076171875,
    "model.layers.15.self_attn.v_proj": 1275.7109375,
    "model.layers.15.self_attn.o_proj": 1220.211669921875,
    "model.layers.15.mlp.gate_proj": 1230.71875,
    "model.layers.15.mlp.up_proj": 1217.845947265625,
    "model.layers.15.mlp.down_proj": 1229.3992919921875,
    "model.layers.16.self_attn.q_proj": 1227.16259765625,
    "model.layers.16.self_attn.k_proj": 1234.0750732421875,
    "model.layers.16.self_attn.v_proj": 1275.123291015625,
    "model.layers.16.self_attn.o_proj": 1219.682373046875,
    "model.layers.16.mlp.gate_proj": 1229.5145263671875,
    "model.layers.16.mlp.up_proj": 1233.1025390625,
    "model.layers.16.mlp.down_proj": 1220.720458984375,
    "model.layers.17.self_attn.q_proj": 1222.6427001953125,
    "model.layers.17.self_attn.k_proj": 1243.3829345703125,
    "model.layers.17.self_attn.v_proj": 1274.139404296875,
    "model.layers.17.self_attn.o_proj": 1199.683349609375,
    "model.layers.17.mlp.gate_proj": 1240.275634765625,
    "model.layers.17.mlp.up_proj": 1231.664306640625,
    "model.layers.17.mlp.down_proj": 1223.7596435546875,
    "model.layers.18.self_attn.q_proj": 1226.3665771484375,
    "model.layers.18.self_attn.k_proj": 1191.0338134765625,
    "model.layers.18.self_attn.v_proj": 1260.688720703125,
    "model.layers.18.self_attn.o_proj": 1209.8131103515625,
    "model.layers.18.mlp.gate_proj": 1230.7591552734375,
    "model.layers.18.mlp.up_proj": 1233.7996826171875,
    "model.layers.18.mlp.down_proj": 1225.01611328125,
    "model.layers.19.self_attn.q_proj": 1223.3074951171875,
    "model.layers.19.self_attn.k_proj": 1228.471923828125,
    "model.layers.19.self_attn.v_proj": 1257.215576171875,
    "model.layers.19.self_attn.o_proj": 1214.69970703125,
    "model.layers.19.mlp.gate_proj": 1228.9013671875,
    "model.layers.19.mlp.up_proj": 1230.461669921875,
    "model.layers.19.mlp.down_proj": 1222.2427978515625,