{
    "model.layers.0.self_attn.q_proj": 1225.9344482421875,
    "model.layers.0.self_attn.k_proj": 1225.9344482421875,
    "model.layers.0.self_attn.v_proj": 1225.9344482421875,
    "model.layers.0.self_attn.o_proj": 1227.4002685546875,
    "model.layers.0.mlp.gate_proj": 1225.72802734375,
    "model.layers.0.mlp.up_proj": 1225.7413330078125,
    "model.layers.0.mlp.down_proj": 1229.96630859375,
    "model.layers.1.self_attn.q_proj": 1225.33740234375,
    "model.layers.1.self_attn.k_proj": 1225.5150146484375,
    "model.layers.1.self_attn.v_proj": 1225.23828125,
    "model.layers.1.self_attn.o_proj": 1214.70947265625,
    "model.layers.1.mlp.gate_proj": 1227.529541015625,
    "model.layers.1.mlp.up_proj": 1224.8245849609375,
    "model.layers.1.mlp.down_proj": 1216.4052734375,
    "model.layers.2.self_attn.q_proj": 1225.66357421875,
    "model.layers.2.self_attn.k_proj": 1227.1624755859375,
    "model.layers.2.self_attn.v_proj": 1243.4178466796875,
    "model.layers.2.self_attn.o_proj": 1213.6319580078125,
    "model.layers.2.mlp.gate_proj": 1234.17822265625,
    "model.layers.2.mlp.up_proj": 1232.4072265625,
    "model.layers.2.mlp.down_proj": 1236.7388916015625,
    "model.layers.3.self_attn.q_proj": 1229.2532958984375,
    "model.layers.3.self_attn.k_proj": 1214.9404296875,
    "model.layers.3.self_attn.v_proj": 1305.2296142578125,
    "model.layers.3.self_attn.o_proj": 1229.7769775390625,
    "model.layers.3.mlp.gate_proj": 1218.364501953125,
    "model.layers.3.mlp.up_proj": 1213.5045166015625,
    "model.layers.3.mlp.down_proj": 1221.429443359375,
    "model.layers.4.self_attn.q_proj": 1228.4149169921875,
    "model.layers.4.self_attn.k_proj": 1228.447265625,
    "model.layers.4.self_attn.v_proj": 1355.422119140625,
    "model.layers.4.self_attn.o_proj": 1209.353759765625,
    "model.layers.4.mlp.gate_proj": 1225.610595703125,
    "model.layers.4.mlp.up_proj": 1215.170166015625,
    "model.layers.4.mlp.down_proj": 1232.6431884765625,
    "model.layers.5.self_attn.q_proj": 1233.8175048828125,
    "model.layers.5.self_attn.k_proj": 1225.43017578125,
    "model.layers.5.self_attn.v_proj": 1288.5577392578125,
    "model.layers.5.self_attn.o_proj": 1222.6181640625,
    "model.layers.5.mlp.gate_proj": 1222.9705810546875,
    "model.layers.5.mlp.up_proj": 1222.56689453125,
    "model.layers.5.mlp.down_proj": 1180.3837890625,
    "model.layers.6.self_attn.q_proj": 1219.0328369140625,
    "model.layers.6.self_attn.k_proj": 1246.396240234375,
    "model.layers.6.self_attn.v_proj": 1301.4034423828125,
    "model.layers.6.self_attn.o_proj": 1193.3544921875,
    "model.layers.6.mlp.gate_proj": 1205.5897216796875,
    "model.layers.6.mlp.up_proj": 1232.38330078125,
    "model.layers.6.mlp.down_proj": 1205.6697998046875,
    "model.layers.7.self_attn.q_proj": 1210.142578125,
    "model.layers.7.self_attn.k_proj": 1268.225830078125,
    "model.layers.7.self_attn.v_proj": 1296.4169921875,
    "model.layers.7.self_attn.o_proj": 1212.537109375,
    "model.layers.7.mlp.gate_proj": 1222.973876953125,
    "model.layers.7.mlp.up_proj": 1223.263671875,
    "model.layers.7.mlp.down_proj": 1214.6226806640625,
    "model.layers.8.self_attn.q_proj": 1213.4732666015625,
    "model.layers.8.self_attn.k_proj": 1230.5047607421875,
    "model.layers.8.self_attn.v_proj": 1259.659912109375,
    "model.layers.8.self_attn.o_proj": 1202.826416015625,
    "model.layers.8.mlp.gate_proj": 1220.6878662109375,
    "model.layers.8.mlp.up_proj": 1248.150146484375,
    "model.layers.8.mlp.down_proj": 1195.7109375,
    "model.layers.9.self_attn.q_proj": 1242.97900390625,
    "model.layers.9.self_attn.k_proj": 1231.4395751953125,
    "model.layers.9.self_attn.v_proj": 1325.33837890625,
    "model.layers.9.self_attn.o_proj": 1202.524658203125,
    "model.layers.9.mlp.gate_proj": 1215.6632080078125,
    "model.layers.9.mlp.up_proj": 1250.747802734375,
    "model.layers.9.mlp.down_proj": 1251.9134521484375,
    "model.layers.10.self_attn.q_proj": 1217.4263916015625,
    "model.layers.10.self_attn.k_proj": 1214.3017578125,
    "model.layers.10.self_attn.v_proj": 1293.7227783203125,
    "model.layers.10.self_attn.o_proj": 1196.3250732421875,
    "model.layers.10.mlp.gate_proj": 1234.1400146484375,
    "model.layers.10.mlp.up_proj": 1229.2860107421875,
    "model.layers.10.mlp.down_proj": 1210.5333251953125,
    "model.layers.11.self_attn.q_proj": 1232.668701171875,
    "model.layers.11.self_attn.k_proj": 1246.87841796875,
    "model.layers.11.self_attn.v_proj": 1269.8328857421875,
    "model.layers.11.self_attn.o_proj": 1183.3887939453125,
    "model.layers.11.mlp.gate_proj": 1241.8516845703125,
    "model.layers.11.mlp.up_proj": 1248.4970703125,
    "model.layers.11.mlp.down_proj": 1240.814453125,
    "model.layers.12.self_attn.q_proj": 1213.1807861328125,
    "model.layers.12.self_attn.k_proj": 1172.0439453125,
    "model.layers.12.self_attn.v_proj": 1313.7332763671875,
    "model.layers.12.self_attn.o_proj": 1187.429931640625,
    "model.layers.12.mlp.gate_proj": 1244.70751953125,
    "model.layers.12.mlp.up_proj": 1235.8968505859375,
    "model.layers.12.mlp.down_proj": 1239.9283447265625,
    "model.layers.13.self_attn.q_proj": 1222.7508544921875,
    "model.layers.13.self_attn.k_proj": 1216.4365234375,
    "model.layers.13.self_attn.v_proj": 1314.636962890625,
    "model.layers.13.self_attn.o_proj": 1199.108642578125,
    "model.layers.13.mlp.gate_proj": 1213.0616455078125,
    "model.layers.13.mlp.up_proj": 1225.7294921875,
    "model.layers.13.mlp.down_proj": 1236.364013671875,
    "model.layers.14.self_attn.q_proj": 1226.7042236328125,
    "model.layers.14.self_attn.k_proj": 1216.0924072265625,
    "model.layers.14.self_attn.v_proj": 1287.7161865234375,
    "model.layers.14.self_attn.o_proj": 1204.697265625,
    "model.layers.14.mlp.gate_proj": 1232.6116943359375,
    "model.layers.14.mlp.up_proj": 1215.9232177734375,
    "model.layers.14.mlp.down_proj": 1248.1556396484375,
    "model.layers.15.self_attn.q_proj": 1225.420166015625,
    "model.layers.15.self_attn.k_proj": 1153.7034912109375,
    "model.layers.15.self_attn.v_proj": 1315.29150390625,
    "model.layers.15.self_attn.o_proj": 1201.3673095703125,
    "model.layers.15.mlp.gate_proj": 1221.7802734375,
    "model.layers.15.mlp.up_proj": 1218.8427734375,
    "model.layers.15.mlp.down_proj": 1223.8623046875,
    "model.layers.16.self_attn.q_proj": 1220.409423828125,
    "model.layers.16.self_attn.k_proj": 1254.9195556640625,
    "model.layers.16.self_attn.v_proj": 1312.58447265625,
    "model.layers.16.self_attn.o_proj": 1216.0513916015625,
    "model.layers.16.mlp.gate_proj": 1224.1248779296875,
    "model.layers.16.mlp.up_proj": 1223.3016357421875,
    "model.layers.16.mlp.down_proj": 1198.21044921875,
    "model.layers.17.self_attn.q_proj": 1210.0802001953125,
    "model.layers.17.self_attn.k_proj": 1252.2843017578125,
    "model.layers.17.self_attn.v_proj": 1325.0491943359375,
    "model.layers.17.self_attn.o_proj": 1179.28125,
    "model.layers.17.mlp.gate_proj": 1241.8751220703125,
    "model.layers.17.mlp.up_proj": 1235.5311279296875,
    "model.layers.17.mlp.down_proj": 1219.357666015625,
    "model.layers.18.self_attn.q_proj": 1222.9669189453125,
    "model.layers.18.self_attn.k_proj": 1167.2547607421875,
    "model.layers.18.self_attn.v_proj": 1311.1405029296875,
    "model.layers.18.self_attn.o_proj": 1176.3297119140625,
    "model.layers.18.mlp.gate_proj": 1232.270263671875,
    "model.layers.18.mlp.up_proj": 1230.2130126953125,
    "model.layers.18.mlp.down_proj": 1222.77783203125,
    "model.layers.19.self_attn.q_proj": 1215.2080078125,
    "model.layers.19.self_attn.k_proj": 1212.8341064453125,
    "model.layers.19.self_attn.v_proj": 1275.7423095703125,
    "model.layers.19.self_attn.o_proj": 1186.9603271484375,
    "model.layers.19.mlp.gate_proj": 1221.4722900390625,
    "model.layers.19.mlp.up_proj": 1232.51318359375,
    "model.layers.19.mlp.down_proj": 1211.52099609375,