{
    "model.layers.0.self_attn.q_proj": 1227.13427734375,
    "model.layers.0.self_attn.k_proj": 1227.13427734375,
    "model.layers.0.self_attn.v_proj": 1227.13427734375,
    "model.layers.0.self_attn.o_proj": 1228.7115478515625,
    "model.layers.0.mlp.gate_proj": 1226.936279296875,
    "model.layers.0.mlp.up_proj": 1227.294677734375,
    "model.layers.0.mlp.down_proj": 1230.0926513671875,
    "model.layers.1.self_attn.q_proj": 1226.7305908203125,
    "model.layers.1.self_attn.k_proj": 1226.6051025390625,
    "model.layers.1.self_attn.v_proj": 1226.9444580078125,
    "model.layers.1.self_attn.o_proj": 1218.5870361328125,
    "model.layers.1.mlp.gate_proj": 1228.70556640625,
    "model.layers.1.mlp.up_proj": 1227.1448974609375,
    "model.layers.1.mlp.down_proj": 1219.63671875,
    "model.layers.2.self_attn.q_proj": 1225.9027099609375,
    "model.layers.2.self_attn.k_proj": 1228.1683349609375,
    "model.layers.2.self_attn.v_proj": 1239.229248046875,
    "model.layers.2.self_attn.o_proj": 1213.8038330078125,
    "model.layers.2.mlp.gate_proj": 1234.9080810546875,
    "model.layers.2.mlp.up_proj": 1232.96337890625,
    "model.layers.2.mlp.down_proj": 1231.8682861328125,
    "model.layers.3.self_attn.q_proj": 1232.865478515625,
    "model.layers.3.self_attn.k_proj": 1214.837158203125,
    "model.layers.3.self_attn.v_proj": 1275.2364501953125,
    "model.layers.3.self_attn.o_proj": 1228.505126953125,
    "model.layers.3.mlp.gate_proj": 1222.5870361328125,
    "model.layers.3.mlp.up_proj": 1216.9442138671875,
    "model.layers.3.mlp.down_proj": 1222.5296630859375,
    "model.layers.4.self_attn.q_proj": 1228.605712890625,
    "model.layers.4.self_attn.k_proj": 1227.762939453125,
    "model.layers.4.self_attn.v_proj": 1316.751220703125,
    "model.layers.4.self_attn.o_proj": 1215.747802734375,
    "model.layers.4.mlp.gate_proj": 1225.8740234375,
    "model.layers.4.mlp.up_proj": 1219.484130859375,
    "model.layers.4.mlp.down_proj": 1231.642822265625,
    "model.layers.5.self_attn.q_proj": 1234.6502685546875,
    "model.layers.5.self_attn.k_proj": 1229.0166015625,
    "model.layers.5.self_attn.v_proj": 1265.0767822265625,
    "model.layers.5.self_attn.o_proj": 1221.25439453125,
    "model.layers.5.mlp.gate_proj": 1229.906982421875,
    "model.layers.5.mlp.up_proj": 1225.550048828125,
    "model.layers.5.mlp.down_proj": 1182.919921875,
    "model.layers.6.self_attn.q_proj": 1211.5648193359375,
    "model.layers.6.self_attn.k_proj": 1235.1328125,
    "model.layers.6.self_attn.v_proj": 1277.7672119140625,
    "model.layers.6.self_attn.o_proj": 1198.4603271484375,
    "model.layers.6.mlp.gate_proj": 1208.2491455078125,
    "model.layers.6.mlp.up_proj": 1235.19189453125,
    "model.layers.6.mlp.down_proj": 1208.366943359375,
    "model.layers.7.self_attn.q_proj": 1216.149169921875,
    "model.layers.7.self_attn.k_proj": 1272.0858154296875,
    "model.layers.7.self_attn.v_proj": 1276.2861328125,
    "model.layers.7.self_attn.o_proj": 1218.74169921875,
    "model.layers.7.mlp.gate_proj": 1226.3946533203125,
    "model.layers.7.mlp.up_proj": 1224.597900390625,
    "model.layers.7.mlp.down_proj": 1228.7093505859375,
    "model.layers.8.self_attn.q_proj": 1217.0584716796875,
    "model.layers.8.self_attn.k_proj": 1230.9832763671875,
    "model.layers.8.self_attn.v_proj": 1251.6260986328125,
    "model.layers.8.self_attn.o_proj": 1216.6474609375,
    "model.layers.8.mlp.gate_proj": 1222.9298095703125,
    "model.layers.8.mlp.up_proj": 1242.0394287109375,
    "model.layers.8.mlp.down_proj": 1212.40380859375,
    "model.layers.9.self_attn.q_proj": 1235.2744140625,
    "model.layers.9.self_attn.k_proj": 1233.923583984375,
    "model.layers.9.self_attn.v_proj": 1306.6175537109375,
    "model.layers.9.self_attn.o_proj": 1208.3529052734375,
    "model.layers.9.mlp.gate_proj": 1222.2716064453125,
    "model.layers.9.mlp.up_proj": 1242.01416015625,
    "model.layers.9.mlp.down_proj": 1243.7901611328125,
    "model.layers.10.self_attn.q_proj": 1219.9549560546875,
    "model.layers.10.self_attn.k_proj": 1221.2529296875,
    "model.layers.10.self_attn.v_proj": 1274.531982421875,
    "model.layers.10.self_attn.o_proj": 1209.8497314453125,
    "model.layers.10.mlp.gate_proj": 1238.0198974609375,
    "model.layers.10.mlp.up_proj": 1236.292236328125,
    "model.layers.10.mlp.down_proj": 1220.0355224609375,
    "model.layers.11.self_attn.q_proj": 1236.9580078125,
    "model.layers.11.self_attn.k_proj": 1246.4713134765625,
    "model.layers.11.self_attn.v_proj": 1266.336669921875,
    "model.layers.11.self_attn.o_proj": 1198.335693359375,
    "model.layers.11.mlp.gate_proj": 1240.3760986328125,
    "model.layers.11.mlp.up_proj": 1249.3143310546875,
    "model.layers.11.mlp.down_proj": 1240.0517578125,
    "model.layers.12.self_attn.q_proj": 1220.5684814453125,
    "model.layers.12.self_attn.k_proj": 1188.828369140625,
    "model.layers.12.self_attn.v_proj": 1294.143310546875,
    "model.layers.12.self_attn.o_proj": 1194.6790771484375,
    "model.layers.12.mlp.gate_proj": 1244.6585693359375,
    "model.layers.12.mlp.up_proj": 1236.7672119140625,
    "model.layers.12.mlp.down_proj": 1238.5986328125,
    "model.layers.13.self_attn.q_proj": 1223.0159912109375,
    "model.layers.13.self_attn.k_proj": 1219.4483642578125,
    "model.layers.13.self_attn.v_proj": 1295.6087646484375,
    "model.layers.13.self_attn.o_proj": 1202.5640869140625,
    "model.layers.13.mlp.gate_proj": 1210.17431640625,
    "model.layers.13.mlp.up_proj": 1224.9736328125,
    "model.layers.13.mlp.down_proj": 1239.333984375,
    "model.layers.14.self_attn.q_proj": 1228.0633544921875,
    "model.layers.14.self_attn.k_proj": 1228.6708984375,
    "model.layers.14.self_attn.v_proj": 1265.8187255859375,
    "model.layers.14.self_attn.o_proj": 1215.273193359375,
    "model.layers.14.mlp.gate_proj": 1232.94873046875,
    "model.layers.14.mlp.up_proj": 1214.8916015625,
    "model.layers.14.mlp.down_proj": 1238.6253662109375,
    "model.layers.15.self_attn.q_proj": 1229.288818359375,
    "model.layers.15.self_attn.k_proj": 1172.009033203125,
    "model.layers.15.self_attn.v_proj": 1295.9488525390625,
    "model.layers.15.self_attn.o_proj": 1210.411865234375,
    "model.layers.15.mlp.gate_proj": 1225.1246337890625,
    "model.layers.15.mlp.up_proj": 1218.086181640625,
    "model.layers.15.mlp.down_proj": 1222.5262451171875,
    "model.layers.16.self_attn.q_proj": 1223.781982421875,
    "model.layers.16.self_attn.k_proj": 1246.01318359375,
    "model.layers.16.self_attn.v_proj": 1296.924560546875,
    "model.layers.16.self_attn.o_proj": 1217.0234375,
    "model.layers.16.mlp.gate_proj": 1226.80615234375,
    "model.layers.16.mlp.up_proj": 1225.552001953125,
    "model.layers.16.mlp.down_proj": 1206.670166015625,
    "model.layers.17.self_attn.q_proj": 1215.5101318359375,
    "model.layers.17.self_attn.k_proj": 1247.4505615234375,
    "model.layers.17.self_attn.v_proj": 1293.781982421875,
    "model.layers.17.self_attn.o_proj": 1184.7972412109375,
    "model.layers.17.mlp.gate_proj": 1242.6278076171875,
    "model.layers.17.mlp.up_proj": 1229.50927734375,
    "model.layers.17.mlp.down_proj": 1226.844970703125,
    "model.layers.18.self_attn.q_proj": 1224.8231201171875,
    "model.layers.18.self_attn.k_proj": 1171.811767578125,
    "model.layers.18.self_attn.v_proj": 1275.7032470703125,
    "model.layers.18.self_attn.o_proj": 1188.7978515625,
    "model.layers.18.mlp.gate_proj": 1228.9658203125,
    "model.layers.18.mlp.up_proj": 1231.43701171875,
    "model.layers.18.mlp.down_proj": 1225.727294921875,
    "model.layers.19.self_attn.q_proj": 1216.4564208984375,
    "model.layers.19.self_attn.k_proj": 1220.2667236328125,
    "model.layers.19.self_attn.v_proj": 1268.6866455078125,
    "model.layers.19.self_attn.o_proj": 1196.7623291015625,
    "model.layers.19.mlp.gate_proj": 1224.6258544921875,
    "model.layers.19.mlp.up_proj": 1229.9971923828125,
    "model.layers.19.mlp.down_proj": 1211.964599609375,