{
    "model.layers.0.self_attn.q_proj": 1225.8685302734375,
    "model.layers.0.self_attn.k_proj": 1225.8685302734375,
    "model.layers.0.self_attn.v_proj": 1225.8685302734375,
    "model.layers.0.self_attn.o_proj": 1227.369140625,
    "model.layers.0.mlp.gate_proj": 1225.65576171875,
    "model.layers.0.mlp.up_proj": 1225.6029052734375,
    "model.layers.0.mlp.down_proj": 1230.080810546875,
    "model.layers.1.self_attn.q_proj": 1225.3218994140625,
    "model.layers.1.self_attn.k_proj": 1225.4669189453125,
    "model.layers.1.self_attn.v_proj": 1225.0787353515625,
    "model.layers.1.self_attn.o_proj": 1214.0352783203125,
    "model.layers.1.mlp.gate_proj": 1227.1591796875,
    "model.layers.1.mlp.up_proj": 1224.54345703125,
    "model.layers.1.mlp.down_proj": 1215.8145751953125,
    "model.layers.2.self_attn.q_proj": 1225.7904052734375,
    "model.layers.2.self_attn.k_proj": 1227.2325439453125,
    "model.layers.2.self_attn.v_proj": 1244.052001953125,
    "model.layers.2.self_attn.o_proj": 1213.6884765625,
    "model.layers.2.mlp.gate_proj": 1234.9102783203125,
    "model.layers.2.mlp.up_proj": 1232.5526123046875,
    "model.layers.2.mlp.down_proj": 1237.6832275390625,
    "model.layers.3.self_attn.q_proj": 1228.210205078125,
    "model.layers.3.self_attn.k_proj": 1214.4757080078125,
    "model.layers.3.self_attn.v_proj": 1309.1749267578125,
    "model.layers.3.self_attn.o_proj": 1230.56494140625,
    "model.layers.3.mlp.gate_proj": 1217.462890625,
    "model.layers.3.mlp.up_proj": 1212.1749267578125,
    "model.layers.3.mlp.down_proj": 1221.9005126953125,
    "model.layers.4.self_attn.q_proj": 1228.3868408203125,
    "model.layers.4.self_attn.k_proj": 1229.263427734375,
    "model.layers.4.self_attn.v_proj": 1365.58935546875,
    "model.layers.4.self_attn.o_proj": 1207.364501953125,
    "model.layers.4.mlp.gate_proj": 1225.5682373046875,
    "model.layers.4.mlp.up_proj": 1215.0460205078125,
    "model.layers.4.mlp.down_proj": 1228.9320068359375,
    "model.layers.5.self_attn.q_proj": 1235.51904296875,
    "model.layers.5.self_attn.k_proj": 1226.2576904296875,
    "model.layers.5.self_attn.v_proj": 1291.1011962890625,
    "model.layers.5.self_attn.o_proj": 1222.3555908203125,
    "model.layers.5.mlp.gate_proj": 1222.3284912109375,
    "model.layers.5.mlp.up_proj": 1222.484375,
    "model.layers.5.mlp.down_proj": 1179.1063232421875,
    "model.layers.6.self_attn.q_proj": 1220.0281982421875,
    "model.layers.6.self_attn.k_proj": 1247.8760986328125,
    "model.layers.6.self_attn.v_proj": 1304.56689453125,
    "model.layers.6.self_attn.o_proj": 1191.514404296875,
    "model.layers.6.mlp.gate_proj": 1205.4425048828125,
    "model.layers.6.mlp.up_proj": 1232.01416015625,
    "model.layers.6.mlp.down_proj": 1204.200927734375,
    "model.layers.7.self_attn.q_proj": 1209.26611328125,
    "model.layers.7.self_attn.k_proj": 1266.3486328125,
    "model.layers.7.self_attn.v_proj": 1306.11376953125,
    "model.layers.7.self_attn.o_proj": 1210.3997802734375,
    "model.layers.7.mlp.gate_proj": 1222.433349609375,
    "model.layers.7.mlp.up_proj": 1222.85986328125,
    "model.layers.7.mlp.down_proj": 1213.8135986328125,
    "model.layers.8.self_attn.q_proj": 1213.7430419921875,
    "model.layers.8.self_attn.k_proj": 1231.1387939453125,
    "model.layers.8.self_attn.v_proj": 1262.5181884765625,
    "model.layers.8.self_attn.o_proj": 1200.1005859375,
    "model.layers.8.mlp.gate_proj": 1220.5750732421875,
    "model.layers.8.mlp.up_proj": 1249.3841552734375,
    "model.layers.8.mlp.down_proj": 1193.388427734375,
    "model.layers.9.self_attn.q_proj": 1243.1282958984375,
    "model.layers.9.self_attn.k_proj": 1231.6199951171875,
    "model.layers.9.self_attn.v_proj": 1331.121826171875,
    "model.layers.9.self_attn.o_proj": 1200.99072265625,
    "model.layers.9.mlp.gate_proj": 1214.848388671875,
    "model.layers.9.mlp.up_proj": 1251.6644287109375,
    "model.layers.9.mlp.down_proj": 1252.9501953125,
    "model.layers.10.self_attn.q_proj": 1217.6795654296875,
    "model.layers.10.self_attn.k_proj": 1213.1689453125,
    "model.layers.10.self_attn.v_proj": 1297.804443359375,
    "model.layers.10.self_attn.o_proj": 1194.9163818359375,
    "model.layers.10.mlp.gate_proj": 1233.1248779296875,
    "model.layers.10.mlp.up_proj": 1228.421875,
    "model.layers.10.mlp.down_proj": 1208.2559814453125,
    "model.layers.11.self_attn.q_proj": 1230.3665771484375,
    "model.layers.11.self_attn.k_proj": 1247.089599609375,
    "model.layers.11.self_attn.v_proj": 1270.837646484375,
    "model.layers.11.self_attn.o_proj": 1180.2911376953125,
    "model.layers.11.mlp.gate_proj": 1241.6763916015625,
    "model.layers.11.mlp.up_proj": 1248.2132568359375,
    "model.layers.11.mlp.down_proj": 1240.4974365234375,
    "model.layers.12.self_attn.q_proj": 1211.634033203125,
    "model.layers.12.self_attn.k_proj": 1166.731689453125,
    "model.layers.12.self_attn.v_proj": 1317.486083984375,
    "model.layers.12.self_attn.o_proj": 1183.2232666015625,
    "model.layers.12.mlp.gate_proj": 1244.70703125,
    "model.layers.12.mlp.up_proj": 1234.7803955078125,
    "model.layers.12.mlp.down_proj": 1244.963623046875,
    "model.layers.13.self_attn.q_proj": 1223.588623046875,
    "model.layers.13.self_attn.k_proj": 1216.619384765625,
    "model.layers.13.self_attn.v_proj": 1318.24365234375,
    "model.layers.13.self_attn.o_proj": 1198.88037109375,
    "model.layers.13.mlp.gate_proj": 1214.886474609375,
    "model.layers.13.mlp.up_proj": 1228.47998046875,
    "model.layers.13.mlp.down_proj": 1234.4200439453125,
    "model.layers.14.self_attn.q_proj": 1226.691162109375,
    "model.layers.14.self_attn.k_proj": 1214.983642578125,
    "model.layers.14.self_attn.v_proj": 1290.28466796875,
    "model.layers.14.self_attn.o_proj": 1201.9815673828125,
    "model.layers.14.mlp.gate_proj": 1232.7135009765625,
    "model.layers.14.mlp.up_proj": 1216.6195068359375,
    "model.layers.14.mlp.down_proj": 1250.0859375,
    "model.layers.15.self_attn.q_proj": 1226.2900390625,
    "model.layers.15.self_attn.k_proj": 1150.2254638671875,
    "model.layers.15.self_attn.v_proj": 1321.159423828125,
    "model.layers.15.self_attn.o_proj": 1198.124267578125,
    "model.layers.15.mlp.gate_proj": 1220.8619384765625,
    "model.layers.15.mlp.up_proj": 1220.3902587890625,
    "model.layers.15.mlp.down_proj": 1223.5902099609375,
    "model.layers.16.self_attn.q_proj": 1219.0186767578125,
    "model.layers.16.self_attn.k_proj": 1259.6302490234375,
    "model.layers.16.self_attn.v_proj": 1316.00634765625,
    "model.layers.16.self_attn.o_proj": 1216.7640380859375,
    "model.layers.16.mlp.gate_proj": 1222.98681640625,
    "model.layers.16.mlp.up_proj": 1223.1689453125,
    "model.layers.16.mlp.down_proj": 1196.053466796875,
    "model.layers.17.self_attn.q_proj": 1209.1988525390625,
    "model.layers.17.self_attn.k_proj": 1253.165283203125,
    "model.layers.17.self_attn.v_proj": 1334.87255859375,
    "model.layers.17.self_attn.o_proj": 1178.38525390625,
    "model.layers.17.mlp.gate_proj": 1242.4769287109375,
    "model.layers.17.mlp.up_proj": 1236.875,
    "model.layers.17.mlp.down_proj": 1216.1748046875,
    "model.layers.18.self_attn.q_proj": 1221.8873291015625,
    "model.layers.18.self_attn.k_proj": 1166.2318115234375,
    "model.layers.18.self_attn.v_proj": 1321.62060546875,
    "model.layers.18.self_attn.o_proj": 1174.7003173828125,
    "model.layers.18.mlp.gate_proj": 1232.5692138671875,
    "model.layers.18.mlp.up_proj": 1231.1087646484375,
    "model.layers.18.mlp.down_proj": 1220.6912841796875,
    "model.layers.19.self_attn.q_proj": 1214.175537109375,
    "model.layers.19.self_attn.k_proj": 1212.08984375,
    "model.layers.19.self_attn.v_proj": 1277.1156005859375,
    "model.layers.19.self_attn.o_proj": 1183.5433349609375,
    "model.layers.19.mlp.gate_proj": 1221.9930419921875,
    "model.layers.19.mlp.up_proj": 1233.8197021484375,
    "model.layers.19.mlp.down_proj": 1211.7188720703125,