{
    "model.layers.0.self_attn.q_proj": 1226.1365966796875,
    "model.layers.0.self_attn.k_proj": 1226.1365966796875,
    "model.layers.0.self_attn.v_proj": 1226.1365966796875,
    "model.layers.0.self_attn.o_proj": 1226.3292236328125,
    "model.layers.0.mlp.gate_proj": 1225.92041015625,
    "model.layers.0.mlp.up_proj": 1226.1497802734375,
    "model.layers.0.mlp.down_proj": 1227.760009765625,
    "model.layers.1.self_attn.q_proj": 1225.8919677734375,
    "model.layers.1.self_attn.k_proj": 1225.9605712890625,
    "model.layers.1.self_attn.v_proj": 1225.9625244140625,
    "model.layers.1.self_attn.o_proj": 1223.71728515625,
    "model.layers.1.mlp.gate_proj": 1226.1962890625,
    "model.layers.1.mlp.up_proj": 1226.3837890625,
    "model.layers.1.mlp.down_proj": 1219.7122802734375,
    "model.layers.2.self_attn.q_proj": 1224.938232421875,
    "model.layers.2.self_attn.k_proj": 1228.282470703125,
    "model.layers.2.self_attn.v_proj": 1230.1468505859375,
    "model.layers.2.self_attn.o_proj": 1219.6142578125,
    "model.layers.2.mlp.gate_proj": 1227.8388671875,
    "model.layers.2.mlp.up_proj": 1227.147216796875,
    "model.layers.2.mlp.down_proj": 1227.433837890625,
    "model.layers.3.self_attn.q_proj": 1227.7557373046875,
    "model.layers.3.self_attn.k_proj": 1221.78369140625,
    "model.layers.3.self_attn.v_proj": 1246.3768310546875,
    "model.layers.3.self_attn.o_proj": 1228.9560546875,
    "model.layers.3.mlp.gate_proj": 1226.9088134765625,
    "model.layers.3.mlp.up_proj": 1216.1947021484375,
    "model.layers.3.mlp.down_proj": 1229.9190673828125,
    "model.layers.4.self_attn.q_proj": 1223.4210205078125,
    "model.layers.4.self_attn.k_proj": 1228.49365234375,
    "model.layers.4.self_attn.v_proj": 1271.972412109375,
    "model.layers.4.self_attn.o_proj": 1221.9566650390625,
    "model.layers.4.mlp.gate_proj": 1227.6829833984375,
    "model.layers.4.mlp.up_proj": 1227.187744140625,
    "model.layers.4.mlp.down_proj": 1226.4849853515625,
    "model.layers.5.self_attn.q_proj": 1229.462646484375,
    "model.layers.5.self_attn.k_proj": 1230.3115234375,
    "model.layers.5.self_attn.v_proj": 1240.4139404296875,
    "model.layers.5.self_attn.o_proj": 1221.1644287109375,
    "model.layers.5.mlp.gate_proj": 1227.125244140625,
    "model.layers.5.mlp.up_proj": 1225.2452392578125,
    "model.layers.5.mlp.down_proj": 1183.597412109375,
    "model.layers.6.self_attn.q_proj": 1215.425048828125,
    "model.layers.6.self_attn.k_proj": 1227.26025390625,
    "model.layers.6.self_attn.v_proj": 1245.0465087890625,
    "model.layers.6.self_attn.o_proj": 1198.7313232421875,
    "model.layers.6.mlp.gate_proj": 1217.0550537109375,
    "model.layers.6.mlp.up_proj": 1244.0743408203125,
    "model.layers.6.mlp.down_proj": 1213.143310546875,
    "model.layers.7.self_attn.q_proj": 1218.6995849609375,
    "model.layers.7.self_attn.k_proj": 1250.2149658203125,
    "model.layers.7.self_attn.v_proj": 1244.4559326171875,
    "model.layers.7.self_attn.o_proj": 1227.7440185546875,
    "model.layers.7.mlp.gate_proj": 1221.1671142578125,
    "model.layers.7.mlp.up_proj": 1224.82421875,
    "model.layers.7.mlp.down_proj": 1229.1912841796875,
    "model.layers.8.self_attn.q_proj": 1219.674072265625,
    "model.layers.8.self_attn.k_proj": 1228.44189453125,
    "model.layers.8.self_attn.v_proj": 1239.1009521484375,
    "model.layers.8.self_attn.o_proj": 1219.2806396484375,
    "model.layers.8.mlp.gate_proj": 1222.0684814453125,
    "model.layers.8.mlp.up_proj": 1234.76171875,
    "model.layers.8.mlp.down_proj": 1218.4969482421875,
    "model.layers.9.self_attn.q_proj": 1235.246826171875,
    "model.layers.9.self_attn.k_proj": 1225.347412109375,
    "model.layers.9.self_attn.v_proj": 1263.005126953125,
    "model.layers.9.self_attn.o_proj": 1212.8436279296875,
    "model.layers.9.mlp.gate_proj": 1227.844482421875,
    "model.layers.9.mlp.up_proj": 1228.5478515625,
    "model.layers.9.mlp.down_proj": 1233.0001220703125,
    "model.layers.10.self_attn.q_proj": 1225.46533203125,
    "model.layers.10.self_attn.k_proj": 1226.88720703125,
    "model.layers.10.self_attn.v_proj": 1249.903564453125,
    "model.layers.10.self_attn.o_proj": 1213.448974609375,
    "model.layers.10.mlp.gate_proj": 1233.643310546875,
    "model.layers.10.mlp.up_proj": 1231.35888671875,
    "model.layers.10.mlp.down_proj": 1224.46923828125,
    "model.layers.11.self_attn.q_proj": 1228.5269775390625,
    "model.layers.11.self_attn.k_proj": 1236.354736328125,
    "model.layers.11.self_attn.v_proj": 1252.7445068359375,
    "model.layers.11.self_attn.o_proj": 1216.1456298828125,
    "model.layers.11.mlp.gate_proj": 1227.0389404296875,
    "model.layers.11.mlp.up_proj": 1234.18408203125,
    "model.layers.11.mlp.down_proj": 1235.232421875,
    "model.layers.12.self_attn.q_proj": 1217.486572265625,
    "model.layers.12.self_attn.k_proj": 1211.7034912109375,
    "model.layers.12.self_attn.v_proj": 1264.0830078125,
    "model.layers.12.self_attn.o_proj": 1203.9384765625,
    "model.layers.12.mlp.gate_proj": 1229.828857421875,
    "model.layers.12.mlp.up_proj": 1234.9447021484375,
    "model.layers.12.mlp.down_proj": 1230.3248291015625,
    "model.layers.13.self_attn.q_proj": 1220.1622314453125,
    "model.layers.13.self_attn.k_proj": 1222.8203125,
    "model.layers.13.self_attn.v_proj": 1266.3162841796875,
    "model.layers.13.self_attn.o_proj": 1208.51611328125,
    "model.layers.13.mlp.gate_proj": 1210.564697265625,
    "model.layers.13.mlp.up_proj": 1217.6669921875,
    "model.layers.13.mlp.down_proj": 1240.1129150390625,
    "model.layers.14.self_attn.q_proj": 1227.7498779296875,
    "model.layers.14.self_attn.k_proj": 1227.670654296875,
    "model.layers.14.self_attn.v_proj": 1237.188720703125,
    "model.layers.14.self_attn.o_proj": 1219.780029296875,
    "model.layers.14.mlp.gate_proj": 1236.0018310546875,
    "model.layers.14.mlp.up_proj": 1223.4793701171875,
    "model.layers.14.mlp.down_proj": 1227.9576416015625,
    "model.layers.15.self_attn.q_proj": 1227.198486328125,
    "model.layers.15.self_attn.k_proj": 1202.1700439453125,
    "model.layers.15.self_attn.v_proj": 1252.0511474609375,
    "model.layers.15.self_attn.o_proj": 1224.979248046875,
    "model.layers.15.mlp.gate_proj": 1230.5560302734375,
    "model.layers.15.mlp.up_proj": 1213.52587890625,
    "model.layers.15.mlp.down_proj": 1226.3455810546875,
    "model.layers.16.self_attn.q_proj": 1223.8348388671875,
    "model.layers.16.self_attn.k_proj": 1224.9993896484375,
    "model.layers.16.self_attn.v_proj": 1258.606689453125,
    "model.layers.16.self_attn.o_proj": 1216.786376953125,
    "model.layers.16.mlp.gate_proj": 1225.7579345703125,
    "model.layers.16.mlp.up_proj": 1231.9327392578125,
    "model.layers.16.mlp.down_proj": 1219.814697265625,
    "model.layers.17.self_attn.q_proj": 1221.39404296875,
    "model.layers.17.self_attn.k_proj": 1233.04541015625,
    "model.layers.17.self_attn.v_proj": 1258.90625,
    "model.layers.17.self_attn.o_proj": 1206.5435791015625,
    "model.layers.17.mlp.gate_proj": 1233.48095703125,
    "model.layers.17.mlp.up_proj": 1227.3992919921875,
    "model.layers.17.mlp.down_proj": 1220.2293701171875,
    "model.layers.18.self_attn.q_proj": 1222.7353515625,
    "model.layers.18.self_attn.k_proj": 1203.0643310546875,
    "model.layers.18.self_attn.v_proj": 1248.8892822265625,
    "model.layers.18.self_attn.o_proj": 1210.374267578125,
    "model.layers.18.mlp.gate_proj": 1227.5709228515625,
    "model.layers.18.mlp.up_proj": 1230.1357421875,
    "model.layers.18.mlp.down_proj": 1224.418212890625,
    "model.layers.19.self_attn.q_proj": 1219.7540283203125,
    "model.layers.19.self_attn.k_proj": 1227.1082763671875,
    "model.layers.19.self_attn.v_proj": 1246.0418701171875,
    "model.layers.19.self_attn.o_proj": 1217.4061279296875,
    "model.layers.19.mlp.gate_proj": 1225.447265625,
    "model.layers.19.mlp.up_proj": 1227.8519287109375,
    "model.layers.19.mlp.down_proj": 1223.93359375,