{
    "model.layers.0.self_attn.q_proj": 1226.632568359375,
    "model.layers.0.self_attn.k_proj": 1226.632568359375,
    "model.layers.0.self_attn.v_proj": 1226.632568359375,
    "model.layers.0.self_attn.o_proj": 1228.2757568359375,
    "model.layers.0.mlp.gate_proj": 1226.42529296875,
    "model.layers.0.mlp.up_proj": 1226.79443359375,
    "model.layers.0.mlp.down_proj": 1229.0438232421875,
    "model.layers.1.self_attn.q_proj": 1226.3031005859375,
    "model.layers.1.self_attn.k_proj": 1226.1156005859375,
    "model.layers.1.self_attn.v_proj": 1226.43359375,
    "model.layers.1.self_attn.o_proj": 1218.75927734375,
    "model.layers.1.mlp.gate_proj": 1227.9981689453125,
    "model.layers.1.mlp.up_proj": 1226.8909912109375,
    "model.layers.1.mlp.down_proj": 1219.6234130859375,
    "model.layers.2.self_attn.q_proj": 1225.358154296875,
    "model.layers.2.self_attn.k_proj": 1227.7906494140625,
    "model.layers.2.self_attn.v_proj": 1237.650634765625,
    "model.layers.2.self_attn.o_proj": 1212.5009765625,
    "model.layers.2.mlp.gate_proj": 1233.891357421875,
    "model.layers.2.mlp.up_proj": 1231.5206298828125,
    "model.layers.2.mlp.down_proj": 1229.8583984375,
    "model.layers.3.self_attn.q_proj": 1232.0745849609375,
    "model.layers.3.self_attn.k_proj": 1214.366455078125,
    "model.layers.3.self_attn.v_proj": 1263.0028076171875,
    "model.layers.3.self_attn.o_proj": 1228.5416259765625,
    "model.layers.3.mlp.gate_proj": 1223.2738037109375,
    "model.layers.3.mlp.up_proj": 1217.002685546875,
    "model.layers.3.mlp.down_proj": 1221.150146484375,
    "model.layers.4.self_attn.q_proj": 1227.6943359375,
    "model.layers.4.self_attn.k_proj": 1227.760009765625,
    "model.layers.4.self_attn.v_proj": 1308.2073974609375,
    "model.layers.4.self_attn.o_proj": 1215.3612060546875,
    "model.layers.4.mlp.gate_proj": 1225.3861083984375,
    "model.layers.4.mlp.up_proj": 1220.2642822265625,
    "model.layers.4.mlp.down_proj": 1229.802978515625,
    "model.layers.5.self_attn.q_proj": 1234.0260009765625,
    "model.layers.5.self_attn.k_proj": 1228.1365966796875,
    "model.layers.5.self_attn.v_proj": 1260.6776123046875,
    "model.layers.5.self_attn.o_proj": 1219.3656005859375,
    "model.layers.5.mlp.gate_proj": 1229.449951171875,
    "model.layers.5.mlp.up_proj": 1224.716064453125,
    "model.layers.5.mlp.down_proj": 1183.163818359375,
    "model.layers.6.self_attn.q_proj": 1211.8482666015625,
    "model.layers.6.self_attn.k_proj": 1232.226318359375,
    "model.layers.6.self_attn.v_proj": 1268.866943359375,
    "model.layers.6.self_attn.o_proj": 1198.0784912109375,
    "model.layers.6.mlp.gate_proj": 1209.26171875,
    "model.layers.6.mlp.up_proj": 1235.68115234375,
    "model.layers.6.mlp.down_proj": 1205.9945068359375,
    "model.layers.7.self_attn.q_proj": 1215.8291015625,
    "model.layers.7.self_attn.k_proj": 1269.33154296875,
    "model.layers.7.self_attn.v_proj": 1273.5111083984375,
    "model.layers.7.self_attn.o_proj": 1220.06396484375,
    "model.layers.7.mlp.gate_proj": 1225.6939697265625,
    "model.layers.7.mlp.up_proj": 1223.527099609375,
    "model.layers.7.mlp.down_proj": 1228.9915771484375,
    "model.layers.8.self_attn.q_proj": 1217.9530029296875,
    "model.layers.8.self_attn.k_proj": 1229.754638671875,
    "model.layers.8.self_attn.v_proj": 1250.2158203125,
    "model.layers.8.self_attn.o_proj": 1216.4537353515625,
    "model.layers.8.mlp.gate_proj": 1222.3736572265625,
    "model.layers.8.mlp.up_proj": 1240.5042724609375,
    "model.layers.8.mlp.down_proj": 1214.4554443359375,
    "model.layers.9.self_attn.q_proj": 1234.4180908203125,
    "model.layers.9.self_attn.k_proj": 1233.364013671875,
    "model.layers.9.self_attn.v_proj": 1301.3551025390625,
    "model.layers.9.self_attn.o_proj": 1207.824951171875,
    "model.layers.9.mlp.gate_proj": 1223.1776123046875,
    "model.layers.9.mlp.up_proj": 1238.989013671875,
    "model.layers.9.mlp.down_proj": 1241.8179931640625,
    "model.layers.10.self_attn.q_proj": 1222.507080078125,
    "model.layers.10.self_attn.k_proj": 1221.8258056640625,
    "model.layers.10.self_attn.v_proj": 1270.7103271484375,
    "model.layers.10.self_attn.o_proj": 1212.0980224609375,
    "model.layers.10.mlp.gate_proj": 1237.89013671875,
    "model.layers.10.mlp.up_proj": 1236.1778564453125,
    "model.layers.10.mlp.down_proj": 1219.811279296875,
    "model.layers.11.self_attn.q_proj": 1235.936279296875,
    "model.layers.11.self_attn.k_proj": 1245.614501953125,
    "model.layers.11.self_attn.v_proj": 1263.10107421875,
    "model.layers.11.self_attn.o_proj": 1200.33203125,
    "model.layers.11.mlp.gate_proj": 1237.749755859375,
    "model.layers.11.mlp.up_proj": 1245.89501953125,
    "model.layers.11.mlp.down_proj": 1237.91650390625,
    "model.layers.12.self_attn.q_proj": 1219.8560791015625,
    "model.layers.12.self_attn.k_proj": 1192.431640625,
    "model.layers.12.self_attn.v_proj": 1289.716796875,
    "model.layers.12.self_attn.o_proj": 1194.775390625,
    "model.layers.12.mlp.gate_proj": 1243.1400146484375,
    "model.layers.12.mlp.up_proj": 1235.5958251953125,
    "model.layers.12.mlp.down_proj": 1236.1021728515625,
    "model.layers.13.self_attn.q_proj": 1221.466552734375,
    "model.layers.13.self_attn.k_proj": 1219.9298095703125,
    "model.layers.13.self_attn.v_proj": 1291.63037109375,
    "model.layers.13.self_attn.o_proj": 1203.212646484375,
    "model.layers.13.mlp.gate_proj": 1208.0048828125,
    "model.layers.13.mlp.up_proj": 1221.955322265625,
    "model.layers.13.mlp.down_proj": 1240.093017578125,
    "model.layers.14.self_attn.q_proj": 1227.7847900390625,
    "model.layers.14.self_attn.k_proj": 1230.9869384765625,
    "model.layers.14.self_attn.v_proj": 1256.35009765625,
    "model.layers.14.self_attn.o_proj": 1216.6123046875,
    "model.layers.14.mlp.gate_proj": 1231.934814453125,
    "model.layers.14.mlp.up_proj": 1216.5084228515625,
    "model.layers.14.mlp.down_proj": 1234.381103515625,
    "model.layers.15.self_attn.q_proj": 1228.1602783203125,
    "model.layers.15.self_attn.k_proj": 1177.9190673828125,
    "model.layers.15.self_attn.v_proj": 1289.10009765625,
    "model.layers.15.self_attn.o_proj": 1212.7901611328125,
    "model.layers.15.mlp.gate_proj": 1225.20556640625,
    "model.layers.15.mlp.up_proj": 1216.6737060546875,
    "model.layers.15.mlp.down_proj": 1223.21435546875,
    "model.layers.16.self_attn.q_proj": 1223.7181396484375,
    "model.layers.16.self_attn.k_proj": 1241.595703125,
    "model.layers.16.self_attn.v_proj": 1292.09716796875,
    "model.layers.16.self_attn.o_proj": 1215.766357421875,
    "model.layers.16.mlp.gate_proj": 1226.467529296875,
    "model.layers.16.mlp.up_proj": 1225.7452392578125,
    "model.layers.16.mlp.down_proj": 1208.477294921875,
    "model.layers.17.self_attn.q_proj": 1216.5059814453125,
    "model.layers.17.self_attn.k_proj": 1246.9388427734375,
    "model.layers.17.self_attn.v_proj": 1287.30029296875,
    "model.layers.17.self_attn.o_proj": 1186.533935546875,
    "model.layers.17.mlp.gate_proj": 1241.7626953125,
    "model.layers.17.mlp.up_proj": 1228.4156494140625,
    "model.layers.17.mlp.down_proj": 1226.045654296875,
    "model.layers.18.self_attn.q_proj": 1224.0335693359375,
    "model.layers.18.self_attn.k_proj": 1174.0709228515625,
    "model.layers.18.self_attn.v_proj": 1270.9520263671875,
    "model.layers.18.self_attn.o_proj": 1192.8072509765625,
    "model.layers.18.mlp.gate_proj": 1228.0966796875,
    "model.layers.18.mlp.up_proj": 1231.511962890625,
    "model.layers.18.mlp.down_proj": 1224.8818359375,
    "model.layers.19.self_attn.q_proj": 1216.7073974609375,
    "model.layers.19.self_attn.k_proj": 1221.824462890625,
    "model.layers.19.self_attn.v_proj": 1266.4661865234375,
    "model.layers.19.self_attn.o_proj": 1199.8619384765625,
    "model.layers.19.mlp.gate_proj": 1224.58935546875,
    "model.layers.19.mlp.up_proj": 1228.687255859375,
    "model.layers.19.mlp.down_proj": 1211.9365234375,