{
    "model.layers.0.self_attn.q_proj": 1630.59912109375,
    "model.layers.0.self_attn.k_proj": 1630.59912109375,
    "model.layers.0.self_attn.v_proj": 1630.59912109375,
    "model.layers.0.self_attn.o_proj": 1630.3594970703125,
    "model.layers.0.mlp.gate_proj": 1630.5823974609375,
    "model.layers.0.mlp.up_proj": 1630.77294921875,
    "model.layers.0.mlp.down_proj": 1630.6400146484375,
    "model.layers.1.self_attn.q_proj": 1630.115234375,
    "model.layers.1.self_attn.k_proj": 1630.0875244140625,
    "model.layers.1.self_attn.v_proj": 1634.06982421875,
    "model.layers.1.self_attn.o_proj": 1630.00927734375,
    "model.layers.1.mlp.gate_proj": 1631.9937744140625,
    "model.layers.1.mlp.up_proj": 1616.7496337890625,
    "model.layers.1.mlp.down_proj": 1626.8341064453125,
    "model.layers.2.self_attn.q_proj": 1626.358154296875,
    "model.layers.2.self_attn.k_proj": 1619.260986328125,
    "model.layers.2.self_attn.v_proj": 1760.7322998046875,
    "model.layers.2.self_attn.o_proj": 1609.690185546875,
    "model.layers.2.mlp.gate_proj": 1620.8162841796875,
    "model.layers.2.mlp.up_proj": 1620.625732421875,
    "model.layers.2.mlp.down_proj": 1590.5540771484375,
    "model.layers.3.self_attn.q_proj": 1608.6397705078125,
    "model.layers.3.self_attn.k_proj": 1640.18603515625,
    "model.layers.3.self_attn.v_proj": 1650.786865234375,
    "model.layers.3.self_attn.o_proj": 1615.77197265625,
    "model.layers.3.mlp.gate_proj": 1653.720703125,
    "model.layers.3.mlp.up_proj": 1705.6146240234375,
    "model.layers.3.mlp.down_proj": 1531.575927734375,
    "model.layers.4.self_attn.q_proj": 1623.196044921875,
    "model.layers.4.self_attn.k_proj": 1649.6253662109375,
    "model.layers.4.self_attn.v_proj": 1696.733642578125,
    "model.layers.4.self_attn.o_proj": 1573.7005615234375,
    "model.layers.4.mlp.gate_proj": 1676.002197265625,
    "model.layers.4.mlp.up_proj": 1659.7984619140625,
    "model.layers.4.mlp.down_proj": 1648.9078369140625,
    "model.layers.5.self_attn.q_proj": 1666.7889404296875,
    "model.layers.5.self_attn.k_proj": 1656.55908203125,
    "model.layers.5.self_attn.v_proj": 1719.52978515625,
    "model.layers.5.self_attn.o_proj": 1684.619384765625,
    "model.layers.5.mlp.gate_proj": 1650.02587890625,
    "model.layers.5.mlp.up_proj": 1574.5582275390625,
    "model.layers.5.mlp.down_proj": 1640.5849609375,
    "model.layers.6.self_attn.q_proj": 1604.7774658203125,
    "model.layers.6.self_attn.k_proj": 1621.4710693359375,
    "model.layers.6.self_attn.v_proj": 1678.7259521484375,
    "model.layers.6.self_attn.o_proj": 1636.7109375,
    "model.layers.6.mlp.gate_proj": 1638.9251708984375,
    "model.layers.6.mlp.up_proj": 1648.638427734375,
    "model.layers.6.mlp.down_proj": 1641.4217529296875,
    "model.layers.7.self_attn.q_proj": 1637.3580322265625,
    "model.layers.7.self_attn.k_proj": 1637.70166015625,
    "model.layers.7.self_attn.v_proj": 1784.5521240234375,
    "model.layers.7.self_attn.o_proj": 1640.9102783203125,
    "model.layers.7.mlp.gate_proj": 1665.6160888671875,
    "model.layers.7.mlp.up_proj": 1673.75634765625,
    "model.layers.7.mlp.down_proj": 1618.5875244140625,
    "model.layers.8.self_attn.q_proj": 1672.8323974609375,
    "model.layers.8.self_attn.k_proj": 1703.423828125,
    "model.layers.8.self_attn.v_proj": 1829.4559326171875,
    "model.layers.8.self_attn.o_proj": 1609.2216796875,
    "model.layers.8.mlp.gate_proj": 1622.3450927734375,
    "model.layers.8.mlp.up_proj": 1672.61181640625,
    "model.layers.8.mlp.down_proj": 1632.7724609375,
    "model.layers.9.self_attn.q_proj": 1663.68701171875,
    "model.layers.9.self_attn.k_proj": 1721.5323486328125,
    "model.layers.9.self_attn.v_proj": 1676.052734375,
    "model.layers.9.self_attn.o_proj": 1643.7738037109375,
    "model.layers.9.mlp.gate_proj": 1583.4342041015625,
    "model.layers.9.mlp.up_proj": 1588.3875732421875,
    "model.layers.9.mlp.down_proj": 1588.33642578125,
    "model.layers.10.self_attn.q_proj": 1655.6387939453125,
    "model.layers.10.self_attn.k_proj": 1687.12255859375,
    "model.layers.10.self_attn.v_proj": 1715.7137451171875,
    "model.layers.10.self_attn.o_proj": 1622.66943359375,
    "model.layers.10.mlp.gate_proj": 1636.82763671875,
    "model.layers.10.mlp.up_proj": 1657.36669921875,
    "model.layers.10.mlp.down_proj": 1568.8896484375,
    "model.layers.11.self_attn.q_proj": 1605.505859375,
    "model.layers.11.self_attn.k_proj": 1684.7239990234375,
    "model.layers.11.self_attn.v_proj": 1700.6986083984375,
    "model.layers.11.self_attn.o_proj": 1549.6317138671875,
    "model.layers.11.mlp.gate_proj": 1602.656494140625,
    "model.layers.11.mlp.up_proj": 1616.734375,
    "model.layers.11.mlp.down_proj": 1567.95947265625,
    "model.layers.12.self_attn.q_proj": 1598.9366455078125,
    "model.layers.12.self_attn.k_proj": 1680.036376953125,
    "model.layers.12.self_attn.v_proj": 1741.28515625,
    "model.layers.12.self_attn.o_proj": 1563.2093505859375,
    "model.layers.12.mlp.gate_proj": 1661.5245361328125,
    "model.layers.12.mlp.up_proj": 1722.9248046875,
    "model.layers.12.mlp.down_proj": 1583.775146484375,
    "model.layers.13.self_attn.q_proj": 1627.713134765625,
    "model.layers.13.self_attn.k_proj": 1739.035400390625,
    "model.layers.13.self_attn.v_proj": 1810.1217041015625,
    "model.layers.13.self_attn.o_proj": 1528.314697265625,
    "model.layers.13.mlp.gate_proj": 1621.1605224609375,
    "model.layers.13.mlp.up_proj": 1684.226318359375,
    "model.layers.13.mlp.down_proj": 1655.835693359375,
    "model.layers.14.self_attn.q_proj": 1675.6953125,
    "model.layers.14.self_attn.k_proj": 1639.22265625,
    "model.layers.14.self_attn.v_proj": 1812.5836181640625,
    "model.layers.14.self_attn.o_proj": 1573.3006591796875,
    "model.layers.14.mlp.gate_proj": 1634.93896484375,
    "model.layers.14.mlp.up_proj": 1642.8834228515625,
    "model.layers.14.mlp.down_proj": 1590.2960205078125,
    "model.layers.15.self_attn.q_proj": 1621.4185791015625,
    "model.layers.15.self_attn.k_proj": 1642.6597900390625,
    "model.layers.15.self_attn.v_proj": 1823.623046875,
    "model.layers.15.self_attn.o_proj": 1604.81396484375,
    "model.layers.15.mlp.gate_proj": 1645.1773681640625,
    "model.layers.15.mlp.up_proj": 1690.2000732421875,
    "model.layers.15.mlp.down_proj": 1615.5013427734375,
    "model.layers.16.self_attn.q_proj": 1635.2266845703125,
    "model.layers.16.self_attn.k_proj": 1809.140380859375,
    "model.layers.16.self_attn.v_proj": 1736.8658447265625,
    "model.layers.16.self_attn.o_proj": 1622.967529296875,
    "model.layers.16.mlp.gate_proj": 1624.2608642578125,
    "model.layers.16.mlp.up_proj": 1627.9422607421875,
    "model.layers.16.mlp.down_proj": 1613.345458984375,
    "model.layers.17.self_attn.q_proj": 1573.7388916015625,
    "model.layers.17.self_attn.k_proj": 1693.34326171875,
    "model.layers.17.self_attn.v_proj": 1785.8695068359375,
    "model.layers.17.self_attn.o_proj": 1515.0076904296875,
    "model.layers.17.mlp.gate_proj": 1601.684326171875,
    "model.layers.17.mlp.up_proj": 1668.201171875,
    "model.layers.17.mlp.down_proj": 1541.99755859375,
    "model.layers.18.self_attn.q_proj": 1584.5035400390625,
    "model.layers.18.self_attn.k_proj": 1759.1441650390625,
    "model.layers.18.self_attn.v_proj": 1660.8697509765625,
    "model.layers.18.self_attn.o_proj": 1606.6859130859375,
    "model.layers.18.mlp.gate_proj": 1558.6593017578125,
    "model.layers.18.mlp.up_proj": 1622.7608642578125,
    "model.layers.18.mlp.down_proj": 1583.1077880859375,
    "model.layers.19.self_attn.q_proj": 1606.10400390625,
    "model.layers.19.self_attn.k_proj": 1756.7435302734375,
    "model.layers.19.self_attn.v_proj": 1693.2225341796875,
    "model.layers.19.self_attn.o_proj": 1574.1689453125,
    "model.layers.19.mlp.gate_proj": 1611.75732421875,
    "model.layers.19.mlp.up_proj": 1663.3475341796875,
    "model.layers.19.mlp.down_proj": 1629.097412109375,