{
    "model.layers.0.self_attn.q_proj": 1637.444580078125,
    "model.layers.0.self_attn.k_proj": 1637.444580078125,
    "model.layers.0.self_attn.v_proj": 1637.444580078125,
    "model.layers.0.self_attn.o_proj": 1637.4017333984375,
    "model.layers.0.mlp.gate_proj": 1637.4957275390625,
    "model.layers.0.mlp.up_proj": 1637.42333984375,
    "model.layers.0.mlp.down_proj": 1639.850341796875,
    "model.layers.1.self_attn.q_proj": 1637.329345703125,
    "model.layers.1.self_attn.k_proj": 1637.3612060546875,
    "model.layers.1.self_attn.v_proj": 1635.5369873046875,
    "model.layers.1.self_attn.o_proj": 1640.34228515625,
    "model.layers.1.mlp.gate_proj": 1636.7353515625,
    "model.layers.1.mlp.up_proj": 1631.2493896484375,
    "model.layers.1.mlp.down_proj": 1647.2901611328125,
    "model.layers.2.self_attn.q_proj": 1634.409912109375,
    "model.layers.2.self_attn.k_proj": 1638.436767578125,
    "model.layers.2.self_attn.v_proj": 1649.127197265625,
    "model.layers.2.self_attn.o_proj": 1638.347412109375,
    "model.layers.2.mlp.gate_proj": 1635.195556640625,
    "model.layers.2.mlp.up_proj": 1637.913330078125,
    "model.layers.2.mlp.down_proj": 1629.13037109375,
    "model.layers.3.self_attn.q_proj": 1635.3427734375,
    "model.layers.3.self_attn.k_proj": 1638.84765625,
    "model.layers.3.self_attn.v_proj": 1642.000244140625,
    "model.layers.3.self_attn.o_proj": 1647.5106201171875,
    "model.layers.3.mlp.gate_proj": 1642.3890380859375,
    "model.layers.3.mlp.up_proj": 1647.1644287109375,
    "model.layers.3.mlp.down_proj": 1622.3956298828125,
    "model.layers.4.self_attn.q_proj": 1632.82666015625,
    "model.layers.4.self_attn.k_proj": 1641.291748046875,
    "model.layers.4.self_attn.v_proj": 1652.123779296875,
    "model.layers.4.self_attn.o_proj": 1632.609375,
    "model.layers.4.mlp.gate_proj": 1644.7841796875,
    "model.layers.4.mlp.up_proj": 1624.9791259765625,
    "model.layers.4.mlp.down_proj": 1635.3243408203125,
    "model.layers.5.self_attn.q_proj": 1622.3675537109375,
    "model.layers.5.self_attn.k_proj": 1628.734375,
    "model.layers.5.self_attn.v_proj": 1661.2977294921875,
    "model.layers.5.self_attn.o_proj": 1630.1044921875,
    "model.layers.5.mlp.gate_proj": 1633.7679443359375,
    "model.layers.5.mlp.up_proj": 1625.4259033203125,
    "model.layers.5.mlp.down_proj": 1631.974609375,
    "model.layers.6.self_attn.q_proj": 1647.055908203125,
    "model.layers.6.self_attn.k_proj": 1650.4521484375,
    "model.layers.6.self_attn.v_proj": 1660.8359375,
    "model.layers.6.self_attn.o_proj": 1647.782958984375,
    "model.layers.6.mlp.gate_proj": 1638.2884521484375,
    "model.layers.6.mlp.up_proj": 1632.8636474609375,
    "model.layers.6.mlp.down_proj": 1630.1256103515625,
    "model.layers.7.self_attn.q_proj": 1640.1854248046875,
    "model.layers.7.self_attn.k_proj": 1669.194580078125,
    "model.layers.7.self_attn.v_proj": 1645.2557373046875,
    "model.layers.7.self_attn.o_proj": 1626.7877197265625,
    "model.layers.7.mlp.gate_proj": 1651.8790283203125,
    "model.layers.7.mlp.up_proj": 1642.505615234375,
    "model.layers.7.mlp.down_proj": 1631.1256103515625,
    "model.layers.8.self_attn.q_proj": 1646.5205078125,
    "model.layers.8.self_attn.k_proj": 1648.3233642578125,
    "model.layers.8.self_attn.v_proj": 1658.3013916015625,
    "model.layers.8.self_attn.o_proj": 1616.9764404296875,
    "model.layers.8.mlp.gate_proj": 1621.9195556640625,
    "model.layers.8.mlp.up_proj": 1645.8504638671875,
    "model.layers.8.mlp.down_proj": 1637.1005859375,
    "model.layers.9.self_attn.q_proj": 1667.56787109375,
    "model.layers.9.self_attn.k_proj": 1652.708251953125,
    "model.layers.9.self_attn.v_proj": 1626.8155517578125,
    "model.layers.9.self_attn.o_proj": 1633.240478515625,
    "model.layers.9.mlp.gate_proj": 1634.7764892578125,
    "model.layers.9.mlp.up_proj": 1632.8074951171875,
    "model.layers.9.mlp.down_proj": 1637.159912109375,
    "model.layers.10.self_attn.q_proj": 1646.094970703125,
    "model.layers.10.self_attn.k_proj": 1646.86669921875,
    "model.layers.10.self_attn.v_proj": 1655.13525390625,
    "model.layers.10.self_attn.o_proj": 1647.1414794921875,
    "model.layers.10.mlp.gate_proj": 1648.7681884765625,
    "model.layers.10.mlp.up_proj": 1633.28564453125,
    "model.layers.10.mlp.down_proj": 1648.2337646484375,
    "model.layers.11.self_attn.q_proj": 1624.96240234375,
    "model.layers.11.self_attn.k_proj": 1634.782470703125,
    "model.layers.11.self_attn.v_proj": 1637.9244384765625,
    "model.layers.11.self_attn.o_proj": 1630.9630126953125,
    "model.layers.11.mlp.gate_proj": 1643.1053466796875,
    "model.layers.11.mlp.up_proj": 1635.548583984375,
    "model.layers.11.mlp.down_proj": 1645.9864501953125,
    "model.layers.12.self_attn.q_proj": 1632.7703857421875,
    "model.layers.12.self_attn.k_proj": 1642.3590087890625,
    "model.layers.12.self_attn.v_proj": 1663.963623046875,
    "model.layers.12.self_attn.o_proj": 1635.6063232421875,
    "model.layers.12.mlp.gate_proj": 1655.570556640625,
    "model.layers.12.mlp.up_proj": 1653.1138916015625,
    "model.layers.12.mlp.down_proj": 1628.5084228515625,
    "model.layers.13.self_attn.q_proj": 1636.1614990234375,
    "model.layers.13.self_attn.k_proj": 1633.0013427734375,
    "model.layers.13.self_attn.v_proj": 1677.5279541015625,
    "model.layers.13.self_attn.o_proj": 1639.0177001953125,
    "model.layers.13.mlp.gate_proj": 1648.409423828125,
    "model.layers.13.mlp.up_proj": 1647.374755859375,
    "model.layers.13.mlp.down_proj": 1637.8055419921875,
    "model.layers.14.self_attn.q_proj": 1658.6531982421875,
    "model.layers.14.self_attn.k_proj": 1615.3060302734375,
    "model.layers.14.self_attn.v_proj": 1659.125244140625,
    "model.layers.14.self_attn.o_proj": 1626.1839599609375,
    "model.layers.14.mlp.gate_proj": 1647.4691162109375,
    "model.layers.14.mlp.up_proj": 1645.5775146484375,
    "model.layers.14.mlp.down_proj": 1644.283447265625,
    "model.layers.15.self_attn.q_proj": 1650.6912841796875,
    "model.layers.15.self_attn.k_proj": 1656.241943359375,
    "model.layers.15.self_attn.v_proj": 1661.397216796875,
    "model.layers.15.self_attn.o_proj": 1643.2333984375,
    "model.layers.15.mlp.gate_proj": 1643.109619140625,
    "model.layers.15.mlp.up_proj": 1639.693115234375,
    "model.layers.15.mlp.down_proj": 1627.1263427734375,
    "model.layers.16.self_attn.q_proj": 1641.777587890625,
    "model.layers.16.self_attn.k_proj": 1649.0546875,
    "model.layers.16.self_attn.v_proj": 1638.13671875,
    "model.layers.16.self_attn.o_proj": 1629.2613525390625,
    "model.layers.16.mlp.gate_proj": 1639.6387939453125,
    "model.layers.16.mlp.up_proj": 1635.1513671875,
    "model.layers.16.mlp.down_proj": 1637.4569091796875,
    "model.layers.17.self_attn.q_proj": 1635.611328125,
    "model.layers.17.self_attn.k_proj": 1631.1492919921875,
    "model.layers.17.self_attn.v_proj": 1653.4384765625,
    "model.layers.17.self_attn.o_proj": 1627.728759765625,
    "model.layers.17.mlp.gate_proj": 1623.4454345703125,
    "model.layers.17.mlp.up_proj": 1632.353515625,
    "model.layers.17.mlp.down_proj": 1636.124267578125,
    "model.layers.18.self_attn.q_proj": 1633.3543701171875,
    "model.layers.18.self_attn.k_proj": 1677.346923828125,
    "model.layers.18.self_attn.v_proj": 1641.4320068359375,
    "model.layers.18.self_attn.o_proj": 1649.26513671875,
    "model.layers.18.mlp.gate_proj": 1643.5601806640625,
    "model.layers.18.mlp.up_proj": 1644.861572265625,
    "model.layers.18.mlp.down_proj": 1625.5609130859375,
    "model.layers.19.self_attn.q_proj": 1644.06396484375,
    "model.layers.19.self_attn.k_proj": 1679.7828369140625,
    "model.layers.19.self_attn.v_proj": 1647.511474609375,
    "model.layers.19.self_attn.o_proj": 1640.26416015625,
    "model.layers.19.mlp.gate_proj": 1626.017578125,
    "model.layers.19.mlp.up_proj": 1642.74462890625,
    "model.layers.19.mlp.down_proj": 1638.0819091796875,