{
    "model.layers.0.self_attn.q_proj": 1629.126953125,
    "model.layers.0.self_attn.k_proj": 1629.126953125,
    "model.layers.0.self_attn.v_proj": 1629.126953125,
    "model.layers.0.self_attn.o_proj": 1628.9078369140625,
    "model.layers.0.mlp.gate_proj": 1629.0948486328125,
    "model.layers.0.mlp.up_proj": 1629.2900390625,
    "model.layers.0.mlp.down_proj": 1631.6046142578125,
    "model.layers.1.self_attn.q_proj": 1628.6383056640625,
    "model.layers.1.self_attn.k_proj": 1628.7244873046875,
    "model.layers.1.self_attn.v_proj": 1631.397216796875,
    "model.layers.1.self_attn.o_proj": 1627.74853515625,
    "model.layers.1.mlp.gate_proj": 1630.4539794921875,
    "model.layers.1.mlp.up_proj": 1616.192138671875,
    "model.layers.1.mlp.down_proj": 1629.6312255859375,
    "model.layers.2.self_attn.q_proj": 1626.0858154296875,
    "model.layers.2.self_attn.k_proj": 1620.9453125,
    "model.layers.2.self_attn.v_proj": 1745.8863525390625,
    "model.layers.2.self_attn.o_proj": 1619.264404296875,
    "model.layers.2.mlp.gate_proj": 1620.71240234375,
    "model.layers.2.mlp.up_proj": 1618.6822509765625,
    "model.layers.2.mlp.down_proj": 1605.9326171875,
    "model.layers.3.self_attn.q_proj": 1604.180419921875,
    "model.layers.3.self_attn.k_proj": 1637.914306640625,
    "model.layers.3.self_attn.v_proj": 1650.3482666015625,
    "model.layers.3.self_attn.o_proj": 1621.3341064453125,
    "model.layers.3.mlp.gate_proj": 1646.4932861328125,
    "model.layers.3.mlp.up_proj": 1706.5533447265625,
    "model.layers.3.mlp.down_proj": 1536.4263916015625,
    "model.layers.4.self_attn.q_proj": 1621.01171875,
    "model.layers.4.self_attn.k_proj": 1642.250732421875,
    "model.layers.4.self_attn.v_proj": 1678.653076171875,
    "model.layers.4.self_attn.o_proj": 1584.630126953125,
    "model.layers.4.mlp.gate_proj": 1678.2489013671875,
    "model.layers.4.mlp.up_proj": 1647.6470947265625,
    "model.layers.4.mlp.down_proj": 1662.834716796875,
    "model.layers.5.self_attn.q_proj": 1664.613525390625,
    "model.layers.5.self_attn.k_proj": 1652.0201416015625,
    "model.layers.5.self_attn.v_proj": 1707.1800537109375,
    "model.layers.5.self_attn.o_proj": 1677.890625,
    "model.layers.5.mlp.gate_proj": 1645.5489501953125,
    "model.layers.5.mlp.up_proj": 1571.019775390625,
    "model.layers.5.mlp.down_proj": 1633.207275390625,
    "model.layers.6.self_attn.q_proj": 1600.9228515625,
    "model.layers.6.self_attn.k_proj": 1627.6800537109375,
    "model.layers.6.self_attn.v_proj": 1672.141357421875,
    "model.layers.6.self_attn.o_proj": 1634.0888671875,
    "model.layers.6.mlp.gate_proj": 1643.864501953125,
    "model.layers.6.mlp.up_proj": 1644.86962890625,
    "model.layers.6.mlp.down_proj": 1633.496826171875,
    "model.layers.7.self_attn.q_proj": 1635.8026123046875,
    "model.layers.7.self_attn.k_proj": 1642.5921630859375,
    "model.layers.7.self_attn.v_proj": 1766.8365478515625,
    "model.layers.7.self_attn.o_proj": 1644.0745849609375,
    "model.layers.7.mlp.gate_proj": 1657.01171875,
    "model.layers.7.mlp.up_proj": 1674.4268798828125,
    "model.layers.7.mlp.down_proj": 1581.2030029296875,
    "model.layers.8.self_attn.q_proj": 1651.0645751953125,
    "model.layers.8.self_attn.k_proj": 1693.89794921875,
    "model.layers.8.self_attn.v_proj": 1799.409423828125,
    "model.layers.8.self_attn.o_proj": 1623.087646484375,
    "model.layers.8.mlp.gate_proj": 1622.091552734375,
    "model.layers.8.mlp.up_proj": 1661.4556884765625,
    "model.layers.8.mlp.down_proj": 1599.626708984375,
    "model.layers.9.self_attn.q_proj": 1656.9530029296875,
    "model.layers.9.self_attn.k_proj": 1721.263671875,
    "model.layers.9.self_attn.v_proj": 1654.4326171875,
    "model.layers.9.self_attn.o_proj": 1630.81396484375,
    "model.layers.9.mlp.gate_proj": 1609.8587646484375,
    "model.layers.9.mlp.up_proj": 1581.1246337890625,
    "model.layers.9.mlp.down_proj": 1586.9896240234375,
    "model.layers.10.self_attn.q_proj": 1646.2685546875,
    "model.layers.10.self_attn.k_proj": 1657.020263671875,
    "model.layers.10.self_attn.v_proj": 1674.086181640625,
    "model.layers.10.self_attn.o_proj": 1607.0015869140625,
    "model.layers.10.mlp.gate_proj": 1641.549560546875,
    "model.layers.10.mlp.up_proj": 1654.3619384765625,
    "model.layers.10.mlp.down_proj": 1587.8541259765625,
    "model.layers.11.self_attn.q_proj": 1606.39111328125,
    "model.layers.11.self_attn.k_proj": 1684.675048828125,
    "model.layers.11.self_attn.v_proj": 1704.97705078125,
    "model.layers.11.self_attn.o_proj": 1567.8212890625,
    "model.layers.11.mlp.gate_proj": 1601.9140625,
    "model.layers.11.mlp.up_proj": 1634.696044921875,
    "model.layers.11.mlp.down_proj": 1588.5740966796875,
    "model.layers.12.self_attn.q_proj": 1595.7384033203125,
    "model.layers.12.self_attn.k_proj": 1663.0850830078125,
    "model.layers.12.self_attn.v_proj": 1724.54150390625,
    "model.layers.12.self_attn.o_proj": 1588.678955078125,
    "model.layers.12.mlp.gate_proj": 1644.7303466796875,
    "model.layers.12.mlp.up_proj": 1708.729248046875,
    "model.layers.12.mlp.down_proj": 1577.7860107421875,
    "model.layers.13.self_attn.q_proj": 1618.8162841796875,
    "model.layers.13.self_attn.k_proj": 1704.9364013671875,
    "model.layers.13.self_attn.v_proj": 1787.031982421875,
    "model.layers.13.self_attn.o_proj": 1544.6650390625,
    "model.layers.13.mlp.gate_proj": 1617.10888671875,
    "model.layers.13.mlp.up_proj": 1675.4437255859375,
    "model.layers.13.mlp.down_proj": 1667.692626953125,
    "model.layers.14.self_attn.q_proj": 1653.181884765625,
    "model.layers.14.self_attn.k_proj": 1634.064208984375,
    "model.layers.14.self_attn.v_proj": 1784.3369140625,
    "model.layers.14.self_attn.o_proj": 1565.435302734375,
    "model.layers.14.mlp.gate_proj": 1626.0860595703125,
    "model.layers.14.mlp.up_proj": 1637.4625244140625,
    "model.layers.14.mlp.down_proj": 1589.5833740234375,
    "model.layers.15.self_attn.q_proj": 1617.04150390625,
    "model.layers.15.self_attn.k_proj": 1640.3131103515625,
    "model.layers.15.self_attn.v_proj": 1778.4375,
    "model.layers.15.self_attn.o_proj": 1601.41552734375,
    "model.layers.15.mlp.gate_proj": 1651.753662109375,
    "model.layers.15.mlp.up_proj": 1687.345458984375,
    "model.layers.15.mlp.down_proj": 1619.691162109375,
    "model.layers.16.self_attn.q_proj": 1637.6619873046875,
    "model.layers.16.self_attn.k_proj": 1785.3143310546875,
    "model.layers.16.self_attn.v_proj": 1709.1666259765625,
    "model.layers.16.self_attn.o_proj": 1617.0096435546875,
    "model.layers.16.mlp.gate_proj": 1620.24072265625,
    "model.layers.16.mlp.up_proj": 1631.147216796875,
    "model.layers.16.mlp.down_proj": 1609.0367431640625,
    "model.layers.17.self_attn.q_proj": 1579.147216796875,
    "model.layers.17.self_attn.k_proj": 1694.625244140625,
    "model.layers.17.self_attn.v_proj": 1767.4100341796875,
    "model.layers.17.self_attn.o_proj": 1541.9884033203125,
    "model.layers.17.mlp.gate_proj": 1602.2723388671875,
    "model.layers.17.mlp.up_proj": 1668.2098388671875,
    "model.layers.17.mlp.down_proj": 1552.9443359375,
    "model.layers.18.self_attn.q_proj": 1599.743408203125,
    "model.layers.18.self_attn.k_proj": 1741.867919921875,
    "model.layers.18.self_attn.v_proj": 1657.67431640625,
    "model.layers.18.self_attn.o_proj": 1607.55615234375,
    "model.layers.18.mlp.gate_proj": 1584.650146484375,
    "model.layers.18.mlp.up_proj": 1616.4324951171875,
    "model.layers.18.mlp.down_proj": 1608.1358642578125,
    "model.layers.19.self_attn.q_proj": 1606.7347412109375,
    "model.layers.19.self_attn.k_proj": 1731.9056396484375,
    "model.layers.19.self_attn.v_proj": 1686.3812255859375,
    "model.layers.19.self_attn.o_proj": 1595.0447998046875,
    "model.layers.19.mlp.gate_proj": 1606.2884521484375,
    "model.layers.19.mlp.up_proj": 1667.0960693359375,
    "model.layers.19.mlp.down_proj": 1642.2149658203125,