{
    "model.layers.0.self_attn.q_proj": 1633.7274169921875,
    "model.layers.0.self_attn.k_proj": 1633.7274169921875,
    "model.layers.0.self_attn.v_proj": 1633.7274169921875,
    "model.layers.0.self_attn.o_proj": 1633.572265625,
    "model.layers.0.mlp.gate_proj": 1633.6832275390625,
    "model.layers.0.mlp.up_proj": 1633.820068359375,
    "model.layers.0.mlp.down_proj": 1635.933837890625,
    "model.layers.1.self_attn.q_proj": 1633.533203125,
    "model.layers.1.self_attn.k_proj": 1633.240966796875,
    "model.layers.1.self_attn.v_proj": 1634.0240478515625,
    "model.layers.1.self_attn.o_proj": 1633.2398681640625,
    "model.layers.1.mlp.gate_proj": 1635.102294921875,
    "model.layers.1.mlp.up_proj": 1621.259521484375,
    "model.layers.1.mlp.down_proj": 1647.1278076171875,
    "model.layers.2.self_attn.q_proj": 1633.6104736328125,
    "model.layers.2.self_attn.k_proj": 1626.939453125,
    "model.layers.2.self_attn.v_proj": 1727.175537109375,
    "model.layers.2.self_attn.o_proj": 1630.4505615234375,
    "model.layers.2.mlp.gate_proj": 1623.88427734375,
    "model.layers.2.mlp.up_proj": 1627.56005859375,
    "model.layers.2.mlp.down_proj": 1613.9442138671875,
    "model.layers.3.self_attn.q_proj": 1607.27783203125,
    "model.layers.3.self_attn.k_proj": 1640.985107421875,
    "model.layers.3.self_attn.v_proj": 1650.369384765625,
    "model.layers.3.self_attn.o_proj": 1628.4476318359375,
    "model.layers.3.mlp.gate_proj": 1642.5477294921875,
    "model.layers.3.mlp.up_proj": 1703.70361328125,
    "model.layers.3.mlp.down_proj": 1555.3681640625,
    "model.layers.4.self_attn.q_proj": 1628.7554931640625,
    "model.layers.4.self_attn.k_proj": 1643.7001953125,
    "model.layers.4.self_attn.v_proj": 1674.0020751953125,
    "model.layers.4.self_attn.o_proj": 1588.808837890625,
    "model.layers.4.mlp.gate_proj": 1676.80810546875,
    "model.layers.4.mlp.up_proj": 1638.27099609375,
    "model.layers.4.mlp.down_proj": 1655.3302001953125,
    "model.layers.5.self_attn.q_proj": 1674.2276611328125,
    "model.layers.5.self_attn.k_proj": 1658.1119384765625,
    "model.layers.5.self_attn.v_proj": 1707.64990234375,
    "model.layers.5.self_attn.o_proj": 1664.0780029296875,
    "model.layers.5.mlp.gate_proj": 1652.9061279296875,
    "model.layers.5.mlp.up_proj": 1578.2318115234375,
    "model.layers.5.mlp.down_proj": 1628.9700927734375,
    "model.layers.6.self_attn.q_proj": 1617.4178466796875,
    "model.layers.6.self_attn.k_proj": 1636.6351318359375,
    "model.layers.6.self_attn.v_proj": 1657.29638671875,
    "model.layers.6.self_attn.o_proj": 1632.831298828125,
    "model.layers.6.mlp.gate_proj": 1653.002685546875,
    "model.layers.6.mlp.up_proj": 1630.7493896484375,
    "model.layers.6.mlp.down_proj": 1619.28076171875,
    "model.layers.7.self_attn.q_proj": 1644.6368408203125,
    "model.layers.7.self_attn.k_proj": 1639.1986083984375,
    "model.layers.7.self_attn.v_proj": 1736.8037109375,
    "model.layers.7.self_attn.o_proj": 1644.9271240234375,
    "model.layers.7.mlp.gate_proj": 1665.646484375,
    "model.layers.7.mlp.up_proj": 1677.9202880859375,
    "model.layers.7.mlp.down_proj": 1566.9337158203125,
    "model.layers.8.self_attn.q_proj": 1646.810791015625,
    "model.layers.8.self_attn.k_proj": 1684.529541015625,
    "model.layers.8.self_attn.v_proj": 1779.8260498046875,
    "model.layers.8.self_attn.o_proj": 1642.1507568359375,
    "model.layers.8.mlp.gate_proj": 1626.3707275390625,
    "model.layers.8.mlp.up_proj": 1650.0794677734375,
    "model.layers.8.mlp.down_proj": 1606.2628173828125,
    "model.layers.9.self_attn.q_proj": 1654.7476806640625,
    "model.layers.9.self_attn.k_proj": 1705.2012939453125,
    "model.layers.9.self_attn.v_proj": 1652.8370361328125,
    "model.layers.9.self_attn.o_proj": 1643.3712158203125,
    "model.layers.9.mlp.gate_proj": 1613.8765869140625,
    "model.layers.9.mlp.up_proj": 1585.209228515625,
    "model.layers.9.mlp.down_proj": 1609.817626953125,
    "model.layers.10.self_attn.q_proj": 1651.0938720703125,
    "model.layers.10.self_attn.k_proj": 1641.86376953125,
    "model.layers.10.self_attn.v_proj": 1657.10986328125,
    "model.layers.10.self_attn.o_proj": 1642.4925537109375,
    "model.layers.10.mlp.gate_proj": 1649.5970458984375,
    "model.layers.10.mlp.up_proj": 1653.6287841796875,
    "model.layers.10.mlp.down_proj": 1601.989501953125,
    "model.layers.11.self_attn.q_proj": 1618.7525634765625,
    "model.layers.11.self_attn.k_proj": 1675.3192138671875,
    "model.layers.11.self_attn.v_proj": 1667.380859375,
    "model.layers.11.self_attn.o_proj": 1590.0283203125,
    "model.layers.11.mlp.gate_proj": 1613.182373046875,
    "model.layers.11.mlp.up_proj": 1646.9185791015625,
    "model.layers.11.mlp.down_proj": 1607.5252685546875,
    "model.layers.12.self_attn.q_proj": 1606.158935546875,
    "model.layers.12.self_attn.k_proj": 1668.3663330078125,
    "model.layers.12.self_attn.v_proj": 1729.9000244140625,
    "model.layers.12.self_attn.o_proj": 1595.9205322265625,
    "model.layers.12.mlp.gate_proj": 1652.189697265625,
    "model.layers.12.mlp.up_proj": 1717.4036865234375,
    "model.layers.12.mlp.down_proj": 1597.5089111328125,
    "model.layers.13.self_attn.q_proj": 1614.6468505859375,
    "model.layers.13.self_attn.k_proj": 1694.9041748046875,
    "model.layers.13.self_attn.v_proj": 1766.4765625,
    "model.layers.13.self_attn.o_proj": 1581.099365234375,
    "model.layers.13.mlp.gate_proj": 1628.4923095703125,
    "model.layers.13.mlp.up_proj": 1676.679443359375,
    "model.layers.13.mlp.down_proj": 1675.4813232421875,
    "model.layers.14.self_attn.q_proj": 1652.94873046875,
    "model.layers.14.self_attn.k_proj": 1615.27001953125,
    "model.layers.14.self_attn.v_proj": 1764.260986328125,
    "model.layers.14.self_attn.o_proj": 1568.203857421875,
    "model.layers.14.mlp.gate_proj": 1639.555419921875,
    "model.layers.14.mlp.up_proj": 1632.6329345703125,
    "model.layers.14.mlp.down_proj": 1597.260986328125,
    "model.layers.15.self_attn.q_proj": 1639.6854248046875,
    "model.layers.15.self_attn.k_proj": 1650.661376953125,
    "model.layers.15.self_attn.v_proj": 1774.1209716796875,
    "model.layers.15.self_attn.o_proj": 1614.0748291015625,
    "model.layers.15.mlp.gate_proj": 1664.6214599609375,
    "model.layers.15.mlp.up_proj": 1673.9163818359375,
    "model.layers.15.mlp.down_proj": 1627.4139404296875,
    "model.layers.16.self_attn.q_proj": 1640.1551513671875,
    "model.layers.16.self_attn.k_proj": 1767.5302734375,
    "model.layers.16.self_attn.v_proj": 1689.147216796875,
    "model.layers.16.self_attn.o_proj": 1614.634765625,
    "model.layers.16.mlp.gate_proj": 1622.699951171875,
    "model.layers.16.mlp.up_proj": 1633.1019287109375,
    "model.layers.16.mlp.down_proj": 1626.0872802734375,
    "model.layers.17.self_attn.q_proj": 1583.6859130859375,
    "model.layers.17.self_attn.k_proj": 1695.224609375,
    "model.layers.17.self_attn.v_proj": 1753.5234375,
    "model.layers.17.self_attn.o_proj": 1573.7567138671875,
    "model.layers.17.mlp.gate_proj": 1608.7625732421875,
    "model.layers.17.mlp.up_proj": 1651.703369140625,
    "model.layers.17.mlp.down_proj": 1568.5576171875,
    "model.layers.18.self_attn.q_proj": 1602.6661376953125,
    "model.layers.18.self_attn.k_proj": 1720.1571044921875,
    "model.layers.18.self_attn.v_proj": 1657.3741455078125,
    "model.layers.18.self_attn.o_proj": 1616.9482421875,
    "model.layers.18.mlp.gate_proj": 1604.5225830078125,
    "model.layers.18.mlp.up_proj": 1605.321044921875,
    "model.layers.18.mlp.down_proj": 1609.1802978515625,
    "model.layers.19.self_attn.q_proj": 1616.7987060546875,
    "model.layers.19.self_attn.k_proj": 1705.5665283203125,
    "model.layers.19.self_attn.v_proj": 1687.9913330078125,
    "model.layers.19.self_attn.o_proj": 1611.6865234375,
    "model.layers.19.mlp.gate_proj": 1598.3077392578125,
    "model.layers.19.mlp.up_proj": 1671.86865234375,
    "model.layers.19.mlp.down_proj": 1636.577392578125,