{
    "model.layers.0.self_attn.q_proj": 1626.7144775390625,
    "model.layers.0.self_attn.k_proj": 1626.7144775390625,
    "model.layers.0.self_attn.v_proj": 1626.7144775390625,
    "model.layers.0.self_attn.o_proj": 1626.4903564453125,
    "model.layers.0.mlp.gate_proj": 1626.7041015625,
    "model.layers.0.mlp.up_proj": 1626.8795166015625,
    "model.layers.0.mlp.down_proj": 1625.56494140625,
    "model.layers.1.self_attn.q_proj": 1626.22265625,
    "model.layers.1.self_attn.k_proj": 1626.197265625,
    "model.layers.1.self_attn.v_proj": 1633.5316162109375,
    "model.layers.1.self_attn.o_proj": 1621.8408203125,
    "model.layers.1.mlp.gate_proj": 1627.17041015625,
    "model.layers.1.mlp.up_proj": 1613.6767578125,
    "model.layers.1.mlp.down_proj": 1621.6990966796875,
    "model.layers.2.self_attn.q_proj": 1621.586181640625,
    "model.layers.2.self_attn.k_proj": 1613.9417724609375,
    "model.layers.2.self_attn.v_proj": 1782.473388671875,
    "model.layers.2.self_attn.o_proj": 1602.1966552734375,
    "model.layers.2.mlp.gate_proj": 1616.049072265625,
    "model.layers.2.mlp.up_proj": 1620.1915283203125,
    "model.layers.2.mlp.down_proj": 1574.7064208984375,
    "model.layers.3.self_attn.q_proj": 1608.6397705078125,
    "model.layers.3.self_attn.k_proj": 1635.2083740234375,
    "model.layers.3.self_attn.v_proj": 1653.875,
    "model.layers.3.self_attn.o_proj": 1615.6285400390625,
    "model.layers.3.mlp.gate_proj": 1651.517822265625,
    "model.layers.3.mlp.up_proj": 1705.9736328125,
    "model.layers.3.mlp.down_proj": 1522.6129150390625,
    "model.layers.4.self_attn.q_proj": 1622.211669921875,
    "model.layers.4.self_attn.k_proj": 1644.8504638671875,
    "model.layers.4.self_attn.v_proj": 1722.593505859375,
    "model.layers.4.self_attn.o_proj": 1578.1104736328125,
    "model.layers.4.mlp.gate_proj": 1664.5447998046875,
    "model.layers.4.mlp.up_proj": 1658.353515625,
    "model.layers.4.mlp.down_proj": 1658.3331298828125,
    "model.layers.5.self_attn.q_proj": 1675.7642822265625,
    "model.layers.5.self_attn.k_proj": 1656.6033935546875,
    "model.layers.5.self_attn.v_proj": 1737.2413330078125,
    "model.layers.5.self_attn.o_proj": 1678.57275390625,
    "model.layers.5.mlp.gate_proj": 1649.8013916015625,
    "model.layers.5.mlp.up_proj": 1569.474609375,
    "model.layers.5.mlp.down_proj": 1662.65185546875,
    "model.layers.6.self_attn.q_proj": 1607.8829345703125,
    "model.layers.6.self_attn.k_proj": 1618.7119140625,
    "model.layers.6.self_attn.v_proj": 1671.0496826171875,
    "model.layers.6.self_attn.o_proj": 1623.2449951171875,
    "model.layers.6.mlp.gate_proj": 1629.5753173828125,
    "model.layers.6.mlp.up_proj": 1641.1268310546875,
    "model.layers.6.mlp.down_proj": 1625.617919921875,
    "model.layers.7.self_attn.q_proj": 1635.6927490234375,
    "model.layers.7.self_attn.k_proj": 1619.96826171875,
    "model.layers.7.self_attn.v_proj": 1782.6075439453125,
    "model.layers.7.self_attn.o_proj": 1636.8990478515625,
    "model.layers.7.mlp.gate_proj": 1672.8306884765625,
    "model.layers.7.mlp.up_proj": 1657.7569580078125,
    "model.layers.7.mlp.down_proj": 1626.6280517578125,
    "model.layers.8.self_attn.q_proj": 1692.314697265625,
    "model.layers.8.self_attn.k_proj": 1710.703125,
    "model.layers.8.self_attn.v_proj": 1882.49560546875,
    "model.layers.8.self_attn.o_proj": 1603.38134765625,
    "model.layers.8.mlp.gate_proj": 1653.0706787109375,
    "model.layers.8.mlp.up_proj": 1668.8509521484375,
    "model.layers.8.mlp.down_proj": 1641.8935546875,
    "model.layers.9.self_attn.q_proj": 1671.8358154296875,
    "model.layers.9.self_attn.k_proj": 1716.8245849609375,
    "model.layers.9.self_attn.v_proj": 1743.393798828125,
    "model.layers.9.self_attn.o_proj": 1660.4180908203125,
    "model.layers.9.mlp.gate_proj": 1587.440185546875,
    "model.layers.9.mlp.up_proj": 1583.39501953125,
    "model.layers.9.mlp.down_proj": 1586.6279296875,
    "model.layers.10.self_attn.q_proj": 1659.853759765625,
    "model.layers.10.self_attn.k_proj": 1703.888671875,
    "model.layers.10.self_attn.v_proj": 1750.8546142578125,
    "model.layers.10.self_attn.o_proj": 1620.5230712890625,
    "model.layers.10.mlp.gate_proj": 1626.9249267578125,
    "model.layers.10.mlp.up_proj": 1661.284912109375,
    "model.layers.10.mlp.down_proj": 1599.140869140625,
    "model.layers.11.self_attn.q_proj": 1603.0775146484375,
    "model.layers.11.self_attn.k_proj": 1672.0023193359375,
    "model.layers.11.self_attn.v_proj": 1717.3109130859375,
    "model.layers.11.self_attn.o_proj": 1515.3099365234375,
    "model.layers.11.mlp.gate_proj": 1601.6856689453125,
    "model.layers.11.mlp.up_proj": 1631.5880126953125,
    "model.layers.11.mlp.down_proj": 1570.82275390625,
    "model.layers.12.self_attn.q_proj": 1599.8822021484375,
    "model.layers.12.self_attn.k_proj": 1699.533935546875,
    "model.layers.12.self_attn.v_proj": 1755.841064453125,
    "model.layers.12.self_attn.o_proj": 1556.4188232421875,
    "model.layers.12.mlp.gate_proj": 1666.915771484375,
    "model.layers.12.mlp.up_proj": 1728.2275390625,
    "model.layers.12.mlp.down_proj": 1593.470458984375,
    "model.layers.13.self_attn.q_proj": 1631.096435546875,
    "model.layers.13.self_attn.k_proj": 1752.083251953125,
    "model.layers.13.self_attn.v_proj": 1810.407470703125,
    "model.layers.13.self_attn.o_proj": 1512.2467041015625,
    "model.layers.13.mlp.gate_proj": 1618.13916015625,
    "model.layers.13.mlp.up_proj": 1692.86279296875,
    "model.layers.13.mlp.down_proj": 1669.705810546875,
    "model.layers.14.self_attn.q_proj": 1663.2767333984375,
    "model.layers.14.self_attn.k_proj": 1667.5029296875,
    "model.layers.14.self_attn.v_proj": 1835.8018798828125,
    "model.layers.14.self_attn.o_proj": 1565.6134033203125,
    "model.layers.14.mlp.gate_proj": 1632.5281982421875,
    "model.layers.14.mlp.up_proj": 1622.236083984375,
    "model.layers.14.mlp.down_proj": 1565.2132568359375,
    "model.layers.15.self_attn.q_proj": 1619.273193359375,
    "model.layers.15.self_attn.k_proj": 1643.9676513671875,
    "model.layers.15.self_attn.v_proj": 1868.1522216796875,
    "model.layers.15.self_attn.o_proj": 1605.2470703125,
    "model.layers.15.mlp.gate_proj": 1636.065185546875,
    "model.layers.15.mlp.up_proj": 1689.8465576171875,
    "model.layers.15.mlp.down_proj": 1622.7801513671875,
    "model.layers.16.self_attn.q_proj": 1618.1090087890625,
    "model.layers.16.self_attn.k_proj": 1814.6446533203125,
    "model.layers.16.self_attn.v_proj": 1749.9586181640625,
    "model.layers.16.self_attn.o_proj": 1607.68408203125,
    "model.layers.16.mlp.gate_proj": 1621.7998046875,
    "model.layers.16.mlp.up_proj": 1621.40673828125,
    "model.layers.16.mlp.down_proj": 1608.0059814453125,
    "model.layers.17.self_attn.q_proj": 1568.943359375,
    "model.layers.17.self_attn.k_proj": 1697.6715087890625,
    "model.layers.17.self_attn.v_proj": 1798.047119140625,
    "model.layers.17.self_attn.o_proj": 1512.5360107421875,
    "model.layers.17.mlp.gate_proj": 1599.070068359375,
    "model.layers.17.mlp.up_proj": 1662.284423828125,
    "model.layers.17.mlp.down_proj": 1517.0018310546875,
    "model.layers.18.self_attn.q_proj": 1579.4388427734375,
    "model.layers.18.self_attn.k_proj": 1772.880859375,
    "model.layers.18.self_attn.v_proj": 1685.6688232421875,
    "model.layers.18.self_attn.o_proj": 1598.0140380859375,
    "model.layers.18.mlp.gate_proj": 1534.947509765625,
    "model.layers.18.mlp.up_proj": 1627.0982666015625,
    "model.layers.18.mlp.down_proj": 1570.4393310546875,
    "model.layers.19.self_attn.q_proj": 1595.737548828125,
    "model.layers.19.self_attn.k_proj": 1791.7637939453125,
    "model.layers.19.self_attn.v_proj": 1683.2955322265625,
    "model.layers.19.self_attn.o_proj": 1534.6702880859375,
    "model.layers.19.mlp.gate_proj": 1617.2197265625,
    "model.layers.19.mlp.up_proj": 1655.3323974609375,
    "model.layers.19.mlp.down_proj": 1617.08447265625,