{
    "model.layers.0.self_attn.q_proj": 1629.6068115234375,
    "model.layers.0.self_attn.k_proj": 1629.6068115234375,
    "model.layers.0.self_attn.v_proj": 1629.6068115234375,
    "model.layers.0.self_attn.o_proj": 1629.3656005859375,
    "model.layers.0.mlp.gate_proj": 1629.5828857421875,
    "model.layers.0.mlp.up_proj": 1629.790283203125,
    "model.layers.0.mlp.down_proj": 1631.0477294921875,
    "model.layers.1.self_attn.q_proj": 1629.1368408203125,
    "model.layers.1.self_attn.k_proj": 1629.161865234375,
    "model.layers.1.self_attn.v_proj": 1632.40087890625,
    "model.layers.1.self_attn.o_proj": 1629.4599609375,
    "model.layers.1.mlp.gate_proj": 1631.744873046875,
    "model.layers.1.mlp.up_proj": 1615.939208984375,
    "model.layers.1.mlp.down_proj": 1624.6051025390625,
    "model.layers.2.self_attn.q_proj": 1625.5858154296875,
    "model.layers.2.self_attn.k_proj": 1618.8433837890625,
    "model.layers.2.self_attn.v_proj": 1746.2843017578125,
    "model.layers.2.self_attn.o_proj": 1616.271484375,
    "model.layers.2.mlp.gate_proj": 1620.9283447265625,
    "model.layers.2.mlp.up_proj": 1619.3743896484375,
    "model.layers.2.mlp.down_proj": 1603.61083984375,
    "model.layers.3.self_attn.q_proj": 1606.03466796875,
    "model.layers.3.self_attn.k_proj": 1639.0758056640625,
    "model.layers.3.self_attn.v_proj": 1651.344970703125,
    "model.layers.3.self_attn.o_proj": 1616.9254150390625,
    "model.layers.3.mlp.gate_proj": 1650.4578857421875,
    "model.layers.3.mlp.up_proj": 1703.737060546875,
    "model.layers.3.mlp.down_proj": 1533.78466796875,
    "model.layers.4.self_attn.q_proj": 1623.57470703125,
    "model.layers.4.self_attn.k_proj": 1644.2379150390625,
    "model.layers.4.self_attn.v_proj": 1685.6947021484375,
    "model.layers.4.self_attn.o_proj": 1575.4281005859375,
    "model.layers.4.mlp.gate_proj": 1678.6318359375,
    "model.layers.4.mlp.up_proj": 1657.3343505859375,
    "model.layers.4.mlp.down_proj": 1648.634765625,
    "model.layers.5.self_attn.q_proj": 1669.5360107421875,
    "model.layers.5.self_attn.k_proj": 1652.7801513671875,
    "model.layers.5.self_attn.v_proj": 1709.3380126953125,
    "model.layers.5.self_attn.o_proj": 1679.67138671875,
    "model.layers.5.mlp.gate_proj": 1646.386474609375,
    "model.layers.5.mlp.up_proj": 1576.3515625,
    "model.layers.5.mlp.down_proj": 1638.328125,
    "model.layers.6.self_attn.q_proj": 1598.737060546875,
    "model.layers.6.self_attn.k_proj": 1627.301025390625,
    "model.layers.6.self_attn.v_proj": 1678.645751953125,
    "model.layers.6.self_attn.o_proj": 1634.99267578125,
    "model.layers.6.mlp.gate_proj": 1639.691650390625,
    "model.layers.6.mlp.up_proj": 1648.2410888671875,
    "model.layers.6.mlp.down_proj": 1647.0648193359375,
    "model.layers.7.self_attn.q_proj": 1636.4183349609375,
    "model.layers.7.self_attn.k_proj": 1641.1851806640625,
    "model.layers.7.self_attn.v_proj": 1779.18115234375,
    "model.layers.7.self_attn.o_proj": 1648.1683349609375,
    "model.layers.7.mlp.gate_proj": 1663.18017578125,
    "model.layers.7.mlp.up_proj": 1675.1253662109375,
    "model.layers.7.mlp.down_proj": 1596.7425537109375,
    "model.layers.8.self_attn.q_proj": 1660.1617431640625,
    "model.layers.8.self_attn.k_proj": 1699.1846923828125,
    "model.layers.8.self_attn.v_proj": 1814.230712890625,
    "model.layers.8.self_attn.o_proj": 1617.9803466796875,
    "model.layers.8.mlp.gate_proj": 1616.70703125,
    "model.layers.8.mlp.up_proj": 1661.7760009765625,
    "model.layers.8.mlp.down_proj": 1616.8656005859375,
    "model.layers.9.self_attn.q_proj": 1661.365234375,
    "model.layers.9.self_attn.k_proj": 1725.405029296875,
    "model.layers.9.self_attn.v_proj": 1668.018310546875,
    "model.layers.9.self_attn.o_proj": 1633.849609375,
    "model.layers.9.mlp.gate_proj": 1595.3116455078125,
    "model.layers.9.mlp.up_proj": 1584.7410888671875,
    "model.layers.9.mlp.down_proj": 1595.047607421875,
    "model.layers.10.self_attn.q_proj": 1650.4669189453125,
    "model.layers.10.self_attn.k_proj": 1680.898681640625,
    "model.layers.10.self_attn.v_proj": 1686.0042724609375,
    "model.layers.10.self_attn.o_proj": 1615.89013671875,
    "model.layers.10.mlp.gate_proj": 1637.733642578125,
    "model.layers.10.mlp.up_proj": 1655.91748046875,
    "model.layers.10.mlp.down_proj": 1588.7615966796875,
    "model.layers.11.self_attn.q_proj": 1606.0946044921875,
    "model.layers.11.self_attn.k_proj": 1685.6580810546875,
    "model.layers.11.self_attn.v_proj": 1702.19189453125,
    "model.layers.11.self_attn.o_proj": 1551.6282958984375,
    "model.layers.11.mlp.gate_proj": 1603.2899169921875,
    "model.layers.11.mlp.up_proj": 1631.4071044921875,
    "model.layers.11.mlp.down_proj": 1573.6588134765625,
    "model.layers.12.self_attn.q_proj": 1598.1090087890625,
    "model.layers.12.self_attn.k_proj": 1676.1142578125,
    "model.layers.12.self_attn.v_proj": 1717.8372802734375,
    "model.layers.12.self_attn.o_proj": 1573.5325927734375,
    "model.layers.12.mlp.gate_proj": 1651.8939208984375,
    "model.layers.12.mlp.up_proj": 1714.7938232421875,
    "model.layers.12.mlp.down_proj": 1577.310302734375,
    "model.layers.13.self_attn.q_proj": 1618.741455078125,
    "model.layers.13.self_attn.k_proj": 1723.918701171875,
    "model.layers.13.self_attn.v_proj": 1803.64501953125,
    "model.layers.13.self_attn.o_proj": 1533.65380859375,
    "model.layers.13.mlp.gate_proj": 1617.435546875,
    "model.layers.13.mlp.up_proj": 1680.0108642578125,
    "model.layers.13.mlp.down_proj": 1660.7587890625,
    "model.layers.14.self_attn.q_proj": 1668.9970703125,
    "model.layers.14.self_attn.k_proj": 1631.1268310546875,
    "model.layers.14.self_attn.v_proj": 1796.3470458984375,
    "model.layers.14.self_attn.o_proj": 1571.3182373046875,
    "model.layers.14.mlp.gate_proj": 1631.4881591796875,
    "model.layers.14.mlp.up_proj": 1636.152099609375,
    "model.layers.14.mlp.down_proj": 1593.76416015625,
    "model.layers.15.self_attn.q_proj": 1617.12890625,
    "model.layers.15.self_attn.k_proj": 1639.2884521484375,
    "model.layers.15.self_attn.v_proj": 1804.76171875,
    "model.layers.15.self_attn.o_proj": 1605.4075927734375,
    "model.layers.15.mlp.gate_proj": 1649.922119140625,
    "model.layers.15.mlp.up_proj": 1688.0640869140625,
    "model.layers.15.mlp.down_proj": 1618.120361328125,
    "model.layers.16.self_attn.q_proj": 1639.9517822265625,
    "model.layers.16.self_attn.k_proj": 1790.8829345703125,
    "model.layers.16.self_attn.v_proj": 1728.29345703125,
    "model.layers.16.self_attn.o_proj": 1621.4923095703125,
    "model.layers.16.mlp.gate_proj": 1619.4080810546875,
    "model.layers.16.mlp.up_proj": 1626.26123046875,
    "model.layers.16.mlp.down_proj": 1613.2220458984375,
    "model.layers.17.self_attn.q_proj": 1578.283447265625,
    "model.layers.17.self_attn.k_proj": 1693.5589599609375,
    "model.layers.17.self_attn.v_proj": 1776.8724365234375,
    "model.layers.17.self_attn.o_proj": 1528.364501953125,
    "model.layers.17.mlp.gate_proj": 1598.8824462890625,
    "model.layers.17.mlp.up_proj": 1673.28271484375,
    "model.layers.17.mlp.down_proj": 1544.2281494140625,
    "model.layers.18.self_attn.q_proj": 1591.3548583984375,
    "model.layers.18.self_attn.k_proj": 1748.0345458984375,
    "model.layers.18.self_attn.v_proj": 1662.7899169921875,
    "model.layers.18.self_attn.o_proj": 1607.981689453125,
    "model.layers.18.mlp.gate_proj": 1578.280029296875,
    "model.layers.18.mlp.up_proj": 1618.45654296875,
    "model.layers.18.mlp.down_proj": 1594.927001953125,
    "model.layers.19.self_attn.q_proj": 1609.079345703125,
    "model.layers.19.self_attn.k_proj": 1748.74755859375,
    "model.layers.19.self_attn.v_proj": 1688.3990478515625,
    "model.layers.19.self_attn.o_proj": 1591.354248046875,
    "model.layers.19.mlp.gate_proj": 1602.09033203125,
    "model.layers.19.mlp.up_proj": 1664.874267578125,
    "model.layers.19.mlp.down_proj": 1653.0130615234375,