{
    "model.layers.0.self_attn.q_proj": 1635.782958984375,
    "model.layers.0.self_attn.k_proj": 1635.782958984375,
    "model.layers.0.self_attn.v_proj": 1635.782958984375,
    "model.layers.0.self_attn.o_proj": 1635.612548828125,
    "model.layers.0.mlp.gate_proj": 1635.7821044921875,
    "model.layers.0.mlp.up_proj": 1635.845703125,
    "model.layers.0.mlp.down_proj": 1639.1090087890625,
    "model.layers.1.self_attn.q_proj": 1635.5955810546875,
    "model.layers.1.self_attn.k_proj": 1635.407958984375,
    "model.layers.1.self_attn.v_proj": 1634.4090576171875,
    "model.layers.1.self_attn.o_proj": 1639.4249267578125,
    "model.layers.1.mlp.gate_proj": 1640.4951171875,
    "model.layers.1.mlp.up_proj": 1621.3436279296875,
    "model.layers.1.mlp.down_proj": 1651.74169921875,
    "model.layers.2.self_attn.q_proj": 1632.5072021484375,
    "model.layers.2.self_attn.k_proj": 1628.7911376953125,
    "model.layers.2.self_attn.v_proj": 1678.65283203125,
    "model.layers.2.self_attn.o_proj": 1641.2972412109375,
    "model.layers.2.mlp.gate_proj": 1634.0574951171875,
    "model.layers.2.mlp.up_proj": 1641.33349609375,
    "model.layers.2.mlp.down_proj": 1640.7630615234375,
    "model.layers.3.self_attn.q_proj": 1609.081787109375,
    "model.layers.3.self_attn.k_proj": 1645.2567138671875,
    "model.layers.3.self_attn.v_proj": 1639.3314208984375,
    "model.layers.3.self_attn.o_proj": 1643.4007568359375,
    "model.layers.3.mlp.gate_proj": 1630.8084716796875,
    "model.layers.3.mlp.up_proj": 1679.8836669921875,
    "model.layers.3.mlp.down_proj": 1587.46435546875,
    "model.layers.4.self_attn.q_proj": 1632.6976318359375,
    "model.layers.4.self_attn.k_proj": 1648.914794921875,
    "model.layers.4.self_attn.v_proj": 1658.123291015625,
    "model.layers.4.self_attn.o_proj": 1598.135009765625,
    "model.layers.4.mlp.gate_proj": 1676.24951171875,
    "model.layers.4.mlp.up_proj": 1615.01123046875,
    "model.layers.4.mlp.down_proj": 1610.113037109375,
    "model.layers.5.self_attn.q_proj": 1618.0667724609375,
    "model.layers.5.self_attn.k_proj": 1652.6529541015625,
    "model.layers.5.self_attn.v_proj": 1693.4537353515625,
    "model.layers.5.self_attn.o_proj": 1632.5809326171875,
    "model.layers.5.mlp.gate_proj": 1660.874267578125,
    "model.layers.5.mlp.up_proj": 1597.0689697265625,
    "model.layers.5.mlp.down_proj": 1635.7073974609375,
    "model.layers.6.self_attn.q_proj": 1635.3763427734375,
    "model.layers.6.self_attn.k_proj": 1631.396484375,
    "model.layers.6.self_attn.v_proj": 1623.0037841796875,
    "model.layers.6.self_attn.o_proj": 1630.551513671875,
    "model.layers.6.mlp.gate_proj": 1640.138671875,
    "model.layers.6.mlp.up_proj": 1645.067626953125,
    "model.layers.6.mlp.down_proj": 1606.07666015625,
    "model.layers.7.self_attn.q_proj": 1624.32470703125,
    "model.layers.7.self_attn.k_proj": 1638.9320068359375,
    "model.layers.7.self_attn.v_proj": 1707.2601318359375,
    "model.layers.7.self_attn.o_proj": 1640.619873046875,
    "model.layers.7.mlp.gate_proj": 1660.048583984375,
    "model.layers.7.mlp.up_proj": 1669.1302490234375,
    "model.layers.7.mlp.down_proj": 1590.592041015625,
    "model.layers.8.self_attn.q_proj": 1645.643798828125,
    "model.layers.8.self_attn.k_proj": 1677.4326171875,
    "model.layers.8.self_attn.v_proj": 1699.7313232421875,
    "model.layers.8.self_attn.o_proj": 1624.542236328125,
    "model.layers.8.mlp.gate_proj": 1635.569580078125,
    "model.layers.8.mlp.up_proj": 1666.3729248046875,
    "model.layers.8.mlp.down_proj": 1614.3187255859375,
    "model.layers.9.self_attn.q_proj": 1652.10498046875,
    "model.layers.9.self_attn.k_proj": 1671.9876708984375,
    "model.layers.9.self_attn.v_proj": 1639.4375,
    "model.layers.9.self_attn.o_proj": 1635.3001708984375,
    "model.layers.9.mlp.gate_proj": 1615.5567626953125,
    "model.layers.9.mlp.up_proj": 1608.2386474609375,
    "model.layers.9.mlp.down_proj": 1635.9310302734375,
    "model.layers.10.self_attn.q_proj": 1664.9385986328125,
    "model.layers.10.self_attn.k_proj": 1662.517578125,
    "model.layers.10.self_attn.v_proj": 1673.3653564453125,
    "model.layers.10.self_attn.o_proj": 1637.8260498046875,
    "model.layers.10.mlp.gate_proj": 1653.92822265625,
    "model.layers.10.mlp.up_proj": 1661.5594482421875,
    "model.layers.10.mlp.down_proj": 1663.9307861328125,
    "model.layers.11.self_attn.q_proj": 1600.9183349609375,
    "model.layers.11.self_attn.k_proj": 1636.745849609375,
    "model.layers.11.self_attn.v_proj": 1636.0419921875,
    "model.layers.11.self_attn.o_proj": 1617.1890869140625,
    "model.layers.11.mlp.gate_proj": 1633.8763427734375,
    "model.layers.11.mlp.up_proj": 1640.7391357421875,
    "model.layers.11.mlp.down_proj": 1619.3465576171875,
    "model.layers.12.self_attn.q_proj": 1615.442138671875,
    "model.layers.12.self_attn.k_proj": 1649.121826171875,
    "model.layers.12.self_attn.v_proj": 1705.372314453125,
    "model.layers.12.self_attn.o_proj": 1607.977783203125,
    "model.layers.12.mlp.gate_proj": 1675.7691650390625,
    "model.layers.12.mlp.up_proj": 1697.6976318359375,
    "model.layers.12.mlp.down_proj": 1608.3306884765625,
    "model.layers.13.self_attn.q_proj": 1639.7423095703125,
    "model.layers.13.self_attn.k_proj": 1664.4588623046875,
    "model.layers.13.self_attn.v_proj": 1729.2850341796875,
    "model.layers.13.self_attn.o_proj": 1619.8004150390625,
    "model.layers.13.mlp.gate_proj": 1633.4327392578125,
    "model.layers.13.mlp.up_proj": 1663.0372314453125,
    "model.layers.13.mlp.down_proj": 1643.1773681640625,
    "model.layers.14.self_attn.q_proj": 1653.7308349609375,
    "model.layers.14.self_attn.k_proj": 1626.080810546875,
    "model.layers.14.self_attn.v_proj": 1705.43408203125,
    "model.layers.14.self_attn.o_proj": 1608.02783203125,
    "model.layers.14.mlp.gate_proj": 1652.6734619140625,
    "model.layers.14.mlp.up_proj": 1648.3143310546875,
    "model.layers.14.mlp.down_proj": 1643.40234375,
    "model.layers.15.self_attn.q_proj": 1644.94482421875,
    "model.layers.15.self_attn.k_proj": 1676.058837890625,
    "model.layers.15.self_attn.v_proj": 1720.12109375,
    "model.layers.15.self_attn.o_proj": 1617.1427001953125,
    "model.layers.15.mlp.gate_proj": 1644.07763671875,
    "model.layers.15.mlp.up_proj": 1628.0234375,
    "model.layers.15.mlp.down_proj": 1629.5196533203125,
    "model.layers.16.self_attn.q_proj": 1634.1710205078125,
    "model.layers.16.self_attn.k_proj": 1688.643798828125,
    "model.layers.16.self_attn.v_proj": 1636.4237060546875,
    "model.layers.16.self_attn.o_proj": 1610.66357421875,
    "model.layers.16.mlp.gate_proj": 1617.3692626953125,
    "model.layers.16.mlp.up_proj": 1642.101806640625,
    "model.layers.16.mlp.down_proj": 1642.3079833984375,
    "model.layers.17.self_attn.q_proj": 1629.50048828125,
    "model.layers.17.self_attn.k_proj": 1639.2218017578125,
    "model.layers.17.self_attn.v_proj": 1705.7376708984375,
    "model.layers.17.self_attn.o_proj": 1597.3731689453125,
    "model.layers.17.mlp.gate_proj": 1618.02099609375,
    "model.layers.17.mlp.up_proj": 1624.8289794921875,
    "model.layers.17.mlp.down_proj": 1601.949462890625,
    "model.layers.18.self_attn.q_proj": 1621.1839599609375,
    "model.layers.18.self_attn.k_proj": 1704.2374267578125,
    "model.layers.18.self_attn.v_proj": 1633.3687744140625,
    "model.layers.18.self_attn.o_proj": 1636.0106201171875,
    "model.layers.18.mlp.gate_proj": 1619.5750732421875,
    "model.layers.18.mlp.up_proj": 1613.1552734375,
    "model.layers.18.mlp.down_proj": 1606.8897705078125,
    "model.layers.19.self_attn.q_proj": 1627.429443359375,
    "model.layers.19.self_attn.k_proj": 1696.7794189453125,
    "model.layers.19.self_attn.v_proj": 1660.370849609375,
    "model.layers.19.self_attn.o_proj": 1638.25341796875,
    "model.layers.19.mlp.gate_proj": 1614.9599609375,
    "model.layers.19.mlp.up_proj": 1671.1597900390625,
    "model.layers.19.mlp.down_proj": 1639.1905517578125,