{
    "model.layers.0.self_attn.q_proj": 1627.6971435546875,
    "model.layers.0.self_attn.k_proj": 1627.6971435546875,
    "model.layers.0.self_attn.v_proj": 1627.6971435546875,
    "model.layers.0.self_attn.o_proj": 1627.48681640625,
    "model.layers.0.mlp.gate_proj": 1627.6876220703125,
    "model.layers.0.mlp.up_proj": 1627.865234375,
    "model.layers.0.mlp.down_proj": 1627.7745361328125,
    "model.layers.1.self_attn.q_proj": 1627.1822509765625,
    "model.layers.1.self_attn.k_proj": 1627.18212890625,
    "model.layers.1.self_attn.v_proj": 1632.622314453125,
    "model.layers.1.self_attn.o_proj": 1624.8154296875,
    "model.layers.1.mlp.gate_proj": 1627.8973388671875,
    "model.layers.1.mlp.up_proj": 1613.8677978515625,
    "model.layers.1.mlp.down_proj": 1622.566650390625,
    "model.layers.2.self_attn.q_proj": 1623.686279296875,
    "model.layers.2.self_attn.k_proj": 1616.3306884765625,
    "model.layers.2.self_attn.v_proj": 1778.3006591796875,
    "model.layers.2.self_attn.o_proj": 1604.77734375,
    "model.layers.2.mlp.gate_proj": 1617.8475341796875,
    "model.layers.2.mlp.up_proj": 1619.5247802734375,
    "model.layers.2.mlp.down_proj": 1578.873291015625,
    "model.layers.3.self_attn.q_proj": 1606.97900390625,
    "model.layers.3.self_attn.k_proj": 1637.1038818359375,
    "model.layers.3.self_attn.v_proj": 1653.6197509765625,
    "model.layers.3.self_attn.o_proj": 1620.9967041015625,
    "model.layers.3.mlp.gate_proj": 1653.2899169921875,
    "model.layers.3.mlp.up_proj": 1705.5804443359375,
    "model.layers.3.mlp.down_proj": 1528.280517578125,
    "model.layers.4.self_attn.q_proj": 1621.56884765625,
    "model.layers.4.self_attn.k_proj": 1648.723876953125,
    "model.layers.4.self_attn.v_proj": 1696.9967041015625,
    "model.layers.4.self_attn.o_proj": 1576.6842041015625,
    "model.layers.4.mlp.gate_proj": 1668.6690673828125,
    "model.layers.4.mlp.up_proj": 1657.3692626953125,
    "model.layers.4.mlp.down_proj": 1654.3358154296875,
    "model.layers.5.self_attn.q_proj": 1665.607177734375,
    "model.layers.5.self_attn.k_proj": 1654.4588623046875,
    "model.layers.5.self_attn.v_proj": 1731.2327880859375,
    "model.layers.5.self_attn.o_proj": 1683.9844970703125,
    "model.layers.5.mlp.gate_proj": 1646.12890625,
    "model.layers.5.mlp.up_proj": 1570.708984375,
    "model.layers.5.mlp.down_proj": 1651.1405029296875,
    "model.layers.6.self_attn.q_proj": 1603.8673095703125,
    "model.layers.6.self_attn.k_proj": 1620.47802734375,
    "model.layers.6.self_attn.v_proj": 1678.340576171875,
    "model.layers.6.self_attn.o_proj": 1632.25537109375,
    "model.layers.6.mlp.gate_proj": 1634.954833984375,
    "model.layers.6.mlp.up_proj": 1645.02392578125,
    "model.layers.6.mlp.down_proj": 1635.8746337890625,
    "model.layers.7.self_attn.q_proj": 1641.4996337890625,
    "model.layers.7.self_attn.k_proj": 1632.1015625,
    "model.layers.7.self_attn.v_proj": 1782.740966796875,
    "model.layers.7.self_attn.o_proj": 1643.392822265625,
    "model.layers.7.mlp.gate_proj": 1669.4217529296875,
    "model.layers.7.mlp.up_proj": 1668.2630615234375,
    "model.layers.7.mlp.down_proj": 1627.6904296875,
    "model.layers.8.self_attn.q_proj": 1686.834716796875,
    "model.layers.8.self_attn.k_proj": 1707.518798828125,
    "model.layers.8.self_attn.v_proj": 1862.3729248046875,
    "model.layers.8.self_attn.o_proj": 1611.5523681640625,
    "model.layers.8.mlp.gate_proj": 1634.0853271484375,
    "model.layers.8.mlp.up_proj": 1666.9322509765625,
    "model.layers.8.mlp.down_proj": 1643.572509765625,
    "model.layers.9.self_attn.q_proj": 1662.5184326171875,
    "model.layers.9.self_attn.k_proj": 1713.803466796875,
    "model.layers.9.self_attn.v_proj": 1702.805419921875,
    "model.layers.9.self_attn.o_proj": 1652.2713623046875,
    "model.layers.9.mlp.gate_proj": 1585.755859375,
    "model.layers.9.mlp.up_proj": 1590.1739501953125,
    "model.layers.9.mlp.down_proj": 1585.204833984375,
    "model.layers.10.self_attn.q_proj": 1662.6197509765625,
    "model.layers.10.self_attn.k_proj": 1688.287841796875,
    "model.layers.10.self_attn.v_proj": 1742.755126953125,
    "model.layers.10.self_attn.o_proj": 1616.400390625,
    "model.layers.10.mlp.gate_proj": 1630.036865234375,
    "model.layers.10.mlp.up_proj": 1660.8302001953125,
    "model.layers.10.mlp.down_proj": 1582.369140625,
    "model.layers.11.self_attn.q_proj": 1600.7984619140625,
    "model.layers.11.self_attn.k_proj": 1677.5787353515625,
    "model.layers.11.self_attn.v_proj": 1703.4864501953125,
    "model.layers.11.self_attn.o_proj": 1533.2239990234375,
    "model.layers.11.mlp.gate_proj": 1598.3701171875,
    "model.layers.11.mlp.up_proj": 1619.396240234375,
    "model.layers.11.mlp.down_proj": 1563.3699951171875,
    "model.layers.12.self_attn.q_proj": 1603.6422119140625,
    "model.layers.12.self_attn.k_proj": 1695.580810546875,
    "model.layers.12.self_attn.v_proj": 1752.477294921875,
    "model.layers.12.self_attn.o_proj": 1555.9482421875,
    "model.layers.12.mlp.gate_proj": 1664.240478515625,
    "model.layers.12.mlp.up_proj": 1726.052001953125,
    "model.layers.12.mlp.down_proj": 1590.236572265625,
    "model.layers.13.self_attn.q_proj": 1634.3822021484375,
    "model.layers.13.self_attn.k_proj": 1746.8892822265625,
    "model.layers.13.self_attn.v_proj": 1813.533203125,
    "model.layers.13.self_attn.o_proj": 1517.0111083984375,
    "model.layers.13.mlp.gate_proj": 1621.18359375,
    "model.layers.13.mlp.up_proj": 1690.97314453125,
    "model.layers.13.mlp.down_proj": 1658.271484375,
    "model.layers.14.self_attn.q_proj": 1672.06640625,
    "model.layers.14.self_attn.k_proj": 1656.58837890625,
    "model.layers.14.self_attn.v_proj": 1817.7562255859375,
    "model.layers.14.self_attn.o_proj": 1574.268798828125,
    "model.layers.14.mlp.gate_proj": 1632.63134765625,
    "model.layers.14.mlp.up_proj": 1635.517822265625,
    "model.layers.14.mlp.down_proj": 1576.33056640625,
    "model.layers.15.self_attn.q_proj": 1621.85595703125,
    "model.layers.15.self_attn.k_proj": 1643.4202880859375,
    "model.layers.15.self_attn.v_proj": 1834.286376953125,
    "model.layers.15.self_attn.o_proj": 1608.948974609375,
    "model.layers.15.mlp.gate_proj": 1640.976806640625,
    "model.layers.15.mlp.up_proj": 1689.453369140625,
    "model.layers.15.mlp.down_proj": 1612.6378173828125,
    "model.layers.16.self_attn.q_proj": 1624.0460205078125,
    "model.layers.16.self_attn.k_proj": 1810.4959716796875,
    "model.layers.16.self_attn.v_proj": 1747.7919921875,
    "model.layers.16.self_attn.o_proj": 1611.4815673828125,
    "model.layers.16.mlp.gate_proj": 1624.238037109375,
    "model.layers.16.mlp.up_proj": 1624.1090087890625,
    "model.layers.16.mlp.down_proj": 1610.6143798828125,
    "model.layers.17.self_attn.q_proj": 1570.32861328125,
    "model.layers.17.self_attn.k_proj": 1695.7471923828125,
    "model.layers.17.self_attn.v_proj": 1783.176025390625,
    "model.layers.17.self_attn.o_proj": 1520.3345947265625,
    "model.layers.17.mlp.gate_proj": 1600.7847900390625,
    "model.layers.17.mlp.up_proj": 1660.850830078125,
    "model.layers.17.mlp.down_proj": 1529.454345703125,
    "model.layers.18.self_attn.q_proj": 1578.910888671875,
    "model.layers.18.self_attn.k_proj": 1768.9627685546875,
    "model.layers.18.self_attn.v_proj": 1668.2032470703125,
    "model.layers.18.self_attn.o_proj": 1603.9931640625,
    "model.layers.18.mlp.gate_proj": 1546.0693359375,
    "model.layers.18.mlp.up_proj": 1626.9056396484375,
    "model.layers.18.mlp.down_proj": 1573.9781494140625,
    "model.layers.19.self_attn.q_proj": 1596.390625,
    "model.layers.19.self_attn.k_proj": 1763.1761474609375,
    "model.layers.19.self_attn.v_proj": 1687.32421875,
    "model.layers.19.self_attn.o_proj": 1548.1282958984375,
    "model.layers.19.mlp.gate_proj": 1617.686279296875,
    "model.layers.19.mlp.up_proj": 1657.3116455078125,
    "model.layers.19.mlp.down_proj": 1626.9190673828125,