{
    "model.layers.0.self_attn.q_proj": 1634.8382568359375,
    "model.layers.0.self_attn.k_proj": 1634.8382568359375,
    "model.layers.0.self_attn.v_proj": 1634.8382568359375,
    "model.layers.0.self_attn.o_proj": 1634.6646728515625,
    "model.layers.0.mlp.gate_proj": 1634.82568359375,
    "model.layers.0.mlp.up_proj": 1634.8365478515625,
    "model.layers.0.mlp.down_proj": 1639.0029296875,
    "model.layers.1.self_attn.q_proj": 1634.6448974609375,
    "model.layers.1.self_attn.k_proj": 1634.4591064453125,
    "model.layers.1.self_attn.v_proj": 1634.292724609375,
    "model.layers.1.self_attn.o_proj": 1636.143798828125,
    "model.layers.1.mlp.gate_proj": 1638.8397216796875,
    "model.layers.1.mlp.up_proj": 1620.9437255859375,
    "model.layers.1.mlp.down_proj": 1651.2330322265625,
    "model.layers.2.self_attn.q_proj": 1636.870849609375,
    "model.layers.2.self_attn.k_proj": 1626.168212890625,
    "model.layers.2.self_attn.v_proj": 1698.9276123046875,
    "model.layers.2.self_attn.o_proj": 1631.40771484375,
    "model.layers.2.mlp.gate_proj": 1635.239501953125,
    "model.layers.2.mlp.up_proj": 1634.3399658203125,
    "model.layers.2.mlp.down_proj": 1639.2103271484375,
    "model.layers.3.self_attn.q_proj": 1608.179931640625,
    "model.layers.3.self_attn.k_proj": 1643.4705810546875,
    "model.layers.3.self_attn.v_proj": 1648.5400390625,
    "model.layers.3.self_attn.o_proj": 1631.0247802734375,
    "model.layers.3.mlp.gate_proj": 1645.6103515625,
    "model.layers.3.mlp.up_proj": 1679.9036865234375,
    "model.layers.3.mlp.down_proj": 1592.837646484375,
    "model.layers.4.self_attn.q_proj": 1632.4249267578125,
    "model.layers.4.self_attn.k_proj": 1649.748046875,
    "model.layers.4.self_attn.v_proj": 1670.6978759765625,
    "model.layers.4.self_attn.o_proj": 1585.83447265625,
    "model.layers.4.mlp.gate_proj": 1668.3494873046875,
    "model.layers.4.mlp.up_proj": 1630.8228759765625,
    "model.layers.4.mlp.down_proj": 1636.4178466796875,
    "model.layers.5.self_attn.q_proj": 1658.908447265625,
    "model.layers.5.self_attn.k_proj": 1659.497314453125,
    "model.layers.5.self_attn.v_proj": 1704.407470703125,
    "model.layers.5.self_attn.o_proj": 1634.231689453125,
    "model.layers.5.mlp.gate_proj": 1657.95556640625,
    "model.layers.5.mlp.up_proj": 1594.3277587890625,
    "model.layers.5.mlp.down_proj": 1632.8636474609375,
    "model.layers.6.self_attn.q_proj": 1620.331298828125,
    "model.layers.6.self_attn.k_proj": 1634.633056640625,
    "model.layers.6.self_attn.v_proj": 1641.3621826171875,
    "model.layers.6.self_attn.o_proj": 1621.191650390625,
    "model.layers.6.mlp.gate_proj": 1642.1964111328125,
    "model.layers.6.mlp.up_proj": 1637.8294677734375,
    "model.layers.6.mlp.down_proj": 1586.76318359375,
    "model.layers.7.self_attn.q_proj": 1620.2177734375,
    "model.layers.7.self_attn.k_proj": 1630.051025390625,
    "model.layers.7.self_attn.v_proj": 1709.7490234375,
    "model.layers.7.self_attn.o_proj": 1636.3226318359375,
    "model.layers.7.mlp.gate_proj": 1657.870361328125,
    "model.layers.7.mlp.up_proj": 1675.542724609375,
    "model.layers.7.mlp.down_proj": 1571.544189453125,
    "model.layers.8.self_attn.q_proj": 1621.323486328125,
    "model.layers.8.self_attn.k_proj": 1687.4034423828125,
    "model.layers.8.self_attn.v_proj": 1711.134521484375,
    "model.layers.8.self_attn.o_proj": 1633.3408203125,
    "model.layers.8.mlp.gate_proj": 1620.9154052734375,
    "model.layers.8.mlp.up_proj": 1667.014404296875,
    "model.layers.8.mlp.down_proj": 1609.6636962890625,
    "model.layers.9.self_attn.q_proj": 1654.1827392578125,
    "model.layers.9.self_attn.k_proj": 1680.028564453125,
    "model.layers.9.self_attn.v_proj": 1644.26513671875,
    "model.layers.9.self_attn.o_proj": 1645.4390869140625,
    "model.layers.9.mlp.gate_proj": 1599.9010009765625,
    "model.layers.9.mlp.up_proj": 1585.8721923828125,
    "model.layers.9.mlp.down_proj": 1622.7774658203125,
    "model.layers.10.self_attn.q_proj": 1650.439208984375,
    "model.layers.10.self_attn.k_proj": 1637.8878173828125,
    "model.layers.10.self_attn.v_proj": 1641.3424072265625,
    "model.layers.10.self_attn.o_proj": 1647.2601318359375,
    "model.layers.10.mlp.gate_proj": 1656.3062744140625,
    "model.layers.10.mlp.up_proj": 1648.59228515625,
    "model.layers.10.mlp.down_proj": 1637.680908203125,
    "model.layers.11.self_attn.q_proj": 1620.476318359375,
    "model.layers.11.self_attn.k_proj": 1663.85546875,
    "model.layers.11.self_attn.v_proj": 1665.4300537109375,
    "model.layers.11.self_attn.o_proj": 1611.5723876953125,
    "model.layers.11.mlp.gate_proj": 1621.6005859375,
    "model.layers.11.mlp.up_proj": 1621.9642333984375,
    "model.layers.11.mlp.down_proj": 1625.2847900390625,
    "model.layers.12.self_attn.q_proj": 1611.1251220703125,
    "model.layers.12.self_attn.k_proj": 1677.613525390625,
    "model.layers.12.self_attn.v_proj": 1715.9873046875,
    "model.layers.12.self_attn.o_proj": 1602.9254150390625,
    "model.layers.12.mlp.gate_proj": 1663.8421630859375,
    "model.layers.12.mlp.up_proj": 1712.50927734375,
    "model.layers.12.mlp.down_proj": 1603.7352294921875,
    "model.layers.13.self_attn.q_proj": 1619.708984375,
    "model.layers.13.self_attn.k_proj": 1694.6365966796875,
    "model.layers.13.self_attn.v_proj": 1740.30859375,
    "model.layers.13.self_attn.o_proj": 1606.0596923828125,
    "model.layers.13.mlp.gate_proj": 1628.81396484375,
    "model.layers.13.mlp.up_proj": 1663.797607421875,
    "model.layers.13.mlp.down_proj": 1648.8763427734375,
    "model.layers.14.self_attn.q_proj": 1651.67333984375,
    "model.layers.14.self_attn.k_proj": 1640.8538818359375,
    "model.layers.14.self_attn.v_proj": 1746.8013916015625,
    "model.layers.14.self_attn.o_proj": 1592.5762939453125,
    "model.layers.14.mlp.gate_proj": 1648.806396484375,
    "model.layers.14.mlp.up_proj": 1637.937744140625,
    "model.layers.14.mlp.down_proj": 1639.8326416015625,
    "model.layers.15.self_attn.q_proj": 1645.2010498046875,
    "model.layers.15.self_attn.k_proj": 1662.8873291015625,
    "model.layers.15.self_attn.v_proj": 1743.7911376953125,
    "model.layers.15.self_attn.o_proj": 1641.0872802734375,
    "model.layers.15.mlp.gate_proj": 1653.7496337890625,
    "model.layers.15.mlp.up_proj": 1642.9652099609375,
    "model.layers.15.mlp.down_proj": 1632.7083740234375,
    "model.layers.16.self_attn.q_proj": 1632.125,
    "model.layers.16.self_attn.k_proj": 1725.080078125,
    "model.layers.16.self_attn.v_proj": 1647.483642578125,
    "model.layers.16.self_attn.o_proj": 1609.6536865234375,
    "model.layers.16.mlp.gate_proj": 1622.6480712890625,
    "model.layers.16.mlp.up_proj": 1647.6849365234375,
    "model.layers.16.mlp.down_proj": 1653.966552734375,
    "model.layers.17.self_attn.q_proj": 1619.5015869140625,
    "model.layers.17.self_attn.k_proj": 1662.7952880859375,
    "model.layers.17.self_attn.v_proj": 1734.243896484375,
    "model.layers.17.self_attn.o_proj": 1587.1314697265625,
    "model.layers.17.mlp.gate_proj": 1616.886474609375,
    "model.layers.17.mlp.up_proj": 1642.822265625,
    "model.layers.17.mlp.down_proj": 1584.4976806640625,
    "model.layers.18.self_attn.q_proj": 1606.783935546875,
    "model.layers.18.self_attn.k_proj": 1706.14501953125,
    "model.layers.18.self_attn.v_proj": 1641.34423828125,
    "model.layers.18.self_attn.o_proj": 1624.971923828125,
    "model.layers.18.mlp.gate_proj": 1605.0107421875,
    "model.layers.18.mlp.up_proj": 1610.64111328125,
    "model.layers.18.mlp.down_proj": 1581.495361328125,
    "model.layers.19.self_attn.q_proj": 1626.27880859375,
    "model.layers.19.self_attn.k_proj": 1706.2772216796875,
    "model.layers.19.self_attn.v_proj": 1674.576904296875,
    "model.layers.19.self_attn.o_proj": 1624.9066162109375,
    "model.layers.19.mlp.gate_proj": 1602.8455810546875,
    "model.layers.19.mlp.up_proj": 1670.71533203125,
    "model.layers.19.mlp.down_proj": 1645.7208251953125,