{
    "model.layers.0.self_attn.q_proj": 1634.6041259765625,
    "model.layers.0.self_attn.k_proj": 1634.6041259765625,
    "model.layers.0.self_attn.v_proj": 1634.6041259765625,
    "model.layers.0.self_attn.o_proj": 1634.4296875,
    "model.layers.0.mlp.gate_proj": 1634.5947265625,
    "model.layers.0.mlp.up_proj": 1634.61328125,
    "model.layers.0.mlp.down_proj": 1639.01025390625,
    "model.layers.1.self_attn.q_proj": 1634.36328125,
    "model.layers.1.self_attn.k_proj": 1634.23193359375,
    "model.layers.1.self_attn.v_proj": 1633.4129638671875,
    "model.layers.1.self_attn.o_proj": 1635.92041015625,
    "model.layers.1.mlp.gate_proj": 1639.6116943359375,
    "model.layers.1.mlp.up_proj": 1620.677490234375,
    "model.layers.1.mlp.down_proj": 1651.8277587890625,
    "model.layers.2.self_attn.q_proj": 1635.0572509765625,
    "model.layers.2.self_attn.k_proj": 1625.891845703125,
    "model.layers.2.self_attn.v_proj": 1681.9677734375,
    "model.layers.2.self_attn.o_proj": 1633.60205078125,
    "model.layers.2.mlp.gate_proj": 1633.795654296875,
    "model.layers.2.mlp.up_proj": 1637.8935546875,
    "model.layers.2.mlp.down_proj": 1647.1993408203125,
    "model.layers.3.self_attn.q_proj": 1609.2010498046875,
    "model.layers.3.self_attn.k_proj": 1644.63818359375,
    "model.layers.3.self_attn.v_proj": 1646.692626953125,
    "model.layers.3.self_attn.o_proj": 1634.5726318359375,
    "model.layers.3.mlp.gate_proj": 1638.4644775390625,
    "model.layers.3.mlp.up_proj": 1679.7760009765625,
    "model.layers.3.mlp.down_proj": 1583.7725830078125,
    "model.layers.4.self_attn.q_proj": 1628.086669921875,
    "model.layers.4.self_attn.k_proj": 1646.6229248046875,
    "model.layers.4.self_attn.v_proj": 1661.6270751953125,
    "model.layers.4.self_attn.o_proj": 1590.53515625,
    "model.layers.4.mlp.gate_proj": 1671.6292724609375,
    "model.layers.4.mlp.up_proj": 1628.3597412109375,
    "model.layers.4.mlp.down_proj": 1609.4666748046875,
    "model.layers.5.self_attn.q_proj": 1639.790771484375,
    "model.layers.5.self_attn.k_proj": 1658.3807373046875,
    "model.layers.5.self_attn.v_proj": 1700.327880859375,
    "model.layers.5.self_attn.o_proj": 1637.5872802734375,
    "model.layers.5.mlp.gate_proj": 1658.6253662109375,
    "model.layers.5.mlp.up_proj": 1595.258544921875,
    "model.layers.5.mlp.down_proj": 1631.0474853515625,
    "model.layers.6.self_attn.q_proj": 1627.230712890625,
    "model.layers.6.self_attn.k_proj": 1625.020751953125,
    "model.layers.6.self_attn.v_proj": 1630.4356689453125,
    "model.layers.6.self_attn.o_proj": 1621.80322265625,
    "model.layers.6.mlp.gate_proj": 1645.5543212890625,
    "model.layers.6.mlp.up_proj": 1644.25634765625,
    "model.layers.6.mlp.down_proj": 1594.238525390625,
    "model.layers.7.self_attn.q_proj": 1622.6605224609375,
    "model.layers.7.self_attn.k_proj": 1632.283447265625,
    "model.layers.7.self_attn.v_proj": 1707.3634033203125,
    "model.layers.7.self_attn.o_proj": 1632.70068359375,
    "model.layers.7.mlp.gate_proj": 1662.9046630859375,
    "model.layers.7.mlp.up_proj": 1677.3734130859375,
    "model.layers.7.mlp.down_proj": 1587.4154052734375,
    "model.layers.8.self_attn.q_proj": 1634.952880859375,
    "model.layers.8.self_attn.k_proj": 1686.0120849609375,
    "model.layers.8.self_attn.v_proj": 1713.411376953125,
    "model.layers.8.self_attn.o_proj": 1630.70849609375,
    "model.layers.8.mlp.gate_proj": 1624.811279296875,
    "model.layers.8.mlp.up_proj": 1671.33837890625,
    "model.layers.8.mlp.down_proj": 1614.3419189453125,
    "model.layers.9.self_attn.q_proj": 1652.8427734375,
    "model.layers.9.self_attn.k_proj": 1669.592529296875,
    "model.layers.9.self_attn.v_proj": 1644.7572021484375,
    "model.layers.9.self_attn.o_proj": 1635.208251953125,
    "model.layers.9.mlp.gate_proj": 1603.758544921875,
    "model.layers.9.mlp.up_proj": 1590.3109130859375,
    "model.layers.9.mlp.down_proj": 1629.1917724609375,
    "model.layers.10.self_attn.q_proj": 1658.5445556640625,
    "model.layers.10.self_attn.k_proj": 1643.65869140625,
    "model.layers.10.self_attn.v_proj": 1651.827392578125,
    "model.layers.10.self_attn.o_proj": 1639.873779296875,
    "model.layers.10.mlp.gate_proj": 1658.4354248046875,
    "model.layers.10.mlp.up_proj": 1654.9569091796875,
    "model.layers.10.mlp.down_proj": 1659.0601806640625,
    "model.layers.11.self_attn.q_proj": 1606.59375,
    "model.layers.11.self_attn.k_proj": 1659.84716796875,
    "model.layers.11.self_attn.v_proj": 1655.7880859375,
    "model.layers.11.self_attn.o_proj": 1615.2650146484375,
    "model.layers.11.mlp.gate_proj": 1626.1170654296875,
    "model.layers.11.mlp.up_proj": 1628.5855712890625,
    "model.layers.11.mlp.down_proj": 1615.8685302734375,
    "model.layers.12.self_attn.q_proj": 1609.1533203125,
    "model.layers.12.self_attn.k_proj": 1660.9693603515625,
    "model.layers.12.self_attn.v_proj": 1706.6724853515625,
    "model.layers.12.self_attn.o_proj": 1609.5474853515625,
    "model.layers.12.mlp.gate_proj": 1677.382568359375,
    "model.layers.12.mlp.up_proj": 1699.562255859375,
    "model.layers.12.mlp.down_proj": 1591.9229736328125,
    "model.layers.13.self_attn.q_proj": 1627.1094970703125,
    "model.layers.13.self_attn.k_proj": 1685.7093505859375,
    "model.layers.13.self_attn.v_proj": 1734.82177734375,
    "model.layers.13.self_attn.o_proj": 1616.5335693359375,
    "model.layers.13.mlp.gate_proj": 1630.3212890625,
    "model.layers.13.mlp.up_proj": 1657.179443359375,
    "model.layers.13.mlp.down_proj": 1646.8154296875,
    "model.layers.14.self_attn.q_proj": 1652.3157958984375,
    "model.layers.14.self_attn.k_proj": 1626.3724365234375,
    "model.layers.14.self_attn.v_proj": 1738.7054443359375,
    "model.layers.14.self_attn.o_proj": 1603.3916015625,
    "model.layers.14.mlp.gate_proj": 1650.7061767578125,
    "model.layers.14.mlp.up_proj": 1647.992919921875,
    "model.layers.14.mlp.down_proj": 1647.924560546875,
    "model.layers.15.self_attn.q_proj": 1646.058837890625,
    "model.layers.15.self_attn.k_proj": 1680.45263671875,
    "model.layers.15.self_attn.v_proj": 1727.86083984375,
    "model.layers.15.self_attn.o_proj": 1634.2503662109375,
    "model.layers.15.mlp.gate_proj": 1641.7589111328125,
    "model.layers.15.mlp.up_proj": 1638.3480224609375,
    "model.layers.15.mlp.down_proj": 1628.713134765625,
    "model.layers.16.self_attn.q_proj": 1632.87109375,
    "model.layers.16.self_attn.k_proj": 1710.5631103515625,
    "model.layers.16.self_attn.v_proj": 1636.614501953125,
    "model.layers.16.self_attn.o_proj": 1609.15771484375,
    "model.layers.16.mlp.gate_proj": 1617.7938232421875,
    "model.layers.16.mlp.up_proj": 1640.46630859375,
    "model.layers.16.mlp.down_proj": 1648.512451171875,
    "model.layers.17.self_attn.q_proj": 1624.859130859375,
    "model.layers.17.self_attn.k_proj": 1643.4197998046875,
    "model.layers.17.self_attn.v_proj": 1719.6282958984375,
    "model.layers.17.self_attn.o_proj": 1593.659912109375,
    "model.layers.17.mlp.gate_proj": 1622.5347900390625,
    "model.layers.17.mlp.up_proj": 1636.017822265625,
    "model.layers.17.mlp.down_proj": 1599.9449462890625,
    "model.layers.18.self_attn.q_proj": 1611.748291015625,
    "model.layers.18.self_attn.k_proj": 1703.6590576171875,
    "model.layers.18.self_attn.v_proj": 1640.526123046875,
    "model.layers.18.self_attn.o_proj": 1624.9200439453125,
    "model.layers.18.mlp.gate_proj": 1613.30908203125,
    "model.layers.18.mlp.up_proj": 1613.5009765625,
    "model.layers.18.mlp.down_proj": 1589.8017578125,
    "model.layers.19.self_attn.q_proj": 1627.533203125,
    "model.layers.19.self_attn.k_proj": 1699.7724609375,
    "model.layers.19.self_attn.v_proj": 1672.4903564453125,
    "model.layers.19.self_attn.o_proj": 1636.0113525390625,
    "model.layers.19.mlp.gate_proj": 1615.6162109375,
    "model.layers.19.mlp.up_proj": 1670.692626953125,
    "model.layers.19.mlp.down_proj": 1644.9207763671875,