{
    "model.layers.0.self_attn.q_proj": 1632.60546875,
    "model.layers.0.self_attn.k_proj": 1632.60546875,
    "model.layers.0.self_attn.v_proj": 1632.60546875,
    "model.layers.0.self_attn.o_proj": 1632.4136962890625,
    "model.layers.0.mlp.gate_proj": 1632.5625,
    "model.layers.0.mlp.up_proj": 1632.7425537109375,
    "model.layers.0.mlp.down_proj": 1634.7530517578125,
    "model.layers.1.self_attn.q_proj": 1632.20361328125,
    "model.layers.1.self_attn.k_proj": 1632.1595458984375,
    "model.layers.1.self_attn.v_proj": 1634.501220703125,
    "model.layers.1.self_attn.o_proj": 1631.1680908203125,
    "model.layers.1.mlp.gate_proj": 1633.1416015625,
    "model.layers.1.mlp.up_proj": 1619.9410400390625,
    "model.layers.1.mlp.down_proj": 1645.1656494140625,
    "model.layers.2.self_attn.q_proj": 1632.017578125,
    "model.layers.2.self_attn.k_proj": 1624.8763427734375,
    "model.layers.2.self_attn.v_proj": 1747.550537109375,
    "model.layers.2.self_attn.o_proj": 1625.3133544921875,
    "model.layers.2.mlp.gate_proj": 1624.5648193359375,
    "model.layers.2.mlp.up_proj": 1623.7115478515625,
    "model.layers.2.mlp.down_proj": 1607.5328369140625,
    "model.layers.3.self_attn.q_proj": 1609.05126953125,
    "model.layers.3.self_attn.k_proj": 1641.4249267578125,
    "model.layers.3.self_attn.v_proj": 1649.713623046875,
    "model.layers.3.self_attn.o_proj": 1624.5523681640625,
    "model.layers.3.mlp.gate_proj": 1643.242919921875,
    "model.layers.3.mlp.up_proj": 1710.931884765625,
    "model.layers.3.mlp.down_proj": 1542.3876953125,
    "model.layers.4.self_attn.q_proj": 1629.20361328125,
    "model.layers.4.self_attn.k_proj": 1641.8125,
    "model.layers.4.self_attn.v_proj": 1674.6407470703125,
    "model.layers.4.self_attn.o_proj": 1588.8880615234375,
    "model.layers.4.mlp.gate_proj": 1677.7265625,
    "model.layers.4.mlp.up_proj": 1642.0352783203125,
    "model.layers.4.mlp.down_proj": 1655.6602783203125,
    "model.layers.5.self_attn.q_proj": 1670.1640625,
    "model.layers.5.self_attn.k_proj": 1652.7935791015625,
    "model.layers.5.self_attn.v_proj": 1707.629150390625,
    "model.layers.5.self_attn.o_proj": 1674.0689697265625,
    "model.layers.5.mlp.gate_proj": 1649.970947265625,
    "model.layers.5.mlp.up_proj": 1571.81787109375,
    "model.layers.5.mlp.down_proj": 1627.822021484375,
    "model.layers.6.self_attn.q_proj": 1610.54150390625,
    "model.layers.6.self_attn.k_proj": 1634.0906982421875,
    "model.layers.6.self_attn.v_proj": 1667.673583984375,
    "model.layers.6.self_attn.o_proj": 1636.262939453125,
    "model.layers.6.mlp.gate_proj": 1651.2000732421875,
    "model.layers.6.mlp.up_proj": 1639.679931640625,
    "model.layers.6.mlp.down_proj": 1628.917236328125,
    "model.layers.7.self_attn.q_proj": 1642.7669677734375,
    "model.layers.7.self_attn.k_proj": 1640.87646484375,
    "model.layers.7.self_attn.v_proj": 1752.845947265625,
    "model.layers.7.self_attn.o_proj": 1645.1075439453125,
    "model.layers.7.mlp.gate_proj": 1663.4910888671875,
    "model.layers.7.mlp.up_proj": 1676.5750732421875,
    "model.layers.7.mlp.down_proj": 1555.5294189453125,
    "model.layers.8.self_attn.q_proj": 1649.027099609375,
    "model.layers.8.self_attn.k_proj": 1687.62744140625,
    "model.layers.8.self_attn.v_proj": 1793.9398193359375,
    "model.layers.8.self_attn.o_proj": 1632.65673828125,
    "model.layers.8.mlp.gate_proj": 1626.297607421875,
    "model.layers.8.mlp.up_proj": 1650.865966796875,
    "model.layers.8.mlp.down_proj": 1595.53662109375,
    "model.layers.9.self_attn.q_proj": 1654.408447265625,
    "model.layers.9.self_attn.k_proj": 1721.003173828125,
    "model.layers.9.self_attn.v_proj": 1658.4561767578125,
    "model.layers.9.self_attn.o_proj": 1638.791259765625,
    "model.layers.9.mlp.gate_proj": 1615.2781982421875,
    "model.layers.9.mlp.up_proj": 1584.5509033203125,
    "model.layers.9.mlp.down_proj": 1602.8433837890625,
    "model.layers.10.self_attn.q_proj": 1647.8470458984375,
    "model.layers.10.self_attn.k_proj": 1650.1328125,
    "model.layers.10.self_attn.v_proj": 1662.6619873046875,
    "model.layers.10.self_attn.o_proj": 1631.443115234375,
    "model.layers.10.mlp.gate_proj": 1645.31103515625,
    "model.layers.10.mlp.up_proj": 1655.7056884765625,
    "model.layers.10.mlp.down_proj": 1596.026611328125,
    "model.layers.11.self_attn.q_proj": 1614.70361328125,
    "model.layers.11.self_attn.k_proj": 1680.074951171875,
    "model.layers.11.self_attn.v_proj": 1684.10400390625,
    "model.layers.11.self_attn.o_proj": 1584.776123046875,
    "model.layers.11.mlp.gate_proj": 1607.736572265625,
    "model.layers.11.mlp.up_proj": 1647.0281982421875,
    "model.layers.11.mlp.down_proj": 1601.05078125,
    "model.layers.12.self_attn.q_proj": 1598.2047119140625,
    "model.layers.12.self_attn.k_proj": 1665.145751953125,
    "model.layers.12.self_attn.v_proj": 1726.731689453125,
    "model.layers.12.self_attn.o_proj": 1599.6046142578125,
    "model.layers.12.mlp.gate_proj": 1647.1800537109375,
    "model.layers.12.mlp.up_proj": 1714.1357421875,
    "model.layers.12.mlp.down_proj": 1599.712158203125,
    "model.layers.13.self_attn.q_proj": 1620.7083740234375,
    "model.layers.13.self_attn.k_proj": 1705.1705322265625,
    "model.layers.13.self_attn.v_proj": 1780.9212646484375,
    "model.layers.13.self_attn.o_proj": 1571.298828125,
    "model.layers.13.mlp.gate_proj": 1621.7100830078125,
    "model.layers.13.mlp.up_proj": 1678.013427734375,
    "model.layers.13.mlp.down_proj": 1670.9697265625,
    "model.layers.14.self_attn.q_proj": 1657.9434814453125,
    "model.layers.14.self_attn.k_proj": 1629.728759765625,
    "model.layers.14.self_attn.v_proj": 1779.268798828125,
    "model.layers.14.self_attn.o_proj": 1561.7152099609375,
    "model.layers.14.mlp.gate_proj": 1633.317138671875,
    "model.layers.14.mlp.up_proj": 1634.373291015625,
    "model.layers.14.mlp.down_proj": 1583.9395751953125,
    "model.layers.15.self_attn.q_proj": 1633.7584228515625,
    "model.layers.15.self_attn.k_proj": 1653.5108642578125,
    "model.layers.15.self_attn.v_proj": 1779.5098876953125,
    "model.layers.15.self_attn.o_proj": 1607.224853515625,
    "model.layers.15.mlp.gate_proj": 1663.525634765625,
    "model.layers.15.mlp.up_proj": 1687.4622802734375,
    "model.layers.15.mlp.down_proj": 1621.55224609375,
    "model.layers.16.self_attn.q_proj": 1642.6605224609375,
    "model.layers.16.self_attn.k_proj": 1778.4212646484375,
    "model.layers.16.self_attn.v_proj": 1702.5701904296875,
    "model.layers.16.self_attn.o_proj": 1613.458251953125,
    "model.layers.16.mlp.gate_proj": 1622.1551513671875,
    "model.layers.16.mlp.up_proj": 1630.7386474609375,
    "model.layers.16.mlp.down_proj": 1612.0745849609375,
    "model.layers.17.self_attn.q_proj": 1577.156005859375,
    "model.layers.17.self_attn.k_proj": 1697.151123046875,
    "model.layers.17.self_attn.v_proj": 1762.1094970703125,
    "model.layers.17.self_attn.o_proj": 1561.9862060546875,
    "model.layers.17.mlp.gate_proj": 1607.324951171875,
    "model.layers.17.mlp.up_proj": 1661.0860595703125,
    "model.layers.17.mlp.down_proj": 1558.2452392578125,
    "model.layers.18.self_attn.q_proj": 1603.264892578125,
    "model.layers.18.self_attn.k_proj": 1735.80029296875,
    "model.layers.18.self_attn.v_proj": 1654.60498046875,
    "model.layers.18.self_attn.o_proj": 1612.3751220703125,
    "model.layers.18.mlp.gate_proj": 1595.9327392578125,
    "model.layers.18.mlp.up_proj": 1605.2542724609375,
    "model.layers.18.mlp.down_proj": 1611.3077392578125,
    "model.layers.19.self_attn.q_proj": 1610.04052734375,
    "model.layers.19.self_attn.k_proj": 1720.083740234375,
    "model.layers.19.self_attn.v_proj": 1690.4212646484375,
    "model.layers.19.self_attn.o_proj": 1596.289794921875,
    "model.layers.19.mlp.gate_proj": 1601.785400390625,
    "model.layers.19.mlp.up_proj": 1670.26953125,
    "model.layers.19.mlp.down_proj": 1633.6788330078125,