{
    "model.layers.0.self_attn.q_proj": 1633.682861328125,
    "model.layers.0.self_attn.k_proj": 1633.682861328125,
    "model.layers.0.self_attn.v_proj": 1633.682861328125,
    "model.layers.0.self_attn.o_proj": 1633.5316162109375,
    "model.layers.0.mlp.gate_proj": 1633.676025390625,
    "model.layers.0.mlp.up_proj": 1633.6761474609375,
    "model.layers.0.mlp.down_proj": 1636.349365234375,
    "model.layers.1.self_attn.q_proj": 1633.50732421875,
    "model.layers.1.self_attn.k_proj": 1633.269287109375,
    "model.layers.1.self_attn.v_proj": 1633.40966796875,
    "model.layers.1.self_attn.o_proj": 1635.4892578125,
    "model.layers.1.mlp.gate_proj": 1636.75634765625,
    "model.layers.1.mlp.up_proj": 1621.1878662109375,
    "model.layers.1.mlp.down_proj": 1650.0206298828125,
    "model.layers.2.self_attn.q_proj": 1635.535400390625,
    "model.layers.2.self_attn.k_proj": 1625.5770263671875,
    "model.layers.2.self_attn.v_proj": 1714.135986328125,
    "model.layers.2.self_attn.o_proj": 1630.4771728515625,
    "model.layers.2.mlp.gate_proj": 1627.5673828125,
    "model.layers.2.mlp.up_proj": 1631.6817626953125,
    "model.layers.2.mlp.down_proj": 1618.724853515625,
    "model.layers.3.self_attn.q_proj": 1606.636962890625,
    "model.layers.3.self_attn.k_proj": 1640.2957763671875,
    "model.layers.3.self_attn.v_proj": 1649.5567626953125,
    "model.layers.3.self_attn.o_proj": 1628.7401123046875,
    "model.layers.3.mlp.gate_proj": 1641.23193359375,
    "model.layers.3.mlp.up_proj": 1682.8583984375,
    "model.layers.3.mlp.down_proj": 1587.216796875,
    "model.layers.4.self_attn.q_proj": 1637.468017578125,
    "model.layers.4.self_attn.k_proj": 1646.1279296875,
    "model.layers.4.self_attn.v_proj": 1684.6119384765625,
    "model.layers.4.self_attn.o_proj": 1586.1033935546875,
    "model.layers.4.mlp.gate_proj": 1675.9254150390625,
    "model.layers.4.mlp.up_proj": 1634.840087890625,
    "model.layers.4.mlp.down_proj": 1655.4337158203125,
    "model.layers.5.self_attn.q_proj": 1671.40380859375,
    "model.layers.5.self_attn.k_proj": 1663.4263916015625,
    "model.layers.5.self_attn.v_proj": 1706.2750244140625,
    "model.layers.5.self_attn.o_proj": 1638.4256591796875,
    "model.layers.5.mlp.gate_proj": 1657.066162109375,
    "model.layers.5.mlp.up_proj": 1598.609375,
    "model.layers.5.mlp.down_proj": 1620.4862060546875,
    "model.layers.6.self_attn.q_proj": 1615.82373046875,
    "model.layers.6.self_attn.k_proj": 1631.627685546875,
    "model.layers.6.self_attn.v_proj": 1652.89208984375,
    "model.layers.6.self_attn.o_proj": 1625.9541015625,
    "model.layers.6.mlp.gate_proj": 1644.858642578125,
    "model.layers.6.mlp.up_proj": 1612.3131103515625,
    "model.layers.6.mlp.down_proj": 1604.113037109375,
    "model.layers.7.self_attn.q_proj": 1637.507080078125,
    "model.layers.7.self_attn.k_proj": 1619.187744140625,
    "model.layers.7.self_attn.v_proj": 1715.8709716796875,
    "model.layers.7.self_attn.o_proj": 1642.5667724609375,
    "model.layers.7.mlp.gate_proj": 1662.7779541015625,
    "model.layers.7.mlp.up_proj": 1673.2159423828125,
    "model.layers.7.mlp.down_proj": 1566.3450927734375,
    "model.layers.8.self_attn.q_proj": 1632.9647216796875,
    "model.layers.8.self_attn.k_proj": 1685.5643310546875,
    "model.layers.8.self_attn.v_proj": 1750.6181640625,
    "model.layers.8.self_attn.o_proj": 1633.2593994140625,
    "model.layers.8.mlp.gate_proj": 1622.9334716796875,
    "model.layers.8.mlp.up_proj": 1657.0384521484375,
    "model.layers.8.mlp.down_proj": 1609.107666015625,
    "model.layers.9.self_attn.q_proj": 1653.2994384765625,
    "model.layers.9.self_attn.k_proj": 1683.8358154296875,
    "model.layers.9.self_attn.v_proj": 1647.5562744140625,
    "model.layers.9.self_attn.o_proj": 1648.0418701171875,
    "model.layers.9.mlp.gate_proj": 1610.6556396484375,
    "model.layers.9.mlp.up_proj": 1585.0777587890625,
    "model.layers.9.mlp.down_proj": 1608.8485107421875,
    "model.layers.10.self_attn.q_proj": 1644.8858642578125,
    "model.layers.10.self_attn.k_proj": 1630.5399169921875,
    "model.layers.10.self_attn.v_proj": 1642.72802734375,
    "model.layers.10.self_attn.o_proj": 1641.2767333984375,
    "model.layers.10.mlp.gate_proj": 1656.5390625,
    "model.layers.10.mlp.up_proj": 1647.9642333984375,
    "model.layers.10.mlp.down_proj": 1623.2410888671875,
    "model.layers.11.self_attn.q_proj": 1619.814208984375,
    "model.layers.11.self_attn.k_proj": 1670.158935546875,
    "model.layers.11.self_attn.v_proj": 1662.7569580078125,
    "model.layers.11.self_attn.o_proj": 1593.094482421875,
    "model.layers.11.mlp.gate_proj": 1618.3919677734375,
    "model.layers.11.mlp.up_proj": 1629.609375,
    "model.layers.11.mlp.down_proj": 1613.698974609375,
    "model.layers.12.self_attn.q_proj": 1611.1845703125,
    "model.layers.12.self_attn.k_proj": 1682.8685302734375,
    "model.layers.12.self_attn.v_proj": 1726.3338623046875,
    "model.layers.12.self_attn.o_proj": 1601.9298095703125,
    "model.layers.12.mlp.gate_proj": 1655.4180908203125,
    "model.layers.12.mlp.up_proj": 1723.1622314453125,
    "model.layers.12.mlp.down_proj": 1600.062744140625,
    "model.layers.13.self_attn.q_proj": 1609.9544677734375,
    "model.layers.13.self_attn.k_proj": 1696.3819580078125,
    "model.layers.13.self_attn.v_proj": 1729.1282958984375,
    "model.layers.13.self_attn.o_proj": 1586.5411376953125,
    "model.layers.13.mlp.gate_proj": 1631.924560546875,
    "model.layers.13.mlp.up_proj": 1670.7183837890625,
    "model.layers.13.mlp.down_proj": 1671.20947265625,
    "model.layers.14.self_attn.q_proj": 1654.90185546875,
    "model.layers.14.self_attn.k_proj": 1630.0655517578125,
    "model.layers.14.self_attn.v_proj": 1745.3590087890625,
    "model.layers.14.self_attn.o_proj": 1575.21533203125,
    "model.layers.14.mlp.gate_proj": 1646.316162109375,
    "model.layers.14.mlp.up_proj": 1630.195556640625,
    "model.layers.14.mlp.down_proj": 1634.55126953125,
    "model.layers.15.self_attn.q_proj": 1643.4224853515625,
    "model.layers.15.self_attn.k_proj": 1654.9591064453125,
    "model.layers.15.self_attn.v_proj": 1746.923095703125,
    "model.layers.15.self_attn.o_proj": 1628.358642578125,
    "model.layers.15.mlp.gate_proj": 1658.3775634765625,
    "model.layers.15.mlp.up_proj": 1641.5723876953125,
    "model.layers.15.mlp.down_proj": 1628.6474609375,
    "model.layers.16.self_attn.q_proj": 1636.452880859375,
    "model.layers.16.self_attn.k_proj": 1743.0509033203125,
    "model.layers.16.self_attn.v_proj": 1677.435791015625,
    "model.layers.16.self_attn.o_proj": 1606.2703857421875,
    "model.layers.16.mlp.gate_proj": 1623.3839111328125,
    "model.layers.16.mlp.up_proj": 1649.616943359375,
    "model.layers.16.mlp.down_proj": 1659.8406982421875,
    "model.layers.17.self_attn.q_proj": 1614.1729736328125,
    "model.layers.17.self_attn.k_proj": 1678.5509033203125,
    "model.layers.17.self_attn.v_proj": 1738.2469482421875,
    "model.layers.17.self_attn.o_proj": 1579.775634765625,
    "model.layers.17.mlp.gate_proj": 1614.135498046875,
    "model.layers.17.mlp.up_proj": 1647.8211669921875,
    "model.layers.17.mlp.down_proj": 1578.841064453125,
    "model.layers.18.self_attn.q_proj": 1598.9462890625,
    "model.layers.18.self_attn.k_proj": 1703.4713134765625,
    "model.layers.18.self_attn.v_proj": 1649.3048095703125,
    "model.layers.18.self_attn.o_proj": 1620.4974365234375,
    "model.layers.18.mlp.gate_proj": 1604.359130859375,
    "model.layers.18.mlp.up_proj": 1617.38916015625,
    "model.layers.18.mlp.down_proj": 1588.6527099609375,
    "model.layers.19.self_attn.q_proj": 1621.293701171875,
    "model.layers.19.self_attn.k_proj": 1705.273193359375,
    "model.layers.19.self_attn.v_proj": 1668.9150390625,
    "model.layers.19.self_attn.o_proj": 1619.14306640625,
    "model.layers.19.mlp.gate_proj": 1599.8511962890625,
    "model.layers.19.mlp.up_proj": 1669.62939453125,
    "model.layers.19.mlp.down_proj": 1644.447265625,