{
    "model.layers.0.self_attn.q_proj": 1635.4481201171875,
    "model.layers.0.self_attn.k_proj": 1635.4481201171875,
    "model.layers.0.self_attn.v_proj": 1635.4481201171875,
    "model.layers.0.self_attn.o_proj": 1635.301513671875,
    "model.layers.0.mlp.gate_proj": 1635.4669189453125,
    "model.layers.0.mlp.up_proj": 1635.5115966796875,
    "model.layers.0.mlp.down_proj": 1637.729736328125,
    "model.layers.1.self_attn.q_proj": 1635.23974609375,
    "model.layers.1.self_attn.k_proj": 1635.1907958984375,
    "model.layers.1.self_attn.v_proj": 1633.6842041015625,
    "model.layers.1.self_attn.o_proj": 1639.9217529296875,
    "model.layers.1.mlp.gate_proj": 1639.2086181640625,
    "model.layers.1.mlp.up_proj": 1621.0240478515625,
    "model.layers.1.mlp.down_proj": 1653.4326171875,
    "model.layers.2.self_attn.q_proj": 1632.2879638671875,
    "model.layers.2.self_attn.k_proj": 1631.968994140625,
    "model.layers.2.self_attn.v_proj": 1676.0836181640625,
    "model.layers.2.self_attn.o_proj": 1645.1885986328125,
    "model.layers.2.mlp.gate_proj": 1633.424072265625,
    "model.layers.2.mlp.up_proj": 1641.614990234375,
    "model.layers.2.mlp.down_proj": 1632.427001953125,
    "model.layers.3.self_attn.q_proj": 1610.399658203125,
    "model.layers.3.self_attn.k_proj": 1643.4583740234375,
    "model.layers.3.self_attn.v_proj": 1618.4617919921875,
    "model.layers.3.self_attn.o_proj": 1650.9241943359375,
    "model.layers.3.mlp.gate_proj": 1629.86376953125,
    "model.layers.3.mlp.up_proj": 1672.3206787109375,
    "model.layers.3.mlp.down_proj": 1588.599609375,
    "model.layers.4.self_attn.q_proj": 1637.0897216796875,
    "model.layers.4.self_attn.k_proj": 1650.5472412109375,
    "model.layers.4.self_attn.v_proj": 1658.877685546875,
    "model.layers.4.self_attn.o_proj": 1604.3065185546875,
    "model.layers.4.mlp.gate_proj": 1669.1002197265625,
    "model.layers.4.mlp.up_proj": 1613.6824951171875,
    "model.layers.4.mlp.down_proj": 1610.418212890625,
    "model.layers.5.self_attn.q_proj": 1617.15185546875,
    "model.layers.5.self_attn.k_proj": 1647.14990234375,
    "model.layers.5.self_attn.v_proj": 1690.8111572265625,
    "model.layers.5.self_attn.o_proj": 1631.1842041015625,
    "model.layers.5.mlp.gate_proj": 1658.6063232421875,
    "model.layers.5.mlp.up_proj": 1601.1590576171875,
    "model.layers.5.mlp.down_proj": 1639.5799560546875,
    "model.layers.6.self_attn.q_proj": 1627.4405517578125,
    "model.layers.6.self_attn.k_proj": 1636.61328125,
    "model.layers.6.self_attn.v_proj": 1631.0435791015625,
    "model.layers.6.self_attn.o_proj": 1636.949951171875,
    "model.layers.6.mlp.gate_proj": 1629.055419921875,
    "model.layers.6.mlp.up_proj": 1639.341064453125,
    "model.layers.6.mlp.down_proj": 1617.239013671875,
    "model.layers.7.self_attn.q_proj": 1631.4775390625,
    "model.layers.7.self_attn.k_proj": 1649.953369140625,
    "model.layers.7.self_attn.v_proj": 1698.615478515625,
    "model.layers.7.self_attn.o_proj": 1627.882080078125,
    "model.layers.7.mlp.gate_proj": 1656.8980712890625,
    "model.layers.7.mlp.up_proj": 1655.36962890625,
    "model.layers.7.mlp.down_proj": 1603.4859619140625,
    "model.layers.8.self_attn.q_proj": 1643.174560546875,
    "model.layers.8.self_attn.k_proj": 1679.902587890625,
    "model.layers.8.self_attn.v_proj": 1676.354736328125,
    "model.layers.8.self_attn.o_proj": 1621.1427001953125,
    "model.layers.8.mlp.gate_proj": 1632.283447265625,
    "model.layers.8.mlp.up_proj": 1656.4083251953125,
    "model.layers.8.mlp.down_proj": 1620.8818359375,
    "model.layers.9.self_attn.q_proj": 1647.9556884765625,
    "model.layers.9.self_attn.k_proj": 1672.86962890625,
    "model.layers.9.self_attn.v_proj": 1627.781005859375,
    "model.layers.9.self_attn.o_proj": 1633.927490234375,
    "model.layers.9.mlp.gate_proj": 1610.927978515625,
    "model.layers.9.mlp.up_proj": 1621.7239990234375,
    "model.layers.9.mlp.down_proj": 1640.5032958984375,
    "model.layers.10.self_attn.q_proj": 1670.4063720703125,
    "model.layers.10.self_attn.k_proj": 1656.8760986328125,
    "model.layers.10.self_attn.v_proj": 1668.3470458984375,
    "model.layers.10.self_attn.o_proj": 1641.8558349609375,
    "model.layers.10.mlp.gate_proj": 1650.6978759765625,
    "model.layers.10.mlp.up_proj": 1655.576416015625,
    "model.layers.10.mlp.down_proj": 1648.9609375,
    "model.layers.11.self_attn.q_proj": 1605.281494140625,
    "model.layers.11.self_attn.k_proj": 1623.6259765625,
    "model.layers.11.self_attn.v_proj": 1643.435791015625,
    "model.layers.11.self_attn.o_proj": 1620.71337890625,
    "model.layers.11.mlp.gate_proj": 1641.6844482421875,
    "model.layers.11.mlp.up_proj": 1646.271240234375,
    "model.layers.11.mlp.down_proj": 1638.2412109375,
    "model.layers.12.self_attn.q_proj": 1621.210205078125,
    "model.layers.12.self_attn.k_proj": 1640.8564453125,
    "model.layers.12.self_attn.v_proj": 1705.6165771484375,
    "model.layers.12.self_attn.o_proj": 1612.4239501953125,
    "model.layers.12.mlp.gate_proj": 1672.857421875,
    "model.layers.12.mlp.up_proj": 1683.1815185546875,
    "model.layers.12.mlp.down_proj": 1614.8953857421875,
    "model.layers.13.self_attn.q_proj": 1640.39501953125,
    "model.layers.13.self_attn.k_proj": 1649.0408935546875,
    "model.layers.13.self_attn.v_proj": 1718.778564453125,
    "model.layers.13.self_attn.o_proj": 1621.8497314453125,
    "model.layers.13.mlp.gate_proj": 1640.8150634765625,
    "model.layers.13.mlp.up_proj": 1660.5584716796875,
    "model.layers.13.mlp.down_proj": 1647.7630615234375,
    "model.layers.14.self_attn.q_proj": 1649.7293701171875,
    "model.layers.14.self_attn.k_proj": 1619.4227294921875,
    "model.layers.14.self_attn.v_proj": 1686.3526611328125,
    "model.layers.14.self_attn.o_proj": 1612.9588623046875,
    "model.layers.14.mlp.gate_proj": 1648.0511474609375,
    "model.layers.14.mlp.up_proj": 1642.6920166015625,
    "model.layers.14.mlp.down_proj": 1638.1324462890625,
    "model.layers.15.self_attn.q_proj": 1636.3560791015625,
    "model.layers.15.self_attn.k_proj": 1664.2496337890625,
    "model.layers.15.self_attn.v_proj": 1705.4102783203125,
    "model.layers.15.self_attn.o_proj": 1622.2388916015625,
    "model.layers.15.mlp.gate_proj": 1643.32373046875,
    "model.layers.15.mlp.up_proj": 1637.969970703125,
    "model.layers.15.mlp.down_proj": 1618.5003662109375,
    "model.layers.16.self_attn.q_proj": 1634.1837158203125,
    "model.layers.16.self_attn.k_proj": 1677.4066162109375,
    "model.layers.16.self_attn.v_proj": 1638.86669921875,
    "model.layers.16.self_attn.o_proj": 1609.782470703125,
    "model.layers.16.mlp.gate_proj": 1618.2325439453125,
    "model.layers.16.mlp.up_proj": 1640.431396484375,
    "model.layers.16.mlp.down_proj": 1635.46435546875,
    "model.layers.17.self_attn.q_proj": 1630.44140625,
    "model.layers.17.self_attn.k_proj": 1638.32470703125,
    "model.layers.17.self_attn.v_proj": 1678.087890625,
    "model.layers.17.self_attn.o_proj": 1608.4696044921875,
    "model.layers.17.mlp.gate_proj": 1616.5423583984375,
    "model.layers.17.mlp.up_proj": 1629.0689697265625,
    "model.layers.17.mlp.down_proj": 1613.3294677734375,
    "model.layers.18.self_attn.q_proj": 1629.882568359375,
    "model.layers.18.self_attn.k_proj": 1702.1453857421875,
    "model.layers.18.self_attn.v_proj": 1633.0596923828125,
    "model.layers.18.self_attn.o_proj": 1641.1978759765625,
    "model.layers.18.mlp.gate_proj": 1628.8583984375,
    "model.layers.18.mlp.up_proj": 1618.2574462890625,
    "model.layers.18.mlp.down_proj": 1610.1405029296875,
    "model.layers.19.self_attn.q_proj": 1629.1558837890625,
    "model.layers.19.self_attn.k_proj": 1691.798583984375,
    "model.layers.19.self_attn.v_proj": 1646.3377685546875,
    "model.layers.19.self_attn.o_proj": 1638.080322265625,
    "model.layers.19.mlp.gate_proj": 1614.0572509765625,
    "model.layers.19.mlp.up_proj": 1668.4989013671875,