{
    "model.layers.0.self_attn.q_proj": 1636.2423095703125,
    "model.layers.0.self_attn.k_proj": 1636.2423095703125,
    "model.layers.0.self_attn.v_proj": 1636.2423095703125,
    "model.layers.0.self_attn.o_proj": 1636.1849365234375,
    "model.layers.0.mlp.gate_proj": 1636.27880859375,
    "model.layers.0.mlp.up_proj": 1636.234619140625,
    "model.layers.0.mlp.down_proj": 1638.2484130859375,
    "model.layers.1.self_attn.q_proj": 1636.09912109375,
    "model.layers.1.self_attn.k_proj": 1636.33154296875,
    "model.layers.1.self_attn.v_proj": 1634.5386962890625,
    "model.layers.1.self_attn.o_proj": 1639.796630859375,
    "model.layers.1.mlp.gate_proj": 1638.541259765625,
    "model.layers.1.mlp.up_proj": 1624.3795166015625,
    "model.layers.1.mlp.down_proj": 1652.9739990234375,
    "model.layers.2.self_attn.q_proj": 1633.26171875,
    "model.layers.2.self_attn.k_proj": 1638.2371826171875,
    "model.layers.2.self_attn.v_proj": 1676.2388916015625,
    "model.layers.2.self_attn.o_proj": 1642.2930908203125,
    "model.layers.2.mlp.gate_proj": 1633.1590576171875,
    "model.layers.2.mlp.up_proj": 1641.3326416015625,
    "model.layers.2.mlp.down_proj": 1624.2454833984375,
    "model.layers.3.self_attn.q_proj": 1619.554931640625,
    "model.layers.3.self_attn.k_proj": 1641.0372314453125,
    "model.layers.3.self_attn.v_proj": 1626.6861572265625,
    "model.layers.3.self_attn.o_proj": 1653.1756591796875,
    "model.layers.3.mlp.gate_proj": 1636.1966552734375,
    "model.layers.3.mlp.up_proj": 1649.9599609375,
    "model.layers.3.mlp.down_proj": 1603.884521484375,
    "model.layers.4.self_attn.q_proj": 1633.31396484375,
    "model.layers.4.self_attn.k_proj": 1644.2452392578125,
    "model.layers.4.self_attn.v_proj": 1656.7249755859375,
    "model.layers.4.self_attn.o_proj": 1626.855224609375,
    "model.layers.4.mlp.gate_proj": 1648.2877197265625,
    "model.layers.4.mlp.up_proj": 1616.7115478515625,
    "model.layers.4.mlp.down_proj": 1618.0631103515625,
    "model.layers.5.self_attn.q_proj": 1619.2318115234375,
    "model.layers.5.self_attn.k_proj": 1625.9437255859375,
    "model.layers.5.self_attn.v_proj": 1685.3077392578125,
    "model.layers.5.self_attn.o_proj": 1633.8829345703125,
    "model.layers.5.mlp.gate_proj": 1647.347412109375,
    "model.layers.5.mlp.up_proj": 1619.2520751953125,
    "model.layers.5.mlp.down_proj": 1640.6680908203125,
    "model.layers.6.self_attn.q_proj": 1632.8575439453125,
    "model.layers.6.self_attn.k_proj": 1650.3896484375,
    "model.layers.6.self_attn.v_proj": 1649.6156005859375,
    "model.layers.6.self_attn.o_proj": 1649.2413330078125,
    "model.layers.6.mlp.gate_proj": 1629.7838134765625,
    "model.layers.6.mlp.up_proj": 1628.9202880859375,
    "model.layers.6.mlp.down_proj": 1615.0703125,
    "model.layers.7.self_attn.q_proj": 1633.0775146484375,
    "model.layers.7.self_attn.k_proj": 1656.2359619140625,
    "model.layers.7.self_attn.v_proj": 1667.6654052734375,
    "model.layers.7.self_attn.o_proj": 1631.9237060546875,
    "model.layers.7.mlp.gate_proj": 1652.285400390625,
    "model.layers.7.mlp.up_proj": 1644.5147705078125,
    "model.layers.7.mlp.down_proj": 1626.142822265625,
    "model.layers.8.self_attn.q_proj": 1649.7955322265625,
    "model.layers.8.self_attn.k_proj": 1665.9119873046875,
    "model.layers.8.self_attn.v_proj": 1662.7657470703125,
    "model.layers.8.self_attn.o_proj": 1627.1904296875,
    "model.layers.8.mlp.gate_proj": 1613.90283203125,
    "model.layers.8.mlp.up_proj": 1653.9267578125,
    "model.layers.8.mlp.down_proj": 1623.2498779296875,
    "model.layers.9.self_attn.q_proj": 1667.8154296875,
    "model.layers.9.self_attn.k_proj": 1664.98095703125,
    "model.layers.9.self_attn.v_proj": 1616.44091796875,
    "model.layers.9.self_attn.o_proj": 1631.4075927734375,
    "model.layers.9.mlp.gate_proj": 1617.435302734375,
    "model.layers.9.mlp.up_proj": 1623.7359619140625,
    "model.layers.9.mlp.down_proj": 1635.934326171875,
    "model.layers.10.self_attn.q_proj": 1658.1546630859375,
    "model.layers.10.self_attn.k_proj": 1646.37744140625,
    "model.layers.10.self_attn.v_proj": 1671.5240478515625,
    "model.layers.10.self_attn.o_proj": 1649.615234375,
    "model.layers.10.mlp.gate_proj": 1648.805419921875,
    "model.layers.10.mlp.up_proj": 1647.4954833984375,
    "model.layers.10.mlp.down_proj": 1652.2042236328125,
    "model.layers.11.self_attn.q_proj": 1618.4307861328125,
    "model.layers.11.self_attn.k_proj": 1631.170166015625,
    "model.layers.11.self_attn.v_proj": 1654.458740234375,
    "model.layers.11.self_attn.o_proj": 1624.98876953125,
    "model.layers.11.mlp.gate_proj": 1645.9188232421875,
    "model.layers.11.mlp.up_proj": 1632.5233154296875,
    "model.layers.11.mlp.down_proj": 1650.6512451171875,
    "model.layers.12.self_attn.q_proj": 1624.069580078125,
    "model.layers.12.self_attn.k_proj": 1643.6533203125,
    "model.layers.12.self_attn.v_proj": 1689.62158203125,
    "model.layers.12.self_attn.o_proj": 1623.2208251953125,
    "model.layers.12.mlp.gate_proj": 1658.021240234375,
    "model.layers.12.mlp.up_proj": 1668.1676025390625,
    "model.layers.12.mlp.down_proj": 1615.514404296875,
    "model.layers.13.self_attn.q_proj": 1633.947998046875,
    "model.layers.13.self_attn.k_proj": 1645.3331298828125,
    "model.layers.13.self_attn.v_proj": 1698.552978515625,
    "model.layers.13.self_attn.o_proj": 1632.53466796875,
    "model.layers.13.mlp.gate_proj": 1649.2215576171875,
    "model.layers.13.mlp.up_proj": 1662.33251953125,
    "model.layers.13.mlp.down_proj": 1647.545654296875,
    "model.layers.14.self_attn.q_proj": 1656.9017333984375,
    "model.layers.14.self_attn.k_proj": 1614.1767578125,
    "model.layers.14.self_attn.v_proj": 1660.696533203125,
    "model.layers.14.self_attn.o_proj": 1627.888427734375,
    "model.layers.14.mlp.gate_proj": 1649.1761474609375,
    "model.layers.14.mlp.up_proj": 1642.68603515625,
    "model.layers.14.mlp.down_proj": 1645.562255859375,
    "model.layers.15.self_attn.q_proj": 1640.58447265625,
    "model.layers.15.self_attn.k_proj": 1663.4906005859375,
    "model.layers.15.self_attn.v_proj": 1674.517333984375,
    "model.layers.15.self_attn.o_proj": 1638.3741455078125,
    "model.layers.15.mlp.gate_proj": 1642.1982421875,
    "model.layers.15.mlp.up_proj": 1640.074951171875,
    "model.layers.15.mlp.down_proj": 1615.6949462890625,
    "model.layers.16.self_attn.q_proj": 1641.1646728515625,
    "model.layers.16.self_attn.k_proj": 1663.8516845703125,
    "model.layers.16.self_attn.v_proj": 1644.7425537109375,
    "model.layers.16.self_attn.o_proj": 1617.36181640625,
    "model.layers.16.mlp.gate_proj": 1626.7802734375,
    "model.layers.16.mlp.up_proj": 1630.7431640625,
    "model.layers.16.mlp.down_proj": 1640.3040771484375,
    "model.layers.17.self_attn.q_proj": 1634.3199462890625,
    "model.layers.17.self_attn.k_proj": 1636.7467041015625,
    "model.layers.17.self_attn.v_proj": 1664.6343994140625,
    "model.layers.17.self_attn.o_proj": 1617.4871826171875,
    "model.layers.17.mlp.gate_proj": 1617.840576171875,
    "model.layers.17.mlp.up_proj": 1635.98974609375,
    "model.layers.17.mlp.down_proj": 1619.7861328125,
    "model.layers.18.self_attn.q_proj": 1634.4530029296875,
    "model.layers.18.self_attn.k_proj": 1695.140625,
    "model.layers.18.self_attn.v_proj": 1638.075439453125,
    "model.layers.18.self_attn.o_proj": 1643.2940673828125,
    "model.layers.18.mlp.gate_proj": 1642.9901123046875,
    "model.layers.18.mlp.up_proj": 1637.965087890625,
    "model.layers.18.mlp.down_proj": 1619.0118408203125,
    "model.layers.19.self_attn.q_proj": 1637.9122314453125,
    "model.layers.19.self_attn.k_proj": 1685.6011962890625,
    "model.layers.19.self_attn.v_proj": 1646.37939453125,
    "model.layers.19.self_attn.o_proj": 1640.7745361328125,
    "model.layers.19.mlp.gate_proj": 1617.6239013671875,
    "model.layers.19.mlp.up_proj": 1652.8487548828125,
    "model.layers.19.mlp.down_proj": 1636.3431396484375,