{
    "model.layers.0.self_attn.q_proj": 1214.5777587890625,
    "model.layers.0.self_attn.k_proj": 1214.5777587890625,
    "model.layers.0.self_attn.v_proj": 1214.5777587890625,
    "model.layers.0.self_attn.o_proj": 1214.03125,
    "model.layers.0.mlp.gate_proj": 1214.5321044921875,
    "model.layers.0.mlp.up_proj": 1214.8677978515625,
    "model.layers.0.mlp.down_proj": 1218.55712890625,
    "model.layers.1.self_attn.q_proj": 1214.5765380859375,
    "model.layers.1.self_attn.k_proj": 1214.342041015625,
    "model.layers.1.self_attn.v_proj": 1209.5333251953125,
    "model.layers.1.self_attn.o_proj": 1227.4815673828125,
    "model.layers.1.mlp.gate_proj": 1213.2545166015625,
    "model.layers.1.mlp.up_proj": 1210.1553955078125,
    "model.layers.1.mlp.down_proj": 1191.186767578125,
    "model.layers.2.self_attn.q_proj": 1208.409423828125,
    "model.layers.2.self_attn.k_proj": 1219.582763671875,
    "model.layers.2.self_attn.v_proj": 1399.419189453125,
    "model.layers.2.self_attn.o_proj": 1208.5413818359375,
    "model.layers.2.mlp.gate_proj": 1199.2017822265625,
    "model.layers.2.mlp.up_proj": 1210.04052734375,
    "model.layers.2.mlp.down_proj": 1170.7222900390625,
    "model.layers.3.self_attn.q_proj": 1224.6236572265625,
    "model.layers.3.self_attn.k_proj": 1161.3695068359375,
    "model.layers.3.self_attn.v_proj": 1296.9656982421875,
    "model.layers.3.self_attn.o_proj": 1225.7861328125,
    "model.layers.3.mlp.gate_proj": 1220.534423828125,
    "model.layers.3.mlp.up_proj": 1169.21533203125,
    "model.layers.3.mlp.down_proj": 1259.9334716796875,
    "model.layers.4.self_attn.q_proj": 1216.5810546875,
    "model.layers.4.self_attn.k_proj": 1172.486328125,
    "model.layers.4.self_attn.v_proj": 1350.4776611328125,
    "model.layers.4.self_attn.o_proj": 1167.9996337890625,
    "model.layers.4.mlp.gate_proj": 1204.98828125,
    "model.layers.4.mlp.up_proj": 1229.997314453125,
    "model.layers.4.mlp.down_proj": 1230.7916259765625,
    "model.layers.5.self_attn.q_proj": 1211.9056396484375,
    "model.layers.5.self_attn.k_proj": 1265.4644775390625,
    "model.layers.5.self_attn.v_proj": 1302.3148193359375,
    "model.layers.5.self_attn.o_proj": 1187.9627685546875,
    "model.layers.5.mlp.gate_proj": 1230.06103515625,
    "model.layers.5.mlp.up_proj": 1230.6246337890625,
    "model.layers.5.mlp.down_proj": 1202.7774658203125,
    "model.layers.6.self_attn.q_proj": 1176.046875,
    "model.layers.6.self_attn.k_proj": 1213.3724365234375,
    "model.layers.6.self_attn.v_proj": 1380.8822021484375,
    "model.layers.6.self_attn.o_proj": 1231.15185546875,
    "model.layers.6.mlp.gate_proj": 1235.4971923828125,
    "model.layers.6.mlp.up_proj": 1266.400634765625,
    "model.layers.6.mlp.down_proj": 1195.9674072265625,
    "model.layers.7.self_attn.q_proj": 1159.9510498046875,
    "model.layers.7.self_attn.k_proj": 1276.5140380859375,
    "model.layers.7.self_attn.v_proj": 1435.2298583984375,
    "model.layers.7.self_attn.o_proj": 1158.1444091796875,
    "model.layers.7.mlp.gate_proj": 1195.703369140625,
    "model.layers.7.mlp.up_proj": 1207.610595703125,
    "model.layers.7.mlp.down_proj": 1212.52587890625,
    "model.layers.8.self_attn.q_proj": 1201.33154296875,
    "model.layers.8.self_attn.k_proj": 1381.9696044921875,
    "model.layers.8.self_attn.v_proj": 1369.7037353515625,
    "model.layers.8.self_attn.o_proj": 1212.5108642578125,
    "model.layers.8.mlp.gate_proj": 1213.0113525390625,
    "model.layers.8.mlp.up_proj": 1223.9871826171875,
    "model.layers.8.mlp.down_proj": 1187.638671875,
    "model.layers.9.self_attn.q_proj": 1224.866943359375,
    "model.layers.9.self_attn.k_proj": 1284.7738037109375,
    "model.layers.9.self_attn.v_proj": 1374.86279296875,
    "model.layers.9.self_attn.o_proj": 1196.163330078125,
    "model.layers.9.mlp.gate_proj": 1187.86376953125,
    "model.layers.9.mlp.up_proj": 1235.1727294921875,
    "model.layers.9.mlp.down_proj": 1222.7379150390625,
    "model.layers.10.self_attn.q_proj": 1247.224365234375,
    "model.layers.10.self_attn.k_proj": 1397.30419921875,
    "model.layers.10.self_attn.v_proj": 1258.469970703125,
    "model.layers.10.self_attn.o_proj": 1176.177734375,
    "model.layers.10.mlp.gate_proj": 1219.02685546875,
    "model.layers.10.mlp.up_proj": 1233.9678955078125,
    "model.layers.10.mlp.down_proj": 1247.9599609375,
    "model.layers.11.self_attn.q_proj": 1234.9647216796875,
    "model.layers.11.self_attn.k_proj": 1312.6568603515625,
    "model.layers.11.self_attn.v_proj": 1347.21923828125,
    "model.layers.11.self_attn.o_proj": 1190.033935546875,
    "model.layers.11.mlp.gate_proj": 1197.791015625,
    "model.layers.11.mlp.up_proj": 1233.47021484375,
    "model.layers.11.mlp.down_proj": 1236.975830078125,
    "model.layers.12.self_attn.q_proj": 1192.6175537109375,
    "model.layers.12.self_attn.k_proj": 1357.2564697265625,
    "model.layers.12.self_attn.v_proj": 1366.3829345703125,
    "model.layers.12.self_attn.o_proj": 1152.8912353515625,
    "model.layers.12.mlp.gate_proj": 1201.33203125,
    "model.layers.12.mlp.up_proj": 1243.0491943359375,
    "model.layers.12.mlp.down_proj": 1235.44189453125,
    "model.layers.13.self_attn.q_proj": 1229.9710693359375,
    "model.layers.13.self_attn.k_proj": 1208.5302734375,
    "model.layers.13.self_attn.v_proj": 1298.6435546875,
    "model.layers.13.self_attn.o_proj": 1183.671875,
    "model.layers.13.mlp.gate_proj": 1192.188720703125,
    "model.layers.13.mlp.up_proj": 1235.5438232421875,
    "model.layers.13.mlp.down_proj": 1207.029296875,
    "model.layers.14.self_attn.q_proj": 1212.64990234375,
    "model.layers.14.self_attn.k_proj": 1232.13623046875,
    "model.layers.14.self_attn.v_proj": 1340.0198974609375,
    "model.layers.14.self_attn.o_proj": 1197.2344970703125,
    "model.layers.14.mlp.gate_proj": 1224.9561767578125,
    "model.layers.14.mlp.up_proj": 1226.675048828125,
    "model.layers.14.mlp.down_proj": 1179.974609375,
    "model.layers.15.self_attn.q_proj": 1196.50341796875,
    "model.layers.15.self_attn.k_proj": 1336.9610595703125,
    "model.layers.15.self_attn.v_proj": 1403.950927734375,
    "model.layers.15.self_attn.o_proj": 1212.700927734375,
    "model.layers.15.mlp.gate_proj": 1228.8004150390625,
    "model.layers.15.mlp.up_proj": 1209.9154052734375,
    "model.layers.15.mlp.down_proj": 1224.486328125,
    "model.layers.16.self_attn.q_proj": 1212.82763671875,
    "model.layers.16.self_attn.k_proj": 1216.4730224609375,
    "model.layers.16.self_attn.v_proj": 1319.1968994140625,
    "model.layers.16.self_attn.o_proj": 1133.640380859375,
    "model.layers.16.mlp.gate_proj": 1226.50048828125,
    "model.layers.16.mlp.up_proj": 1217.1502685546875,
    "model.layers.16.mlp.down_proj": 1207.2789306640625,
    "model.layers.17.self_attn.q_proj": 1200.0684814453125,
    "model.layers.17.self_attn.k_proj": 1260.89306640625,
    "model.layers.17.self_attn.v_proj": 1362.7642822265625,
    "model.layers.17.self_attn.o_proj": 1154.9532470703125,
    "model.layers.17.mlp.gate_proj": 1156.704345703125,
    "model.layers.17.mlp.up_proj": 1229.5201416015625,
    "model.layers.17.mlp.down_proj": 1205.0367431640625,
    "model.layers.18.self_attn.q_proj": 1194.21484375,
    "model.layers.18.self_attn.k_proj": 1406.41845703125,
    "model.layers.18.self_attn.v_proj": 1389.0657958984375,
    "model.layers.18.self_attn.o_proj": 1189.4832763671875,
    "model.layers.18.mlp.gate_proj": 1208.119140625,
    "model.layers.18.mlp.up_proj": 1200.6458740234375,
    "model.layers.18.mlp.down_proj": 1244.4066162109375,
    "model.layers.19.self_attn.q_proj": 1243.049072265625,
    "model.layers.19.self_attn.k_proj": 1235.4053955078125,
    "model.layers.19.self_attn.v_proj": 1304.390625,
    "model.layers.19.self_attn.o_proj": 1191.1907958984375,
    "model.layers.19.mlp.gate_proj": 1278.2974853515625,
    "model.layers.19.mlp.up_proj": 1241.001953125,
    "model.layers.19.mlp.down_proj": 1185.4049072265625,