{
    "model.layers.0.self_attn.q_proj": 1223.7666015625,
    "model.layers.0.self_attn.k_proj": 1223.7666015625,
    "model.layers.0.self_attn.v_proj": 1223.7666015625,
    "model.layers.0.self_attn.o_proj": 1223.3939208984375,
    "model.layers.0.mlp.gate_proj": 1223.6463623046875,
    "model.layers.0.mlp.up_proj": 1224.1551513671875,
    "model.layers.0.mlp.down_proj": 1225.435546875,
    "model.layers.1.self_attn.q_proj": 1223.8560791015625,
    "model.layers.1.self_attn.k_proj": 1223.4957275390625,
    "model.layers.1.self_attn.v_proj": 1220.388427734375,
    "model.layers.1.self_attn.o_proj": 1221.4327392578125,
    "model.layers.1.mlp.gate_proj": 1226.357177734375,
    "model.layers.1.mlp.up_proj": 1223.2030029296875,
    "model.layers.1.mlp.down_proj": 1230.35791015625,
    "model.layers.2.self_attn.q_proj": 1217.1474609375,
    "model.layers.2.self_attn.k_proj": 1229.0941162109375,
    "model.layers.2.self_attn.v_proj": 1296.62060546875,
    "model.layers.2.self_attn.o_proj": 1222.3868408203125,
    "model.layers.2.mlp.gate_proj": 1215.140380859375,
    "model.layers.2.mlp.up_proj": 1215.43798828125,
    "model.layers.2.mlp.down_proj": 1187.185546875,
    "model.layers.3.self_attn.q_proj": 1233.7154541015625,
    "model.layers.3.self_attn.k_proj": 1219.893798828125,
    "model.layers.3.self_attn.v_proj": 1253.6002197265625,
    "model.layers.3.self_attn.o_proj": 1233.293212890625,
    "model.layers.3.mlp.gate_proj": 1222.000244140625,
    "model.layers.3.mlp.up_proj": 1192.403076171875,
    "model.layers.3.mlp.down_proj": 1246.594970703125,
    "model.layers.4.self_attn.q_proj": 1236.469482421875,
    "model.layers.4.self_attn.k_proj": 1192.53564453125,
    "model.layers.4.self_attn.v_proj": 1285.2432861328125,
    "model.layers.4.self_attn.o_proj": 1196.6044921875,
    "model.layers.4.mlp.gate_proj": 1222.99462890625,
    "model.layers.4.mlp.up_proj": 1221.3232421875,
    "model.layers.4.mlp.down_proj": 1245.1484375,
    "model.layers.5.self_attn.q_proj": 1222.3980712890625,
    "model.layers.5.self_attn.k_proj": 1257.7969970703125,
    "model.layers.5.self_attn.v_proj": 1248.2347412109375,
    "model.layers.5.self_attn.o_proj": 1230.334716796875,
    "model.layers.5.mlp.gate_proj": 1239.3399658203125,
    "model.layers.5.mlp.up_proj": 1234.461669921875,
    "model.layers.5.mlp.down_proj": 1207.314208984375,
    "model.layers.6.self_attn.q_proj": 1194.8218994140625,
    "model.layers.6.self_attn.k_proj": 1236.771728515625,
    "model.layers.6.self_attn.v_proj": 1253.4393310546875,
    "model.layers.6.self_attn.o_proj": 1210.5062255859375,
    "model.layers.6.mlp.gate_proj": 1242.7825927734375,
    "model.layers.6.mlp.up_proj": 1245.23486328125,
    "model.layers.6.mlp.down_proj": 1244.4210205078125,
    "model.layers.7.self_attn.q_proj": 1196.6650390625,
    "model.layers.7.self_attn.k_proj": 1269.3299560546875,
    "model.layers.7.self_attn.v_proj": 1323.7510986328125,
    "model.layers.7.self_attn.o_proj": 1193.049072265625,
    "model.layers.7.mlp.gate_proj": 1235.070068359375,
    "model.layers.7.mlp.up_proj": 1186.9837646484375,
    "model.layers.7.mlp.down_proj": 1205.8603515625,
    "model.layers.8.self_attn.q_proj": 1200.6522216796875,
    "model.layers.8.self_attn.k_proj": 1287.804931640625,
    "model.layers.8.self_attn.v_proj": 1319.19677734375,
    "model.layers.8.self_attn.o_proj": 1220.9580078125,
    "model.layers.8.mlp.gate_proj": 1228.470703125,
    "model.layers.8.mlp.up_proj": 1232.071044921875,
    "model.layers.8.mlp.down_proj": 1215.1571044921875,
    "model.layers.9.self_attn.q_proj": 1235.668701171875,
    "model.layers.9.self_attn.k_proj": 1250.60400390625,
    "model.layers.9.self_attn.v_proj": 1301.572021484375,
    "model.layers.9.self_attn.o_proj": 1204.94140625,
    "model.layers.9.mlp.gate_proj": 1204.5843505859375,
    "model.layers.9.mlp.up_proj": 1235.6304931640625,
    "model.layers.9.mlp.down_proj": 1194.37939453125,
    "model.layers.10.self_attn.q_proj": 1227.2457275390625,
    "model.layers.10.self_attn.k_proj": 1290.8399658203125,
    "model.layers.10.self_attn.v_proj": 1210.68603515625,
    "model.layers.10.self_attn.o_proj": 1214.9337158203125,
    "model.layers.10.mlp.gate_proj": 1218.679931640625,
    "model.layers.10.mlp.up_proj": 1240.1331787109375,
    "model.layers.10.mlp.down_proj": 1217.014892578125,
    "model.layers.11.self_attn.q_proj": 1245.9344482421875,
    "model.layers.11.self_attn.k_proj": 1273.0745849609375,
    "model.layers.11.self_attn.v_proj": 1272.65380859375,
    "model.layers.11.self_attn.o_proj": 1220.3267822265625,
    "model.layers.11.mlp.gate_proj": 1218.9365234375,
    "model.layers.11.mlp.up_proj": 1247.6947021484375,
    "model.layers.11.mlp.down_proj": 1247.724853515625,
    "model.layers.12.self_attn.q_proj": 1214.11328125,
    "model.layers.12.self_attn.k_proj": 1287.9876708984375,
    "model.layers.12.self_attn.v_proj": 1311.4495849609375,
    "model.layers.12.self_attn.o_proj": 1184.864013671875,
    "model.layers.12.mlp.gate_proj": 1233.658447265625,
    "model.layers.12.mlp.up_proj": 1233.24658203125,
    "model.layers.12.mlp.down_proj": 1236.1385498046875,
    "model.layers.13.self_attn.q_proj": 1243.4573974609375,
    "model.layers.13.self_attn.k_proj": 1217.04833984375,
    "model.layers.13.self_attn.v_proj": 1253.4234619140625,
    "model.layers.13.self_attn.o_proj": 1229.014892578125,
    "model.layers.13.mlp.gate_proj": 1203.9742431640625,
    "model.layers.13.mlp.up_proj": 1229.8143310546875,
    "model.layers.13.mlp.down_proj": 1248.33837890625,
    "model.layers.14.self_attn.q_proj": 1218.933837890625,
    "model.layers.14.self_attn.k_proj": 1223.790771484375,
    "model.layers.14.self_attn.v_proj": 1267.068115234375,
    "model.layers.14.self_attn.o_proj": 1220.289306640625,
    "model.layers.14.mlp.gate_proj": 1228.7288818359375,
    "model.layers.14.mlp.up_proj": 1241.794189453125,
    "model.layers.14.mlp.down_proj": 1212.4456787109375,
    "model.layers.15.self_attn.q_proj": 1221.840087890625,
    "model.layers.15.self_attn.k_proj": 1295.9749755859375,
    "model.layers.15.self_attn.v_proj": 1312.1688232421875,
    "model.layers.15.self_attn.o_proj": 1218.9486083984375,
    "model.layers.15.mlp.gate_proj": 1246.2987060546875,
    "model.layers.15.mlp.up_proj": 1212.0474853515625,
    "model.layers.15.mlp.down_proj": 1211.0206298828125,
    "model.layers.16.self_attn.q_proj": 1214.0858154296875,
    "model.layers.16.self_attn.k_proj": 1221.9635009765625,
    "model.layers.16.self_attn.v_proj": 1269.7828369140625,
    "model.layers.16.self_attn.o_proj": 1190.1314697265625,
    "model.layers.16.mlp.gate_proj": 1233.02783203125,
    "model.layers.16.mlp.up_proj": 1219.4384765625,
    "model.layers.16.mlp.down_proj": 1207.656494140625,
    "model.layers.17.self_attn.q_proj": 1221.1798095703125,
    "model.layers.17.self_attn.k_proj": 1234.171875,
    "model.layers.17.self_attn.v_proj": 1260.1265869140625,
    "model.layers.17.self_attn.o_proj": 1194.373291015625,
    "model.layers.17.mlp.gate_proj": 1202.356201171875,
    "model.layers.17.mlp.up_proj": 1233.1568603515625,
    "model.layers.17.mlp.down_proj": 1228.685302734375,
    "model.layers.18.self_attn.q_proj": 1218.0687255859375,
    "model.layers.18.self_attn.k_proj": 1323.62646484375,
    "model.layers.18.self_attn.v_proj": 1296.0347900390625,
    "model.layers.18.self_attn.o_proj": 1212.480712890625,
    "model.layers.18.mlp.gate_proj": 1223.489013671875,
    "model.layers.18.mlp.up_proj": 1204.4295654296875,
    "model.layers.18.mlp.down_proj": 1253.765625,
    "model.layers.19.self_attn.q_proj": 1238.5062255859375,
    "model.layers.19.self_attn.k_proj": 1231.3890380859375,
    "model.layers.19.self_attn.v_proj": 1261.983642578125,
    "model.layers.19.self_attn.o_proj": 1213.88037109375,
    "model.layers.19.mlp.gate_proj": 1251.23486328125,
    "model.layers.19.mlp.up_proj": 1240.328125,
    "model.layers.19.mlp.down_proj": 1208.232177734375,