{
    "model.layers.0.self_attn.q_proj": 1222.6402587890625,
    "model.layers.0.self_attn.k_proj": 1222.6402587890625,
    "model.layers.0.self_attn.v_proj": 1222.6402587890625,
    "model.layers.0.self_attn.o_proj": 1222.28857421875,
    "model.layers.0.mlp.gate_proj": 1222.523193359375,
    "model.layers.0.mlp.up_proj": 1223.0465087890625,
    "model.layers.0.mlp.down_proj": 1224.052490234375,
    "model.layers.1.self_attn.q_proj": 1222.68408203125,
    "model.layers.1.self_attn.k_proj": 1222.462890625,
    "model.layers.1.self_attn.v_proj": 1218.827880859375,
    "model.layers.1.self_attn.o_proj": 1219.9534912109375,
    "model.layers.1.mlp.gate_proj": 1225.9503173828125,
    "model.layers.1.mlp.up_proj": 1222.3323974609375,
    "model.layers.1.mlp.down_proj": 1231.8525390625,
    "model.layers.2.self_attn.q_proj": 1216.9324951171875,
    "model.layers.2.self_attn.k_proj": 1227.7669677734375,
    "model.layers.2.self_attn.v_proj": 1283.5196533203125,
    "model.layers.2.self_attn.o_proj": 1219.5582275390625,
    "model.layers.2.mlp.gate_proj": 1215.3367919921875,
    "model.layers.2.mlp.up_proj": 1214.552001953125,
    "model.layers.2.mlp.down_proj": 1189.127197265625,
    "model.layers.3.self_attn.q_proj": 1227.1298828125,
    "model.layers.3.self_attn.k_proj": 1220.4794921875,
    "model.layers.3.self_attn.v_proj": 1252.53759765625,
    "model.layers.3.self_attn.o_proj": 1230.51806640625,
    "model.layers.3.mlp.gate_proj": 1221.0784912109375,
    "model.layers.3.mlp.up_proj": 1195.672607421875,
    "model.layers.3.mlp.down_proj": 1243.9564208984375,
    "model.layers.4.self_attn.q_proj": 1234.7513427734375,
    "model.layers.4.self_attn.k_proj": 1195.551025390625,
    "model.layers.4.self_attn.v_proj": 1272.235107421875,
    "model.layers.4.self_attn.o_proj": 1197.538818359375,
    "model.layers.4.mlp.gate_proj": 1227.958740234375,
    "model.layers.4.mlp.up_proj": 1219.3563232421875,
    "model.layers.4.mlp.down_proj": 1238.93212890625,
    "model.layers.5.self_attn.q_proj": 1216.2628173828125,
    "model.layers.5.self_attn.k_proj": 1250.5408935546875,
    "model.layers.5.self_attn.v_proj": 1242.3765869140625,
    "model.layers.5.self_attn.o_proj": 1229.325927734375,
    "model.layers.5.mlp.gate_proj": 1230.205078125,
    "model.layers.5.mlp.up_proj": 1226.964111328125,
    "model.layers.5.mlp.down_proj": 1210.5450439453125,
    "model.layers.6.self_attn.q_proj": 1198.4493408203125,
    "model.layers.6.self_attn.k_proj": 1231.98095703125,
    "model.layers.6.self_attn.v_proj": 1244.389892578125,
    "model.layers.6.self_attn.o_proj": 1209.3809814453125,
    "model.layers.6.mlp.gate_proj": 1245.9989013671875,
    "model.layers.6.mlp.up_proj": 1240.225830078125,
    "model.layers.6.mlp.down_proj": 1244.5777587890625,
    "model.layers.7.self_attn.q_proj": 1215.002197265625,
    "model.layers.7.self_attn.k_proj": 1265.218505859375,
    "model.layers.7.self_attn.v_proj": 1312.4393310546875,
    "model.layers.7.self_attn.o_proj": 1194.0545654296875,
    "model.layers.7.mlp.gate_proj": 1234.2984619140625,
    "model.layers.7.mlp.up_proj": 1191.4747314453125,
    "model.layers.7.mlp.down_proj": 1202.818359375,
    "model.layers.8.self_attn.q_proj": 1207.0103759765625,
    "model.layers.8.self_attn.k_proj": 1276.67529296875,
    "model.layers.8.self_attn.v_proj": 1302.40087890625,
    "model.layers.8.self_attn.o_proj": 1219.4058837890625,
    "model.layers.8.mlp.gate_proj": 1226.9759521484375,
    "model.layers.8.mlp.up_proj": 1231.0238037109375,
    "model.layers.8.mlp.down_proj": 1216.35888671875,
    "model.layers.9.self_attn.q_proj": 1230.6004638671875,
    "model.layers.9.self_attn.k_proj": 1245.3914794921875,
    "model.layers.9.self_attn.v_proj": 1296.673828125,
    "model.layers.9.self_attn.o_proj": 1200.3131103515625,
    "model.layers.9.mlp.gate_proj": 1216.0562744140625,
    "model.layers.9.mlp.up_proj": 1235.8778076171875,
    "model.layers.9.mlp.down_proj": 1194.9141845703125,
    "model.layers.10.self_attn.q_proj": 1227.1441650390625,
    "model.layers.10.self_attn.k_proj": 1278.5078125,
    "model.layers.10.self_attn.v_proj": 1212.7481689453125,
    "model.layers.10.self_attn.o_proj": 1222.012451171875,
    "model.layers.10.mlp.gate_proj": 1219.4581298828125,
    "model.layers.10.mlp.up_proj": 1238.8712158203125,
    "model.layers.10.mlp.down_proj": 1221.4615478515625,
    "model.layers.11.self_attn.q_proj": 1246.69775390625,
    "model.layers.11.self_attn.k_proj": 1261.1341552734375,
    "model.layers.11.self_attn.v_proj": 1259.133544921875,
    "model.layers.11.self_attn.o_proj": 1223.390380859375,
    "model.layers.11.mlp.gate_proj": 1220.552001953125,
    "model.layers.11.mlp.up_proj": 1245.4403076171875,
    "model.layers.11.mlp.down_proj": 1239.9278564453125,
    "model.layers.12.self_attn.q_proj": 1213.1993408203125,
    "model.layers.12.self_attn.k_proj": 1282.65771484375,
    "model.layers.12.self_attn.v_proj": 1302.8677978515625,
    "model.layers.12.self_attn.o_proj": 1194.0728759765625,
    "model.layers.12.mlp.gate_proj": 1238.0191650390625,
    "model.layers.12.mlp.up_proj": 1228.390869140625,
    "model.layers.12.mlp.down_proj": 1239.4732666015625,
    "model.layers.13.self_attn.q_proj": 1242.747314453125,
    "model.layers.13.self_attn.k_proj": 1212.5157470703125,
    "model.layers.13.self_attn.v_proj": 1239.0626220703125,
    "model.layers.13.self_attn.o_proj": 1226.1258544921875,
    "model.layers.13.mlp.gate_proj": 1203.7691650390625,
    "model.layers.13.mlp.up_proj": 1229.3072509765625,
    "model.layers.13.mlp.down_proj": 1240.9423828125,
    "model.layers.14.self_attn.q_proj": 1218.213134765625,
    "model.layers.14.self_attn.k_proj": 1221.3438720703125,
    "model.layers.14.self_attn.v_proj": 1256.5279541015625,
    "model.layers.14.self_attn.o_proj": 1217.426025390625,
    "model.layers.14.mlp.gate_proj": 1233.04248046875,
    "model.layers.14.mlp.up_proj": 1239.8759765625,
    "model.layers.14.mlp.down_proj": 1214.8466796875,
    "model.layers.15.self_attn.q_proj": 1222.5301513671875,
    "model.layers.15.self_attn.k_proj": 1283.737548828125,
    "model.layers.15.self_attn.v_proj": 1293.7650146484375,
    "model.layers.15.self_attn.o_proj": 1217.1439208984375,
    "model.layers.15.mlp.gate_proj": 1248.343017578125,
    "model.layers.15.mlp.up_proj": 1212.168701171875,
    "model.layers.15.mlp.down_proj": 1211.6431884765625,
    "model.layers.16.self_attn.q_proj": 1212.4112548828125,
    "model.layers.16.self_attn.k_proj": 1222.3984375,
    "model.layers.16.self_attn.v_proj": 1263.0648193359375,
    "model.layers.16.self_attn.o_proj": 1197.5377197265625,
    "model.layers.16.mlp.gate_proj": 1231.8310546875,
    "model.layers.16.mlp.up_proj": 1213.6116943359375,
    "model.layers.16.mlp.down_proj": 1208.080810546875,
    "model.layers.17.self_attn.q_proj": 1219.3360595703125,
    "model.layers.17.self_attn.k_proj": 1231.601806640625,
    "model.layers.17.self_attn.v_proj": 1252.80322265625,
    "model.layers.17.self_attn.o_proj": 1195.10302734375,
    "model.layers.17.mlp.gate_proj": 1205.942138671875,
    "model.layers.17.mlp.up_proj": 1229.9183349609375,
    "model.layers.17.mlp.down_proj": 1229.4573974609375,
    "model.layers.18.self_attn.q_proj": 1218.469482421875,
    "model.layers.18.self_attn.k_proj": 1302.0625,
    "model.layers.18.self_attn.v_proj": 1281.1690673828125,
    "model.layers.18.self_attn.o_proj": 1218.077880859375,
    "model.layers.18.mlp.gate_proj": 1225.2794189453125,
    "model.layers.18.mlp.up_proj": 1205.134521484375,
    "model.layers.18.mlp.down_proj": 1239.666748046875,
    "model.layers.19.self_attn.q_proj": 1236.1365966796875,
    "model.layers.19.self_attn.k_proj": 1228.693115234375,
    "model.layers.19.self_attn.v_proj": 1251.8077392578125,
    "model.layers.19.self_attn.o_proj": 1219.0400390625,
    "model.layers.19.mlp.gate_proj": 1245.9378662109375,
    "model.layers.19.mlp.up_proj": 1237.4656982421875,
    "model.layers.19.mlp.down_proj": 1205.197021484375,