{
    "model.layers.0.self_attn.q_proj": 1215.94384765625,
    "model.layers.0.self_attn.k_proj": 1215.94384765625,
    "model.layers.0.self_attn.v_proj": 1215.94384765625,
    "model.layers.0.self_attn.o_proj": 1215.433837890625,
    "model.layers.0.mlp.gate_proj": 1215.866943359375,
    "model.layers.0.mlp.up_proj": 1216.2833251953125,
    "model.layers.0.mlp.down_proj": 1219.6138916015625,
    "model.layers.1.self_attn.q_proj": 1215.9105224609375,
    "model.layers.1.self_attn.k_proj": 1215.4405517578125,
    "model.layers.1.self_attn.v_proj": 1210.5357666015625,
    "model.layers.1.self_attn.o_proj": 1223.643798828125,
    "model.layers.1.mlp.gate_proj": 1215.55029296875,
    "model.layers.1.mlp.up_proj": 1213.4776611328125,
    "model.layers.1.mlp.down_proj": 1201.071044921875,
    "model.layers.2.self_attn.q_proj": 1210.630126953125,
    "model.layers.2.self_attn.k_proj": 1222.920654296875,
    "model.layers.2.self_attn.v_proj": 1347.9462890625,
    "model.layers.2.self_attn.o_proj": 1206.7088623046875,
    "model.layers.2.mlp.gate_proj": 1192.923828125,
    "model.layers.2.mlp.up_proj": 1214.434814453125,
    "model.layers.2.mlp.down_proj": 1180.996826171875,
    "model.layers.3.self_attn.q_proj": 1219.9034423828125,
    "model.layers.3.self_attn.k_proj": 1184.3109130859375,
    "model.layers.3.self_attn.v_proj": 1282.6036376953125,
    "model.layers.3.self_attn.o_proj": 1232.4180908203125,
    "model.layers.3.mlp.gate_proj": 1230.8626708984375,
    "model.layers.3.mlp.up_proj": 1176.6973876953125,
    "model.layers.3.mlp.down_proj": 1264.6195068359375,
    "model.layers.4.self_attn.q_proj": 1213.3660888671875,
    "model.layers.4.self_attn.k_proj": 1169.57666015625,
    "model.layers.4.self_attn.v_proj": 1337.6121826171875,
    "model.layers.4.self_attn.o_proj": 1165.7003173828125,
    "model.layers.4.mlp.gate_proj": 1206.0360107421875,
    "model.layers.4.mlp.up_proj": 1233.0599365234375,
    "model.layers.4.mlp.down_proj": 1230.4189453125,
    "model.layers.5.self_attn.q_proj": 1214.8974609375,
    "model.layers.5.self_attn.k_proj": 1260.819091796875,
    "model.layers.5.self_attn.v_proj": 1291.7547607421875,
    "model.layers.5.self_attn.o_proj": 1193.94921875,
    "model.layers.5.mlp.gate_proj": 1240.5018310546875,
    "model.layers.5.mlp.up_proj": 1230.1734619140625,
    "model.layers.5.mlp.down_proj": 1220.890869140625,
    "model.layers.6.self_attn.q_proj": 1180.1903076171875,
    "model.layers.6.self_attn.k_proj": 1226.6370849609375,
    "model.layers.6.self_attn.v_proj": 1351.5570068359375,
    "model.layers.6.self_attn.o_proj": 1229.01318359375,
    "model.layers.6.mlp.gate_proj": 1236.4158935546875,
    "model.layers.6.mlp.up_proj": 1268.9105224609375,
    "model.layers.6.mlp.down_proj": 1199.8050537109375,
    "model.layers.7.self_attn.q_proj": 1167.595458984375,
    "model.layers.7.self_attn.k_proj": 1272.5960693359375,
    "model.layers.7.self_attn.v_proj": 1406.8349609375,
    "model.layers.7.self_attn.o_proj": 1163.9014892578125,
    "model.layers.7.mlp.gate_proj": 1215.0653076171875,
    "model.layers.7.mlp.up_proj": 1189.5972900390625,
    "model.layers.7.mlp.down_proj": 1215.9298095703125,
    "model.layers.8.self_attn.q_proj": 1194.73193359375,
    "model.layers.8.self_attn.k_proj": 1358.0289306640625,
    "model.layers.8.self_attn.v_proj": 1353.0389404296875,
    "model.layers.8.self_attn.o_proj": 1217.38037109375,
    "model.layers.8.mlp.gate_proj": 1220.430908203125,
    "model.layers.8.mlp.up_proj": 1227.579345703125,
    "model.layers.8.mlp.down_proj": 1190.035400390625,
    "model.layers.9.self_attn.q_proj": 1228.449951171875,
    "model.layers.9.self_attn.k_proj": 1267.9407958984375,
    "model.layers.9.self_attn.v_proj": 1344.9866943359375,
    "model.layers.9.self_attn.o_proj": 1199.4349365234375,
    "model.layers.9.mlp.gate_proj": 1190.6016845703125,
    "model.layers.9.mlp.up_proj": 1229.875,
    "model.layers.9.mlp.down_proj": 1215.0865478515625,
    "model.layers.10.self_attn.q_proj": 1244.6688232421875,
    "model.layers.10.self_attn.k_proj": 1363.5184326171875,
    "model.layers.10.self_attn.v_proj": 1242.830810546875,
    "model.layers.10.self_attn.o_proj": 1178.424072265625,
    "model.layers.10.mlp.gate_proj": 1218.65380859375,
    "model.layers.10.mlp.up_proj": 1237.3765869140625,
    "model.layers.10.mlp.down_proj": 1241.5306396484375,
    "model.layers.11.self_attn.q_proj": 1230.2242431640625,
    "model.layers.11.self_attn.k_proj": 1303.877685546875,
    "model.layers.11.self_attn.v_proj": 1327.41455078125,
    "model.layers.11.self_attn.o_proj": 1198.345703125,
    "model.layers.11.mlp.gate_proj": 1203.3411865234375,
    "model.layers.11.mlp.up_proj": 1236.532470703125,
    "model.layers.11.mlp.down_proj": 1223.0380859375,
    "model.layers.12.self_attn.q_proj": 1191.030517578125,
    "model.layers.12.self_attn.k_proj": 1331.117919921875,
    "model.layers.12.self_attn.v_proj": 1363.854248046875,
    "model.layers.12.self_attn.o_proj": 1163.670166015625,
    "model.layers.12.mlp.gate_proj": 1202.50048828125,
    "model.layers.12.mlp.up_proj": 1235.3267822265625,
    "model.layers.12.mlp.down_proj": 1232.5159912109375,
    "model.layers.13.self_attn.q_proj": 1225.4945068359375,
    "model.layers.13.self_attn.k_proj": 1213.6197509765625,
    "model.layers.13.self_attn.v_proj": 1282.22119140625,
    "model.layers.13.self_attn.o_proj": 1192.9439697265625,
    "model.layers.13.mlp.gate_proj": 1194.561767578125,
    "model.layers.13.mlp.up_proj": 1236.2945556640625,
    "model.layers.13.mlp.down_proj": 1241.053466796875,
    "model.layers.14.self_attn.q_proj": 1213.52978515625,
    "model.layers.14.self_attn.k_proj": 1230.486328125,
    "model.layers.14.self_attn.v_proj": 1323.6893310546875,
    "model.layers.14.self_attn.o_proj": 1200.0386962890625,
    "model.layers.14.mlp.gate_proj": 1222.7037353515625,
    "model.layers.14.mlp.up_proj": 1224.465576171875,
    "model.layers.14.mlp.down_proj": 1198.0267333984375,
    "model.layers.15.self_attn.q_proj": 1200.4879150390625,
    "model.layers.15.self_attn.k_proj": 1331.337890625,
    "model.layers.15.self_attn.v_proj": 1376.00732421875,
    "model.layers.15.self_attn.o_proj": 1218.9842529296875,
    "model.layers.15.mlp.gate_proj": 1233.6854248046875,
    "model.layers.15.mlp.up_proj": 1215.73779296875,
    "model.layers.15.mlp.down_proj": 1231.41748046875,
    "model.layers.16.self_attn.q_proj": 1199.77978515625,
    "model.layers.16.self_attn.k_proj": 1220.2984619140625,
    "model.layers.16.self_attn.v_proj": 1298.4154052734375,
    "model.layers.16.self_attn.o_proj": 1147.672119140625,
    "model.layers.16.mlp.gate_proj": 1223.7003173828125,
    "model.layers.16.mlp.up_proj": 1221.9007568359375,
    "model.layers.16.mlp.down_proj": 1204.2242431640625,
    "model.layers.17.self_attn.q_proj": 1208.3726806640625,
    "model.layers.17.self_attn.k_proj": 1257.28466796875,
    "model.layers.17.self_attn.v_proj": 1321.707275390625,
    "model.layers.17.self_attn.o_proj": 1161.4033203125,
    "model.layers.17.mlp.gate_proj": 1163.2032470703125,
    "model.layers.17.mlp.up_proj": 1241.2294921875,
    "model.layers.17.mlp.down_proj": 1212.134521484375,
    "model.layers.18.self_attn.q_proj": 1195.7354736328125,
    "model.layers.18.self_attn.k_proj": 1392.4306640625,
    "model.layers.18.self_attn.v_proj": 1372.9444580078125,
    "model.layers.18.self_attn.o_proj": 1190.4608154296875,
    "model.layers.18.mlp.gate_proj": 1209.9541015625,
    "model.layers.18.mlp.up_proj": 1201.89013671875,
    "model.layers.18.mlp.down_proj": 1254.048583984375,
    "model.layers.19.self_attn.q_proj": 1241.0987548828125,
    "model.layers.19.self_attn.k_proj": 1225.883056640625,
    "model.layers.19.self_attn.v_proj": 1302.58447265625,
    "model.layers.19.self_attn.o_proj": 1193.3489990234375,
    "model.layers.19.mlp.gate_proj": 1271.2247314453125,
    "model.layers.19.mlp.up_proj": 1239.1009521484375,
    "model.layers.19.mlp.down_proj": 1187.354736328125,