{
    "model.layers.0.self_attn.q_proj": 1232.9552001953125,
    "model.layers.0.self_attn.k_proj": 1232.9552001953125,
    "model.layers.0.self_attn.v_proj": 1232.9552001953125,
    "model.layers.0.self_attn.o_proj": 1232.8577880859375,
    "model.layers.0.mlp.gate_proj": 1232.9405517578125,
    "model.layers.0.mlp.up_proj": 1233.0489501953125,
    "model.layers.0.mlp.down_proj": 1233.2781982421875,
    "model.layers.1.self_attn.q_proj": 1232.8992919921875,
    "model.layers.1.self_attn.k_proj": 1232.91943359375,
    "model.layers.1.self_attn.v_proj": 1231.1448974609375,
    "model.layers.1.self_attn.o_proj": 1233.781005859375,
    "model.layers.1.mlp.gate_proj": 1233.8939208984375,
    "model.layers.1.mlp.up_proj": 1233.70654296875,
    "model.layers.1.mlp.down_proj": 1235.755859375,
    "model.layers.2.self_attn.q_proj": 1232.375244140625,
    "model.layers.2.self_attn.k_proj": 1232.6556396484375,
    "model.layers.2.self_attn.v_proj": 1234.5946044921875,
    "model.layers.2.self_attn.o_proj": 1228.5518798828125,
    "model.layers.2.mlp.gate_proj": 1229.4034423828125,
    "model.layers.2.mlp.up_proj": 1230.8843994140625,
    "model.layers.2.mlp.down_proj": 1234.3214111328125,
    "model.layers.3.self_attn.q_proj": 1235.27978515625,
    "model.layers.3.self_attn.k_proj": 1229.1015625,
    "model.layers.3.self_attn.v_proj": 1237.9984130859375,
    "model.layers.3.self_attn.o_proj": 1227.733154296875,
    "model.layers.3.mlp.gate_proj": 1235.5814208984375,
    "model.layers.3.mlp.up_proj": 1230.55908203125,
    "model.layers.3.mlp.down_proj": 1237.2119140625,
    "model.layers.4.self_attn.q_proj": 1234.2618408203125,
    "model.layers.4.self_attn.k_proj": 1231.5321044921875,
    "model.layers.4.self_attn.v_proj": 1236.8353271484375,
    "model.layers.4.self_attn.o_proj": 1231.3095703125,
    "model.layers.4.mlp.gate_proj": 1234.8660888671875,
    "model.layers.4.mlp.up_proj": 1220.9158935546875,
    "model.layers.4.mlp.down_proj": 1233.040771484375,
    "model.layers.5.self_attn.q_proj": 1228.5440673828125,
    "model.layers.5.self_attn.k_proj": 1232.3623046875,
    "model.layers.5.self_attn.v_proj": 1229.327392578125,
    "model.layers.5.self_attn.o_proj": 1236.0478515625,
    "model.layers.5.mlp.gate_proj": 1233.9383544921875,
    "model.layers.5.mlp.up_proj": 1234.362548828125,
    "model.layers.5.mlp.down_proj": 1233.763427734375,
    "model.layers.6.self_attn.q_proj": 1235.148193359375,
    "model.layers.6.self_attn.k_proj": 1239.48388671875,
    "model.layers.6.self_attn.v_proj": 1240.16650390625,
    "model.layers.6.self_attn.o_proj": 1237.1204833984375,
    "model.layers.6.mlp.gate_proj": 1239.7679443359375,
    "model.layers.6.mlp.up_proj": 1230.073974609375,
    "model.layers.6.mlp.down_proj": 1237.4212646484375,
    "model.layers.7.self_attn.q_proj": 1229.53173828125,
    "model.layers.7.self_attn.k_proj": 1241.62060546875,
    "model.layers.7.self_attn.v_proj": 1246.3878173828125,
    "model.layers.7.self_attn.o_proj": 1216.059814453125,
    "model.layers.7.mlp.gate_proj": 1233.12646484375,
    "model.layers.7.mlp.up_proj": 1231.921630859375,
    "model.layers.7.mlp.down_proj": 1216.19580078125,
    "model.layers.8.self_attn.q_proj": 1233.9898681640625,
    "model.layers.8.self_attn.k_proj": 1236.6173095703125,
    "model.layers.8.self_attn.v_proj": 1236.7327880859375,
    "model.layers.8.self_attn.o_proj": 1234.2430419921875,
    "model.layers.8.mlp.gate_proj": 1234.9300537109375,
    "model.layers.8.mlp.up_proj": 1235.3187255859375,
    "model.layers.8.mlp.down_proj": 1221.7508544921875,
    "model.layers.9.self_attn.q_proj": 1235.453857421875,
    "model.layers.9.self_attn.k_proj": 1233.5704345703125,
    "model.layers.9.self_attn.v_proj": 1243.9647216796875,
    "model.layers.9.self_attn.o_proj": 1226.4486083984375,
    "model.layers.9.mlp.gate_proj": 1235.592529296875,
    "model.layers.9.mlp.up_proj": 1234.044189453125,
    "model.layers.9.mlp.down_proj": 1231.031005859375,
    "model.layers.10.self_attn.q_proj": 1234.2855224609375,
    "model.layers.10.self_attn.k_proj": 1240.818115234375,
    "model.layers.10.self_attn.v_proj": 1226.5491943359375,
    "model.layers.10.self_attn.o_proj": 1230.8597412109375,
    "model.layers.10.mlp.gate_proj": 1234.0528564453125,
    "model.layers.10.mlp.up_proj": 1229.5784912109375,
    "model.layers.10.mlp.down_proj": 1234.0911865234375,
    "model.layers.11.self_attn.q_proj": 1239.365966796875,
    "model.layers.11.self_attn.k_proj": 1230.380126953125,
    "model.layers.11.self_attn.v_proj": 1237.947998046875,
    "model.layers.11.self_attn.o_proj": 1231.146484375,
    "model.layers.11.mlp.gate_proj": 1229.5714111328125,
    "model.layers.11.mlp.up_proj": 1231.7740478515625,
    "model.layers.11.mlp.down_proj": 1233.8797607421875,
    "model.layers.12.self_attn.q_proj": 1233.55712890625,
    "model.layers.12.self_attn.k_proj": 1244.2655029296875,
    "model.layers.12.self_attn.v_proj": 1242.7034912109375,
    "model.layers.12.self_attn.o_proj": 1233.999267578125,
    "model.layers.12.mlp.gate_proj": 1236.138916015625,
    "model.layers.12.mlp.up_proj": 1234.2564697265625,
    "model.layers.12.mlp.down_proj": 1235.745361328125,
    "model.layers.13.self_attn.q_proj": 1234.296142578125,
    "model.layers.13.self_attn.k_proj": 1225.3939208984375,
    "model.layers.13.self_attn.v_proj": 1240.4288330078125,
    "model.layers.13.self_attn.o_proj": 1235.7308349609375,
    "model.layers.13.mlp.gate_proj": 1227.0098876953125,
    "model.layers.13.mlp.up_proj": 1232.7911376953125,
    "model.layers.13.mlp.down_proj": 1233.884521484375,
    "model.layers.14.self_attn.q_proj": 1233.6767578125,
    "model.layers.14.self_attn.k_proj": 1234.1854248046875,
    "model.layers.14.self_attn.v_proj": 1229.1102294921875,
    "model.layers.14.self_attn.o_proj": 1229.8797607421875,
    "model.layers.14.mlp.gate_proj": 1233.2242431640625,
    "model.layers.14.mlp.up_proj": 1234.008544921875,
    "model.layers.14.mlp.down_proj": 1234.498291015625,
    "model.layers.15.self_attn.q_proj": 1231.3267822265625,
    "model.layers.15.self_attn.k_proj": 1238.154296875,
    "model.layers.15.self_attn.v_proj": 1244.6090087890625,
    "model.layers.15.self_attn.o_proj": 1234.3914794921875,
    "model.layers.15.mlp.gate_proj": 1233.3165283203125,
    "model.layers.15.mlp.up_proj": 1233.3760986328125,
    "model.layers.15.mlp.down_proj": 1233.8125,
    "model.layers.16.self_attn.q_proj": 1232.2845458984375,
    "model.layers.16.self_attn.k_proj": 1234.47998046875,
    "model.layers.16.self_attn.v_proj": 1234.800048828125,
    "model.layers.16.self_attn.o_proj": 1231.796142578125,
    "model.layers.16.mlp.gate_proj": 1233.16796875,
    "model.layers.16.mlp.up_proj": 1234.306396484375,
    "model.layers.16.mlp.down_proj": 1231.82177734375,
    "model.layers.17.self_attn.q_proj": 1233.9791259765625,
    "model.layers.17.self_attn.k_proj": 1232.228515625,
    "model.layers.17.self_attn.v_proj": 1240.9306640625,
    "model.layers.17.self_attn.o_proj": 1232.72412109375,
    "model.layers.17.mlp.gate_proj": 1232.8931884765625,
    "model.layers.17.mlp.up_proj": 1235.26171875,
    "model.layers.17.mlp.down_proj": 1231.6680908203125,
    "model.layers.18.self_attn.q_proj": 1232.5574951171875,
    "model.layers.18.self_attn.k_proj": 1243.6156005859375,
    "model.layers.18.self_attn.v_proj": 1237.0963134765625,
    "model.layers.18.self_attn.o_proj": 1232.2479248046875,
    "model.layers.18.mlp.gate_proj": 1233.0914306640625,
    "model.layers.18.mlp.up_proj": 1232.0125732421875,
    "model.layers.18.mlp.down_proj": 1236.045654296875,
    "model.layers.19.self_attn.q_proj": 1234.8948974609375,
    "model.layers.19.self_attn.k_proj": 1232.1126708984375,
    "model.layers.19.self_attn.v_proj": 1236.0799560546875,
    "model.layers.19.self_attn.o_proj": 1230.450927734375,
    "model.layers.19.mlp.gate_proj": 1231.8306884765625,
    "model.layers.19.mlp.up_proj": 1234.1595458984375,
    "model.layers.19.mlp.down_proj": 1234.5284423828125,