{
    "model.layers.0.self_attn.q_proj": 1220.6043701171875,
    "model.layers.0.self_attn.k_proj": 1220.6043701171875,
    "model.layers.0.self_attn.v_proj": 1220.6043701171875,
    "model.layers.0.self_attn.o_proj": 1220.2481689453125,
    "model.layers.0.mlp.gate_proj": 1220.494140625,
    "model.layers.0.mlp.up_proj": 1221.0194091796875,
    "model.layers.0.mlp.down_proj": 1222.888916015625,
    "model.layers.1.self_attn.q_proj": 1220.5997314453125,
    "model.layers.1.self_attn.k_proj": 1220.14599609375,
    "model.layers.1.self_attn.v_proj": 1217.8763427734375,
    "model.layers.1.self_attn.o_proj": 1219.92822265625,
    "model.layers.1.mlp.gate_proj": 1221.709228515625,
    "model.layers.1.mlp.up_proj": 1219.3980712890625,
    "model.layers.1.mlp.down_proj": 1225.9986572265625,
    "model.layers.2.self_attn.q_proj": 1214.69091796875,
    "model.layers.2.self_attn.k_proj": 1228.1416015625,
    "model.layers.2.self_attn.v_proj": 1318.74951171875,
    "model.layers.2.self_attn.o_proj": 1223.4053955078125,
    "model.layers.2.mlp.gate_proj": 1203.065185546875,
    "model.layers.2.mlp.up_proj": 1214.430908203125,
    "model.layers.2.mlp.down_proj": 1181.5238037109375,
    "model.layers.3.self_attn.q_proj": 1230.874755859375,
    "model.layers.3.self_attn.k_proj": 1208.844970703125,
    "model.layers.3.self_attn.v_proj": 1257.961181640625,
    "model.layers.3.self_attn.o_proj": 1226.755615234375,
    "model.layers.3.mlp.gate_proj": 1223.96923828125,
    "model.layers.3.mlp.up_proj": 1182.949951171875,
    "model.layers.3.mlp.down_proj": 1253.4437255859375,
    "model.layers.4.self_attn.q_proj": 1221.898681640625,
    "model.layers.4.self_attn.k_proj": 1185.0523681640625,
    "model.layers.4.self_attn.v_proj": 1294.271728515625,
    "model.layers.4.self_attn.o_proj": 1178.645751953125,
    "model.layers.4.mlp.gate_proj": 1216.9398193359375,
    "model.layers.4.mlp.up_proj": 1229.1121826171875,
    "model.layers.4.mlp.down_proj": 1241.6962890625,
    "model.layers.5.self_attn.q_proj": 1222.0211181640625,
    "model.layers.5.self_attn.k_proj": 1260.916259765625,
    "model.layers.5.self_attn.v_proj": 1266.6094970703125,
    "model.layers.5.self_attn.o_proj": 1212.0626220703125,
    "model.layers.5.mlp.gate_proj": 1243.858154296875,
    "model.layers.5.mlp.up_proj": 1236.7802734375,
    "model.layers.5.mlp.down_proj": 1215.1268310546875,
    "model.layers.6.self_attn.q_proj": 1182.781005859375,
    "model.layers.6.self_attn.k_proj": 1238.67626953125,
    "model.layers.6.self_attn.v_proj": 1298.6182861328125,
    "model.layers.6.self_attn.o_proj": 1213.9686279296875,
    "model.layers.6.mlp.gate_proj": 1234.28173828125,
    "model.layers.6.mlp.up_proj": 1255.0404052734375,
    "model.layers.6.mlp.down_proj": 1227.59130859375,
    "model.layers.7.self_attn.q_proj": 1184.206298828125,
    "model.layers.7.self_attn.k_proj": 1276.22119140625,
    "model.layers.7.self_attn.v_proj": 1350.679443359375,
    "model.layers.7.self_attn.o_proj": 1178.92919921875,
    "model.layers.7.mlp.gate_proj": 1229.4095458984375,
    "model.layers.7.mlp.up_proj": 1179.4176025390625,
    "model.layers.7.mlp.down_proj": 1206.65087890625,
    "model.layers.8.self_attn.q_proj": 1199.26416015625,
    "model.layers.8.self_attn.k_proj": 1310.0350341796875,
    "model.layers.8.self_attn.v_proj": 1334.3074951171875,
    "model.layers.8.self_attn.o_proj": 1215.64794921875,
    "model.layers.8.mlp.gate_proj": 1224.8084716796875,
    "model.layers.8.mlp.up_proj": 1226.861572265625,
    "model.layers.8.mlp.down_proj": 1208.2049560546875,
    "model.layers.9.self_attn.q_proj": 1239.952880859375,
    "model.layers.9.self_attn.k_proj": 1263.5162353515625,
    "model.layers.9.self_attn.v_proj": 1321.823486328125,
    "model.layers.9.self_attn.o_proj": 1207.8211669921875,
    "model.layers.9.mlp.gate_proj": 1194.063232421875,
    "model.layers.9.mlp.up_proj": 1230.4892578125,
    "model.layers.9.mlp.down_proj": 1201.0223388671875,
    "model.layers.10.self_attn.q_proj": 1226.169921875,
    "model.layers.10.self_attn.k_proj": 1319.8443603515625,
    "model.layers.10.self_attn.v_proj": 1225.7144775390625,
    "model.layers.10.self_attn.o_proj": 1193.57958984375,
    "model.layers.10.mlp.gate_proj": 1221.7752685546875,
    "model.layers.10.mlp.up_proj": 1242.8525390625,
    "model.layers.10.mlp.down_proj": 1220.8656005859375,
    "model.layers.11.self_attn.q_proj": 1232.639892578125,
    "model.layers.11.self_attn.k_proj": 1297.763671875,
    "model.layers.11.self_attn.v_proj": 1302.5582275390625,
    "model.layers.11.self_attn.o_proj": 1206.7435302734375,
    "model.layers.11.mlp.gate_proj": 1207.6160888671875,
    "model.layers.11.mlp.up_proj": 1239.925048828125,
    "model.layers.11.mlp.down_proj": 1238.142333984375,
    "model.layers.12.self_attn.q_proj": 1204.572509765625,
    "model.layers.12.self_attn.k_proj": 1311.5506591796875,
    "model.layers.12.self_attn.v_proj": 1341.238037109375,
    "model.layers.12.self_attn.o_proj": 1170.2139892578125,
    "model.layers.12.mlp.gate_proj": 1222.068115234375,
    "model.layers.12.mlp.up_proj": 1235.509521484375,
    "model.layers.12.mlp.down_proj": 1232.35986328125,
    "model.layers.13.self_attn.q_proj": 1239.349853515625,
    "model.layers.13.self_attn.k_proj": 1216.7938232421875,
    "model.layers.13.self_attn.v_proj": 1267.0469970703125,
    "model.layers.13.self_attn.o_proj": 1213.322509765625,
    "model.layers.13.mlp.gate_proj": 1204.66015625,
    "model.layers.13.mlp.up_proj": 1230.5921630859375,
    "model.layers.13.mlp.down_proj": 1246.1192626953125,
    "model.layers.14.self_attn.q_proj": 1215.552978515625,
    "model.layers.14.self_attn.k_proj": 1225.00390625,
    "model.layers.14.self_attn.v_proj": 1289.9317626953125,
    "model.layers.14.self_attn.o_proj": 1213.78564453125,
    "model.layers.14.mlp.gate_proj": 1223.789794921875,
    "model.layers.14.mlp.up_proj": 1239.9163818359375,
    "model.layers.14.mlp.down_proj": 1203.5406494140625,
    "model.layers.15.self_attn.q_proj": 1213.2457275390625,
    "model.layers.15.self_attn.k_proj": 1320.703369140625,
    "model.layers.15.self_attn.v_proj": 1333.70654296875,
    "model.layers.15.self_attn.o_proj": 1219.91015625,
    "model.layers.15.mlp.gate_proj": 1243.7457275390625,
    "model.layers.15.mlp.up_proj": 1216.367431640625,
    "model.layers.15.mlp.down_proj": 1227.924560546875,
    "model.layers.16.self_attn.q_proj": 1210.73828125,
    "model.layers.16.self_attn.k_proj": 1225.5897216796875,
    "model.layers.16.self_attn.v_proj": 1281.3419189453125,
    "model.layers.16.self_attn.o_proj": 1177.267822265625,
    "model.layers.16.mlp.gate_proj": 1232.9459228515625,
    "model.layers.16.mlp.up_proj": 1221.85498046875,
    "model.layers.16.mlp.down_proj": 1202.87841796875,
    "model.layers.17.self_attn.q_proj": 1217.6612548828125,
    "model.layers.17.self_attn.k_proj": 1245.2459716796875,
    "model.layers.17.self_attn.v_proj": 1280.49951171875,
    "model.layers.17.self_attn.o_proj": 1177.1639404296875,
    "model.layers.17.mlp.gate_proj": 1185.4034423828125,
    "model.layers.17.mlp.up_proj": 1236.864501953125,
    "model.layers.17.mlp.down_proj": 1218.1763916015625,
    "model.layers.18.self_attn.q_proj": 1209.984130859375,
    "model.layers.18.self_attn.k_proj": 1353.969970703125,
    "model.layers.18.self_attn.v_proj": 1331.7279052734375,
    "model.layers.18.self_attn.o_proj": 1201.0340576171875,
    "model.layers.18.mlp.gate_proj": 1218.894287109375,
    "model.layers.18.mlp.up_proj": 1201.1136474609375,
    "model.layers.18.mlp.down_proj": 1264.4449462890625,
    "model.layers.19.self_attn.q_proj": 1239.5712890625,
    "model.layers.19.self_attn.k_proj": 1226.233154296875,
    "model.layers.19.self_attn.v_proj": 1280.343505859375,
    "model.layers.19.self_attn.o_proj": 1208.879150390625,
    "model.layers.19.mlp.gate_proj": 1258.4395751953125,
    "model.layers.19.mlp.up_proj": 1242.41845703125,
    "model.layers.19.mlp.down_proj": 1198.9921875,