{
    "model.layers.0.self_attn.q_proj": 1213.1678466796875,
    "model.layers.0.self_attn.k_proj": 1213.1678466796875,
    "model.layers.0.self_attn.v_proj": 1213.1678466796875,
    "model.layers.0.self_attn.o_proj": 1212.804443359375,
    "model.layers.0.mlp.gate_proj": 1213.1666259765625,
    "model.layers.0.mlp.up_proj": 1213.428466796875,
    "model.layers.0.mlp.down_proj": 1217.27197265625,
    "model.layers.1.self_attn.q_proj": 1213.205810546875,
    "model.layers.1.self_attn.k_proj": 1212.938232421875,
    "model.layers.1.self_attn.v_proj": 1208.6883544921875,
    "model.layers.1.self_attn.o_proj": 1228.4803466796875,
    "model.layers.1.mlp.gate_proj": 1209.6031494140625,
    "model.layers.1.mlp.up_proj": 1209.8936767578125,
    "model.layers.1.mlp.down_proj": 1190.315185546875,
    "model.layers.2.self_attn.q_proj": 1211.9478759765625,
    "model.layers.2.self_attn.k_proj": 1213.9429931640625,
    "model.layers.2.self_attn.v_proj": 1439.106689453125,
    "model.layers.2.self_attn.o_proj": 1206.0302734375,
    "model.layers.2.mlp.gate_proj": 1204.6141357421875,
    "model.layers.2.mlp.up_proj": 1199.0191650390625,
    "model.layers.2.mlp.down_proj": 1155.8990478515625,
    "model.layers.3.self_attn.q_proj": 1226.41357421875,
    "model.layers.3.self_attn.k_proj": 1145.887451171875,
    "model.layers.3.self_attn.v_proj": 1318.74560546875,
    "model.layers.3.self_attn.o_proj": 1227.765380859375,
    "model.layers.3.mlp.gate_proj": 1214.7550048828125,
    "model.layers.3.mlp.up_proj": 1174.4991455078125,
    "model.layers.3.mlp.down_proj": 1249.623291015625,
    "model.layers.4.self_attn.q_proj": 1207.80712890625,
    "model.layers.4.self_attn.k_proj": 1185.6697998046875,
    "model.layers.4.self_attn.v_proj": 1348.869384765625,
    "model.layers.4.self_attn.o_proj": 1186.8055419921875,
    "model.layers.4.mlp.gate_proj": 1225.111572265625,
    "model.layers.4.mlp.up_proj": 1232.0008544921875,
    "model.layers.4.mlp.down_proj": 1226.73291015625,
    "model.layers.5.self_attn.q_proj": 1200.774658203125,
    "model.layers.5.self_attn.k_proj": 1266.807373046875,
    "model.layers.5.self_attn.v_proj": 1319.2685546875,
    "model.layers.5.self_attn.o_proj": 1173.1861572265625,
    "model.layers.5.mlp.gate_proj": 1221.3150634765625,
    "model.layers.5.mlp.up_proj": 1236.9808349609375,
    "model.layers.5.mlp.down_proj": 1205.685791015625,
    "model.layers.6.self_attn.q_proj": 1150.65966796875,
    "model.layers.6.self_attn.k_proj": 1196.3326416015625,
    "model.layers.6.self_attn.v_proj": 1409.582275390625,
    "model.layers.6.self_attn.o_proj": 1229.632080078125,
    "model.layers.6.mlp.gate_proj": 1228.2646484375,
    "model.layers.6.mlp.up_proj": 1264.222900390625,
    "model.layers.6.mlp.down_proj": 1206.301025390625,
    "model.layers.7.self_attn.q_proj": 1143.3048095703125,
    "model.layers.7.self_attn.k_proj": 1294.3304443359375,
    "model.layers.7.self_attn.v_proj": 1463.3880615234375,
    "model.layers.7.self_attn.o_proj": 1146.5338134765625,
    "model.layers.7.mlp.gate_proj": 1185.307861328125,
    "model.layers.7.mlp.up_proj": 1200.4091796875,
    "model.layers.7.mlp.down_proj": 1204.11181640625,
    "model.layers.8.self_attn.q_proj": 1193.158935546875,
    "model.layers.8.self_attn.k_proj": 1392.037353515625,
    "model.layers.8.self_attn.v_proj": 1406.1790771484375,
    "model.layers.8.self_attn.o_proj": 1213.9326171875,
    "model.layers.8.mlp.gate_proj": 1203.62060546875,
    "model.layers.8.mlp.up_proj": 1215.4573974609375,
    "model.layers.8.mlp.down_proj": 1190.3541259765625,
    "model.layers.9.self_attn.q_proj": 1222.6754150390625,
    "model.layers.9.self_attn.k_proj": 1294.0234375,
    "model.layers.9.self_attn.v_proj": 1397.0992431640625,
    "model.layers.9.self_attn.o_proj": 1194.36669921875,
    "model.layers.9.mlp.gate_proj": 1182.020751953125,
    "model.layers.9.mlp.up_proj": 1237.6708984375,
    "model.layers.9.mlp.down_proj": 1223.6124267578125,
    "model.layers.10.self_attn.q_proj": 1251.6240234375,
    "model.layers.10.self_attn.k_proj": 1410.6201171875,
    "model.layers.10.self_attn.v_proj": 1265.677001953125,
    "model.layers.10.self_attn.o_proj": 1168.0234375,
    "model.layers.10.mlp.gate_proj": 1222.6297607421875,
    "model.layers.10.mlp.up_proj": 1218.432861328125,
    "model.layers.10.mlp.down_proj": 1251.7498779296875,
    "model.layers.11.self_attn.q_proj": 1236.847412109375,
    "model.layers.11.self_attn.k_proj": 1334.39990234375,
    "model.layers.11.self_attn.v_proj": 1373.105224609375,
    "model.layers.11.self_attn.o_proj": 1178.5966796875,
    "model.layers.11.mlp.gate_proj": 1192.4390869140625,
    "model.layers.11.mlp.up_proj": 1230.6082763671875,
    "model.layers.11.mlp.down_proj": 1270.53857421875,
    "model.layers.12.self_attn.q_proj": 1196.523193359375,
    "model.layers.12.self_attn.k_proj": 1378.3914794921875,
    "model.layers.12.self_attn.v_proj": 1369.9013671875,
    "model.layers.12.self_attn.o_proj": 1136.1207275390625,
    "model.layers.12.mlp.gate_proj": 1202.517333984375,
    "model.layers.12.mlp.up_proj": 1251.6807861328125,
    "model.layers.12.mlp.down_proj": 1220.8062744140625,
    "model.layers.13.self_attn.q_proj": 1223.7823486328125,
    "model.layers.13.self_attn.k_proj": 1211.7603759765625,
    "model.layers.13.self_attn.v_proj": 1324.763427734375,
    "model.layers.13.self_attn.o_proj": 1187.64892578125,
    "model.layers.13.mlp.gate_proj": 1197.941162109375,
    "model.layers.13.mlp.up_proj": 1237.345458984375,
    "model.layers.13.mlp.down_proj": 1212.4046630859375,
    "model.layers.14.self_attn.q_proj": 1213.6546630859375,
    "model.layers.14.self_attn.k_proj": 1221.1251220703125,
    "model.layers.14.self_attn.v_proj": 1349.2393798828125,
    "model.layers.14.self_attn.o_proj": 1185.1038818359375,
    "model.layers.14.mlp.gate_proj": 1234.253173828125,
    "model.layers.14.mlp.up_proj": 1228.945068359375,
    "model.layers.14.mlp.down_proj": 1185.7320556640625,
    "model.layers.15.self_attn.q_proj": 1198.222412109375,
    "model.layers.15.self_attn.k_proj": 1342.586181640625,
    "model.layers.15.self_attn.v_proj": 1421.60986328125,
    "model.layers.15.self_attn.o_proj": 1203.4810791015625,
    "model.layers.15.mlp.gate_proj": 1227.4716796875,
    "model.layers.15.mlp.up_proj": 1198.56640625,
    "model.layers.15.mlp.down_proj": 1225.2537841796875,
    "model.layers.16.self_attn.q_proj": 1218.26953125,
    "model.layers.16.self_attn.k_proj": 1209.2913818359375,
    "model.layers.16.self_attn.v_proj": 1343.126708984375,
    "model.layers.16.self_attn.o_proj": 1113.0548095703125,
    "model.layers.16.mlp.gate_proj": 1224.8118896484375,
    "model.layers.16.mlp.up_proj": 1209.0703125,
    "model.layers.16.mlp.down_proj": 1192.491943359375,
    "model.layers.17.self_attn.q_proj": 1193.5831298828125,
    "model.layers.17.self_attn.k_proj": 1265.912109375,
    "model.layers.17.self_attn.v_proj": 1397.9580078125,
    "model.layers.17.self_attn.o_proj": 1141.064208984375,
    "model.layers.17.mlp.gate_proj": 1157.09326171875,
    "model.layers.17.mlp.up_proj": 1218.2254638671875,
    "model.layers.17.mlp.down_proj": 1205.9488525390625,
    "model.layers.18.self_attn.q_proj": 1195.7132568359375,
    "model.layers.18.self_attn.k_proj": 1416.180908203125,
    "model.layers.18.self_attn.v_proj": 1393.355712890625,
    "model.layers.18.self_attn.o_proj": 1184.9869384765625,
    "model.layers.18.mlp.gate_proj": 1202.96240234375,
    "model.layers.18.mlp.up_proj": 1199.71533203125,
    "model.layers.18.mlp.down_proj": 1239.14990234375,
    "model.layers.19.self_attn.q_proj": 1239.28662109375,
    "model.layers.19.self_attn.k_proj": 1236.1436767578125,
    "model.layers.19.self_attn.v_proj": 1329.8447265625,
    "model.layers.19.self_attn.o_proj": 1180.908447265625,
    "model.layers.19.mlp.gate_proj": 1279.56298828125,
    "model.layers.19.mlp.up_proj": 1255.48486328125,
    "model.layers.19.mlp.down_proj": 1189.0789794921875,