{
    "model.layers.0.self_attn.q_proj": 1215.307861328125,
    "model.layers.0.self_attn.k_proj": 1215.307861328125,
    "model.layers.0.self_attn.v_proj": 1215.307861328125,
    "model.layers.0.self_attn.o_proj": 1214.7545166015625,
    "model.layers.0.mlp.gate_proj": 1215.2476806640625,
    "model.layers.0.mlp.up_proj": 1215.603759765625,
    "model.layers.0.mlp.down_proj": 1219.1705322265625,
    "model.layers.1.self_attn.q_proj": 1215.2852783203125,
    "model.layers.1.self_attn.k_proj": 1214.943115234375,
    "model.layers.1.self_attn.v_proj": 1209.6614990234375,
    "model.layers.1.self_attn.o_proj": 1226.158447265625,
    "model.layers.1.mlp.gate_proj": 1214.3834228515625,
    "model.layers.1.mlp.up_proj": 1211.74951171875,
    "model.layers.1.mlp.down_proj": 1194.1602783203125,
    "model.layers.2.self_attn.q_proj": 1208.728759765625,
    "model.layers.2.self_attn.k_proj": 1221.5667724609375,
    "model.layers.2.self_attn.v_proj": 1372.714599609375,
    "model.layers.2.self_attn.o_proj": 1205.874755859375,
    "model.layers.2.mlp.gate_proj": 1195.4844970703125,
    "model.layers.2.mlp.up_proj": 1215.0716552734375,
    "model.layers.2.mlp.down_proj": 1180.25537109375,
    "model.layers.3.self_attn.q_proj": 1222.257568359375,
    "model.layers.3.self_attn.k_proj": 1175.3350830078125,
    "model.layers.3.self_attn.v_proj": 1285.020751953125,
    "model.layers.3.self_attn.o_proj": 1227.519775390625,
    "model.layers.3.mlp.gate_proj": 1226.089599609375,
    "model.layers.3.mlp.up_proj": 1171.76171875,
    "model.layers.3.mlp.down_proj": 1264.08642578125,
    "model.layers.4.self_attn.q_proj": 1215.0224609375,
    "model.layers.4.self_attn.k_proj": 1169.9971923828125,
    "model.layers.4.self_attn.v_proj": 1347.9190673828125,
    "model.layers.4.self_attn.o_proj": 1158.9459228515625,
    "model.layers.4.mlp.gate_proj": 1206.119140625,
    "model.layers.4.mlp.up_proj": 1228.4967041015625,
    "model.layers.4.mlp.down_proj": 1229.967529296875,
    "model.layers.5.self_attn.q_proj": 1213.86572265625,
    "model.layers.5.self_attn.k_proj": 1262.6759033203125,
    "model.layers.5.self_attn.v_proj": 1296.813232421875,
    "model.layers.5.self_attn.o_proj": 1192.5489501953125,
    "model.layers.5.mlp.gate_proj": 1233.300048828125,
    "model.layers.5.mlp.up_proj": 1227.25390625,
    "model.layers.5.mlp.down_proj": 1209.9609375,
    "model.layers.6.self_attn.q_proj": 1180.1473388671875,
    "model.layers.6.self_attn.k_proj": 1221.70166015625,
    "model.layers.6.self_attn.v_proj": 1362.9527587890625,
    "model.layers.6.self_attn.o_proj": 1230.1854248046875,
    "model.layers.6.mlp.gate_proj": 1236.3978271484375,
    "model.layers.6.mlp.up_proj": 1271.07763671875,
    "model.layers.6.mlp.down_proj": 1191.078857421875,
    "model.layers.7.self_attn.q_proj": 1162.3218994140625,
    "model.layers.7.self_attn.k_proj": 1273.462890625,
    "model.layers.7.self_attn.v_proj": 1425.3348388671875,
    "model.layers.7.self_attn.o_proj": 1164.8170166015625,
    "model.layers.7.mlp.gate_proj": 1207.3218994140625,
    "model.layers.7.mlp.up_proj": 1198.645751953125,
    "model.layers.7.mlp.down_proj": 1210.70556640625,
    "model.layers.8.self_attn.q_proj": 1197.8580322265625,
    "model.layers.8.self_attn.k_proj": 1372.21337890625,
    "model.layers.8.self_attn.v_proj": 1355.9527587890625,
    "model.layers.8.self_attn.o_proj": 1211.0908203125,
    "model.layers.8.mlp.gate_proj": 1215.1787109375,
    "model.layers.8.mlp.up_proj": 1228.3355712890625,
    "model.layers.8.mlp.down_proj": 1190.0509033203125,
    "model.layers.9.self_attn.q_proj": 1225.06298828125,
    "model.layers.9.self_attn.k_proj": 1274.0128173828125,
    "model.layers.9.self_attn.v_proj": 1360.594970703125,
    "model.layers.9.self_attn.o_proj": 1197.807373046875,
    "model.layers.9.mlp.gate_proj": 1190.826416015625,
    "model.layers.9.mlp.up_proj": 1233.4296875,
    "model.layers.9.mlp.down_proj": 1223.2711181640625,
    "model.layers.10.self_attn.q_proj": 1246.3994140625,
    "model.layers.10.self_attn.k_proj": 1381.4698486328125,
    "model.layers.10.self_attn.v_proj": 1249.7384033203125,
    "model.layers.10.self_attn.o_proj": 1176.2088623046875,
    "model.layers.10.mlp.gate_proj": 1218.0830078125,
    "model.layers.10.mlp.up_proj": 1235.6737060546875,
    "model.layers.10.mlp.down_proj": 1244.9183349609375,
    "model.layers.11.self_attn.q_proj": 1233.7684326171875,
    "model.layers.11.self_attn.k_proj": 1307.2098388671875,
    "model.layers.11.self_attn.v_proj": 1340.8682861328125,
    "model.layers.11.self_attn.o_proj": 1194.47900390625,
    "model.layers.11.mlp.gate_proj": 1200.5919189453125,
    "model.layers.11.mlp.up_proj": 1237.7210693359375,
    "model.layers.11.mlp.down_proj": 1226.4552001953125,
    "model.layers.12.self_attn.q_proj": 1191.0369873046875,
    "model.layers.12.self_attn.k_proj": 1344.1534423828125,
    "model.layers.12.self_attn.v_proj": 1365.7257080078125,
    "model.layers.12.self_attn.o_proj": 1160.0548095703125,
    "model.layers.12.mlp.gate_proj": 1202.8426513671875,
    "model.layers.12.mlp.up_proj": 1236.9638671875,
    "model.layers.12.mlp.down_proj": 1233.2869873046875,
    "model.layers.13.self_attn.q_proj": 1226.7899169921875,
    "model.layers.13.self_attn.k_proj": 1210.208984375,
    "model.layers.13.self_attn.v_proj": 1287.89208984375,
    "model.layers.13.self_attn.o_proj": 1184.570068359375,
    "model.layers.13.mlp.gate_proj": 1192.598876953125,
    "model.layers.13.mlp.up_proj": 1236.8914794921875,
    "model.layers.13.mlp.down_proj": 1223.07666015625,
    "model.layers.14.self_attn.q_proj": 1212.8526611328125,
    "model.layers.14.self_attn.k_proj": 1231.6812744140625,
    "model.layers.14.self_attn.v_proj": 1332.0557861328125,
    "model.layers.14.self_attn.o_proj": 1198.85205078125,
    "model.layers.14.mlp.gate_proj": 1222.9368896484375,
    "model.layers.14.mlp.up_proj": 1224.936279296875,
    "model.layers.14.mlp.down_proj": 1178.99169921875,
    "model.layers.15.self_attn.q_proj": 1197.4066162109375,
    "model.layers.15.self_attn.k_proj": 1334.2821044921875,
    "model.layers.15.self_attn.v_proj": 1392.2117919921875,
    "model.layers.15.self_attn.o_proj": 1215.97900390625,
    "model.layers.15.mlp.gate_proj": 1230.5657958984375,
    "model.layers.15.mlp.up_proj": 1215.002685546875,
    "model.layers.15.mlp.down_proj": 1226.18701171875,
    "model.layers.16.self_attn.q_proj": 1203.98828125,
    "model.layers.16.self_attn.k_proj": 1217.6778564453125,
    "model.layers.16.self_attn.v_proj": 1306.14990234375,
    "model.layers.16.self_attn.o_proj": 1140.3172607421875,
    "model.layers.16.mlp.gate_proj": 1223.076171875,
    "model.layers.16.mlp.up_proj": 1219.8963623046875,
    "model.layers.16.mlp.down_proj": 1205.9228515625,
    "model.layers.17.self_attn.q_proj": 1204.365234375,
    "model.layers.17.self_attn.k_proj": 1255.76025390625,
    "model.layers.17.self_attn.v_proj": 1340.1077880859375,
    "model.layers.17.self_attn.o_proj": 1158.218505859375,
    "model.layers.17.mlp.gate_proj": 1158.7459716796875,
    "model.layers.17.mlp.up_proj": 1237.0224609375,
    "model.layers.17.mlp.down_proj": 1205.8671875,
    "model.layers.18.self_attn.q_proj": 1194.7562255859375,
    "model.layers.18.self_attn.k_proj": 1399.102294921875,
    "model.layers.18.self_attn.v_proj": 1382.01953125,
    "model.layers.18.self_attn.o_proj": 1190.390869140625,
    "model.layers.18.mlp.gate_proj": 1209.6541748046875,
    "model.layers.18.mlp.up_proj": 1201.5931396484375,
    "model.layers.18.mlp.down_proj": 1248.23583984375,
    "model.layers.19.self_attn.q_proj": 1242.468994140625,
    "model.layers.19.self_attn.k_proj": 1231.48681640625,
    "model.layers.19.self_attn.v_proj": 1303.807373046875,
    "model.layers.19.self_attn.o_proj": 1192.9906005859375,
    "model.layers.19.mlp.gate_proj": 1276.37255859375,
    "model.layers.19.mlp.up_proj": 1240.851318359375,
    "model.layers.19.mlp.down_proj": 1187.16015625,