{
    "model.layers.0.self_attn.q_proj": 1223.5880126953125,
    "model.layers.0.self_attn.k_proj": 1223.5880126953125,
    "model.layers.0.self_attn.v_proj": 1223.5880126953125,
    "model.layers.0.self_attn.o_proj": 1223.2391357421875,
    "model.layers.0.mlp.gate_proj": 1223.4847412109375,
    "model.layers.0.mlp.up_proj": 1223.9962158203125,
    "model.layers.0.mlp.down_proj": 1224.5400390625,
    "model.layers.1.self_attn.q_proj": 1223.5244140625,
    "model.layers.1.self_attn.k_proj": 1223.49853515625,
    "model.layers.1.self_attn.v_proj": 1219.578857421875,
    "model.layers.1.self_attn.o_proj": 1220.80908203125,
    "model.layers.1.mlp.gate_proj": 1227.2001953125,
    "model.layers.1.mlp.up_proj": 1223.7801513671875,
    "model.layers.1.mlp.down_proj": 1234.1844482421875,
    "model.layers.2.self_attn.q_proj": 1219.5982666015625,
    "model.layers.2.self_attn.k_proj": 1227.4853515625,
    "model.layers.2.self_attn.v_proj": 1267.3216552734375,
    "model.layers.2.self_attn.o_proj": 1218.11328125,
    "model.layers.2.mlp.gate_proj": 1216.23095703125,
    "model.layers.2.mlp.up_proj": 1215.71484375,
    "model.layers.2.mlp.down_proj": 1200.3453369140625,
    "model.layers.3.self_attn.q_proj": 1224.9556884765625,
    "model.layers.3.self_attn.k_proj": 1221.5,
    "model.layers.3.self_attn.v_proj": 1257.099365234375,
    "model.layers.3.self_attn.o_proj": 1227.74267578125,
    "model.layers.3.mlp.gate_proj": 1224.71142578125,
    "model.layers.3.mlp.up_proj": 1198.6348876953125,
    "model.layers.3.mlp.down_proj": 1246.2783203125,
    "model.layers.4.self_attn.q_proj": 1234.0303955078125,
    "model.layers.4.self_attn.k_proj": 1203.9639892578125,
    "model.layers.4.self_attn.v_proj": 1258.2166748046875,
    "model.layers.4.self_attn.o_proj": 1199.9796142578125,
    "model.layers.4.mlp.gate_proj": 1230.009033203125,
    "model.layers.4.mlp.up_proj": 1217.4991455078125,
    "model.layers.4.mlp.down_proj": 1231.67138671875,
    "model.layers.5.self_attn.q_proj": 1215.3707275390625,
    "model.layers.5.self_attn.k_proj": 1240.0462646484375,
    "model.layers.5.self_attn.v_proj": 1231.7626953125,
    "model.layers.5.self_attn.o_proj": 1230.532470703125,
    "model.layers.5.mlp.gate_proj": 1230.9149169921875,
    "model.layers.5.mlp.up_proj": 1230.057861328125,
    "model.layers.5.mlp.down_proj": 1217.0599365234375,
    "model.layers.6.self_attn.q_proj": 1210.640869140625,
    "model.layers.6.self_attn.k_proj": 1230.1873779296875,
    "model.layers.6.self_attn.v_proj": 1243.9647216796875,
    "model.layers.6.self_attn.o_proj": 1213.3021240234375,
    "model.layers.6.mlp.gate_proj": 1248.5260009765625,
    "model.layers.6.mlp.up_proj": 1228.741943359375,
    "model.layers.6.mlp.down_proj": 1245.424072265625,
    "model.layers.7.self_attn.q_proj": 1215.8408203125,
    "model.layers.7.self_attn.k_proj": 1262.33203125,
    "model.layers.7.self_attn.v_proj": 1295.3822021484375,
    "model.layers.7.self_attn.o_proj": 1199.0540771484375,
    "model.layers.7.mlp.gate_proj": 1234.3143310546875,
    "model.layers.7.mlp.up_proj": 1203.88818359375,
    "model.layers.7.mlp.down_proj": 1200.357177734375,
    "model.layers.8.self_attn.q_proj": 1213.464111328125,
    "model.layers.8.self_attn.k_proj": 1262.3345947265625,
    "model.layers.8.self_attn.v_proj": 1282.1138916015625,
    "model.layers.8.self_attn.o_proj": 1221.3741455078125,
    "model.layers.8.mlp.gate_proj": 1226.23046875,
    "model.layers.8.mlp.up_proj": 1229.6407470703125,
    "model.layers.8.mlp.down_proj": 1219.272705078125,
    "model.layers.9.self_attn.q_proj": 1228.4105224609375,
    "model.layers.9.self_attn.k_proj": 1240.9013671875,
    "model.layers.9.self_attn.v_proj": 1286.9686279296875,
    "model.layers.9.self_attn.o_proj": 1203.6749267578125,
    "model.layers.9.mlp.gate_proj": 1224.1866455078125,
    "model.layers.9.mlp.up_proj": 1232.40283203125,
    "model.layers.9.mlp.down_proj": 1206.6932373046875,
    "model.layers.10.self_attn.q_proj": 1230.950927734375,
    "model.layers.10.self_attn.k_proj": 1276.1561279296875,
    "model.layers.10.self_attn.v_proj": 1215.7681884765625,
    "model.layers.10.self_attn.o_proj": 1226.6966552734375,
    "model.layers.10.mlp.gate_proj": 1218.84765625,
    "model.layers.10.mlp.up_proj": 1237.2412109375,
    "model.layers.10.mlp.down_proj": 1226.623779296875,
    "model.layers.11.self_attn.q_proj": 1246.789306640625,
    "model.layers.11.self_attn.k_proj": 1259.4976806640625,
    "model.layers.11.self_attn.v_proj": 1240.0621337890625,
    "model.layers.11.self_attn.o_proj": 1225.72998046875,
    "model.layers.11.mlp.gate_proj": 1220.3404541015625,
    "model.layers.11.mlp.up_proj": 1242.2996826171875,
    "model.layers.11.mlp.down_proj": 1239.07275390625,
    "model.layers.12.self_attn.q_proj": 1214.534912109375,
    "model.layers.12.self_attn.k_proj": 1274.4530029296875,
    "model.layers.12.self_attn.v_proj": 1293.9349365234375,
    "model.layers.12.self_attn.o_proj": 1203.8895263671875,
    "model.layers.12.mlp.gate_proj": 1239.463623046875,
    "model.layers.12.mlp.up_proj": 1229.82666015625,
    "model.layers.12.mlp.down_proj": 1242.43505859375,
    "model.layers.13.self_attn.q_proj": 1237.915283203125,
    "model.layers.13.self_attn.k_proj": 1214.985595703125,
    "model.layers.13.self_attn.v_proj": 1242.5467529296875,
    "model.layers.13.self_attn.o_proj": 1228.592041015625,
    "model.layers.13.mlp.gate_proj": 1202.7947998046875,
    "model.layers.13.mlp.up_proj": 1227.19580078125,
    "model.layers.13.mlp.down_proj": 1235.037109375,
    "model.layers.14.self_attn.q_proj": 1220.781982421875,
    "model.layers.14.self_attn.k_proj": 1222.716796875,
    "model.layers.14.self_attn.v_proj": 1242.252197265625,
    "model.layers.14.self_attn.o_proj": 1217.80615234375,
    "model.layers.14.mlp.gate_proj": 1235.42333984375,
    "model.layers.14.mlp.up_proj": 1234.858154296875,
    "model.layers.14.mlp.down_proj": 1216.99609375,
    "model.layers.15.self_attn.q_proj": 1223.4605712890625,
    "model.layers.15.self_attn.k_proj": 1269.4127197265625,
    "model.layers.15.self_attn.v_proj": 1279.0020751953125,
    "model.layers.15.self_attn.o_proj": 1222.1832275390625,
    "model.layers.15.mlp.gate_proj": 1247.538818359375,
    "model.layers.15.mlp.up_proj": 1220.957763671875,
    "model.layers.15.mlp.down_proj": 1215.9866943359375,
    "model.layers.16.self_attn.q_proj": 1215.31591796875,
    "model.layers.16.self_attn.k_proj": 1224.5667724609375,
    "model.layers.16.self_attn.v_proj": 1259.1578369140625,
    "model.layers.16.self_attn.o_proj": 1210.354736328125,
    "model.layers.16.mlp.gate_proj": 1234.9091796875,
    "model.layers.16.mlp.up_proj": 1214.75244140625,
    "model.layers.16.mlp.down_proj": 1213.4508056640625,
    "model.layers.17.self_attn.q_proj": 1223.150146484375,
    "model.layers.17.self_attn.k_proj": 1229.9197998046875,
    "model.layers.17.self_attn.v_proj": 1249.0,
    "model.layers.17.self_attn.o_proj": 1201.18310546875,
    "model.layers.17.mlp.gate_proj": 1211.361328125,
    "model.layers.17.mlp.up_proj": 1231.932373046875,
    "model.layers.17.mlp.down_proj": 1230.5430908203125,
    "model.layers.18.self_attn.q_proj": 1221.0872802734375,
    "model.layers.18.self_attn.k_proj": 1279.0513916015625,
    "model.layers.18.self_attn.v_proj": 1270.942138671875,
    "model.layers.18.self_attn.o_proj": 1223.1583251953125,
    "model.layers.18.mlp.gate_proj": 1227.2821044921875,
    "model.layers.18.mlp.up_proj": 1208.678955078125,
    "model.layers.18.mlp.down_proj": 1222.9931640625,
    "model.layers.19.self_attn.q_proj": 1237.8917236328125,
    "model.layers.19.self_attn.k_proj": 1227.357177734375,
    "model.layers.19.self_attn.v_proj": 1246.8475341796875,
    "model.layers.19.self_attn.o_proj": 1222.1002197265625,
    "model.layers.19.mlp.gate_proj": 1237.9068603515625,
    "model.layers.19.mlp.up_proj": 1234.193603515625,
    "model.layers.19.mlp.down_proj": 1208.9075927734375,