{
    "model.layers.0.self_attn.q_proj": 1217.644287109375,
    "model.layers.0.self_attn.k_proj": 1217.644287109375,
    "model.layers.0.self_attn.v_proj": 1217.644287109375,
    "model.layers.0.self_attn.o_proj": 1217.18701171875,
    "model.layers.0.mlp.gate_proj": 1217.550537109375,
    "model.layers.0.mlp.up_proj": 1218.014892578125,
    "model.layers.0.mlp.down_proj": 1221.33984375,
    "model.layers.1.self_attn.q_proj": 1217.6248779296875,
    "model.layers.1.self_attn.k_proj": 1217.1260986328125,
    "model.layers.1.self_attn.v_proj": 1212.604736328125,
    "model.layers.1.self_attn.o_proj": 1221.849853515625,
    "model.layers.1.mlp.gate_proj": 1218.1353759765625,
    "model.layers.1.mlp.up_proj": 1215.5609130859375,
    "model.layers.1.mlp.down_proj": 1213.665283203125,
    "model.layers.2.self_attn.q_proj": 1212.4625244140625,
    "model.layers.2.self_attn.k_proj": 1226.0772705078125,
    "model.layers.2.self_attn.v_proj": 1336.3074951171875,
    "model.layers.2.self_attn.o_proj": 1210.9417724609375,
    "model.layers.2.mlp.gate_proj": 1194.825439453125,
    "model.layers.2.mlp.up_proj": 1214.6824951171875,
    "model.layers.2.mlp.down_proj": 1179.853515625,
    "model.layers.3.self_attn.q_proj": 1219.6103515625,
    "model.layers.3.self_attn.k_proj": 1197.9571533203125,
    "model.layers.3.self_attn.v_proj": 1278.673095703125,
    "model.layers.3.self_attn.o_proj": 1234.8536376953125,
    "model.layers.3.mlp.gate_proj": 1230.8201904296875,
    "model.layers.3.mlp.up_proj": 1184.0628662109375,
    "model.layers.3.mlp.down_proj": 1260.89013671875,
    "model.layers.4.self_attn.q_proj": 1214.52783203125,
    "model.layers.4.self_attn.k_proj": 1171.2515869140625,
    "model.layers.4.self_attn.v_proj": 1324.5987548828125,
    "model.layers.4.self_attn.o_proj": 1171.1422119140625,
    "model.layers.4.mlp.gate_proj": 1208.746826171875,
    "model.layers.4.mlp.up_proj": 1229.8414306640625,
    "model.layers.4.mlp.down_proj": 1233.2911376953125,
    "model.layers.5.self_attn.q_proj": 1215.7398681640625,
    "model.layers.5.self_attn.k_proj": 1262.9892578125,
    "model.layers.5.self_attn.v_proj": 1288.4532470703125,
    "model.layers.5.self_attn.o_proj": 1199.985595703125,
    "model.layers.5.mlp.gate_proj": 1243.8470458984375,
    "model.layers.5.mlp.up_proj": 1236.1092529296875,
    "model.layers.5.mlp.down_proj": 1216.9105224609375,
    "model.layers.6.self_attn.q_proj": 1179.6199951171875,
    "model.layers.6.self_attn.k_proj": 1230.8778076171875,
    "model.layers.6.self_attn.v_proj": 1334.568115234375,
    "model.layers.6.self_attn.o_proj": 1229.016357421875,
    "model.layers.6.mlp.gate_proj": 1240.876220703125,
    "model.layers.6.mlp.up_proj": 1264.47216796875,
    "model.layers.6.mlp.down_proj": 1210.6795654296875,
    "model.layers.7.self_attn.q_proj": 1176.98095703125,
    "model.layers.7.self_attn.k_proj": 1274.2762451171875,
    "model.layers.7.self_attn.v_proj": 1385.2078857421875,
    "model.layers.7.self_attn.o_proj": 1168.564453125,
    "model.layers.7.mlp.gate_proj": 1220.5828857421875,
    "model.layers.7.mlp.up_proj": 1181.1962890625,
    "model.layers.7.mlp.down_proj": 1212.1617431640625,
    "model.layers.8.self_attn.q_proj": 1194.9404296875,
    "model.layers.8.self_attn.k_proj": 1340.6175537109375,
    "model.layers.8.self_attn.v_proj": 1349.49609375,
    "model.layers.8.self_attn.o_proj": 1218.7249755859375,
    "model.layers.8.mlp.gate_proj": 1221.967041015625,
    "model.layers.8.mlp.up_proj": 1223.9014892578125,
    "model.layers.8.mlp.down_proj": 1194.130126953125,
    "model.layers.9.self_attn.q_proj": 1230.2225341796875,
    "model.layers.9.self_attn.k_proj": 1267.7255859375,
    "model.layers.9.self_attn.v_proj": 1340.035888671875,
    "model.layers.9.self_attn.o_proj": 1201.4931640625,
    "model.layers.9.mlp.gate_proj": 1191.921875,
    "model.layers.9.mlp.up_proj": 1227.583251953125,
    "model.layers.9.mlp.down_proj": 1208.9520263671875,
    "model.layers.10.self_attn.q_proj": 1239.586181640625,
    "model.layers.10.self_attn.k_proj": 1346.0950927734375,
    "model.layers.10.self_attn.v_proj": 1238.3729248046875,
    "model.layers.10.self_attn.o_proj": 1184.48095703125,
    "model.layers.10.mlp.gate_proj": 1221.36669921875,
    "model.layers.10.mlp.up_proj": 1238.6864013671875,
    "model.layers.10.mlp.down_proj": 1236.7471923828125,
    "model.layers.11.self_attn.q_proj": 1229.9234619140625,
    "model.layers.11.self_attn.k_proj": 1301.3482666015625,
    "model.layers.11.self_attn.v_proj": 1317.103515625,
    "model.layers.11.self_attn.o_proj": 1200.1055908203125,
    "model.layers.11.mlp.gate_proj": 1202.427734375,
    "model.layers.11.mlp.up_proj": 1237.8739013671875,
    "model.layers.11.mlp.down_proj": 1231.922607421875,
    "model.layers.12.self_attn.q_proj": 1197.4365234375,
    "model.layers.12.self_attn.k_proj": 1325.7510986328125,
    "model.layers.12.self_attn.v_proj": 1361.601318359375,
    "model.layers.12.self_attn.o_proj": 1166.7376708984375,
    "model.layers.12.mlp.gate_proj": 1207.7032470703125,
    "model.layers.12.mlp.up_proj": 1234.6473388671875,
    "model.layers.12.mlp.down_proj": 1234.331298828125,
    "model.layers.13.self_attn.q_proj": 1230.2403564453125,
    "model.layers.13.self_attn.k_proj": 1214.6395263671875,
    "model.layers.13.self_attn.v_proj": 1272.76318359375,
    "model.layers.13.self_attn.o_proj": 1198.2611083984375,
    "model.layers.13.mlp.gate_proj": 1199.015625,
    "model.layers.13.mlp.up_proj": 1233.9110107421875,
    "model.layers.13.mlp.down_proj": 1247.921142578125,
    "model.layers.14.self_attn.q_proj": 1214.629638671875,
    "model.layers.14.self_attn.k_proj": 1230.6927490234375,
    "model.layers.14.self_attn.v_proj": 1314.63916015625,
    "model.layers.14.self_attn.o_proj": 1203.3680419921875,
    "model.layers.14.mlp.gate_proj": 1223.34423828125,
    "model.layers.14.mlp.up_proj": 1228.2886962890625,
    "model.layers.14.mlp.down_proj": 1199.845703125,
    "model.layers.15.self_attn.q_proj": 1202.8590087890625,
    "model.layers.15.self_attn.k_proj": 1329.15478515625,
    "model.layers.15.self_attn.v_proj": 1361.7061767578125,
    "model.layers.15.self_attn.o_proj": 1221.66015625,
    "model.layers.15.mlp.gate_proj": 1238.18896484375,
    "model.layers.15.mlp.up_proj": 1216.4774169921875,
    "model.layers.15.mlp.down_proj": 1232.7244873046875,
    "model.layers.16.self_attn.q_proj": 1202.1168212890625,
    "model.layers.16.self_attn.k_proj": 1222.12646484375,
    "model.layers.16.self_attn.v_proj": 1293.7459716796875,
    "model.layers.16.self_attn.o_proj": 1159.4012451171875,
    "model.layers.16.mlp.gate_proj": 1224.489501953125,
    "model.layers.16.mlp.up_proj": 1221.733642578125,
    "model.layers.16.mlp.down_proj": 1201.3463134765625,
    "model.layers.17.self_attn.q_proj": 1213.447998046875,
    "model.layers.17.self_attn.k_proj": 1255.5848388671875,
    "model.layers.17.self_attn.v_proj": 1300.0557861328125,
    "model.layers.17.self_attn.o_proj": 1167.622802734375,
    "model.layers.17.mlp.gate_proj": 1172.8092041015625,
    "model.layers.17.mlp.up_proj": 1244.89453125,
    "model.layers.17.mlp.down_proj": 1219.9783935546875,
    "model.layers.18.self_attn.q_proj": 1198.43310546875,
    "model.layers.18.self_attn.k_proj": 1381.8365478515625,
    "model.layers.18.self_attn.v_proj": 1361.0467529296875,
    "model.layers.18.self_attn.o_proj": 1192.27783203125,
    "model.layers.18.mlp.gate_proj": 1210.364990234375,
    "model.layers.18.mlp.up_proj": 1203.253662109375,
    "model.layers.18.mlp.down_proj": 1261.7713623046875,
    "model.layers.19.self_attn.q_proj": 1240.813232421875,
    "model.layers.19.self_attn.k_proj": 1223.6661376953125,
    "model.layers.19.self_attn.v_proj": 1296.4732666015625,
    "model.layers.19.self_attn.o_proj": 1197.2841796875,
    "model.layers.19.mlp.gate_proj": 1266.8994140625,
    "model.layers.19.mlp.up_proj": 1240.519287109375,
    "model.layers.19.mlp.down_proj": 1190.328125,