{
    "model.layers.0.self_attn.q_proj": 1218.5496826171875,
    "model.layers.0.self_attn.k_proj": 1218.5496826171875,
    "model.layers.0.self_attn.v_proj": 1218.5496826171875,
    "model.layers.0.self_attn.o_proj": 1218.145263671875,
    "model.layers.0.mlp.gate_proj": 1218.4443359375,
    "model.layers.0.mlp.up_proj": 1218.9541015625,
    "model.layers.0.mlp.down_proj": 1221.8460693359375,
    "model.layers.1.self_attn.q_proj": 1218.54638671875,
    "model.layers.1.self_attn.k_proj": 1218.1082763671875,
    "model.layers.1.self_attn.v_proj": 1214.9400634765625,
    "model.layers.1.self_attn.o_proj": 1219.71435546875,
    "model.layers.1.mlp.gate_proj": 1219.2467041015625,
    "model.layers.1.mlp.up_proj": 1215.91162109375,
    "model.layers.1.mlp.down_proj": 1224.9378662109375,
    "model.layers.2.self_attn.q_proj": 1213.1866455078125,
    "model.layers.2.self_attn.k_proj": 1227.2301025390625,
    "model.layers.2.self_attn.v_proj": 1329.517822265625,
    "model.layers.2.self_attn.o_proj": 1220.0384521484375,
    "model.layers.2.mlp.gate_proj": 1198.7039794921875,
    "model.layers.2.mlp.up_proj": 1214.73388671875,
    "model.layers.2.mlp.down_proj": 1181.51611328125,
    "model.layers.3.self_attn.q_proj": 1222.3187255859375,
    "model.layers.3.self_attn.k_proj": 1203.4364013671875,
    "model.layers.3.self_attn.v_proj": 1271.291259765625,
    "model.layers.3.self_attn.o_proj": 1233.059814453125,
    "model.layers.3.mlp.gate_proj": 1226.6473388671875,
    "model.layers.3.mlp.up_proj": 1185.3919677734375,
    "model.layers.3.mlp.down_proj": 1259.63671875,
    "model.layers.4.self_attn.q_proj": 1216.8397216796875,
    "model.layers.4.self_attn.k_proj": 1174.8319091796875,
    "model.layers.4.self_attn.v_proj": 1304.875244140625,
    "model.layers.4.self_attn.o_proj": 1173.2298583984375,
    "model.layers.4.mlp.gate_proj": 1211.7637939453125,
    "model.layers.4.mlp.up_proj": 1229.1806640625,
    "model.layers.4.mlp.down_proj": 1236.081787109375,
    "model.layers.5.self_attn.q_proj": 1214.9290771484375,
    "model.layers.5.self_attn.k_proj": 1261.112548828125,
    "model.layers.5.self_attn.v_proj": 1278.0416259765625,
    "model.layers.5.self_attn.o_proj": 1199.9744873046875,
    "model.layers.5.mlp.gate_proj": 1243.7847900390625,
    "model.layers.5.mlp.up_proj": 1235.9139404296875,
    "model.layers.5.mlp.down_proj": 1217.134033203125,
    "model.layers.6.self_attn.q_proj": 1180.623046875,
    "model.layers.6.self_attn.k_proj": 1234.4561767578125,
    "model.layers.6.self_attn.v_proj": 1318.2086181640625,
    "model.layers.6.self_attn.o_proj": 1221.685791015625,
    "model.layers.6.mlp.gate_proj": 1240.025146484375,
    "model.layers.6.mlp.up_proj": 1259.4989013671875,
    "model.layers.6.mlp.down_proj": 1220.8197021484375,
    "model.layers.7.self_attn.q_proj": 1180.0120849609375,
    "model.layers.7.self_attn.k_proj": 1276.2261962890625,
    "model.layers.7.self_attn.v_proj": 1366.7716064453125,
    "model.layers.7.self_attn.o_proj": 1174.7061767578125,
    "model.layers.7.mlp.gate_proj": 1224.5855712890625,
    "model.layers.7.mlp.up_proj": 1175.92529296875,
    "model.layers.7.mlp.down_proj": 1207.61865234375,
    "model.layers.8.self_attn.q_proj": 1197.077392578125,
    "model.layers.8.self_attn.k_proj": 1324.9495849609375,
    "model.layers.8.self_attn.v_proj": 1342.288818359375,
    "model.layers.8.self_attn.o_proj": 1217.783935546875,
    "model.layers.8.mlp.gate_proj": 1225.1436767578125,
    "model.layers.8.mlp.up_proj": 1223.2637939453125,
    "model.layers.8.mlp.down_proj": 1203.1710205078125,
    "model.layers.9.self_attn.q_proj": 1236.1590576171875,
    "model.layers.9.self_attn.k_proj": 1266.5244140625,
    "model.layers.9.self_attn.v_proj": 1330.43505859375,
    "model.layers.9.self_attn.o_proj": 1204.9974365234375,
    "model.layers.9.mlp.gate_proj": 1192.9412841796875,
    "model.layers.9.mlp.up_proj": 1228.8326416015625,
    "model.layers.9.mlp.down_proj": 1207.015625,
    "model.layers.10.self_attn.q_proj": 1231.597900390625,
    "model.layers.10.self_attn.k_proj": 1333.5550537109375,
    "model.layers.10.self_attn.v_proj": 1230.2222900390625,
    "model.layers.10.self_attn.o_proj": 1187.123779296875,
    "model.layers.10.mlp.gate_proj": 1221.6435546875,
    "model.layers.10.mlp.up_proj": 1241.6143798828125,
    "model.layers.10.mlp.down_proj": 1229.3558349609375,
    "model.layers.11.self_attn.q_proj": 1229.48046875,
    "model.layers.11.self_attn.k_proj": 1299.796142578125,
    "model.layers.11.self_attn.v_proj": 1309.3760986328125,
    "model.layers.11.self_attn.o_proj": 1203.18505859375,
    "model.layers.11.mlp.gate_proj": 1203.806396484375,
    "model.layers.11.mlp.up_proj": 1238.3084716796875,
    "model.layers.11.mlp.down_proj": 1232.8182373046875,
    "model.layers.12.self_attn.q_proj": 1199.2506103515625,
    "model.layers.12.self_attn.k_proj": 1316.8228759765625,
    "model.layers.12.self_attn.v_proj": 1355.7646484375,
    "model.layers.12.self_attn.o_proj": 1166.97412109375,
    "model.layers.12.mlp.gate_proj": 1214.2061767578125,
    "model.layers.12.mlp.up_proj": 1234.56591796875,
    "model.layers.12.mlp.down_proj": 1232.8135986328125,
    "model.layers.13.self_attn.q_proj": 1235.870361328125,
    "model.layers.13.self_attn.k_proj": 1215.4312744140625,
    "model.layers.13.self_attn.v_proj": 1268.815673828125,
    "model.layers.13.self_attn.o_proj": 1204.3643798828125,
    "model.layers.13.mlp.gate_proj": 1201.6156005859375,
    "model.layers.13.mlp.up_proj": 1232.1829833984375,
    "model.layers.13.mlp.down_proj": 1247.4544677734375,
    "model.layers.14.self_attn.q_proj": 1211.9281005859375,
    "model.layers.14.self_attn.k_proj": 1228.1195068359375,
    "model.layers.14.self_attn.v_proj": 1304.9879150390625,
    "model.layers.14.self_attn.o_proj": 1207.599609375,
    "model.layers.14.mlp.gate_proj": 1223.48876953125,
    "model.layers.14.mlp.up_proj": 1234.3154296875,
    "model.layers.14.mlp.down_proj": 1199.3875732421875,
    "model.layers.15.self_attn.q_proj": 1205.34375,
    "model.layers.15.self_attn.k_proj": 1326.638671875,
    "model.layers.15.self_attn.v_proj": 1346.457763671875,
    "model.layers.15.self_attn.o_proj": 1220.14892578125,
    "model.layers.15.mlp.gate_proj": 1241.211669921875,
    "model.layers.15.mlp.up_proj": 1215.13720703125,
    "model.layers.15.mlp.down_proj": 1229.5086669921875,
    "model.layers.16.self_attn.q_proj": 1205.4178466796875,
    "model.layers.16.self_attn.k_proj": 1224.4276123046875,
    "model.layers.16.self_attn.v_proj": 1288.8441162109375,
    "model.layers.16.self_attn.o_proj": 1169.9053955078125,
    "model.layers.16.mlp.gate_proj": 1226.0743408203125,
    "model.layers.16.mlp.up_proj": 1222.3238525390625,
    "model.layers.16.mlp.down_proj": 1197.8831787109375,
    "model.layers.17.self_attn.q_proj": 1214.05126953125,
    "model.layers.17.self_attn.k_proj": 1251.8321533203125,
    "model.layers.17.self_attn.v_proj": 1286.8111572265625,
    "model.layers.17.self_attn.o_proj": 1171.2435302734375,
    "model.layers.17.mlp.gate_proj": 1179.495361328125,
    "model.layers.17.mlp.up_proj": 1242.0997314453125,
    "model.layers.17.mlp.down_proj": 1219.1214599609375,
    "model.layers.18.self_attn.q_proj": 1201.2703857421875,
    "model.layers.18.self_attn.k_proj": 1368.16552734375,
    "model.layers.18.self_attn.v_proj": 1345.17724609375,
    "model.layers.18.self_attn.o_proj": 1195.269775390625,
    "model.layers.18.mlp.gate_proj": 1211.5703125,
    "model.layers.18.mlp.up_proj": 1201.49951171875,
    "model.layers.18.mlp.down_proj": 1266.8258056640625,
    "model.layers.19.self_attn.q_proj": 1239.2908935546875,
    "model.layers.19.self_attn.k_proj": 1224.294677734375,
    "model.layers.19.self_attn.v_proj": 1286.646240234375,
    "model.layers.19.self_attn.o_proj": 1203.359375,
    "model.layers.19.mlp.gate_proj": 1260.8448486328125,
    "model.layers.19.mlp.up_proj": 1241.3564453125,
    "model.layers.19.mlp.down_proj": 1192.094482421875,