{
    "model.layers.0.self_attn.q_proj": 1213.872314453125,
    "model.layers.0.self_attn.k_proj": 1213.872314453125,
    "model.layers.0.self_attn.v_proj": 1213.872314453125,
    "model.layers.0.self_attn.o_proj": 1213.4521484375,
    "model.layers.0.mlp.gate_proj": 1213.86376953125,
    "model.layers.0.mlp.up_proj": 1214.1480712890625,
    "model.layers.0.mlp.down_proj": 1217.5419921875,
    "model.layers.1.self_attn.q_proj": 1213.9256591796875,
    "model.layers.1.self_attn.k_proj": 1213.6695556640625,
    "model.layers.1.self_attn.v_proj": 1208.98583984375,
    "model.layers.1.self_attn.o_proj": 1228.0518798828125,
    "model.layers.1.mlp.gate_proj": 1212.2904052734375,
    "model.layers.1.mlp.up_proj": 1209.093017578125,
    "model.layers.1.mlp.down_proj": 1189.2711181640625,
    "model.layers.2.self_attn.q_proj": 1210.5001220703125,
    "model.layers.2.self_attn.k_proj": 1218.084716796875,
    "model.layers.2.self_attn.v_proj": 1421.5533447265625,
    "model.layers.2.self_attn.o_proj": 1209.1170654296875,
    "model.layers.2.mlp.gate_proj": 1201.07470703125,
    "model.layers.2.mlp.up_proj": 1203.4664306640625,
    "model.layers.2.mlp.down_proj": 1164.887939453125,
    "model.layers.3.self_attn.q_proj": 1225.1593017578125,
    "model.layers.3.self_attn.k_proj": 1146.930419921875,
    "model.layers.3.self_attn.v_proj": 1308.60498046875,
    "model.layers.3.self_attn.o_proj": 1225.94775390625,
    "model.layers.3.mlp.gate_proj": 1217.9896240234375,
    "model.layers.3.mlp.up_proj": 1172.851806640625,
    "model.layers.3.mlp.down_proj": 1252.517578125,
    "model.layers.4.self_attn.q_proj": 1213.6937255859375,
    "model.layers.4.self_attn.k_proj": 1176.79931640625,
    "model.layers.4.self_attn.v_proj": 1351.0169677734375,
    "model.layers.4.self_attn.o_proj": 1183.1260986328125,
    "model.layers.4.mlp.gate_proj": 1215.44775390625,
    "model.layers.4.mlp.up_proj": 1233.3250732421875,
    "model.layers.4.mlp.down_proj": 1228.8223876953125,
    "model.layers.5.self_attn.q_proj": 1205.1357421875,
    "model.layers.5.self_attn.k_proj": 1266.5543212890625,
    "model.layers.5.self_attn.v_proj": 1311.357421875,
    "model.layers.5.self_attn.o_proj": 1178.197998046875,
    "model.layers.5.mlp.gate_proj": 1226.420166015625,
    "model.layers.5.mlp.up_proj": 1234.017578125,
    "model.layers.5.mlp.down_proj": 1198.3931884765625,
    "model.layers.6.self_attn.q_proj": 1158.042724609375,
    "model.layers.6.self_attn.k_proj": 1217.9970703125,
    "model.layers.6.self_attn.v_proj": 1397.0067138671875,
    "model.layers.6.self_attn.o_proj": 1229.5762939453125,
    "model.layers.6.mlp.gate_proj": 1231.5972900390625,
    "model.layers.6.mlp.up_proj": 1260.9471435546875,
    "model.layers.6.mlp.down_proj": 1203.9720458984375,
    "model.layers.7.self_attn.q_proj": 1149.4466552734375,
    "model.layers.7.self_attn.k_proj": 1286.9324951171875,
    "model.layers.7.self_attn.v_proj": 1448.04296875,
    "model.layers.7.self_attn.o_proj": 1153.9359130859375,
    "model.layers.7.mlp.gate_proj": 1186.3173828125,
    "model.layers.7.mlp.up_proj": 1207.1708984375,
    "model.layers.7.mlp.down_proj": 1209.708251953125,
    "model.layers.8.self_attn.q_proj": 1201.02099609375,
    "model.layers.8.self_attn.k_proj": 1388.7681884765625,
    "model.layers.8.self_attn.v_proj": 1386.8753662109375,
    "model.layers.8.self_attn.o_proj": 1213.415771484375,
    "model.layers.8.mlp.gate_proj": 1210.4644775390625,
    "model.layers.8.mlp.up_proj": 1219.8046875,
    "model.layers.8.mlp.down_proj": 1188.1695556640625,
    "model.layers.9.self_attn.q_proj": 1229.1593017578125,
    "model.layers.9.self_attn.k_proj": 1288.985107421875,
    "model.layers.9.self_attn.v_proj": 1386.463623046875,
    "model.layers.9.self_attn.o_proj": 1196.2750244140625,
    "model.layers.9.mlp.gate_proj": 1184.88720703125,
    "model.layers.9.mlp.up_proj": 1236.492431640625,
    "model.layers.9.mlp.down_proj": 1223.566650390625,
    "model.layers.10.self_attn.q_proj": 1247.229248046875,
    "model.layers.10.self_attn.k_proj": 1404.0966796875,
    "model.layers.10.self_attn.v_proj": 1263.798828125,
    "model.layers.10.self_attn.o_proj": 1175.9761962890625,
    "model.layers.10.mlp.gate_proj": 1220.8465576171875,
    "model.layers.10.mlp.up_proj": 1228.7252197265625,
    "model.layers.10.mlp.down_proj": 1251.2681884765625,
    "model.layers.11.self_attn.q_proj": 1236.40869140625,
    "model.layers.11.self_attn.k_proj": 1321.658447265625,
    "model.layers.11.self_attn.v_proj": 1353.9312744140625,
    "model.layers.11.self_attn.o_proj": 1189.88037109375,
    "model.layers.11.mlp.gate_proj": 1195.8740234375,
    "model.layers.11.mlp.up_proj": 1231.8193359375,
    "model.layers.11.mlp.down_proj": 1249.967529296875,
    "model.layers.12.self_attn.q_proj": 1194.0106201171875,
    "model.layers.12.self_attn.k_proj": 1367.047119140625,
    "model.layers.12.self_attn.v_proj": 1364.5128173828125,
    "model.layers.12.self_attn.o_proj": 1145.7869873046875,
    "model.layers.12.mlp.gate_proj": 1200.1588134765625,
    "model.layers.12.mlp.up_proj": 1252.0738525390625,
    "model.layers.12.mlp.down_proj": 1228.5980224609375,
    "model.layers.13.self_attn.q_proj": 1226.218505859375,
    "model.layers.13.self_attn.k_proj": 1212.370849609375,
    "model.layers.13.self_attn.v_proj": 1310.2288818359375,
    "model.layers.13.self_attn.o_proj": 1187.3582763671875,
    "model.layers.13.mlp.gate_proj": 1194.5550537109375,
    "model.layers.13.mlp.up_proj": 1237.3582763671875,
    "model.layers.13.mlp.down_proj": 1210.603271484375,
    "model.layers.14.self_attn.q_proj": 1211.046142578125,
    "model.layers.14.self_attn.k_proj": 1229.30419921875,
    "model.layers.14.self_attn.v_proj": 1343.651123046875,
    "model.layers.14.self_attn.o_proj": 1191.5836181640625,
    "model.layers.14.mlp.gate_proj": 1226.2603759765625,
    "model.layers.14.mlp.up_proj": 1227.2564697265625,
    "model.layers.14.mlp.down_proj": 1180.1656494140625,
    "model.layers.15.self_attn.q_proj": 1198.292236328125,
    "model.layers.15.self_attn.k_proj": 1339.942138671875,
    "model.layers.15.self_attn.v_proj": 1414.2850341796875,
    "model.layers.15.self_attn.o_proj": 1209.3450927734375,
    "model.layers.15.mlp.gate_proj": 1227.0484619140625,
    "model.layers.15.mlp.up_proj": 1209.9530029296875,
    "model.layers.15.mlp.down_proj": 1225.501708984375,
    "model.layers.16.self_attn.q_proj": 1217.210693359375,
    "model.layers.16.self_attn.k_proj": 1213.9854736328125,
    "model.layers.16.self_attn.v_proj": 1332.166259765625,
    "model.layers.16.self_attn.o_proj": 1125.3714599609375,
    "model.layers.16.mlp.gate_proj": 1228.7786865234375,
    "model.layers.16.mlp.up_proj": 1214.3468017578125,
    "model.layers.16.mlp.down_proj": 1200.525390625,
    "model.layers.17.self_attn.q_proj": 1195.774658203125,
    "model.layers.17.self_attn.k_proj": 1264.3453369140625,
    "model.layers.17.self_attn.v_proj": 1386.3798828125,
    "model.layers.17.self_attn.o_proj": 1147.4498291015625,
    "model.layers.17.mlp.gate_proj": 1156.037353515625,
    "model.layers.17.mlp.up_proj": 1223.4210205078125,
    "model.layers.17.mlp.down_proj": 1204.4969482421875,
    "model.layers.18.self_attn.q_proj": 1194.1904296875,
    "model.layers.18.self_attn.k_proj": 1411.7978515625,
    "model.layers.18.self_attn.v_proj": 1389.6937255859375,
    "model.layers.18.self_attn.o_proj": 1187.896728515625,
    "model.layers.18.mlp.gate_proj": 1202.7750244140625,
    "model.layers.18.mlp.up_proj": 1200.2947998046875,
    "model.layers.18.mlp.down_proj": 1242.024169921875,
    "model.layers.19.self_attn.q_proj": 1241.7174072265625,
    "model.layers.19.self_attn.k_proj": 1235.0234375,
    "model.layers.19.self_attn.v_proj": 1312.8328857421875,
    "model.layers.19.self_attn.o_proj": 1186.5057373046875,
    "model.layers.19.mlp.gate_proj": 1279.7105712890625,
    "model.layers.19.mlp.up_proj": 1246.4091796875,
    "model.layers.19.mlp.down_proj": 1182.8995361328125,