{
    "model.layers.0.self_attn.q_proj": 1221.665771484375,
    "model.layers.0.self_attn.k_proj": 1221.665771484375,
    "model.layers.0.self_attn.v_proj": 1221.665771484375,
    "model.layers.0.self_attn.o_proj": 1221.2940673828125,
    "model.layers.0.mlp.gate_proj": 1221.5509033203125,
    "model.layers.0.mlp.up_proj": 1222.0634765625,
    "model.layers.0.mlp.down_proj": 1223.423583984375,
    "model.layers.1.self_attn.q_proj": 1221.735595703125,
    "model.layers.1.self_attn.k_proj": 1221.2857666015625,
    "model.layers.1.self_attn.v_proj": 1218.4647216796875,
    "model.layers.1.self_attn.o_proj": 1219.607421875,
    "model.layers.1.mlp.gate_proj": 1223.423828125,
    "model.layers.1.mlp.up_proj": 1221.483154296875,
    "model.layers.1.mlp.down_proj": 1229.9423828125,
    "model.layers.2.self_attn.q_proj": 1214.525390625,
    "model.layers.2.self_attn.k_proj": 1227.6788330078125,
    "model.layers.2.self_attn.v_proj": 1306.8511962890625,
    "model.layers.2.self_attn.o_proj": 1223.5748291015625,
    "model.layers.2.mlp.gate_proj": 1207.8868408203125,
    "model.layers.2.mlp.up_proj": 1213.4703369140625,
    "model.layers.2.mlp.down_proj": 1183.386474609375,
    "model.layers.3.self_attn.q_proj": 1235.8468017578125,
    "model.layers.3.self_attn.k_proj": 1214.5543212890625,
    "model.layers.3.self_attn.v_proj": 1254.6241455078125,
    "model.layers.3.self_attn.o_proj": 1232.3974609375,
    "model.layers.3.mlp.gate_proj": 1222.73388671875,
    "model.layers.3.mlp.up_proj": 1186.67626953125,
    "model.layers.3.mlp.down_proj": 1248.2257080078125,
    "model.layers.4.self_attn.q_proj": 1229.5059814453125,
    "model.layers.4.self_attn.k_proj": 1189.7349853515625,
    "model.layers.4.self_attn.v_proj": 1287.71240234375,
    "model.layers.4.self_attn.o_proj": 1185.771728515625,
    "model.layers.4.mlp.gate_proj": 1217.8978271484375,
    "model.layers.4.mlp.up_proj": 1223.884765625,
    "model.layers.4.mlp.down_proj": 1243.2435302734375,
    "model.layers.5.self_attn.q_proj": 1223.7650146484375,
    "model.layers.5.self_attn.k_proj": 1260.303955078125,
    "model.layers.5.self_attn.v_proj": 1250.5916748046875,
    "model.layers.5.self_attn.o_proj": 1224.0352783203125,
    "model.layers.5.mlp.gate_proj": 1243.2587890625,
    "model.layers.5.mlp.up_proj": 1236.7056884765625,
    "model.layers.5.mlp.down_proj": 1210.26708984375,
    "model.layers.6.self_attn.q_proj": 1187.425048828125,
    "model.layers.6.self_attn.k_proj": 1238.2655029296875,
    "model.layers.6.self_attn.v_proj": 1273.0015869140625,
    "model.layers.6.self_attn.o_proj": 1213.72265625,
    "model.layers.6.mlp.gate_proj": 1237.1085205078125,
    "model.layers.6.mlp.up_proj": 1247.8250732421875,
    "model.layers.6.mlp.down_proj": 1238.544921875,
    "model.layers.7.self_attn.q_proj": 1187.6536865234375,
    "model.layers.7.self_attn.k_proj": 1271.9134521484375,
    "model.layers.7.self_attn.v_proj": 1335.826904296875,
    "model.layers.7.self_attn.o_proj": 1187.269775390625,
    "model.layers.7.mlp.gate_proj": 1231.4578857421875,
    "model.layers.7.mlp.up_proj": 1181.87060546875,
    "model.layers.7.mlp.down_proj": 1208.592041015625,
    "model.layers.8.self_attn.q_proj": 1198.689453125,
    "model.layers.8.self_attn.k_proj": 1297.5032958984375,
    "model.layers.8.self_attn.v_proj": 1326.8795166015625,
    "model.layers.8.self_attn.o_proj": 1216.37548828125,
    "model.layers.8.mlp.gate_proj": 1225.5599365234375,
    "model.layers.8.mlp.up_proj": 1230.2669677734375,
    "model.layers.8.mlp.down_proj": 1209.7640380859375,
    "model.layers.9.self_attn.q_proj": 1239.096923828125,
    "model.layers.9.self_attn.k_proj": 1258.29638671875,
    "model.layers.9.self_attn.v_proj": 1311.5843505859375,
    "model.layers.9.self_attn.o_proj": 1207.74169921875,
    "model.layers.9.mlp.gate_proj": 1197.4923095703125,
    "model.layers.9.mlp.up_proj": 1232.182373046875,
    "model.layers.9.mlp.down_proj": 1196.0240478515625,
    "model.layers.10.self_attn.q_proj": 1225.250244140625,
    "model.layers.10.self_attn.k_proj": 1305.682373046875,
    "model.layers.10.self_attn.v_proj": 1224.2674560546875,
    "model.layers.10.self_attn.o_proj": 1204.0513916015625,
    "model.layers.10.mlp.gate_proj": 1218.021240234375,
    "model.layers.10.mlp.up_proj": 1242.1036376953125,
    "model.layers.10.mlp.down_proj": 1210.0025634765625,
    "model.layers.11.self_attn.q_proj": 1238.91015625,
    "model.layers.11.self_attn.k_proj": 1289.705810546875,
    "model.layers.11.self_attn.v_proj": 1290.0882568359375,
    "model.layers.11.self_attn.o_proj": 1211.281494140625,
    "model.layers.11.mlp.gate_proj": 1214.9722900390625,
    "model.layers.11.mlp.up_proj": 1243.4549560546875,
    "model.layers.11.mlp.down_proj": 1244.4254150390625,
    "model.layers.12.self_attn.q_proj": 1210.1630859375,
    "model.layers.12.self_attn.k_proj": 1301.6695556640625,
    "model.layers.12.self_attn.v_proj": 1325.7064208984375,
    "model.layers.12.self_attn.o_proj": 1174.2601318359375,
    "model.layers.12.mlp.gate_proj": 1228.2449951171875,
    "model.layers.12.mlp.up_proj": 1234.341064453125,
    "model.layers.12.mlp.down_proj": 1229.73779296875,
    "model.layers.13.self_attn.q_proj": 1241.5408935546875,
    "model.layers.13.self_attn.k_proj": 1223.0283203125,
    "model.layers.13.self_attn.v_proj": 1260.8629150390625,
    "model.layers.13.self_attn.o_proj": 1222.3477783203125,
    "model.layers.13.mlp.gate_proj": 1204.635986328125,
    "model.layers.13.mlp.up_proj": 1228.64013671875,
    "model.layers.13.mlp.down_proj": 1248.3111572265625,
    "model.layers.14.self_attn.q_proj": 1216.4281005859375,
    "model.layers.14.self_attn.k_proj": 1224.3128662109375,
    "model.layers.14.self_attn.v_proj": 1279.4429931640625,
    "model.layers.14.self_attn.o_proj": 1219.434814453125,
    "model.layers.14.mlp.gate_proj": 1223.7247314453125,
    "model.layers.14.mlp.up_proj": 1242.1337890625,
    "model.layers.14.mlp.down_proj": 1207.7628173828125,
    "model.layers.15.self_attn.q_proj": 1218.2254638671875,
    "model.layers.15.self_attn.k_proj": 1308.8260498046875,
    "model.layers.15.self_attn.v_proj": 1326.358154296875,
    "model.layers.15.self_attn.o_proj": 1217.11181640625,
    "model.layers.15.mlp.gate_proj": 1243.5009765625,
    "model.layers.15.mlp.up_proj": 1215.2423095703125,
    "model.layers.15.mlp.down_proj": 1220.9068603515625,
    "model.layers.16.self_attn.q_proj": 1214.2738037109375,
    "model.layers.16.self_attn.k_proj": 1224.0628662109375,
    "model.layers.16.self_attn.v_proj": 1276.8123779296875,
    "model.layers.16.self_attn.o_proj": 1180.783447265625,
    "model.layers.16.mlp.gate_proj": 1234.4481201171875,
    "model.layers.16.mlp.up_proj": 1220.8297119140625,
    "model.layers.16.mlp.down_proj": 1204.154541015625,
    "model.layers.17.self_attn.q_proj": 1219.256103515625,
    "model.layers.17.self_attn.k_proj": 1237.7698974609375,
    "model.layers.17.self_attn.v_proj": 1272.6925048828125,
    "model.layers.17.self_attn.o_proj": 1185.3447265625,
    "model.layers.17.mlp.gate_proj": 1194.5533447265625,
    "model.layers.17.mlp.up_proj": 1229.780029296875,
    "model.layers.17.mlp.down_proj": 1223.103759765625,
    "model.layers.18.self_attn.q_proj": 1213.7542724609375,
    "model.layers.18.self_attn.k_proj": 1337.2637939453125,
    "model.layers.18.self_attn.v_proj": 1316.6094970703125,
    "model.layers.18.self_attn.o_proj": 1205.76025390625,
    "model.layers.18.mlp.gate_proj": 1221.3812255859375,
    "model.layers.18.mlp.up_proj": 1202.3612060546875,
    "model.layers.18.mlp.down_proj": 1259.88330078125,
    "model.layers.19.self_attn.q_proj": 1237.444091796875,
    "model.layers.19.self_attn.k_proj": 1226.8411865234375,
    "model.layers.19.self_attn.v_proj": 1271.392578125,
    "model.layers.19.self_attn.o_proj": 1209.7884521484375,
    "model.layers.19.mlp.gate_proj": 1252.082275390625,
    "model.layers.19.mlp.up_proj": 1240.9608154296875,
    "model.layers.19.mlp.down_proj": 1205.0809326171875,