{
    "model.layers.0.self_attn.q_proj": 1637.5457763671875,
    "model.layers.0.self_attn.k_proj": 1637.5457763671875,
    "model.layers.0.self_attn.v_proj": 1637.5457763671875,
    "model.layers.0.self_attn.o_proj": 1637.47607421875,
    "model.layers.0.mlp.gate_proj": 1637.498779296875,
    "model.layers.0.mlp.up_proj": 1637.55517578125,
    "model.layers.0.mlp.down_proj": 1639.1400146484375,
    "model.layers.1.self_attn.q_proj": 1637.6021728515625,
    "model.layers.1.self_attn.k_proj": 1637.61572265625,
    "model.layers.1.self_attn.v_proj": 1639.48291015625,
    "model.layers.1.self_attn.o_proj": 1636.7122802734375,
    "model.layers.1.mlp.gate_proj": 1634.7913818359375,
    "model.layers.1.mlp.up_proj": 1640.704345703125,
    "model.layers.1.mlp.down_proj": 1648.5380859375,
    "model.layers.2.self_attn.q_proj": 1635.9677734375,
    "model.layers.2.self_attn.k_proj": 1639.6488037109375,
    "model.layers.2.self_attn.v_proj": 1677.531982421875,
    "model.layers.2.self_attn.o_proj": 1631.8739013671875,
    "model.layers.2.mlp.gate_proj": 1627.140869140625,
    "model.layers.2.mlp.up_proj": 1642.3167724609375,
    "model.layers.2.mlp.down_proj": 1591.6920166015625,
    "model.layers.3.self_attn.q_proj": 1638.4442138671875,
    "model.layers.3.self_attn.k_proj": 1634.1376953125,
    "model.layers.3.self_attn.v_proj": 1701.9510498046875,
    "model.layers.3.self_attn.o_proj": 1638.2718505859375,
    "model.layers.3.mlp.gate_proj": 1641.4129638671875,
    "model.layers.3.mlp.up_proj": 1646.1041259765625,
    "model.layers.3.mlp.down_proj": 1650.08935546875,
    "model.layers.4.self_attn.q_proj": 1645.17041015625,
    "model.layers.4.self_attn.k_proj": 1631.320556640625,
    "model.layers.4.self_attn.v_proj": 1694.4302978515625,
    "model.layers.4.self_attn.o_proj": 1639.895263671875,
    "model.layers.4.mlp.gate_proj": 1620.515625,
    "model.layers.4.mlp.up_proj": 1623.9305419921875,
    "model.layers.4.mlp.down_proj": 1651.25390625,
    "model.layers.5.self_attn.q_proj": 1643.57177734375,
    "model.layers.5.self_attn.k_proj": 1617.6937255859375,
    "model.layers.5.self_attn.v_proj": 1696.1259765625,
    "model.layers.5.self_attn.o_proj": 1639.9168701171875,
    "model.layers.5.mlp.gate_proj": 1627.966064453125,
    "model.layers.5.mlp.up_proj": 1616.2166748046875,
    "model.layers.5.mlp.down_proj": 1618.5894775390625,
    "model.layers.6.self_attn.q_proj": 1644.1126708984375,
    "model.layers.6.self_attn.k_proj": 1643.558837890625,
    "model.layers.6.self_attn.v_proj": 1689.5194091796875,
    "model.layers.6.self_attn.o_proj": 1629.2310791015625,
    "model.layers.6.mlp.gate_proj": 1618.5006103515625,
    "model.layers.6.mlp.up_proj": 1648.865966796875,
    "model.layers.6.mlp.down_proj": 1631.048828125,
    "model.layers.7.self_attn.q_proj": 1633.0718994140625,
    "model.layers.7.self_attn.k_proj": 1659.2960205078125,
    "model.layers.7.self_attn.v_proj": 1682.267822265625,
    "model.layers.7.self_attn.o_proj": 1606.5859375,
    "model.layers.7.mlp.gate_proj": 1640.2672119140625,
    "model.layers.7.mlp.up_proj": 1630.071533203125,
    "model.layers.7.mlp.down_proj": 1629.5506591796875,
    "model.layers.8.self_attn.q_proj": 1649.20556640625,
    "model.layers.8.self_attn.k_proj": 1662.9727783203125,
    "model.layers.8.self_attn.v_proj": 1699.4591064453125,
    "model.layers.8.self_attn.o_proj": 1626.409912109375,
    "model.layers.8.mlp.gate_proj": 1641.6162109375,
    "model.layers.8.mlp.up_proj": 1626.8404541015625,
    "model.layers.8.mlp.down_proj": 1617.223388671875,
    "model.layers.9.self_attn.q_proj": 1638.3135986328125,
    "model.layers.9.self_attn.k_proj": 1664.389892578125,
    "model.layers.9.self_attn.v_proj": 1700.9686279296875,
    "model.layers.9.self_attn.o_proj": 1618.161865234375,
    "model.layers.9.mlp.gate_proj": 1629.803955078125,
    "model.layers.9.mlp.up_proj": 1649.514404296875,
    "model.layers.9.mlp.down_proj": 1635.8619384765625,
    "model.layers.10.self_attn.q_proj": 1636.4638671875,
    "model.layers.10.self_attn.k_proj": 1653.0770263671875,
    "model.layers.10.self_attn.v_proj": 1680.64013671875,
    "model.layers.10.self_attn.o_proj": 1629.259521484375,
    "model.layers.10.mlp.gate_proj": 1626.4661865234375,
    "model.layers.10.mlp.up_proj": 1618.19580078125,
    "model.layers.10.mlp.down_proj": 1601.5721435546875,
    "model.layers.11.self_attn.q_proj": 1648.9033203125,
    "model.layers.11.self_attn.k_proj": 1650.0186767578125,
    "model.layers.11.self_attn.v_proj": 1669.40966796875,
    "model.layers.11.self_attn.o_proj": 1626.2427978515625,
    "model.layers.11.mlp.gate_proj": 1660.44921875,
    "model.layers.11.mlp.up_proj": 1614.5889892578125,
    "model.layers.11.mlp.down_proj": 1646.9586181640625,
    "model.layers.12.self_attn.q_proj": 1625.0787353515625,
    "model.layers.12.self_attn.k_proj": 1638.4713134765625,
    "model.layers.12.self_attn.v_proj": 1688.03759765625,
    "model.layers.12.self_attn.o_proj": 1623.18603515625,
    "model.layers.12.mlp.gate_proj": 1638.1236572265625,
    "model.layers.12.mlp.up_proj": 1661.4755859375,
    "model.layers.12.mlp.down_proj": 1614.84912109375,
    "model.layers.13.self_attn.q_proj": 1641.3870849609375,
    "model.layers.13.self_attn.k_proj": 1627.5831298828125,
    "model.layers.13.self_attn.v_proj": 1681.3109130859375,
    "model.layers.13.self_attn.o_proj": 1629.5113525390625,
    "model.layers.13.mlp.gate_proj": 1655.2606201171875,
    "model.layers.13.mlp.up_proj": 1632.7091064453125,
    "model.layers.13.mlp.down_proj": 1631.624755859375,
    "model.layers.14.self_attn.q_proj": 1652.8177490234375,
    "model.layers.14.self_attn.k_proj": 1636.88134765625,
    "model.layers.14.self_attn.v_proj": 1672.927001953125,
    "model.layers.14.self_attn.o_proj": 1624.9442138671875,
    "model.layers.14.mlp.gate_proj": 1618.024169921875,
    "model.layers.14.mlp.up_proj": 1643.5970458984375,
    "model.layers.14.mlp.down_proj": 1623.7462158203125,
    "model.layers.15.self_attn.q_proj": 1638.2923583984375,
    "model.layers.15.self_attn.k_proj": 1657.7159423828125,
    "model.layers.15.self_attn.v_proj": 1679.6629638671875,
    "model.layers.15.self_attn.o_proj": 1629.1341552734375,
    "model.layers.15.mlp.gate_proj": 1623.028564453125,
    "model.layers.15.mlp.up_proj": 1634.9573974609375,
    "model.layers.15.mlp.down_proj": 1644.583984375,
    "model.layers.16.self_attn.q_proj": 1653.739990234375,
    "model.layers.16.self_attn.k_proj": 1637.218017578125,
    "model.layers.16.self_attn.v_proj": 1698.42822265625,
    "model.layers.16.self_attn.o_proj": 1631.751220703125,
    "model.layers.16.mlp.gate_proj": 1600.1968994140625,
    "model.layers.16.mlp.up_proj": 1628.1444091796875,
    "model.layers.16.mlp.down_proj": 1620.66650390625,
    "model.layers.17.self_attn.q_proj": 1634.9765625,
    "model.layers.17.self_attn.k_proj": 1662.9091796875,
    "model.layers.17.self_attn.v_proj": 1689.505859375,
    "model.layers.17.self_attn.o_proj": 1617.4542236328125,
    "model.layers.17.mlp.gate_proj": 1635.668212890625,
    "model.layers.17.mlp.up_proj": 1625.509765625,
    "model.layers.17.mlp.down_proj": 1640.9381103515625,
    "model.layers.18.self_attn.q_proj": 1638.541015625,
    "model.layers.18.self_attn.k_proj": 1644.8590087890625,
    "model.layers.18.self_attn.v_proj": 1698.4078369140625,
    "model.layers.18.self_attn.o_proj": 1623.572509765625,
    "model.layers.18.mlp.gate_proj": 1635.193115234375,
    "model.layers.18.mlp.up_proj": 1632.2679443359375,
    "model.layers.18.mlp.down_proj": 1625.246826171875,
    "model.layers.19.self_attn.q_proj": 1645.294189453125,
    "model.layers.19.self_attn.k_proj": 1626.6845703125,
    "model.layers.19.self_attn.v_proj": 1661.95458984375,
    "model.layers.19.self_attn.o_proj": 1639.6068115234375,
    "model.layers.19.mlp.gate_proj": 1633.1107177734375,
    "model.layers.19.mlp.up_proj": 1628.8448486328125,
    "model.layers.19.mlp.down_proj": 1621.3048095703125,