{
    "model.layers.0.self_attn.q_proj": 1635.0208740234375,
    "model.layers.0.self_attn.k_proj": 1635.0208740234375,
    "model.layers.0.self_attn.v_proj": 1635.0208740234375,
    "model.layers.0.self_attn.o_proj": 1634.877197265625,
    "model.layers.0.mlp.gate_proj": 1634.9593505859375,
    "model.layers.0.mlp.up_proj": 1635.052978515625,
    "model.layers.0.mlp.down_proj": 1631.1859130859375,
    "model.layers.1.self_attn.q_proj": 1635.0784912109375,
    "model.layers.1.self_attn.k_proj": 1635.1517333984375,
    "model.layers.1.self_attn.v_proj": 1639.770263671875,
    "model.layers.1.self_attn.o_proj": 1637.800048828125,
    "model.layers.1.mlp.gate_proj": 1633.6436767578125,
    "model.layers.1.mlp.up_proj": 1636.1192626953125,
    "model.layers.1.mlp.down_proj": 1594.105224609375,
    "model.layers.2.self_attn.q_proj": 1629.7655029296875,
    "model.layers.2.self_attn.k_proj": 1636.0987548828125,
    "model.layers.2.self_attn.v_proj": 1761.9130859375,
    "model.layers.2.self_attn.o_proj": 1616.724853515625,
    "model.layers.2.mlp.gate_proj": 1612.4293212890625,
    "model.layers.2.mlp.up_proj": 1650.5091552734375,
    "model.layers.2.mlp.down_proj": 1585.2508544921875,
    "model.layers.3.self_attn.q_proj": 1642.58837890625,
    "model.layers.3.self_attn.k_proj": 1632.614990234375,
    "model.layers.3.self_attn.v_proj": 1838.8988037109375,
    "model.layers.3.self_attn.o_proj": 1636.6466064453125,
    "model.layers.3.mlp.gate_proj": 1641.2264404296875,
    "model.layers.3.mlp.up_proj": 1615.2957763671875,
    "model.layers.3.mlp.down_proj": 1677.4881591796875,
    "model.layers.4.self_attn.q_proj": 1628.403564453125,
    "model.layers.4.self_attn.k_proj": 1611.5689697265625,
    "model.layers.4.self_attn.v_proj": 1760.982421875,
    "model.layers.4.self_attn.o_proj": 1631.6351318359375,
    "model.layers.4.mlp.gate_proj": 1585.3565673828125,
    "model.layers.4.mlp.up_proj": 1657.09912109375,
    "model.layers.4.mlp.down_proj": 1655.668212890625,
    "model.layers.5.self_attn.q_proj": 1649.6531982421875,
    "model.layers.5.self_attn.k_proj": 1603.1806640625,
    "model.layers.5.self_attn.v_proj": 1796.676513671875,
    "model.layers.5.self_attn.o_proj": 1614.8568115234375,
    "model.layers.5.mlp.gate_proj": 1646.2291259765625,
    "model.layers.5.mlp.up_proj": 1593.435546875,
    "model.layers.5.mlp.down_proj": 1661.0806884765625,
    "model.layers.6.self_attn.q_proj": 1639.2239990234375,
    "model.layers.6.self_attn.k_proj": 1649.6295166015625,
    "model.layers.6.self_attn.v_proj": 1766.3466796875,
    "model.layers.6.self_attn.o_proj": 1629.656982421875,
    "model.layers.6.mlp.gate_proj": 1598.71435546875,
    "model.layers.6.mlp.up_proj": 1666.61181640625,
    "model.layers.6.mlp.down_proj": 1641.50048828125,
    "model.layers.7.self_attn.q_proj": 1635.130859375,
    "model.layers.7.self_attn.k_proj": 1698.8402099609375,
    "model.layers.7.self_attn.v_proj": 1757.3641357421875,
    "model.layers.7.self_attn.o_proj": 1587.8897705078125,
    "model.layers.7.mlp.gate_proj": 1637.6790771484375,
    "model.layers.7.mlp.up_proj": 1613.839599609375,
    "model.layers.7.mlp.down_proj": 1588.9580078125,
    "model.layers.8.self_attn.q_proj": 1640.9127197265625,
    "model.layers.8.self_attn.k_proj": 1686.3914794921875,
    "model.layers.8.self_attn.v_proj": 1794.03662109375,
    "model.layers.8.self_attn.o_proj": 1626.515380859375,
    "model.layers.8.mlp.gate_proj": 1659.550048828125,
    "model.layers.8.mlp.up_proj": 1605.204345703125,
    "model.layers.8.mlp.down_proj": 1606.6387939453125,
    "model.layers.9.self_attn.q_proj": 1634.1097412109375,
    "model.layers.9.self_attn.k_proj": 1665.7635498046875,
    "model.layers.9.self_attn.v_proj": 1801.6793212890625,
    "model.layers.9.self_attn.o_proj": 1577.4488525390625,
    "model.layers.9.mlp.gate_proj": 1611.7904052734375,
    "model.layers.9.mlp.up_proj": 1652.8785400390625,
    "model.layers.9.mlp.down_proj": 1615.578125,
    "model.layers.10.self_attn.q_proj": 1630.884765625,
    "model.layers.10.self_attn.k_proj": 1674.60791015625,
    "model.layers.10.self_attn.v_proj": 1770.285400390625,
    "model.layers.10.self_attn.o_proj": 1614.3431396484375,
    "model.layers.10.mlp.gate_proj": 1604.6142578125,
    "model.layers.10.mlp.up_proj": 1611.029296875,
    "model.layers.10.mlp.down_proj": 1582.7271728515625,
    "model.layers.11.self_attn.q_proj": 1634.117431640625,
    "model.layers.11.self_attn.k_proj": 1656.3662109375,
    "model.layers.11.self_attn.v_proj": 1720.2235107421875,
    "model.layers.11.self_attn.o_proj": 1620.3492431640625,
    "model.layers.11.mlp.gate_proj": 1647.01806640625,
    "model.layers.11.mlp.up_proj": 1601.0045166015625,
    "model.layers.11.mlp.down_proj": 1674.57958984375,
    "model.layers.12.self_attn.q_proj": 1611.0274658203125,
    "model.layers.12.self_attn.k_proj": 1639.4302978515625,
    "model.layers.12.self_attn.v_proj": 1740.0548095703125,
    "model.layers.12.self_attn.o_proj": 1631.702880859375,
    "model.layers.12.mlp.gate_proj": 1627.024658203125,
    "model.layers.12.mlp.up_proj": 1663.333984375,
    "model.layers.12.mlp.down_proj": 1616.5081787109375,
    "model.layers.13.self_attn.q_proj": 1638.91259765625,
    "model.layers.13.self_attn.k_proj": 1623.1895751953125,
    "model.layers.13.self_attn.v_proj": 1745.6483154296875,
    "model.layers.13.self_attn.o_proj": 1629.3526611328125,
    "model.layers.13.mlp.gate_proj": 1658.7762451171875,
    "model.layers.13.mlp.up_proj": 1627.5784912109375,
    "model.layers.13.mlp.down_proj": 1638.4085693359375,
    "model.layers.14.self_attn.q_proj": 1646.99072265625,
    "model.layers.14.self_attn.k_proj": 1628.945556640625,
    "model.layers.14.self_attn.v_proj": 1739.4598388671875,
    "model.layers.14.self_attn.o_proj": 1626.352294921875,
    "model.layers.14.mlp.gate_proj": 1610.5062255859375,
    "model.layers.14.mlp.up_proj": 1664.5203857421875,
    "model.layers.14.mlp.down_proj": 1608.4688720703125,
    "model.layers.15.self_attn.q_proj": 1642.8848876953125,
    "model.layers.15.self_attn.k_proj": 1666.324951171875,
    "model.layers.15.self_attn.v_proj": 1736.6988525390625,
    "model.layers.15.self_attn.o_proj": 1622.506591796875,
    "model.layers.15.mlp.gate_proj": 1606.7191162109375,
    "model.layers.15.mlp.up_proj": 1647.8333740234375,
    "model.layers.15.mlp.down_proj": 1648.3636474609375,
    "model.layers.16.self_attn.q_proj": 1652.42724609375,
    "model.layers.16.self_attn.k_proj": 1626.4111328125,
    "model.layers.16.self_attn.v_proj": 1791.9268798828125,
    "model.layers.16.self_attn.o_proj": 1614.1016845703125,
    "model.layers.16.mlp.gate_proj": 1557.8043212890625,
    "model.layers.16.mlp.up_proj": 1622.3778076171875,
    "model.layers.16.mlp.down_proj": 1621.675048828125,
    "model.layers.17.self_attn.q_proj": 1632.5660400390625,
    "model.layers.17.self_attn.k_proj": 1698.045166015625,
    "model.layers.17.self_attn.v_proj": 1759.267578125,
    "model.layers.17.self_attn.o_proj": 1604.45166015625,
    "model.layers.17.mlp.gate_proj": 1634.6124267578125,
    "model.layers.17.mlp.up_proj": 1612.2059326171875,
    "model.layers.17.mlp.down_proj": 1620.444091796875,
    "model.layers.18.self_attn.q_proj": 1632.896728515625,
    "model.layers.18.self_attn.k_proj": 1660.129150390625,
    "model.layers.18.self_attn.v_proj": 1770.572509765625,
    "model.layers.18.self_attn.o_proj": 1624.2322998046875,
    "model.layers.18.mlp.gate_proj": 1636.953125,
    "model.layers.18.mlp.up_proj": 1628.796875,
    "model.layers.18.mlp.down_proj": 1630.84521484375,
    "model.layers.19.self_attn.q_proj": 1648.614013671875,
    "model.layers.19.self_attn.k_proj": 1619.9820556640625,
    "model.layers.19.self_attn.v_proj": 1731.23291015625,
    "model.layers.19.self_attn.o_proj": 1627.984619140625,
    "model.layers.19.mlp.gate_proj": 1604.6844482421875,
    "model.layers.19.mlp.up_proj": 1624.63427734375,
    "model.layers.19.mlp.down_proj": 1589.647705078125,