{
    "model.layers.0.self_attn.q_proj": 1636.171142578125,
    "model.layers.0.self_attn.k_proj": 1636.171142578125,
    "model.layers.0.self_attn.v_proj": 1636.171142578125,
    "model.layers.0.self_attn.o_proj": 1636.059814453125,
    "model.layers.0.mlp.gate_proj": 1636.0909423828125,
    "model.layers.0.mlp.up_proj": 1636.1812744140625,
    "model.layers.0.mlp.down_proj": 1634.79833984375,
    "model.layers.1.self_attn.q_proj": 1636.20703125,
    "model.layers.1.self_attn.k_proj": 1636.316162109375,
    "model.layers.1.self_attn.v_proj": 1640.68896484375,
    "model.layers.1.self_attn.o_proj": 1638.8004150390625,
    "model.layers.1.mlp.gate_proj": 1633.885986328125,
    "model.layers.1.mlp.up_proj": 1637.8309326171875,
    "model.layers.1.mlp.down_proj": 1614.7841796875,
    "model.layers.2.self_attn.q_proj": 1631.9671630859375,
    "model.layers.2.self_attn.k_proj": 1636.169189453125,
    "model.layers.2.self_attn.v_proj": 1746.763427734375,
    "model.layers.2.self_attn.o_proj": 1618.7069091796875,
    "model.layers.2.mlp.gate_proj": 1615.135986328125,
    "model.layers.2.mlp.up_proj": 1651.2066650390625,
    "model.layers.2.mlp.down_proj": 1586.4080810546875,
    "model.layers.3.self_attn.q_proj": 1641.2010498046875,
    "model.layers.3.self_attn.k_proj": 1632.5263671875,
    "model.layers.3.self_attn.v_proj": 1803.0478515625,
    "model.layers.3.self_attn.o_proj": 1635.4185791015625,
    "model.layers.3.mlp.gate_proj": 1641.4100341796875,
    "model.layers.3.mlp.up_proj": 1621.540283203125,
    "model.layers.3.mlp.down_proj": 1679.60400390625,
    "model.layers.4.self_attn.q_proj": 1633.25341796875,
    "model.layers.4.self_attn.k_proj": 1618.531005859375,
    "model.layers.4.self_attn.v_proj": 1749.1253662109375,
    "model.layers.4.self_attn.o_proj": 1642.127197265625,
    "model.layers.4.mlp.gate_proj": 1589.3685302734375,
    "model.layers.4.mlp.up_proj": 1649.6256103515625,
    "model.layers.4.mlp.down_proj": 1662.36572265625,
    "model.layers.5.self_attn.q_proj": 1648.3900146484375,
    "model.layers.5.self_attn.k_proj": 1603.73193359375,
    "model.layers.5.self_attn.v_proj": 1775.4635009765625,
    "model.layers.5.self_attn.o_proj": 1619.43408203125,
    "model.layers.5.mlp.gate_proj": 1643.029052734375,
    "model.layers.5.mlp.up_proj": 1594.3006591796875,
    "model.layers.5.mlp.down_proj": 1650.7677001953125,
    "model.layers.6.self_attn.q_proj": 1639.81103515625,
    "model.layers.6.self_attn.k_proj": 1649.86669921875,
    "model.layers.6.self_attn.v_proj": 1745.989501953125,
    "model.layers.6.self_attn.o_proj": 1630.4981689453125,
    "model.layers.6.mlp.gate_proj": 1599.975830078125,
    "model.layers.6.mlp.up_proj": 1660.4326171875,
    "model.layers.6.mlp.down_proj": 1632.075439453125,
    "model.layers.7.self_attn.q_proj": 1636.9246826171875,
    "model.layers.7.self_attn.k_proj": 1696.4093017578125,
    "model.layers.7.self_attn.v_proj": 1744.5609130859375,
    "model.layers.7.self_attn.o_proj": 1589.0986328125,
    "model.layers.7.mlp.gate_proj": 1636.7362060546875,
    "model.layers.7.mlp.up_proj": 1631.0374755859375,
    "model.layers.7.mlp.down_proj": 1601.4923095703125,
    "model.layers.8.self_attn.q_proj": 1640.703125,
    "model.layers.8.self_attn.k_proj": 1684.384521484375,
    "model.layers.8.self_attn.v_proj": 1765.2529296875,
    "model.layers.8.self_attn.o_proj": 1625.8507080078125,
    "model.layers.8.mlp.gate_proj": 1662.1290283203125,
    "model.layers.8.mlp.up_proj": 1606.744384765625,
    "model.layers.8.mlp.down_proj": 1608.150146484375,
    "model.layers.9.self_attn.q_proj": 1641.0003662109375,
    "model.layers.9.self_attn.k_proj": 1664.8857421875,
    "model.layers.9.self_attn.v_proj": 1776.13916015625,
    "model.layers.9.self_attn.o_proj": 1587.0511474609375,
    "model.layers.9.mlp.gate_proj": 1611.4927978515625,
    "model.layers.9.mlp.up_proj": 1653.291748046875,
    "model.layers.9.mlp.down_proj": 1618.41455078125,
    "model.layers.10.self_attn.q_proj": 1630.575439453125,
    "model.layers.10.self_attn.k_proj": 1669.81005859375,
    "model.layers.10.self_attn.v_proj": 1754.536376953125,
    "model.layers.10.self_attn.o_proj": 1624.795654296875,
    "model.layers.10.mlp.gate_proj": 1605.49755859375,
    "model.layers.10.mlp.up_proj": 1609.6334228515625,
    "model.layers.10.mlp.down_proj": 1583.6016845703125,
    "model.layers.11.self_attn.q_proj": 1640.689697265625,
    "model.layers.11.self_attn.k_proj": 1659.173583984375,
    "model.layers.11.self_attn.v_proj": 1704.858642578125,
    "model.layers.11.self_attn.o_proj": 1623.3638916015625,
    "model.layers.11.mlp.gate_proj": 1654.6397705078125,
    "model.layers.11.mlp.up_proj": 1603.2835693359375,
    "model.layers.11.mlp.down_proj": 1678.205078125,
    "model.layers.12.self_attn.q_proj": 1614.1878662109375,
    "model.layers.12.self_attn.k_proj": 1640.352294921875,
    "model.layers.12.self_attn.v_proj": 1723.7015380859375,
    "model.layers.12.self_attn.o_proj": 1632.667724609375,
    "model.layers.12.mlp.gate_proj": 1630.8072509765625,
    "model.layers.12.mlp.up_proj": 1662.5057373046875,
    "model.layers.12.mlp.down_proj": 1616.784423828125,
    "model.layers.13.self_attn.q_proj": 1643.2078857421875,
    "model.layers.13.self_attn.k_proj": 1630.322021484375,
    "model.layers.13.self_attn.v_proj": 1723.35986328125,
    "model.layers.13.self_attn.o_proj": 1629.766845703125,
    "model.layers.13.mlp.gate_proj": 1659.508544921875,
    "model.layers.13.mlp.up_proj": 1625.2135009765625,
    "model.layers.13.mlp.down_proj": 1645.238525390625,
    "model.layers.14.self_attn.q_proj": 1647.25830078125,
    "model.layers.14.self_attn.k_proj": 1631.5194091796875,
    "model.layers.14.self_attn.v_proj": 1727.8433837890625,
    "model.layers.14.self_attn.o_proj": 1627.6148681640625,
    "model.layers.14.mlp.gate_proj": 1609.0718994140625,
    "model.layers.14.mlp.up_proj": 1658.516845703125,
    "model.layers.14.mlp.down_proj": 1611.8704833984375,
    "model.layers.15.self_attn.q_proj": 1643.6595458984375,
    "model.layers.15.self_attn.k_proj": 1668.8746337890625,
    "model.layers.15.self_attn.v_proj": 1726.7615966796875,
    "model.layers.15.self_attn.o_proj": 1623.55859375,
    "model.layers.15.mlp.gate_proj": 1608.8353271484375,
    "model.layers.15.mlp.up_proj": 1649.97314453125,
    "model.layers.15.mlp.down_proj": 1649.45556640625,
    "model.layers.16.self_attn.q_proj": 1653.8419189453125,
    "model.layers.16.self_attn.k_proj": 1628.823486328125,
    "model.layers.16.self_attn.v_proj": 1764.5540771484375,
    "model.layers.16.self_attn.o_proj": 1616.7271728515625,
    "model.layers.16.mlp.gate_proj": 1565.3077392578125,
    "model.layers.16.mlp.up_proj": 1624.7119140625,
    "model.layers.16.mlp.down_proj": 1625.0703125,
    "model.layers.17.self_attn.q_proj": 1633.8348388671875,
    "model.layers.17.self_attn.k_proj": 1693.90625,
    "model.layers.17.self_attn.v_proj": 1751.5682373046875,
    "model.layers.17.self_attn.o_proj": 1608.2066650390625,
    "model.layers.17.mlp.gate_proj": 1635.5494384765625,
    "model.layers.17.mlp.up_proj": 1613.5738525390625,
    "model.layers.17.mlp.down_proj": 1626.8505859375,
    "model.layers.18.self_attn.q_proj": 1634.4481201171875,
    "model.layers.18.self_attn.k_proj": 1657.524658203125,
    "model.layers.18.self_attn.v_proj": 1764.0885009765625,
    "model.layers.18.self_attn.o_proj": 1624.8416748046875,
    "model.layers.18.mlp.gate_proj": 1637.203369140625,
    "model.layers.18.mlp.up_proj": 1629.6319580078125,
    "model.layers.18.mlp.down_proj": 1623.10498046875,
    "model.layers.19.self_attn.q_proj": 1646.841796875,
    "model.layers.19.self_attn.k_proj": 1621.9080810546875,
    "model.layers.19.self_attn.v_proj": 1724.238525390625,
    "model.layers.19.self_attn.o_proj": 1627.462646484375,
    "model.layers.19.mlp.gate_proj": 1610.67919921875,
    "model.layers.19.mlp.up_proj": 1627.523193359375,
    "model.layers.19.mlp.down_proj": 1592.7906494140625,