{
    "model.layers.0.self_attn.q_proj": 1635.6171875,
    "model.layers.0.self_attn.k_proj": 1635.6171875,
    "model.layers.0.self_attn.v_proj": 1635.6171875,
    "model.layers.0.self_attn.o_proj": 1635.505615234375,
    "model.layers.0.mlp.gate_proj": 1635.5352783203125,
    "model.layers.0.mlp.up_proj": 1635.62109375,
    "model.layers.0.mlp.down_proj": 1635.9146728515625,
    "model.layers.1.self_attn.q_proj": 1635.64208984375,
    "model.layers.1.self_attn.k_proj": 1635.763671875,
    "model.layers.1.self_attn.v_proj": 1639.7481689453125,
    "model.layers.1.self_attn.o_proj": 1637.8619384765625,
    "model.layers.1.mlp.gate_proj": 1632.16259765625,
    "model.layers.1.mlp.up_proj": 1637.7110595703125,
    "model.layers.1.mlp.down_proj": 1640.0123291015625,
    "model.layers.2.self_attn.q_proj": 1632.6163330078125,
    "model.layers.2.self_attn.k_proj": 1635.2039794921875,
    "model.layers.2.self_attn.v_proj": 1731.5128173828125,
    "model.layers.2.self_attn.o_proj": 1626.4229736328125,
    "model.layers.2.mlp.gate_proj": 1616.995361328125,
    "model.layers.2.mlp.up_proj": 1647.4814453125,
    "model.layers.2.mlp.down_proj": 1582.4456787109375,
    "model.layers.3.self_attn.q_proj": 1638.3399658203125,
    "model.layers.3.self_attn.k_proj": 1632.6015625,
    "model.layers.3.self_attn.v_proj": 1773.94580078125,
    "model.layers.3.self_attn.o_proj": 1630.9716796875,
    "model.layers.3.mlp.gate_proj": 1641.5733642578125,
    "model.layers.3.mlp.up_proj": 1627.513916015625,
    "model.layers.3.mlp.down_proj": 1672.4305419921875,
    "model.layers.4.self_attn.q_proj": 1634.8638916015625,
    "model.layers.4.self_attn.k_proj": 1623.9876708984375,
    "model.layers.4.self_attn.v_proj": 1738.906005859375,
    "model.layers.4.self_attn.o_proj": 1642.080078125,
    "model.layers.4.mlp.gate_proj": 1596.35791015625,
    "model.layers.4.mlp.up_proj": 1635.9095458984375,
    "model.layers.4.mlp.down_proj": 1658.0067138671875,
    "model.layers.5.self_attn.q_proj": 1643.3765869140625,
    "model.layers.5.self_attn.k_proj": 1603.0303955078125,
    "model.layers.5.self_attn.v_proj": 1761.45166015625,
    "model.layers.5.self_attn.o_proj": 1623.40234375,
    "model.layers.5.mlp.gate_proj": 1635.767822265625,
    "model.layers.5.mlp.up_proj": 1595.2401123046875,
    "model.layers.5.mlp.down_proj": 1641.7548828125,
    "model.layers.6.self_attn.q_proj": 1639.9859619140625,
    "model.layers.6.self_attn.k_proj": 1649.7835693359375,
    "model.layers.6.self_attn.v_proj": 1729.566162109375,
    "model.layers.6.self_attn.o_proj": 1633.2867431640625,
    "model.layers.6.mlp.gate_proj": 1599.7099609375,
    "model.layers.6.mlp.up_proj": 1659.1673583984375,
    "model.layers.6.mlp.down_proj": 1628.420654296875,
    "model.layers.7.self_attn.q_proj": 1635.333251953125,
    "model.layers.7.self_attn.k_proj": 1690.2225341796875,
    "model.layers.7.self_attn.v_proj": 1734.1119384765625,
    "model.layers.7.self_attn.o_proj": 1590.0079345703125,
    "model.layers.7.mlp.gate_proj": 1636.870361328125,
    "model.layers.7.mlp.up_proj": 1628.3919677734375,
    "model.layers.7.mlp.down_proj": 1609.431396484375,
    "model.layers.8.self_attn.q_proj": 1639.631591796875,
    "model.layers.8.self_attn.k_proj": 1676.6209716796875,
    "model.layers.8.self_attn.v_proj": 1749.94873046875,
    "model.layers.8.self_attn.o_proj": 1626.7779541015625,
    "model.layers.8.mlp.gate_proj": 1662.47607421875,
    "model.layers.8.mlp.up_proj": 1605.24365234375,
    "model.layers.8.mlp.down_proj": 1602.1199951171875,
    "model.layers.9.self_attn.q_proj": 1641.4102783203125,
    "model.layers.9.self_attn.k_proj": 1666.84326171875,
    "model.layers.9.self_attn.v_proj": 1757.206787109375,
    "model.layers.9.self_attn.o_proj": 1592.2093505859375,
    "model.layers.9.mlp.gate_proj": 1613.814697265625,
    "model.layers.9.mlp.up_proj": 1649.35498046875,
    "model.layers.9.mlp.down_proj": 1621.1239013671875,
    "model.layers.10.self_attn.q_proj": 1630.6343994140625,
    "model.layers.10.self_attn.k_proj": 1666.533203125,
    "model.layers.10.self_attn.v_proj": 1737.8775634765625,
    "model.layers.10.self_attn.o_proj": 1631.0755615234375,
    "model.layers.10.mlp.gate_proj": 1607.29541015625,
    "model.layers.10.mlp.up_proj": 1608.750732421875,
    "model.layers.10.mlp.down_proj": 1589.196533203125,
    "model.layers.11.self_attn.q_proj": 1641.5538330078125,
    "model.layers.11.self_attn.k_proj": 1658.0648193359375,
    "model.layers.11.self_attn.v_proj": 1694.27587890625,
    "model.layers.11.self_attn.o_proj": 1623.5135498046875,
    "model.layers.11.mlp.gate_proj": 1662.8968505859375,
    "model.layers.11.mlp.up_proj": 1603.796142578125,
    "model.layers.11.mlp.down_proj": 1676.672607421875,
    "model.layers.12.self_attn.q_proj": 1612.944091796875,
    "model.layers.12.self_attn.k_proj": 1641.1234130859375,
    "model.layers.12.self_attn.v_proj": 1713.58203125,
    "model.layers.12.self_attn.o_proj": 1631.6494140625,
    "model.layers.12.mlp.gate_proj": 1631.25732421875,
    "model.layers.12.mlp.up_proj": 1662.431884765625,
    "model.layers.12.mlp.down_proj": 1613.328369140625,
    "model.layers.13.self_attn.q_proj": 1642.5810546875,
    "model.layers.13.self_attn.k_proj": 1629.6209716796875,
    "model.layers.13.self_attn.v_proj": 1708.96337890625,
    "model.layers.13.self_attn.o_proj": 1628.659423828125,
    "model.layers.13.mlp.gate_proj": 1658.1883544921875,
    "model.layers.13.mlp.up_proj": 1623.7657470703125,
    "model.layers.13.mlp.down_proj": 1644.3963623046875,
    "model.layers.14.self_attn.q_proj": 1648.200927734375,
    "model.layers.14.self_attn.k_proj": 1630.1903076171875,
    "model.layers.14.self_attn.v_proj": 1719.849365234375,
    "model.layers.14.self_attn.o_proj": 1626.4088134765625,
    "model.layers.14.mlp.gate_proj": 1608.225830078125,
    "model.layers.14.mlp.up_proj": 1653.08740234375,
    "model.layers.14.mlp.down_proj": 1610.9239501953125,
    "model.layers.15.self_attn.q_proj": 1642.42578125,
    "model.layers.15.self_attn.k_proj": 1667.009521484375,
    "model.layers.15.self_attn.v_proj": 1718.30908203125,
    "model.layers.15.self_attn.o_proj": 1623.768310546875,
    "model.layers.15.mlp.gate_proj": 1610.0389404296875,
    "model.layers.15.mlp.up_proj": 1643.260009765625,
    "model.layers.15.mlp.down_proj": 1651.2420654296875,
    "model.layers.16.self_attn.q_proj": 1653.65478515625,
    "model.layers.16.self_attn.k_proj": 1628.5955810546875,
    "model.layers.16.self_attn.v_proj": 1733.0743408203125,
    "model.layers.16.self_attn.o_proj": 1618.8372802734375,
    "model.layers.16.mlp.gate_proj": 1572.8675537109375,
    "model.layers.16.mlp.up_proj": 1623.0657958984375,
    "model.layers.16.mlp.down_proj": 1623.421630859375,
    "model.layers.17.self_attn.q_proj": 1633.219482421875,
    "model.layers.17.self_attn.k_proj": 1683.489013671875,
    "model.layers.17.self_attn.v_proj": 1743.7520751953125,
    "model.layers.17.self_attn.o_proj": 1608.5399169921875,
    "model.layers.17.mlp.gate_proj": 1634.0863037109375,
    "model.layers.17.mlp.up_proj": 1617.67138671875,
    "model.layers.17.mlp.down_proj": 1633.13916015625,
    "model.layers.18.self_attn.q_proj": 1634.7667236328125,
    "model.layers.18.self_attn.k_proj": 1652.2880859375,
    "model.layers.18.self_attn.v_proj": 1752.6903076171875,
    "model.layers.18.self_attn.o_proj": 1624.666259765625,
    "model.layers.18.mlp.gate_proj": 1636.2060546875,
    "model.layers.18.mlp.up_proj": 1629.639404296875,
    "model.layers.18.mlp.down_proj": 1618.6065673828125,
    "model.layers.19.self_attn.q_proj": 1645.5189208984375,
    "model.layers.19.self_attn.k_proj": 1620.97216796875,
    "model.layers.19.self_attn.v_proj": 1709.099609375,
    "model.layers.19.self_attn.o_proj": 1626.56640625,
    "model.layers.19.mlp.gate_proj": 1618.8587646484375,
    "model.layers.19.mlp.up_proj": 1627.638427734375,
    "model.layers.19.mlp.down_proj": 1592.0291748046875,