{
    "model.layers.0.self_attn.q_proj": 1636.443115234375,
    "model.layers.0.self_attn.k_proj": 1636.443115234375,
    "model.layers.0.self_attn.v_proj": 1636.443115234375,
    "model.layers.0.self_attn.o_proj": 1636.3626708984375,
    "model.layers.0.mlp.gate_proj": 1636.38037109375,
    "model.layers.0.mlp.up_proj": 1636.4500732421875,
    "model.layers.0.mlp.down_proj": 1638.37890625,
    "model.layers.1.self_attn.q_proj": 1636.4754638671875,
    "model.layers.1.self_attn.k_proj": 1636.565673828125,
    "model.layers.1.self_attn.v_proj": 1639.3990478515625,
    "model.layers.1.self_attn.o_proj": 1635.364990234375,
    "model.layers.1.mlp.gate_proj": 1632.53271484375,
    "model.layers.1.mlp.up_proj": 1639.09765625,
    "model.layers.1.mlp.down_proj": 1650.270751953125,
    "model.layers.2.self_attn.q_proj": 1634.724609375,
    "model.layers.2.self_attn.k_proj": 1638.4525146484375,
    "model.layers.2.self_attn.v_proj": 1699.254638671875,
    "model.layers.2.self_attn.o_proj": 1631.7318115234375,
    "model.layers.2.mlp.gate_proj": 1624.84765625,
    "model.layers.2.mlp.up_proj": 1644.853515625,
    "model.layers.2.mlp.down_proj": 1585.289794921875,
    "model.layers.3.self_attn.q_proj": 1636.1138916015625,
    "model.layers.3.self_attn.k_proj": 1633.6875,
    "model.layers.3.self_attn.v_proj": 1724.60986328125,
    "model.layers.3.self_attn.o_proj": 1637.595947265625,
    "model.layers.3.mlp.gate_proj": 1641.911376953125,
    "model.layers.3.mlp.up_proj": 1640.4158935546875,
    "model.layers.3.mlp.down_proj": 1645.9686279296875,
    "model.layers.4.self_attn.q_proj": 1643.159423828125,
    "model.layers.4.self_attn.k_proj": 1627.0399169921875,
    "model.layers.4.self_attn.v_proj": 1712.3807373046875,
    "model.layers.4.self_attn.o_proj": 1643.1915283203125,
    "model.layers.4.mlp.gate_proj": 1621.1964111328125,
    "model.layers.4.mlp.up_proj": 1627.4794921875,
    "model.layers.4.mlp.down_proj": 1652.5321044921875,
    "model.layers.5.self_attn.q_proj": 1641.35302734375,
    "model.layers.5.self_attn.k_proj": 1608.837158203125,
    "model.layers.5.self_attn.v_proj": 1711.74755859375,
    "model.layers.5.self_attn.o_proj": 1636.8040771484375,
    "model.layers.5.mlp.gate_proj": 1620.6600341796875,
    "model.layers.5.mlp.up_proj": 1611.4378662109375,
    "model.layers.5.mlp.down_proj": 1625.5477294921875,
    "model.layers.6.self_attn.q_proj": 1644.4385986328125,
    "model.layers.6.self_attn.k_proj": 1647.41943359375,
    "model.layers.6.self_attn.v_proj": 1699.359130859375,
    "model.layers.6.self_attn.o_proj": 1628.4898681640625,
    "model.layers.6.mlp.gate_proj": 1610.6549072265625,
    "model.layers.6.mlp.up_proj": 1650.902099609375,
    "model.layers.6.mlp.down_proj": 1627.1925048828125,
    "model.layers.7.self_attn.q_proj": 1629.9615478515625,
    "model.layers.7.self_attn.k_proj": 1666.0006103515625,
    "model.layers.7.self_attn.v_proj": 1702.6297607421875,
    "model.layers.7.self_attn.o_proj": 1599.369140625,
    "model.layers.7.mlp.gate_proj": 1639.66357421875,
    "model.layers.7.mlp.up_proj": 1629.58447265625,
    "model.layers.7.mlp.down_proj": 1623.0855712890625,
    "model.layers.8.self_attn.q_proj": 1646.1651611328125,
    "model.layers.8.self_attn.k_proj": 1668.373779296875,
    "model.layers.8.self_attn.v_proj": 1721.515625,
    "model.layers.8.self_attn.o_proj": 1627.779541015625,
    "model.layers.8.mlp.gate_proj": 1645.414306640625,
    "model.layers.8.mlp.up_proj": 1617.85107421875,
    "model.layers.8.mlp.down_proj": 1613.50927734375,
    "model.layers.9.self_attn.q_proj": 1638.7374267578125,
    "model.layers.9.self_attn.k_proj": 1665.109375,
    "model.layers.9.self_attn.v_proj": 1720.80126953125,
    "model.layers.9.self_attn.o_proj": 1609.536376953125,
    "model.layers.9.mlp.gate_proj": 1628.1885986328125,
    "model.layers.9.mlp.up_proj": 1647.5494384765625,
    "model.layers.9.mlp.down_proj": 1626.4654541015625,
    "model.layers.10.self_attn.q_proj": 1635.2169189453125,
    "model.layers.10.self_attn.k_proj": 1657.2037353515625,
    "model.layers.10.self_attn.v_proj": 1698.3277587890625,
    "model.layers.10.self_attn.o_proj": 1631.93408203125,
    "model.layers.10.mlp.gate_proj": 1622.27197265625,
    "model.layers.10.mlp.up_proj": 1613.4444580078125,
    "model.layers.10.mlp.down_proj": 1596.5989990234375,
    "model.layers.11.self_attn.q_proj": 1646.522705078125,
    "model.layers.11.self_attn.k_proj": 1655.35888671875,
    "model.layers.11.self_attn.v_proj": 1675.3909912109375,
    "model.layers.11.self_attn.o_proj": 1625.3917236328125,
    "model.layers.11.mlp.gate_proj": 1665.9581298828125,
    "model.layers.11.mlp.up_proj": 1607.1796875,
    "model.layers.11.mlp.down_proj": 1658.3602294921875,
    "model.layers.12.self_attn.q_proj": 1619.2376708984375,
    "model.layers.12.self_attn.k_proj": 1638.8048095703125,
    "model.layers.12.self_attn.v_proj": 1701.5526123046875,
    "model.layers.12.self_attn.o_proj": 1627.7584228515625,
    "model.layers.12.mlp.gate_proj": 1636.20166015625,
    "model.layers.12.mlp.up_proj": 1663.843994140625,
    "model.layers.12.mlp.down_proj": 1612.3507080078125,
    "model.layers.13.self_attn.q_proj": 1642.421142578125,
    "model.layers.13.self_attn.k_proj": 1630.595703125,
    "model.layers.13.self_attn.v_proj": 1688.42138671875,
    "model.layers.13.self_attn.o_proj": 1628.68212890625,
    "model.layers.13.mlp.gate_proj": 1655.9171142578125,
    "model.layers.13.mlp.up_proj": 1630.3572998046875,
    "model.layers.13.mlp.down_proj": 1637.400390625,
    "model.layers.14.self_attn.q_proj": 1652.640380859375,
    "model.layers.14.self_attn.k_proj": 1633.1153564453125,
    "model.layers.14.self_attn.v_proj": 1694.0927734375,
    "model.layers.14.self_attn.o_proj": 1624.9903564453125,
    "model.layers.14.mlp.gate_proj": 1609.9813232421875,
    "model.layers.14.mlp.up_proj": 1644.88427734375,
    "model.layers.14.mlp.down_proj": 1616.043701171875,
    "model.layers.15.self_attn.q_proj": 1635.8514404296875,
    "model.layers.15.self_attn.k_proj": 1659.985595703125,
    "model.layers.15.self_attn.v_proj": 1691.0059814453125,
    "model.layers.15.self_attn.o_proj": 1626.3507080078125,
    "model.layers.15.mlp.gate_proj": 1616.6458740234375,
    "model.layers.15.mlp.up_proj": 1638.9063720703125,
    "model.layers.15.mlp.down_proj": 1646.0760498046875,
    "model.layers.16.self_attn.q_proj": 1653.6436767578125,
    "model.layers.16.self_attn.k_proj": 1633.591796875,
    "model.layers.16.self_attn.v_proj": 1707.482421875,
    "model.layers.16.self_attn.o_proj": 1625.7716064453125,
    "model.layers.16.mlp.gate_proj": 1592.5030517578125,
    "model.layers.16.mlp.up_proj": 1627.573974609375,
    "model.layers.16.mlp.down_proj": 1620.666015625,
    "model.layers.17.self_attn.q_proj": 1633.0718994140625,
    "model.layers.17.self_attn.k_proj": 1669.741943359375,
    "model.layers.17.self_attn.v_proj": 1707.3634033203125,
    "model.layers.17.self_attn.o_proj": 1612.2271728515625,
    "model.layers.17.mlp.gate_proj": 1633.4437255859375,
    "model.layers.17.mlp.up_proj": 1622.3125,
    "model.layers.17.mlp.down_proj": 1643.39208984375,
    "model.layers.18.self_attn.q_proj": 1636.0306396484375,
    "model.layers.18.self_attn.k_proj": 1644.5054931640625,
    "model.layers.18.self_attn.v_proj": 1712.279296875,
    "model.layers.18.self_attn.o_proj": 1621.7674560546875,
    "model.layers.18.mlp.gate_proj": 1633.746337890625,
    "model.layers.18.mlp.up_proj": 1630.871337890625,
    "model.layers.18.mlp.down_proj": 1619.9755859375,
    "model.layers.19.self_attn.q_proj": 1645.6441650390625,
    "model.layers.19.self_attn.k_proj": 1623.2412109375,
    "model.layers.19.self_attn.v_proj": 1678.425537109375,
    "model.layers.19.self_attn.o_proj": 1635.8870849609375,
    "model.layers.19.mlp.gate_proj": 1630.6826171875,
    "model.layers.19.mlp.up_proj": 1627.55322265625,
    "model.layers.19.mlp.down_proj": 1609.990478515625,
    "model.layers.20.self_attn.q_proj": 1632.2364501953125,