{
    "model.layers.0.self_attn.q_proj": 1630.686279296875,
    "model.layers.0.self_attn.k_proj": 1630.686279296875,
    "model.layers.0.self_attn.v_proj": 1630.686279296875,
    "model.layers.0.self_attn.o_proj": 1630.5672607421875,
    "model.layers.0.mlp.gate_proj": 1630.6632080078125,
    "model.layers.0.mlp.up_proj": 1630.7763671875,
    "model.layers.0.mlp.down_proj": 1619.2249755859375,
    "model.layers.1.self_attn.q_proj": 1630.86083984375,
    "model.layers.1.self_attn.k_proj": 1630.8865966796875,
    "model.layers.1.self_attn.v_proj": 1637.313720703125,
    "model.layers.1.self_attn.o_proj": 1637.4256591796875,
    "model.layers.1.mlp.gate_proj": 1628.9283447265625,
    "model.layers.1.mlp.up_proj": 1633.185302734375,
    "model.layers.1.mlp.down_proj": 1562.289794921875,
    "model.layers.2.self_attn.q_proj": 1627.7645263671875,
    "model.layers.2.self_attn.k_proj": 1633.53662109375,
    "model.layers.2.self_attn.v_proj": 1806.2982177734375,
    "model.layers.2.self_attn.o_proj": 1636.218994140625,
    "model.layers.2.mlp.gate_proj": 1604.2789306640625,
    "model.layers.2.mlp.up_proj": 1634.14404296875,
    "model.layers.2.mlp.down_proj": 1595.90625,
    "model.layers.3.self_attn.q_proj": 1647.228271484375,
    "model.layers.3.self_attn.k_proj": 1646.2593994140625,
    "model.layers.3.self_attn.v_proj": 1931.5074462890625,
    "model.layers.3.self_attn.o_proj": 1605.1854248046875,
    "model.layers.3.mlp.gate_proj": 1639.5751953125,
    "model.layers.3.mlp.up_proj": 1614.17529296875,
    "model.layers.3.mlp.down_proj": 1681.7181396484375,
    "model.layers.4.self_attn.q_proj": 1624.0926513671875,
    "model.layers.4.self_attn.k_proj": 1579.587890625,
    "model.layers.4.self_attn.v_proj": 1822.524169921875,
    "model.layers.4.self_attn.o_proj": 1593.399169921875,
    "model.layers.4.mlp.gate_proj": 1580.7066650390625,
    "model.layers.4.mlp.up_proj": 1671.1741943359375,
    "model.layers.4.mlp.down_proj": 1636.846435546875,
    "model.layers.5.self_attn.q_proj": 1651.9708251953125,
    "model.layers.5.self_attn.k_proj": 1595.858642578125,
    "model.layers.5.self_attn.v_proj": 1843.5716552734375,
    "model.layers.5.self_attn.o_proj": 1590.9588623046875,
    "model.layers.5.mlp.gate_proj": 1654.5721435546875,
    "model.layers.5.mlp.up_proj": 1590.8031005859375,
    "model.layers.5.mlp.down_proj": 1662.959228515625,
    "model.layers.6.self_attn.q_proj": 1636.8194580078125,
    "model.layers.6.self_attn.k_proj": 1645.7132568359375,
    "model.layers.6.self_attn.v_proj": 1803.824462890625,
    "model.layers.6.self_attn.o_proj": 1637.89697265625,
    "model.layers.6.mlp.gate_proj": 1608.48876953125,
    "model.layers.6.mlp.up_proj": 1685.3876953125,
    "model.layers.6.mlp.down_proj": 1614.8974609375,
    "model.layers.7.self_attn.q_proj": 1635.77099609375,
    "model.layers.7.self_attn.k_proj": 1688.6966552734375,
    "model.layers.7.self_attn.v_proj": 1817.99951171875,
    "model.layers.7.self_attn.o_proj": 1578.370849609375,
    "model.layers.7.mlp.gate_proj": 1638.214111328125,
    "model.layers.7.mlp.up_proj": 1587.5576171875,
    "model.layers.7.mlp.down_proj": 1563.083251953125,
    "model.layers.8.self_attn.q_proj": 1643.4725341796875,
    "model.layers.8.self_attn.k_proj": 1672.510986328125,
    "model.layers.8.self_attn.v_proj": 1891.359375,
    "model.layers.8.self_attn.o_proj": 1615.3455810546875,
    "model.layers.8.mlp.gate_proj": 1664.5723876953125,
    "model.layers.8.mlp.up_proj": 1620.986572265625,
    "model.layers.8.mlp.down_proj": 1586.2847900390625,
    "model.layers.9.self_attn.q_proj": 1623.7374267578125,
    "model.layers.9.self_attn.k_proj": 1669.2296142578125,
    "model.layers.9.self_attn.v_proj": 1915.08740234375,
    "model.layers.9.self_attn.o_proj": 1573.74267578125,
    "model.layers.9.mlp.gate_proj": 1592.100830078125,
    "model.layers.9.mlp.up_proj": 1666.0811767578125,
    "model.layers.9.mlp.down_proj": 1612.9189453125,
    "model.layers.10.self_attn.q_proj": 1621.9532470703125,
    "model.layers.10.self_attn.k_proj": 1690.068359375,
    "model.layers.10.self_attn.v_proj": 1850.9053955078125,
    "model.layers.10.self_attn.o_proj": 1616.8341064453125,
    "model.layers.10.mlp.gate_proj": 1601.1748046875,
    "model.layers.10.mlp.up_proj": 1625.9185791015625,
    "model.layers.10.mlp.down_proj": 1591.5909423828125,
    "model.layers.11.self_attn.q_proj": 1630.9744873046875,
    "model.layers.11.self_attn.k_proj": 1644.5743408203125,
    "model.layers.11.self_attn.v_proj": 1795.674072265625,
    "model.layers.11.self_attn.o_proj": 1611.1922607421875,
    "model.layers.11.mlp.gate_proj": 1637.6617431640625,
    "model.layers.11.mlp.up_proj": 1583.3204345703125,
    "model.layers.11.mlp.down_proj": 1662.4320068359375,
    "model.layers.12.self_attn.q_proj": 1602.0675048828125,
    "model.layers.12.self_attn.k_proj": 1659.568359375,
    "model.layers.12.self_attn.v_proj": 1796.57958984375,
    "model.layers.12.self_attn.o_proj": 1617.52197265625,
    "model.layers.12.mlp.gate_proj": 1627.2049560546875,
    "model.layers.12.mlp.up_proj": 1637.059814453125,
    "model.layers.12.mlp.down_proj": 1607.7322998046875,
    "model.layers.13.self_attn.q_proj": 1635.7767333984375,
    "model.layers.13.self_attn.k_proj": 1611.626708984375,
    "model.layers.13.self_attn.v_proj": 1859.0467529296875,
    "model.layers.13.self_attn.o_proj": 1622.599853515625,
    "model.layers.13.mlp.gate_proj": 1659.03271484375,
    "model.layers.13.mlp.up_proj": 1615.885986328125,
    "model.layers.13.mlp.down_proj": 1617.21484375,
    "model.layers.14.self_attn.q_proj": 1647.41552734375,
    "model.layers.14.self_attn.k_proj": 1617.2520751953125,
    "model.layers.14.self_attn.v_proj": 1813.3486328125,
    "model.layers.14.self_attn.o_proj": 1615.42333984375,
    "model.layers.14.mlp.gate_proj": 1591.1641845703125,
    "model.layers.14.mlp.up_proj": 1661.7156982421875,
    "model.layers.14.mlp.down_proj": 1612.326171875,
    "model.layers.15.self_attn.q_proj": 1638.63818359375,
    "model.layers.15.self_attn.k_proj": 1661.1646728515625,
    "model.layers.15.self_attn.v_proj": 1797.030029296875,
    "model.layers.15.self_attn.o_proj": 1608.90234375,
    "model.layers.15.mlp.gate_proj": 1611.751953125,
    "model.layers.15.mlp.up_proj": 1638.4127197265625,
    "model.layers.15.mlp.down_proj": 1631.0318603515625,
    "model.layers.16.self_attn.q_proj": 1657.9033203125,
    "model.layers.16.self_attn.k_proj": 1622.8367919921875,
    "model.layers.16.self_attn.v_proj": 1908.7196044921875,
    "model.layers.16.self_attn.o_proj": 1599.473876953125,
    "model.layers.16.mlp.gate_proj": 1522.2593994140625,
    "model.layers.16.mlp.up_proj": 1618.50537109375,
    "model.layers.16.mlp.down_proj": 1620.549072265625,
    "model.layers.17.self_attn.q_proj": 1630.1978759765625,
    "model.layers.17.self_attn.k_proj": 1693.761962890625,
    "model.layers.17.self_attn.v_proj": 1803.4449462890625,
    "model.layers.17.self_attn.o_proj": 1578.2635498046875,
    "model.layers.17.mlp.gate_proj": 1627.40087890625,
    "model.layers.17.mlp.up_proj": 1618.950927734375,
    "model.layers.17.mlp.down_proj": 1613.230712890625,
    "model.layers.18.self_attn.q_proj": 1622.647216796875,
    "model.layers.18.self_attn.k_proj": 1681.0296630859375,
    "model.layers.18.self_attn.v_proj": 1807.0010986328125,
    "model.layers.18.self_attn.o_proj": 1614.1357421875,
    "model.layers.18.mlp.gate_proj": 1633.8961181640625,
    "model.layers.18.mlp.up_proj": 1626.704833984375,
    "model.layers.18.mlp.down_proj": 1628.2919921875,
    "model.layers.19.self_attn.q_proj": 1648.8734130859375,
    "model.layers.19.self_attn.k_proj": 1614.98046875,
    "model.layers.19.self_attn.v_proj": 1741.0037841796875,
    "model.layers.19.self_attn.o_proj": 1609.0941162109375,
    "model.layers.19.mlp.gate_proj": 1585.026123046875,
    "model.layers.19.mlp.up_proj": 1620.9456787109375,
    "model.layers.19.mlp.down_proj": 1581.365478515625,