{
    "model.layers.0.self_attn.q_proj": 1636.8660888671875,
    "model.layers.0.self_attn.k_proj": 1636.8660888671875,
    "model.layers.0.self_attn.v_proj": 1636.8660888671875,
    "model.layers.0.self_attn.o_proj": 1636.7747802734375,
    "model.layers.0.mlp.gate_proj": 1636.790283203125,
    "model.layers.0.mlp.up_proj": 1636.8692626953125,
    "model.layers.0.mlp.down_proj": 1638.1968994140625,
    "model.layers.1.self_attn.q_proj": 1636.90478515625,
    "model.layers.1.self_attn.k_proj": 1637.0079345703125,
    "model.layers.1.self_attn.v_proj": 1640.3797607421875,
    "model.layers.1.self_attn.o_proj": 1637.63818359375,
    "model.layers.1.mlp.gate_proj": 1631.989990234375,
    "model.layers.1.mlp.up_proj": 1639.3045654296875,
    "model.layers.1.mlp.down_proj": 1651.6220703125,
    "model.layers.2.self_attn.q_proj": 1634.4268798828125,
    "model.layers.2.self_attn.k_proj": 1637.2099609375,
    "model.layers.2.self_attn.v_proj": 1715.2635498046875,
    "model.layers.2.self_attn.o_proj": 1632.594970703125,
    "model.layers.2.mlp.gate_proj": 1622.58154296875,
    "model.layers.2.mlp.up_proj": 1646.6741943359375,
    "model.layers.2.mlp.down_proj": 1584.17626953125,
    "model.layers.3.self_attn.q_proj": 1636.368408203125,
    "model.layers.3.self_attn.k_proj": 1634.54443359375,
    "model.layers.3.self_attn.v_proj": 1749.6837158203125,
    "model.layers.3.self_attn.o_proj": 1633.1221923828125,
    "model.layers.3.mlp.gate_proj": 1642.6185302734375,
    "model.layers.3.mlp.up_proj": 1635.8973388671875,
    "model.layers.3.mlp.down_proj": 1657.854736328125,
    "model.layers.4.self_attn.q_proj": 1638.7423095703125,
    "model.layers.4.self_attn.k_proj": 1624.5111083984375,
    "model.layers.4.self_attn.v_proj": 1726.8739013671875,
    "model.layers.4.self_attn.o_proj": 1642.8822021484375,
    "model.layers.4.mlp.gate_proj": 1612.44677734375,
    "model.layers.4.mlp.up_proj": 1630.7913818359375,
    "model.layers.4.mlp.down_proj": 1653.2822265625,
    "model.layers.5.self_attn.q_proj": 1641.139404296875,
    "model.layers.5.self_attn.k_proj": 1604.803955078125,
    "model.layers.5.self_attn.v_proj": 1735.940673828125,
    "model.layers.5.self_attn.o_proj": 1632.930419921875,
    "model.layers.5.mlp.gate_proj": 1624.9696044921875,
    "model.layers.5.mlp.up_proj": 1605.9324951171875,
    "model.layers.5.mlp.down_proj": 1635.3038330078125,
    "model.layers.6.self_attn.q_proj": 1641.432373046875,
    "model.layers.6.self_attn.k_proj": 1649.282470703125,
    "model.layers.6.self_attn.v_proj": 1712.4969482421875,
    "model.layers.6.self_attn.o_proj": 1629.069580078125,
    "model.layers.6.mlp.gate_proj": 1601.885986328125,
    "model.layers.6.mlp.up_proj": 1657.5384521484375,
    "model.layers.6.mlp.down_proj": 1627.5875244140625,
    "model.layers.7.self_attn.q_proj": 1633.105712890625,
    "model.layers.7.self_attn.k_proj": 1677.7762451171875,
    "model.layers.7.self_attn.v_proj": 1717.4747314453125,
    "model.layers.7.self_attn.o_proj": 1593.3204345703125,
    "model.layers.7.mlp.gate_proj": 1637.8726806640625,
    "model.layers.7.mlp.up_proj": 1625.8018798828125,
    "model.layers.7.mlp.down_proj": 1615.874755859375,
    "model.layers.8.self_attn.q_proj": 1644.5645751953125,
    "model.layers.8.self_attn.k_proj": 1673.365234375,
    "model.layers.8.self_attn.v_proj": 1735.9593505859375,
    "model.layers.8.self_attn.o_proj": 1629.2340087890625,
    "model.layers.8.mlp.gate_proj": 1655.4248046875,
    "model.layers.8.mlp.up_proj": 1608.12841796875,
    "model.layers.8.mlp.down_proj": 1606.714599609375,
    "model.layers.9.self_attn.q_proj": 1639.8018798828125,
    "model.layers.9.self_attn.k_proj": 1666.8248291015625,
    "model.layers.9.self_attn.v_proj": 1735.99853515625,
    "model.layers.9.self_attn.o_proj": 1600.071044921875,
    "model.layers.9.mlp.gate_proj": 1623.951416015625,
    "model.layers.9.mlp.up_proj": 1649.2808837890625,
    "model.layers.9.mlp.down_proj": 1618.728759765625,
    "model.layers.10.self_attn.q_proj": 1633.6763916015625,
    "model.layers.10.self_attn.k_proj": 1662.554443359375,
    "model.layers.10.self_attn.v_proj": 1714.883544921875,
    "model.layers.10.self_attn.o_proj": 1631.443603515625,
    "model.layers.10.mlp.gate_proj": 1615.1724853515625,
    "model.layers.10.mlp.up_proj": 1608.9954833984375,
    "model.layers.10.mlp.down_proj": 1592.063232421875,
    "model.layers.11.self_attn.q_proj": 1644.2568359375,
    "model.layers.11.self_attn.k_proj": 1657.3990478515625,
    "model.layers.11.self_attn.v_proj": 1685.5904541015625,
    "model.layers.11.self_attn.o_proj": 1626.264892578125,
    "model.layers.11.mlp.gate_proj": 1667.181884765625,
    "model.layers.11.mlp.up_proj": 1606.092041015625,
    "model.layers.11.mlp.down_proj": 1668.0028076171875,
    "model.layers.12.self_attn.q_proj": 1613.9150390625,
    "model.layers.12.self_attn.k_proj": 1640.7540283203125,
    "model.layers.12.self_attn.v_proj": 1708.751220703125,
    "model.layers.12.self_attn.o_proj": 1630.7474365234375,
    "model.layers.12.mlp.gate_proj": 1635.4522705078125,
    "model.layers.12.mlp.up_proj": 1665.093994140625,
    "model.layers.12.mlp.down_proj": 1611.8466796875,
    "model.layers.13.self_attn.q_proj": 1643.559326171875,
    "model.layers.13.self_attn.k_proj": 1632.9501953125,
    "model.layers.13.self_attn.v_proj": 1696.4947509765625,
    "model.layers.13.self_attn.o_proj": 1629.4368896484375,
    "model.layers.13.mlp.gate_proj": 1657.195068359375,
    "model.layers.13.mlp.up_proj": 1628.1722412109375,
    "model.layers.13.mlp.down_proj": 1640.6697998046875,
    "model.layers.14.self_attn.q_proj": 1651.299072265625,
    "model.layers.14.self_attn.k_proj": 1632.2205810546875,
    "model.layers.14.self_attn.v_proj": 1707.301025390625,
    "model.layers.14.self_attn.o_proj": 1626.1995849609375,
    "model.layers.14.mlp.gate_proj": 1610.5325927734375,
    "model.layers.14.mlp.up_proj": 1650.365234375,
    "model.layers.14.mlp.down_proj": 1610.343017578125,
    "model.layers.15.self_attn.q_proj": 1640.127197265625,
    "model.layers.15.self_attn.k_proj": 1662.7430419921875,
    "model.layers.15.self_attn.v_proj": 1706.8553466796875,
    "model.layers.15.self_attn.o_proj": 1625.7974853515625,
    "model.layers.15.mlp.gate_proj": 1613.11962890625,
    "model.layers.15.mlp.up_proj": 1639.445068359375,
    "model.layers.15.mlp.down_proj": 1648.8984375,
    "model.layers.16.self_attn.q_proj": 1654.533447265625,
    "model.layers.16.self_attn.k_proj": 1631.345703125,
    "model.layers.16.self_attn.v_proj": 1719.2286376953125,
    "model.layers.16.self_attn.o_proj": 1622.33203125,
    "model.layers.16.mlp.gate_proj": 1584.4202880859375,
    "model.layers.16.mlp.up_proj": 1624.3009033203125,
    "model.layers.16.mlp.down_proj": 1621.90478515625,
    "model.layers.17.self_attn.q_proj": 1633.4385986328125,
    "model.layers.17.self_attn.k_proj": 1677.12060546875,
    "model.layers.17.self_attn.v_proj": 1728.2752685546875,
    "model.layers.17.self_attn.o_proj": 1611.625,
    "model.layers.17.mlp.gate_proj": 1634.4891357421875,
    "model.layers.17.mlp.up_proj": 1622.4237060546875,
    "model.layers.17.mlp.down_proj": 1638.64697265625,
    "model.layers.18.self_attn.q_proj": 1635.0025634765625,
    "model.layers.18.self_attn.k_proj": 1648.0872802734375,
    "model.layers.18.self_attn.v_proj": 1729.9267578125,
    "model.layers.18.self_attn.o_proj": 1625.249267578125,
    "model.layers.18.mlp.gate_proj": 1635.89111328125,
    "model.layers.18.mlp.up_proj": 1631.4080810546875,
    "model.layers.18.mlp.down_proj": 1619.71240234375,
    "model.layers.19.self_attn.q_proj": 1646.55908203125,
    "model.layers.19.self_attn.k_proj": 1622.7662353515625,
    "model.layers.19.self_attn.v_proj": 1690.132080078125,
    "model.layers.19.self_attn.o_proj": 1631.906982421875,
    "model.layers.19.mlp.gate_proj": 1624.82861328125,
    "model.layers.19.mlp.up_proj": 1631.33154296875,
    "model.layers.19.mlp.down_proj": 1596.3133544921875,