{
    "model.layers.0.self_attn.q_proj": 1631.743408203125,
    "model.layers.0.self_attn.k_proj": 1631.743408203125,
    "model.layers.0.self_attn.v_proj": 1631.743408203125,
    "model.layers.0.self_attn.o_proj": 1631.6138916015625,
    "model.layers.0.mlp.gate_proj": 1631.7127685546875,
    "model.layers.0.mlp.up_proj": 1631.823974609375,
    "model.layers.0.mlp.down_proj": 1622.7744140625,
    "model.layers.1.self_attn.q_proj": 1631.6409912109375,
    "model.layers.1.self_attn.k_proj": 1631.861083984375,
    "model.layers.1.self_attn.v_proj": 1637.4034423828125,
    "model.layers.1.self_attn.o_proj": 1637.17822265625,
    "model.layers.1.mlp.gate_proj": 1631.1192626953125,
    "model.layers.1.mlp.up_proj": 1635.10595703125,
    "model.layers.1.mlp.down_proj": 1572.494384765625,
    "model.layers.2.self_attn.q_proj": 1625.8287353515625,
    "model.layers.2.self_attn.k_proj": 1634.02783203125,
    "model.layers.2.self_attn.v_proj": 1786.249267578125,
    "model.layers.2.self_attn.o_proj": 1631.262939453125,
    "model.layers.2.mlp.gate_proj": 1605.1417236328125,
    "model.layers.2.mlp.up_proj": 1643.8587646484375,
    "model.layers.2.mlp.down_proj": 1587.515380859375,
    "model.layers.3.self_attn.q_proj": 1645.7418212890625,
    "model.layers.3.self_attn.k_proj": 1642.1142578125,
    "model.layers.3.self_attn.v_proj": 1895.3460693359375,
    "model.layers.3.self_attn.o_proj": 1616.2271728515625,
    "model.layers.3.mlp.gate_proj": 1642.416748046875,
    "model.layers.3.mlp.up_proj": 1609.24609375,
    "model.layers.3.mlp.down_proj": 1684.5494384765625,
    "model.layers.4.self_attn.q_proj": 1620.8270263671875,
    "model.layers.4.self_attn.k_proj": 1589.3050537109375,
    "model.layers.4.self_attn.v_proj": 1798.481201171875,
    "model.layers.4.self_attn.o_proj": 1617.828369140625,
    "model.layers.4.mlp.gate_proj": 1589.1787109375,
    "model.layers.4.mlp.up_proj": 1662.184326171875,
    "model.layers.4.mlp.down_proj": 1646.6629638671875,
    "model.layers.5.self_attn.q_proj": 1647.4029541015625,
    "model.layers.5.self_attn.k_proj": 1598.4002685546875,
    "model.layers.5.self_attn.v_proj": 1829.3994140625,
    "model.layers.5.self_attn.o_proj": 1604.58740234375,
    "model.layers.5.mlp.gate_proj": 1646.843017578125,
    "model.layers.5.mlp.up_proj": 1588.54296875,
    "model.layers.5.mlp.down_proj": 1666.99560546875,
    "model.layers.6.self_attn.q_proj": 1635.7158203125,
    "model.layers.6.self_attn.k_proj": 1646.69482421875,
    "model.layers.6.self_attn.v_proj": 1788.7911376953125,
    "model.layers.6.self_attn.o_proj": 1633.3604736328125,
    "model.layers.6.mlp.gate_proj": 1607.2998046875,
    "model.layers.6.mlp.up_proj": 1676.396240234375,
    "model.layers.6.mlp.down_proj": 1635.1514892578125,
    "model.layers.7.self_attn.q_proj": 1634.64697265625,
    "model.layers.7.self_attn.k_proj": 1691.946533203125,
    "model.layers.7.self_attn.v_proj": 1789.538818359375,
    "model.layers.7.self_attn.o_proj": 1579.711181640625,
    "model.layers.7.mlp.gate_proj": 1634.938720703125,
    "model.layers.7.mlp.up_proj": 1592.4324951171875,
    "model.layers.7.mlp.down_proj": 1574.59814453125,
    "model.layers.8.self_attn.q_proj": 1642.8897705078125,
    "model.layers.8.self_attn.k_proj": 1676.9716796875,
    "model.layers.8.self_attn.v_proj": 1847.9539794921875,
    "model.layers.8.self_attn.o_proj": 1621.8629150390625,
    "model.layers.8.mlp.gate_proj": 1661.3642578125,
    "model.layers.8.mlp.up_proj": 1612.554931640625,
    "model.layers.8.mlp.down_proj": 1600.1541748046875,
    "model.layers.9.self_attn.q_proj": 1625.7235107421875,
    "model.layers.9.self_attn.k_proj": 1668.4918212890625,
    "model.layers.9.self_attn.v_proj": 1854.643310546875,
    "model.layers.9.self_attn.o_proj": 1572.34375,
    "model.layers.9.mlp.gate_proj": 1606.09423828125,
    "model.layers.9.mlp.up_proj": 1659.1639404296875,
    "model.layers.9.mlp.down_proj": 1617.376708984375,
    "model.layers.10.self_attn.q_proj": 1626.8309326171875,
    "model.layers.10.self_attn.k_proj": 1683.406982421875,
    "model.layers.10.self_attn.v_proj": 1809.717041015625,
    "model.layers.10.self_attn.o_proj": 1612.6929931640625,
    "model.layers.10.mlp.gate_proj": 1602.31201171875,
    "model.layers.10.mlp.up_proj": 1621.294677734375,
    "model.layers.10.mlp.down_proj": 1585.4208984375,
    "model.layers.11.self_attn.q_proj": 1629.649169921875,
    "model.layers.11.self_attn.k_proj": 1649.7862548828125,
    "model.layers.11.self_attn.v_proj": 1753.1846923828125,
    "model.layers.11.self_attn.o_proj": 1611.76904296875,
    "model.layers.11.mlp.gate_proj": 1641.2022705078125,
    "model.layers.11.mlp.up_proj": 1589.1512451171875,
    "model.layers.11.mlp.down_proj": 1662.9180908203125,
    "model.layers.12.self_attn.q_proj": 1603.90771484375,
    "model.layers.12.self_attn.k_proj": 1648.1312255859375,
    "model.layers.12.self_attn.v_proj": 1773.4647216796875,
    "model.layers.12.self_attn.o_proj": 1626.859375,
    "model.layers.12.mlp.gate_proj": 1624.877197265625,
    "model.layers.12.mlp.up_proj": 1652.256103515625,
    "model.layers.12.mlp.down_proj": 1612.1512451171875,
    "model.layers.13.self_attn.q_proj": 1634.205810546875,
    "model.layers.13.self_attn.k_proj": 1615.3045654296875,
    "model.layers.13.self_attn.v_proj": 1812.6201171875,
    "model.layers.13.self_attn.o_proj": 1628.917724609375,
    "model.layers.13.mlp.gate_proj": 1658.954833984375,
    "model.layers.13.mlp.up_proj": 1627.8944091796875,
    "model.layers.13.mlp.down_proj": 1625.3687744140625,
    "model.layers.14.self_attn.q_proj": 1648.9337158203125,
    "model.layers.14.self_attn.k_proj": 1616.2132568359375,
    "model.layers.14.self_attn.v_proj": 1758.0494384765625,
    "model.layers.14.self_attn.o_proj": 1619.3240966796875,
    "model.layers.14.mlp.gate_proj": 1603.600341796875,
    "model.layers.14.mlp.up_proj": 1663.4063720703125,
    "model.layers.14.mlp.down_proj": 1608.36865234375,
    "model.layers.15.self_attn.q_proj": 1640.0384521484375,
    "model.layers.15.self_attn.k_proj": 1660.2843017578125,
    "model.layers.15.self_attn.v_proj": 1757.6961669921875,
    "model.layers.15.self_attn.o_proj": 1618.0345458984375,
    "model.layers.15.mlp.gate_proj": 1609.846435546875,
    "model.layers.15.mlp.up_proj": 1642.6182861328125,
    "model.layers.15.mlp.down_proj": 1641.2857666015625,
    "model.layers.16.self_attn.q_proj": 1654.398681640625,
    "model.layers.16.self_attn.k_proj": 1625.4267578125,
    "model.layers.16.self_attn.v_proj": 1856.711181640625,
    "model.layers.16.self_attn.o_proj": 1605.6583251953125,
    "model.layers.16.mlp.gate_proj": 1536.9693603515625,
    "model.layers.16.mlp.up_proj": 1621.6043701171875,
    "model.layers.16.mlp.down_proj": 1619.3687744140625,
    "model.layers.17.self_attn.q_proj": 1631.3648681640625,
    "model.layers.17.self_attn.k_proj": 1698.02099609375,
    "model.layers.17.self_attn.v_proj": 1789.82958984375,
    "model.layers.17.self_attn.o_proj": 1592.413818359375,
    "model.layers.17.mlp.gate_proj": 1630.2406005859375,
    "model.layers.17.mlp.up_proj": 1610.7071533203125,
    "model.layers.17.mlp.down_proj": 1613.1649169921875,
    "model.layers.18.self_attn.q_proj": 1627.092529296875,
    "model.layers.18.self_attn.k_proj": 1665.2955322265625,
    "model.layers.18.self_attn.v_proj": 1790.5384521484375,
    "model.layers.18.self_attn.o_proj": 1618.939453125,
    "model.layers.18.mlp.gate_proj": 1634.1279296875,
    "model.layers.18.mlp.up_proj": 1626.0635986328125,
    "model.layers.18.mlp.down_proj": 1634.301025390625,
    "model.layers.19.self_attn.q_proj": 1647.82275390625,
    "model.layers.19.self_attn.k_proj": 1615.162841796875,
    "model.layers.19.self_attn.v_proj": 1738.146240234375,
    "model.layers.19.self_attn.o_proj": 1615.5206298828125,
    "model.layers.19.mlp.gate_proj": 1595.460205078125,
    "model.layers.19.mlp.up_proj": 1618.0391845703125,
    "model.layers.19.mlp.down_proj": 1589.14892578125,