{
    "model.layers.0.self_attn.q_proj": 1634.9674072265625,
    "model.layers.0.self_attn.k_proj": 1634.9674072265625,
    "model.layers.0.self_attn.v_proj": 1634.9674072265625,
    "model.layers.0.self_attn.o_proj": 1634.8096923828125,
    "model.layers.0.mlp.gate_proj": 1634.9310302734375,
    "model.layers.0.mlp.up_proj": 1635.0263671875,
    "model.layers.0.mlp.down_proj": 1628.9439697265625,
    "model.layers.1.self_attn.q_proj": 1634.9759521484375,
    "model.layers.1.self_attn.k_proj": 1635.126220703125,
    "model.layers.1.self_attn.v_proj": 1639.9146728515625,
    "model.layers.1.self_attn.o_proj": 1638.6776123046875,
    "model.layers.1.mlp.gate_proj": 1634.2254638671875,
    "model.layers.1.mlp.up_proj": 1637.302978515625,
    "model.layers.1.mlp.down_proj": 1583.062255859375,
    "model.layers.2.self_attn.q_proj": 1629.6749267578125,
    "model.layers.2.self_attn.k_proj": 1636.7957763671875,
    "model.layers.2.self_attn.v_proj": 1776.697265625,
    "model.layers.2.self_attn.o_proj": 1629.86083984375,
    "model.layers.2.mlp.gate_proj": 1610.9276123046875,
    "model.layers.2.mlp.up_proj": 1648.856201171875,
    "model.layers.2.mlp.down_proj": 1585.92822265625,
    "model.layers.3.self_attn.q_proj": 1645.4945068359375,
    "model.layers.3.self_attn.k_proj": 1640.465087890625,
    "model.layers.3.self_attn.v_proj": 1872.602783203125,
    "model.layers.3.self_attn.o_proj": 1632.5018310546875,
    "model.layers.3.mlp.gate_proj": 1643.2392578125,
    "model.layers.3.mlp.up_proj": 1612.450927734375,
    "model.layers.3.mlp.down_proj": 1682.4075927734375,
    "model.layers.4.self_attn.q_proj": 1624.5634765625,
    "model.layers.4.self_attn.k_proj": 1597.477294921875,
    "model.layers.4.self_attn.v_proj": 1784.8988037109375,
    "model.layers.4.self_attn.o_proj": 1625.572509765625,
    "model.layers.4.mlp.gate_proj": 1589.5076904296875,
    "model.layers.4.mlp.up_proj": 1661.469482421875,
    "model.layers.4.mlp.down_proj": 1651.2633056640625,
    "model.layers.5.self_attn.q_proj": 1650.25390625,
    "model.layers.5.self_attn.k_proj": 1600.898681640625,
    "model.layers.5.self_attn.v_proj": 1813.5966796875,
    "model.layers.5.self_attn.o_proj": 1612.0130615234375,
    "model.layers.5.mlp.gate_proj": 1648.392822265625,
    "model.layers.5.mlp.up_proj": 1592.5242919921875,
    "model.layers.5.mlp.down_proj": 1666.1639404296875,
    "model.layers.6.self_attn.q_proj": 1640.0875244140625,
    "model.layers.6.self_attn.k_proj": 1649.9039306640625,
    "model.layers.6.self_attn.v_proj": 1779.4200439453125,
    "model.layers.6.self_attn.o_proj": 1631.59814453125,
    "model.layers.6.mlp.gate_proj": 1603.5087890625,
    "model.layers.6.mlp.up_proj": 1671.2086181640625,
    "model.layers.6.mlp.down_proj": 1640.15673828125,
    "model.layers.7.self_attn.q_proj": 1635.1492919921875,
    "model.layers.7.self_attn.k_proj": 1695.588134765625,
    "model.layers.7.self_attn.v_proj": 1771.952392578125,
    "model.layers.7.self_attn.o_proj": 1586.77978515625,
    "model.layers.7.mlp.gate_proj": 1638.4295654296875,
    "model.layers.7.mlp.up_proj": 1600.5614013671875,
    "model.layers.7.mlp.down_proj": 1587.9720458984375,
    "model.layers.8.self_attn.q_proj": 1642.8594970703125,
    "model.layers.8.self_attn.k_proj": 1684.542236328125,
    "model.layers.8.self_attn.v_proj": 1818.9088134765625,
    "model.layers.8.self_attn.o_proj": 1627.1357421875,
    "model.layers.8.mlp.gate_proj": 1661.2818603515625,
    "model.layers.8.mlp.up_proj": 1605.8896484375,
    "model.layers.8.mlp.down_proj": 1604.956298828125,
    "model.layers.9.self_attn.q_proj": 1630.1016845703125,
    "model.layers.9.self_attn.k_proj": 1668.1285400390625,
    "model.layers.9.self_attn.v_proj": 1825.928955078125,
    "model.layers.9.self_attn.o_proj": 1573.406494140625,
    "model.layers.9.mlp.gate_proj": 1612.14501953125,
    "model.layers.9.mlp.up_proj": 1654.5186767578125,
    "model.layers.9.mlp.down_proj": 1617.564453125,
    "model.layers.10.self_attn.q_proj": 1630.739501953125,
    "model.layers.10.self_attn.k_proj": 1678.036376953125,
    "model.layers.10.self_attn.v_proj": 1793.7239990234375,
    "model.layers.10.self_attn.o_proj": 1609.4801025390625,
    "model.layers.10.mlp.gate_proj": 1604.856689453125,
    "model.layers.10.mlp.up_proj": 1618.7000732421875,
    "model.layers.10.mlp.down_proj": 1585.6685791015625,
    "model.layers.11.self_attn.q_proj": 1631.381591796875,
    "model.layers.11.self_attn.k_proj": 1655.9910888671875,
    "model.layers.11.self_attn.v_proj": 1736.64111328125,
    "model.layers.11.self_attn.o_proj": 1617.17626953125,
    "model.layers.11.mlp.gate_proj": 1644.39990234375,
    "model.layers.11.mlp.up_proj": 1597.4869384765625,
    "model.layers.11.mlp.down_proj": 1667.9293212890625,
    "model.layers.12.self_attn.q_proj": 1608.0926513671875,
    "model.layers.12.self_attn.k_proj": 1646.1942138671875,
    "model.layers.12.self_attn.v_proj": 1760.6275634765625,
    "model.layers.12.self_attn.o_proj": 1630.743896484375,
    "model.layers.12.mlp.gate_proj": 1626.6951904296875,
    "model.layers.12.mlp.up_proj": 1662.031005859375,
    "model.layers.12.mlp.down_proj": 1614.114501953125,
    "model.layers.13.self_attn.q_proj": 1637.0196533203125,
    "model.layers.13.self_attn.k_proj": 1617.0518798828125,
    "model.layers.13.self_attn.v_proj": 1779.8179931640625,
    "model.layers.13.self_attn.o_proj": 1629.8282470703125,
    "model.layers.13.mlp.gate_proj": 1659.358154296875,
    "model.layers.13.mlp.up_proj": 1629.38232421875,
    "model.layers.13.mlp.down_proj": 1633.1905517578125,
    "model.layers.14.self_attn.q_proj": 1650.740966796875,
    "model.layers.14.self_attn.k_proj": 1625.5697021484375,
    "model.layers.14.self_attn.v_proj": 1745.1494140625,
    "model.layers.14.self_attn.o_proj": 1625.42138671875,
    "model.layers.14.mlp.gate_proj": 1610.111328125,
    "model.layers.14.mlp.up_proj": 1665.8043212890625,
    "model.layers.14.mlp.down_proj": 1608.322265625,
    "model.layers.15.self_attn.q_proj": 1642.961669921875,
    "model.layers.15.self_attn.k_proj": 1663.2740478515625,
    "model.layers.15.self_attn.v_proj": 1747.8367919921875,
    "model.layers.15.self_attn.o_proj": 1621.691650390625,
    "model.layers.15.mlp.gate_proj": 1608.353515625,
    "model.layers.15.mlp.up_proj": 1646.8458251953125,
    "model.layers.15.mlp.down_proj": 1647.238037109375,
    "model.layers.16.self_attn.q_proj": 1651.9912109375,
    "model.layers.16.self_attn.k_proj": 1627.9097900390625,
    "model.layers.16.self_attn.v_proj": 1818.8873291015625,
    "model.layers.16.self_attn.o_proj": 1610.7623291015625,
    "model.layers.16.mlp.gate_proj": 1547.7332763671875,
    "model.layers.16.mlp.up_proj": 1622.0911865234375,
    "model.layers.16.mlp.down_proj": 1620.4351806640625,
    "model.layers.17.self_attn.q_proj": 1633.9053955078125,
    "model.layers.17.self_attn.k_proj": 1700.2547607421875,
    "model.layers.17.self_attn.v_proj": 1774.8814697265625,
    "model.layers.17.self_attn.o_proj": 1600.2598876953125,
    "model.layers.17.mlp.gate_proj": 1632.8492431640625,
    "model.layers.17.mlp.up_proj": 1607.054443359375,
    "model.layers.17.mlp.down_proj": 1616.3436279296875,
    "model.layers.18.self_attn.q_proj": 1632.6121826171875,
    "model.layers.18.self_attn.k_proj": 1662.0211181640625,
    "model.layers.18.self_attn.v_proj": 1780.9581298828125,
    "model.layers.18.self_attn.o_proj": 1622.6973876953125,
    "model.layers.18.mlp.gate_proj": 1636.8248291015625,
    "model.layers.18.mlp.up_proj": 1629.8038330078125,
    "model.layers.18.mlp.down_proj": 1635.27880859375,
    "model.layers.19.self_attn.q_proj": 1649.897216796875,
    "model.layers.19.self_attn.k_proj": 1618.526611328125,
    "model.layers.19.self_attn.v_proj": 1736.8118896484375,
    "model.layers.19.self_attn.o_proj": 1623.0567626953125,
    "model.layers.19.mlp.gate_proj": 1602.40673828125,
    "model.layers.19.mlp.up_proj": 1621.2344970703125,
    "model.layers.19.mlp.down_proj": 1590.652099609375,