{
    "model.layers.0.self_attn.q_proj": 1637.9251708984375,
    "model.layers.0.self_attn.k_proj": 1637.9251708984375,
    "model.layers.0.self_attn.v_proj": 1637.9251708984375,
    "model.layers.0.self_attn.o_proj": 1637.882568359375,
    "model.layers.0.mlp.gate_proj": 1637.9169921875,
    "model.layers.0.mlp.up_proj": 1637.9453125,
    "model.layers.0.mlp.down_proj": 1638.4884033203125,
    "model.layers.1.self_attn.q_proj": 1637.967529296875,
    "model.layers.1.self_attn.k_proj": 1637.9102783203125,
    "model.layers.1.self_attn.v_proj": 1638.26806640625,
    "model.layers.1.self_attn.o_proj": 1638.459716796875,
    "model.layers.1.mlp.gate_proj": 1638.4510498046875,
    "model.layers.1.mlp.up_proj": 1640.2015380859375,
    "model.layers.1.mlp.down_proj": 1644.9739990234375,
    "model.layers.2.self_attn.q_proj": 1636.1103515625,
    "model.layers.2.self_attn.k_proj": 1638.5166015625,
    "model.layers.2.self_attn.v_proj": 1646.2880859375,
    "model.layers.2.self_attn.o_proj": 1636.8197021484375,
    "model.layers.2.mlp.gate_proj": 1634.94580078125,
    "model.layers.2.mlp.up_proj": 1637.5335693359375,
    "model.layers.2.mlp.down_proj": 1612.8934326171875,
    "model.layers.3.self_attn.q_proj": 1638.1539306640625,
    "model.layers.3.self_attn.k_proj": 1630.50927734375,
    "model.layers.3.self_attn.v_proj": 1672.615234375,
    "model.layers.3.self_attn.o_proj": 1631.1298828125,
    "model.layers.3.mlp.gate_proj": 1641.5001220703125,
    "model.layers.3.mlp.up_proj": 1642.050048828125,
    "model.layers.3.mlp.down_proj": 1650.9990234375,
    "model.layers.4.self_attn.q_proj": 1641.6251220703125,
    "model.layers.4.self_attn.k_proj": 1639.54736328125,
    "model.layers.4.self_attn.v_proj": 1660.13720703125,
    "model.layers.4.self_attn.o_proj": 1636.975341796875,
    "model.layers.4.mlp.gate_proj": 1628.388916015625,
    "model.layers.4.mlp.up_proj": 1632.128662109375,
    "model.layers.4.mlp.down_proj": 1640.748291015625,
    "model.layers.5.self_attn.q_proj": 1641.5989990234375,
    "model.layers.5.self_attn.k_proj": 1632.10302734375,
    "model.layers.5.self_attn.v_proj": 1667.2850341796875,
    "model.layers.5.self_attn.o_proj": 1643.7213134765625,
    "model.layers.5.mlp.gate_proj": 1636.718994140625,
    "model.layers.5.mlp.up_proj": 1622.2293701171875,
    "model.layers.5.mlp.down_proj": 1628.2198486328125,
    "model.layers.6.self_attn.q_proj": 1638.152587890625,
    "model.layers.6.self_attn.k_proj": 1637.1865234375,
    "model.layers.6.self_attn.v_proj": 1656.576416015625,
    "model.layers.6.self_attn.o_proj": 1636.4384765625,
    "model.layers.6.mlp.gate_proj": 1624.5809326171875,
    "model.layers.6.mlp.up_proj": 1642.2373046875,
    "model.layers.6.mlp.down_proj": 1630.99560546875,
    "model.layers.7.self_attn.q_proj": 1632.9066162109375,
    "model.layers.7.self_attn.k_proj": 1647.5064697265625,
    "model.layers.7.self_attn.v_proj": 1661.3978271484375,
    "model.layers.7.self_attn.o_proj": 1623.1663818359375,
    "model.layers.7.mlp.gate_proj": 1640.9893798828125,
    "model.layers.7.mlp.up_proj": 1638.5384521484375,
    "model.layers.7.mlp.down_proj": 1631.2152099609375,
    "model.layers.8.self_attn.q_proj": 1646.262451171875,
    "model.layers.8.self_attn.k_proj": 1649.73095703125,
    "model.layers.8.self_attn.v_proj": 1660.739501953125,
    "model.layers.8.self_attn.o_proj": 1634.6138916015625,
    "model.layers.8.mlp.gate_proj": 1639.0836181640625,
    "model.layers.8.mlp.up_proj": 1636.26904296875,
    "model.layers.8.mlp.down_proj": 1628.552734375,
    "model.layers.9.self_attn.q_proj": 1630.9879150390625,
    "model.layers.9.self_attn.k_proj": 1655.3975830078125,
    "model.layers.9.self_attn.v_proj": 1664.424072265625,
    "model.layers.9.self_attn.o_proj": 1624.221435546875,
    "model.layers.9.mlp.gate_proj": 1631.370849609375,
    "model.layers.9.mlp.up_proj": 1651.8343505859375,
    "model.layers.9.mlp.down_proj": 1632.6190185546875,
    "model.layers.10.self_attn.q_proj": 1639.8162841796875,
    "model.layers.10.self_attn.k_proj": 1640.888916015625,
    "model.layers.10.self_attn.v_proj": 1653.890869140625,
    "model.layers.10.self_attn.o_proj": 1633.7469482421875,
    "model.layers.10.mlp.gate_proj": 1632.7589111328125,
    "model.layers.10.mlp.up_proj": 1632.823486328125,
    "model.layers.10.mlp.down_proj": 1614.568603515625,
    "model.layers.11.self_attn.q_proj": 1639.743408203125,
    "model.layers.11.self_attn.k_proj": 1642.68408203125,
    "model.layers.11.self_attn.v_proj": 1650.2642822265625,
    "model.layers.11.self_attn.o_proj": 1630.54296875,
    "model.layers.11.mlp.gate_proj": 1652.2481689453125,
    "model.layers.11.mlp.up_proj": 1632.21240234375,
    "model.layers.11.mlp.down_proj": 1639.0369873046875,
    "model.layers.12.self_attn.q_proj": 1634.7244873046875,
    "model.layers.12.self_attn.k_proj": 1637.5372314453125,
    "model.layers.12.self_attn.v_proj": 1663.138427734375,
    "model.layers.12.self_attn.o_proj": 1633.078369140625,
    "model.layers.12.mlp.gate_proj": 1637.1771240234375,
    "model.layers.12.mlp.up_proj": 1644.895751953125,
    "model.layers.12.mlp.down_proj": 1623.17138671875,
    "model.layers.13.self_attn.q_proj": 1640.0390625,
    "model.layers.13.self_attn.k_proj": 1630.49462890625,
    "model.layers.13.self_attn.v_proj": 1664.450927734375,
    "model.layers.13.self_attn.o_proj": 1632.631103515625,
    "model.layers.13.mlp.gate_proj": 1643.45556640625,
    "model.layers.13.mlp.up_proj": 1636.8626708984375,
    "model.layers.13.mlp.down_proj": 1631.2843017578125,
    "model.layers.14.self_attn.q_proj": 1639.9559326171875,
    "model.layers.14.self_attn.k_proj": 1639.9210205078125,
    "model.layers.14.self_attn.v_proj": 1650.59375,
    "model.layers.14.self_attn.o_proj": 1630.600830078125,
    "model.layers.14.mlp.gate_proj": 1629.0916748046875,
    "model.layers.14.mlp.up_proj": 1640.8118896484375,
    "model.layers.14.mlp.down_proj": 1629.288330078125,
    "model.layers.15.self_attn.q_proj": 1639.06982421875,
    "model.layers.15.self_attn.k_proj": 1645.1839599609375,
    "model.layers.15.self_attn.v_proj": 1664.513916015625,
    "model.layers.15.self_attn.o_proj": 1633.603759765625,
    "model.layers.15.mlp.gate_proj": 1632.1568603515625,
    "model.layers.15.mlp.up_proj": 1636.5404052734375,
    "model.layers.15.mlp.down_proj": 1642.1988525390625,
    "model.layers.16.self_attn.q_proj": 1647.8580322265625,
    "model.layers.16.self_attn.k_proj": 1643.5743408203125,
    "model.layers.16.self_attn.v_proj": 1669.685302734375,
    "model.layers.16.self_attn.o_proj": 1636.2164306640625,
    "model.layers.16.mlp.gate_proj": 1624.1009521484375,
    "model.layers.16.mlp.up_proj": 1630.2301025390625,
    "model.layers.16.mlp.down_proj": 1637.0006103515625,
    "model.layers.17.self_attn.q_proj": 1641.179443359375,
    "model.layers.17.self_attn.k_proj": 1653.3668212890625,
    "model.layers.17.self_attn.v_proj": 1657.26806640625,
    "model.layers.17.self_attn.o_proj": 1635.935546875,
    "model.layers.17.mlp.gate_proj": 1637.9190673828125,
    "model.layers.17.mlp.up_proj": 1638.92822265625,
    "model.layers.17.mlp.down_proj": 1633.299072265625,
    "model.layers.18.self_attn.q_proj": 1640.7791748046875,
    "model.layers.18.self_attn.k_proj": 1638.411865234375,
    "model.layers.18.self_attn.v_proj": 1668.6358642578125,
    "model.layers.18.self_attn.o_proj": 1629.314453125,
    "model.layers.18.mlp.gate_proj": 1638.6561279296875,
    "model.layers.18.mlp.up_proj": 1638.079345703125,
    "model.layers.18.mlp.down_proj": 1630.6884765625,
    "model.layers.19.self_attn.q_proj": 1646.54541015625,
    "model.layers.19.self_attn.k_proj": 1637.1378173828125,
    "model.layers.19.self_attn.v_proj": 1647.34423828125,
    "model.layers.19.self_attn.o_proj": 1638.6104736328125,
    "model.layers.19.mlp.gate_proj": 1631.4139404296875,
    "model.layers.19.mlp.up_proj": 1632.4095458984375,
    "model.layers.19.mlp.down_proj": 1635.7071533203125,