{
    "model.layers.0.self_attn.q_proj": 1629.802001953125,
    "model.layers.0.self_attn.k_proj": 1629.802001953125,
    "model.layers.0.self_attn.v_proj": 1629.802001953125,
    "model.layers.0.self_attn.o_proj": 1629.6683349609375,
    "model.layers.0.mlp.gate_proj": 1629.7745361328125,
    "model.layers.0.mlp.up_proj": 1629.892333984375,
    "model.layers.0.mlp.down_proj": 1619.0467529296875,
    "model.layers.1.self_attn.q_proj": 1629.86376953125,
    "model.layers.1.self_attn.k_proj": 1629.9364013671875,
    "model.layers.1.self_attn.v_proj": 1636.1044921875,
    "model.layers.1.self_attn.o_proj": 1636.07763671875,
    "model.layers.1.mlp.gate_proj": 1628.5009765625,
    "model.layers.1.mlp.up_proj": 1632.9039306640625,
    "model.layers.1.mlp.down_proj": 1564.4395751953125,
    "model.layers.2.self_attn.q_proj": 1625.1688232421875,
    "model.layers.2.self_attn.k_proj": 1632.0714111328125,
    "model.layers.2.self_attn.v_proj": 1795.92919921875,
    "model.layers.2.self_attn.o_proj": 1633.1417236328125,
    "model.layers.2.mlp.gate_proj": 1601.4068603515625,
    "model.layers.2.mlp.up_proj": 1636.9554443359375,
    "model.layers.2.mlp.down_proj": 1593.260498046875,
    "model.layers.3.self_attn.q_proj": 1645.461181640625,
    "model.layers.3.self_attn.k_proj": 1644.1519775390625,
    "model.layers.3.self_attn.v_proj": 1913.801513671875,
    "model.layers.3.self_attn.o_proj": 1606.5548095703125,
    "model.layers.3.mlp.gate_proj": 1639.5567626953125,
    "model.layers.3.mlp.up_proj": 1609.153564453125,
    "model.layers.3.mlp.down_proj": 1682.28759765625,
    "model.layers.4.self_attn.q_proj": 1622.1307373046875,
    "model.layers.4.self_attn.k_proj": 1584.7711181640625,
    "model.layers.4.self_attn.v_proj": 1810.05859375,
    "model.layers.4.self_attn.o_proj": 1611.0892333984375,
    "model.layers.4.mlp.gate_proj": 1585.8543701171875,
    "model.layers.4.mlp.up_proj": 1664.8787841796875,
    "model.layers.4.mlp.down_proj": 1639.919921875,
    "model.layers.5.self_attn.q_proj": 1645.6876220703125,
    "model.layers.5.self_attn.k_proj": 1597.1981201171875,
    "model.layers.5.self_attn.v_proj": 1838.6524658203125,
    "model.layers.5.self_attn.o_proj": 1595.3619384765625,
    "model.layers.5.mlp.gate_proj": 1651.4742431640625,
    "model.layers.5.mlp.up_proj": 1587.8502197265625,
    "model.layers.5.mlp.down_proj": 1662.73291015625,
    "model.layers.6.self_attn.q_proj": 1635.238525390625,
    "model.layers.6.self_attn.k_proj": 1644.593017578125,
    "model.layers.6.self_attn.v_proj": 1797.291259765625,
    "model.layers.6.self_attn.o_proj": 1634.0313720703125,
    "model.layers.6.mlp.gate_proj": 1608.6380615234375,
    "model.layers.6.mlp.up_proj": 1682.29345703125,
    "model.layers.6.mlp.down_proj": 1628.3450927734375,
    "model.layers.7.self_attn.q_proj": 1634.2613525390625,
    "model.layers.7.self_attn.k_proj": 1688.5142822265625,
    "model.layers.7.self_attn.v_proj": 1803.0687255859375,
    "model.layers.7.self_attn.o_proj": 1576.17138671875,
    "model.layers.7.mlp.gate_proj": 1635.79248046875,
    "model.layers.7.mlp.up_proj": 1588.205810546875,
    "model.layers.7.mlp.down_proj": 1563.0657958984375,
    "model.layers.8.self_attn.q_proj": 1642.208740234375,
    "model.layers.8.self_attn.k_proj": 1672.8856201171875,
    "model.layers.8.self_attn.v_proj": 1871.345458984375,
    "model.layers.8.self_attn.o_proj": 1614.548095703125,
    "model.layers.8.mlp.gate_proj": 1662.514892578125,
    "model.layers.8.mlp.up_proj": 1617.2283935546875,
    "model.layers.8.mlp.down_proj": 1593.3468017578125,
    "model.layers.9.self_attn.q_proj": 1623.3653564453125,
    "model.layers.9.self_attn.k_proj": 1668.3511962890625,
    "model.layers.9.self_attn.v_proj": 1888.71533203125,
    "model.layers.9.self_attn.o_proj": 1570.8402099609375,
    "model.layers.9.mlp.gate_proj": 1595.8262939453125,
    "model.layers.9.mlp.up_proj": 1658.6258544921875,
    "model.layers.9.mlp.down_proj": 1618.3455810546875,
    "model.layers.10.self_attn.q_proj": 1623.3211669921875,
    "model.layers.10.self_attn.k_proj": 1685.3507080078125,
    "model.layers.10.self_attn.v_proj": 1833.42578125,
    "model.layers.10.self_attn.o_proj": 1616.1611328125,
    "model.layers.10.mlp.gate_proj": 1600.56591796875,
    "model.layers.10.mlp.up_proj": 1622.3150634765625,
    "model.layers.10.mlp.down_proj": 1589.4656982421875,
    "model.layers.11.self_attn.q_proj": 1628.57958984375,
    "model.layers.11.self_attn.k_proj": 1646.07568359375,
    "model.layers.11.self_attn.v_proj": 1774.8621826171875,
    "model.layers.11.self_attn.o_proj": 1609.4716796875,
    "model.layers.11.mlp.gate_proj": 1639.5528564453125,
    "model.layers.11.mlp.up_proj": 1585.2232666015625,
    "model.layers.11.mlp.down_proj": 1661.30908203125,
    "model.layers.12.self_attn.q_proj": 1601.6485595703125,
    "model.layers.12.self_attn.k_proj": 1653.531005859375,
    "model.layers.12.self_attn.v_proj": 1786.4052734375,
    "model.layers.12.self_attn.o_proj": 1621.76318359375,
    "model.layers.12.mlp.gate_proj": 1624.2542724609375,
    "model.layers.12.mlp.up_proj": 1643.330810546875,
    "model.layers.12.mlp.down_proj": 1607.7666015625,
    "model.layers.13.self_attn.q_proj": 1633.668212890625,
    "model.layers.13.self_attn.k_proj": 1612.7255859375,
    "model.layers.13.self_attn.v_proj": 1836.5230712890625,
    "model.layers.13.self_attn.o_proj": 1624.1572265625,
    "model.layers.13.mlp.gate_proj": 1656.8472900390625,
    "model.layers.13.mlp.up_proj": 1625.042724609375,
    "model.layers.13.mlp.down_proj": 1620.930419921875,
    "model.layers.14.self_attn.q_proj": 1647.54833984375,
    "model.layers.14.self_attn.k_proj": 1613.50732421875,
    "model.layers.14.self_attn.v_proj": 1789.19482421875,
    "model.layers.14.self_attn.o_proj": 1615.481689453125,
    "model.layers.14.mlp.gate_proj": 1597.0263671875,
    "model.layers.14.mlp.up_proj": 1661.669921875,
    "model.layers.14.mlp.down_proj": 1610.3876953125,
    "model.layers.15.self_attn.q_proj": 1638.1693115234375,
    "model.layers.15.self_attn.k_proj": 1659.9373779296875,
    "model.layers.15.self_attn.v_proj": 1772.52490234375,
    "model.layers.15.self_attn.o_proj": 1613.0982666015625,
    "model.layers.15.mlp.gate_proj": 1610.1917724609375,
    "model.layers.15.mlp.up_proj": 1639.3795166015625,
    "model.layers.15.mlp.down_proj": 1633.8892822265625,
    "model.layers.16.self_attn.q_proj": 1655.62646484375,
    "model.layers.16.self_attn.k_proj": 1624.0126953125,
    "model.layers.16.self_attn.v_proj": 1882.573486328125,
    "model.layers.16.self_attn.o_proj": 1601.8017578125,
    "model.layers.16.mlp.gate_proj": 1526.384521484375,
    "model.layers.16.mlp.up_proj": 1619.32666015625,
    "model.layers.16.mlp.down_proj": 1620.399658203125,
    "model.layers.17.self_attn.q_proj": 1629.611083984375,
    "model.layers.17.self_attn.k_proj": 1694.3095703125,
    "model.layers.17.self_attn.v_proj": 1798.263427734375,
    "model.layers.17.self_attn.o_proj": 1582.655029296875,
    "model.layers.17.mlp.gate_proj": 1628.633544921875,
    "model.layers.17.mlp.up_proj": 1612.4212646484375,
    "model.layers.17.mlp.down_proj": 1614.298095703125,
    "model.layers.18.self_attn.q_proj": 1622.625,
    "model.layers.18.self_attn.k_proj": 1672.4493408203125,
    "model.layers.18.self_attn.v_proj": 1797.1142578125,
    "model.layers.18.self_attn.o_proj": 1614.46337890625,
    "model.layers.18.mlp.gate_proj": 1634.1251220703125,
    "model.layers.18.mlp.up_proj": 1625.1422119140625,
    "model.layers.18.mlp.down_proj": 1630.9703369140625,
    "model.layers.19.self_attn.q_proj": 1646.755615234375,
    "model.layers.19.self_attn.k_proj": 1611.300537109375,
    "model.layers.19.self_attn.v_proj": 1739.77392578125,
    "model.layers.19.self_attn.o_proj": 1610.634521484375,
    "model.layers.19.mlp.gate_proj": 1589.12939453125,
    "model.layers.19.mlp.up_proj": 1618.720703125,
    "model.layers.19.mlp.down_proj": 1584.6815185546875,