{
    "model.layers.0.self_attn.q_proj": 787.047119140625,
    "model.layers.0.self_attn.k_proj": 786.9085083007812,
    "model.layers.0.self_attn.v_proj": 790.4799194335938,
    "model.layers.0.self_attn.o_proj": 792.1715087890625,
    "model.layers.0.mlp.gate_proj": 816.9570922851562,
    "model.layers.0.mlp.up_proj": 811.693359375,
    "model.layers.0.mlp.down_proj": 768.5361938476562,
    "model.layers.1.self_attn.q_proj": 786.3947143554688,
    "model.layers.1.self_attn.k_proj": 778.3887939453125,
    "model.layers.1.self_attn.v_proj": 953.0084228515625,
    "model.layers.1.self_attn.o_proj": 750.5582885742188,
    "model.layers.1.mlp.gate_proj": 842.596435546875,
    "model.layers.1.mlp.up_proj": 782.460205078125,
    "model.layers.1.mlp.down_proj": 860.7421264648438,
    "model.layers.2.self_attn.q_proj": 769.2001953125,
    "model.layers.2.self_attn.k_proj": 777.7748413085938,
    "model.layers.2.self_attn.v_proj": 821.087890625,
    "model.layers.2.self_attn.o_proj": 805.5617065429688,
    "model.layers.2.mlp.gate_proj": 840.4234619140625,
    "model.layers.2.mlp.up_proj": 816.0697021484375,
    "model.layers.2.mlp.down_proj": 858.16845703125,
    "model.layers.3.self_attn.q_proj": 784.28955078125,
    "model.layers.3.self_attn.k_proj": 764.2154541015625,
    "model.layers.3.self_attn.v_proj": 1042.921142578125,
    "model.layers.3.self_attn.o_proj": 803.1622314453125,
    "model.layers.3.mlp.gate_proj": 853.6267700195312,
    "model.layers.3.mlp.up_proj": 832.5679931640625,
    "model.layers.3.mlp.down_proj": 837.5037231445312,
    "model.layers.4.self_attn.q_proj": 776.2223510742188,
    "model.layers.4.self_attn.k_proj": 855.4158935546875,
    "model.layers.4.self_attn.v_proj": 853.50048828125,
    "model.layers.4.self_attn.o_proj": 794.389892578125,
    "model.layers.4.mlp.gate_proj": 827.1829223632812,
    "model.layers.4.mlp.up_proj": 831.1581420898438,
    "model.layers.4.mlp.down_proj": 875.900634765625,
    "model.layers.5.self_attn.q_proj": 787.5931396484375,
    "model.layers.5.self_attn.k_proj": 782.3956298828125,
    "model.layers.5.self_attn.v_proj": 956.2274780273438,
    "model.layers.5.self_attn.o_proj": 785.2501220703125,
    "model.layers.5.mlp.gate_proj": 833.9783325195312,
    "model.layers.5.mlp.up_proj": 844.49560546875,
    "model.layers.5.mlp.down_proj": 842.15869140625,
    "model.layers.6.self_attn.q_proj": 823.5673217773438,
    "model.layers.6.self_attn.k_proj": 825.4701538085938,
    "model.layers.6.self_attn.v_proj": 864.9977416992188,
    "model.layers.6.self_attn.o_proj": 786.9807739257812,
    "model.layers.6.mlp.gate_proj": 830.01025390625,
    "model.layers.6.mlp.up_proj": 794.6446533203125,
    "model.layers.6.mlp.down_proj": 834.5138549804688,
    "model.layers.7.self_attn.q_proj": 781.904541015625,
    "model.layers.7.self_attn.k_proj": 808.5360107421875,
    "model.layers.7.self_attn.v_proj": 865.5845336914062,
    "model.layers.7.self_attn.o_proj": 786.2728271484375,
    "model.layers.7.mlp.gate_proj": 885.4774169921875,
    "model.layers.7.mlp.up_proj": 836.2928466796875,
    "model.layers.7.mlp.down_proj": 792.8046875,
    "model.layers.8.self_attn.q_proj": 806.0715942382812,
    "model.layers.8.self_attn.k_proj": 776.1504516601562,
    "model.layers.8.self_attn.v_proj": 954.9228515625,
    "model.layers.8.self_attn.o_proj": 762.2843017578125,
    "model.layers.8.mlp.gate_proj": 820.8572387695312,
    "model.layers.8.mlp.up_proj": 767.6903076171875,
    "model.layers.8.mlp.down_proj": 873.6199951171875,
    "model.layers.9.self_attn.q_proj": 825.2738647460938,
    "model.layers.9.self_attn.k_proj": 861.4417114257812,
    "model.layers.9.self_attn.v_proj": 940.5638427734375,
    "model.layers.9.self_attn.o_proj": 738.1876831054688,
    "model.layers.9.mlp.gate_proj": 828.9476318359375,
    "model.layers.9.mlp.up_proj": 847.67919921875,
    "model.layers.9.mlp.down_proj": 835.4730834960938,
    "model.layers.10.self_attn.q_proj": 812.093994140625,
    "model.layers.10.self_attn.k_proj": 828.4288330078125,
    "model.layers.10.self_attn.v_proj": 871.9028930664062,
    "model.layers.10.self_attn.o_proj": 713.512451171875,
    "model.layers.10.mlp.gate_proj": 829.4769897460938,
    "model.layers.10.mlp.up_proj": 834.7372436523438,
    "model.layers.10.mlp.down_proj": 830.8472290039062,
    "model.layers.11.self_attn.q_proj": 795.7274780273438,
    "model.layers.11.self_attn.k_proj": 843.9771728515625,
    "model.layers.11.self_attn.v_proj": 858.6697387695312,
    "model.layers.11.self_attn.o_proj": 673.3329467773438,
    "model.layers.11.mlp.gate_proj": 845.7752075195312,
    "model.layers.11.mlp.up_proj": 810.8116455078125,
    "model.layers.11.mlp.down_proj": 834.3359375,
    "model.layers.12.self_attn.q_proj": 747.3745727539062,
    "model.layers.12.self_attn.k_proj": 779.825927734375,
    "model.layers.12.self_attn.v_proj": 919.1819458007812,
    "model.layers.12.self_attn.o_proj": 722.933349609375,
    "model.layers.12.mlp.gate_proj": 827.6802978515625,
    "model.layers.12.mlp.up_proj": 819.120361328125,
    "model.layers.12.mlp.down_proj": 863.8592529296875,
    "model.layers.13.self_attn.q_proj": 767.2670288085938,
    "model.layers.13.self_attn.k_proj": 818.37548828125,
    "model.layers.13.self_attn.v_proj": 873.1803588867188,
    "model.layers.13.self_attn.o_proj": 692.68017578125,
    "model.layers.13.mlp.gate_proj": 818.541748046875,
    "model.layers.13.mlp.up_proj": 843.5260009765625,
    "model.layers.13.mlp.down_proj": 895.99658203125,
    "model.layers.14.self_attn.q_proj": 778.8602905273438,
    "model.layers.14.self_attn.k_proj": 757.6410522460938,
    "model.layers.14.self_attn.v_proj": 818.860107421875,
    "model.layers.14.self_attn.o_proj": 652.3306274414062,
    "model.layers.14.mlp.gate_proj": 831.8757934570312,
    "model.layers.14.mlp.up_proj": 828.6351318359375,
    "model.layers.14.mlp.down_proj": 886.3994140625,
    "model.layers.15.self_attn.q_proj": 761.6029663085938,
    "model.layers.15.self_attn.k_proj": 816.1906127929688,
    "model.layers.15.self_attn.v_proj": 868.2535400390625,
    "model.layers.15.self_attn.o_proj": 776.875732421875,
    "model.layers.15.mlp.gate_proj": 848.2593383789062,
    "model.layers.15.mlp.up_proj": 845.2547607421875,
    "model.layers.15.mlp.down_proj": 859.7571411132812,
    "model.layers.16.self_attn.q_proj": 768.8572387695312,
    "model.layers.16.self_attn.k_proj": 801.1261596679688,
    "model.layers.16.self_attn.v_proj": 845.9873046875,
    "model.layers.16.self_attn.o_proj": 712.2544555664062,
    "model.layers.16.mlp.gate_proj": 827.1632080078125,
    "model.layers.16.mlp.up_proj": 826.3869018554688,
    "model.layers.16.mlp.down_proj": 882.0606079101562,
    "model.layers.17.self_attn.q_proj": 792.6185302734375,
    "model.layers.17.self_attn.k_proj": 773.322998046875,
    "model.layers.17.self_attn.v_proj": 842.63232421875,
    "model.layers.17.self_attn.o_proj": 786.198486328125,
    "model.layers.17.mlp.gate_proj": 824.5772094726562,
    "model.layers.17.mlp.up_proj": 807.7826538085938,
    "model.layers.17.mlp.down_proj": 907.507568359375,
    "model.layers.18.self_attn.q_proj": 775.8709716796875,
    "model.layers.18.self_attn.k_proj": 790.4246215820312,
    "model.layers.18.self_attn.v_proj": 864.4196166992188,
    "model.layers.18.self_attn.o_proj": 715.833984375,
    "model.layers.18.mlp.gate_proj": 825.37158203125,
    "model.layers.18.mlp.up_proj": 847.7872924804688,
    "model.layers.18.mlp.down_proj": 870.3629150390625,
    "model.layers.19.self_attn.q_proj": 783.048828125,
    "model.layers.19.self_attn.k_proj": 791.7098999023438,
    "model.layers.19.self_attn.v_proj": 810.6492919921875,
    "model.layers.19.self_attn.o_proj": 727.1220703125,
    "model.layers.19.mlp.gate_proj": 821.1968994140625,
    "model.layers.19.mlp.up_proj": 820.95166015625,
    "model.layers.19.mlp.down_proj": 871.3388671875,
    "model.layers.20.self_attn.q_proj": 775.070068359375,
    "model.layers.20.self_attn.k_proj": 791.099609375,