{
    "model.layers.0.self_attn.q_proj": 800.2208251953125,
    "model.layers.0.self_attn.k_proj": 800.1932373046875,
    "model.layers.0.self_attn.v_proj": 804.180908203125,
    "model.layers.0.self_attn.o_proj": 805.08740234375,
    "model.layers.0.mlp.gate_proj": 821.152099609375,
    "model.layers.0.mlp.up_proj": 816.1934814453125,
    "model.layers.0.mlp.down_proj": 787.8497314453125,
    "model.layers.1.self_attn.q_proj": 802.5045776367188,
    "model.layers.1.self_attn.k_proj": 794.34765625,
    "model.layers.1.self_attn.v_proj": 938.0848388671875,
    "model.layers.1.self_attn.o_proj": 769.6519775390625,
    "model.layers.1.mlp.gate_proj": 837.8170776367188,
    "model.layers.1.mlp.up_proj": 790.751220703125,
    "model.layers.1.mlp.down_proj": 836.3954467773438,
    "model.layers.2.self_attn.q_proj": 776.6695556640625,
    "model.layers.2.self_attn.k_proj": 797.9927368164062,
    "model.layers.2.self_attn.v_proj": 807.81201171875,
    "model.layers.2.self_attn.o_proj": 833.2274169921875,
    "model.layers.2.mlp.gate_proj": 840.7380981445312,
    "model.layers.2.mlp.up_proj": 824.071533203125,
    "model.layers.2.mlp.down_proj": 834.7598876953125,
    "model.layers.3.self_attn.q_proj": 802.1410522460938,
    "model.layers.3.self_attn.k_proj": 792.4683227539062,
    "model.layers.3.self_attn.v_proj": 960.5140380859375,
    "model.layers.3.self_attn.o_proj": 804.2951049804688,
    "model.layers.3.mlp.gate_proj": 828.7771606445312,
    "model.layers.3.mlp.up_proj": 826.60400390625,
    "model.layers.3.mlp.down_proj": 814.4412231445312,
    "model.layers.4.self_attn.q_proj": 779.137939453125,
    "model.layers.4.self_attn.k_proj": 854.9542846679688,
    "model.layers.4.self_attn.v_proj": 848.3804321289062,
    "model.layers.4.self_attn.o_proj": 792.6996459960938,
    "model.layers.4.mlp.gate_proj": 819.2046508789062,
    "model.layers.4.mlp.up_proj": 839.7311401367188,
    "model.layers.4.mlp.down_proj": 833.87451171875,
    "model.layers.5.self_attn.q_proj": 796.7631225585938,
    "model.layers.5.self_attn.k_proj": 787.7294311523438,
    "model.layers.5.self_attn.v_proj": 903.779541015625,
    "model.layers.5.self_attn.o_proj": 813.2709350585938,
    "model.layers.5.mlp.gate_proj": 821.01025390625,
    "model.layers.5.mlp.up_proj": 833.6368408203125,
    "model.layers.5.mlp.down_proj": 842.3671264648438,
    "model.layers.6.self_attn.q_proj": 818.1806640625,
    "model.layers.6.self_attn.k_proj": 814.4468994140625,
    "model.layers.6.self_attn.v_proj": 853.1702270507812,
    "model.layers.6.self_attn.o_proj": 795.46533203125,
    "model.layers.6.mlp.gate_proj": 823.1288452148438,
    "model.layers.6.mlp.up_proj": 824.1651000976562,
    "model.layers.6.mlp.down_proj": 851.2797241210938,
    "model.layers.7.self_attn.q_proj": 781.10302734375,
    "model.layers.7.self_attn.k_proj": 825.8443603515625,
    "model.layers.7.self_attn.v_proj": 825.558349609375,
    "model.layers.7.self_attn.o_proj": 802.538818359375,
    "model.layers.7.mlp.gate_proj": 834.7958984375,
    "model.layers.7.mlp.up_proj": 857.8004150390625,
    "model.layers.7.mlp.down_proj": 808.2947998046875,
    "model.layers.8.self_attn.q_proj": 813.9656372070312,
    "model.layers.8.self_attn.k_proj": 814.9229125976562,
    "model.layers.8.self_attn.v_proj": 905.9508666992188,
    "model.layers.8.self_attn.o_proj": 771.9820556640625,
    "model.layers.8.mlp.gate_proj": 822.1675415039062,
    "model.layers.8.mlp.up_proj": 805.3551635742188,
    "model.layers.8.mlp.down_proj": 836.7583618164062,
    "model.layers.9.self_attn.q_proj": 836.33251953125,
    "model.layers.9.self_attn.k_proj": 841.271484375,
    "model.layers.9.self_attn.v_proj": 898.4246215820312,
    "model.layers.9.self_attn.o_proj": 772.955810546875,
    "model.layers.9.mlp.gate_proj": 832.4017333984375,
    "model.layers.9.mlp.up_proj": 835.190673828125,
    "model.layers.9.mlp.down_proj": 842.856689453125,
    "model.layers.10.self_attn.q_proj": 810.2042846679688,
    "model.layers.10.self_attn.k_proj": 801.0665283203125,
    "model.layers.10.self_attn.v_proj": 845.5693359375,
    "model.layers.10.self_attn.o_proj": 747.2174072265625,
    "model.layers.10.mlp.gate_proj": 827.040771484375,
    "model.layers.10.mlp.up_proj": 840.3379516601562,
    "model.layers.10.mlp.down_proj": 833.2896118164062,
    "model.layers.11.self_attn.q_proj": 795.0620727539062,
    "model.layers.11.self_attn.k_proj": 837.1809692382812,
    "model.layers.11.self_attn.v_proj": 813.2719116210938,
    "model.layers.11.self_attn.o_proj": 732.880615234375,
    "model.layers.11.mlp.gate_proj": 824.1536254882812,
    "model.layers.11.mlp.up_proj": 808.7269897460938,
    "model.layers.11.mlp.down_proj": 832.7077026367188,
    "model.layers.12.self_attn.q_proj": 783.7452392578125,
    "model.layers.12.self_attn.k_proj": 778.8499755859375,
    "model.layers.12.self_attn.v_proj": 873.9306640625,
    "model.layers.12.self_attn.o_proj": 777.38916015625,
    "model.layers.12.mlp.gate_proj": 819.1281127929688,
    "model.layers.12.mlp.up_proj": 805.0424194335938,
    "model.layers.12.mlp.down_proj": 843.0289306640625,
    "model.layers.13.self_attn.q_proj": 793.9814453125,
    "model.layers.13.self_attn.k_proj": 825.3072509765625,
    "model.layers.13.self_attn.v_proj": 859.7847290039062,
    "model.layers.13.self_attn.o_proj": 741.8464965820312,
    "model.layers.13.mlp.gate_proj": 807.1658935546875,
    "model.layers.13.mlp.up_proj": 839.042236328125,
    "model.layers.13.mlp.down_proj": 868.0609741210938,
    "model.layers.14.self_attn.q_proj": 807.7435302734375,
    "model.layers.14.self_attn.k_proj": 801.98779296875,
    "model.layers.14.self_attn.v_proj": 812.9378051757812,
    "model.layers.14.self_attn.o_proj": 730.0924072265625,
    "model.layers.14.mlp.gate_proj": 831.0782470703125,
    "model.layers.14.mlp.up_proj": 820.8056030273438,
    "model.layers.14.mlp.down_proj": 844.8280029296875,
    "model.layers.15.self_attn.q_proj": 785.4182739257812,
    "model.layers.15.self_attn.k_proj": 842.1924438476562,
    "model.layers.15.self_attn.v_proj": 849.3532104492188,
    "model.layers.15.self_attn.o_proj": 817.5222778320312,
    "model.layers.15.mlp.gate_proj": 834.8043212890625,
    "model.layers.15.mlp.up_proj": 831.1550903320312,
    "model.layers.15.mlp.down_proj": 846.2606201171875,
    "model.layers.16.self_attn.q_proj": 790.101806640625,
    "model.layers.16.self_attn.k_proj": 806.0800170898438,
    "model.layers.16.self_attn.v_proj": 845.086669921875,
    "model.layers.16.self_attn.o_proj": 759.7667846679688,
    "model.layers.16.mlp.gate_proj": 816.8370971679688,
    "model.layers.16.mlp.up_proj": 816.0778198242188,
    "model.layers.16.mlp.down_proj": 851.4483032226562,
    "model.layers.17.self_attn.q_proj": 799.926513671875,
    "model.layers.17.self_attn.k_proj": 793.693359375,
    "model.layers.17.self_attn.v_proj": 826.2335815429688,
    "model.layers.17.self_attn.o_proj": 786.2579345703125,
    "model.layers.17.mlp.gate_proj": 817.974609375,
    "model.layers.17.mlp.up_proj": 818.677001953125,
    "model.layers.17.mlp.down_proj": 862.228271484375,
    "model.layers.18.self_attn.q_proj": 787.45751953125,
    "model.layers.18.self_attn.k_proj": 806.6275634765625,
    "model.layers.18.self_attn.v_proj": 846.550537109375,
    "model.layers.18.self_attn.o_proj": 759.8289184570312,
    "model.layers.18.mlp.gate_proj": 822.7884521484375,
    "model.layers.18.mlp.up_proj": 826.6453247070312,
    "model.layers.18.mlp.down_proj": 850.5906372070312,
    "model.layers.19.self_attn.q_proj": 793.0836181640625,
    "model.layers.19.self_attn.k_proj": 793.2058715820312,
    "model.layers.19.self_attn.v_proj": 815.6868896484375,
    "model.layers.19.self_attn.o_proj": 784.2277221679688,
    "model.layers.19.mlp.gate_proj": 815.6476440429688,
    "model.layers.19.mlp.up_proj": 822.0569458007812,
    "model.layers.19.mlp.down_proj": 844.2070922851562,
    "model.layers.20.self_attn.q_proj": 785.3310546875,