{
    "model.layers.0.self_attn.q_proj": 812.0054931640625,
    "model.layers.0.self_attn.k_proj": 812.0115356445312,
    "model.layers.0.self_attn.v_proj": 814.75537109375,
    "model.layers.0.self_attn.o_proj": 816.7278442382812,
    "model.layers.0.mlp.gate_proj": 821.3202514648438,
    "model.layers.0.mlp.up_proj": 819.1610717773438,
    "model.layers.0.mlp.down_proj": 802.4791259765625,
    "model.layers.1.self_attn.q_proj": 815.9205932617188,
    "model.layers.1.self_attn.k_proj": 807.552978515625,
    "model.layers.1.self_attn.v_proj": 888.930419921875,
    "model.layers.1.self_attn.o_proj": 788.8931884765625,
    "model.layers.1.mlp.gate_proj": 827.792236328125,
    "model.layers.1.mlp.up_proj": 811.6914672851562,
    "model.layers.1.mlp.down_proj": 817.2493286132812,
    "model.layers.2.self_attn.q_proj": 792.914306640625,
    "model.layers.2.self_attn.k_proj": 810.0,
    "model.layers.2.self_attn.v_proj": 796.1160278320312,
    "model.layers.2.self_attn.o_proj": 825.1568603515625,
    "model.layers.2.mlp.gate_proj": 828.2930908203125,
    "model.layers.2.mlp.up_proj": 816.9534912109375,
    "model.layers.2.mlp.down_proj": 835.1734008789062,
    "model.layers.3.self_attn.q_proj": 815.814453125,
    "model.layers.3.self_attn.k_proj": 808.763427734375,
    "model.layers.3.self_attn.v_proj": 879.9798583984375,
    "model.layers.3.self_attn.o_proj": 809.43798828125,
    "model.layers.3.mlp.gate_proj": 811.8318481445312,
    "model.layers.3.mlp.up_proj": 816.6087036132812,
    "model.layers.3.mlp.down_proj": 811.6177368164062,
    "model.layers.4.self_attn.q_proj": 800.8348388671875,
    "model.layers.4.self_attn.k_proj": 829.9225463867188,
    "model.layers.4.self_attn.v_proj": 846.0127563476562,
    "model.layers.4.self_attn.o_proj": 802.1327514648438,
    "model.layers.4.mlp.gate_proj": 821.1387329101562,
    "model.layers.4.mlp.up_proj": 832.3177490234375,
    "model.layers.4.mlp.down_proj": 820.0048828125,
    "model.layers.5.self_attn.q_proj": 807.7741088867188,
    "model.layers.5.self_attn.k_proj": 803.4782104492188,
    "model.layers.5.self_attn.v_proj": 860.4053955078125,
    "model.layers.5.self_attn.o_proj": 822.1385498046875,
    "model.layers.5.mlp.gate_proj": 810.87744140625,
    "model.layers.5.mlp.up_proj": 811.0648803710938,
    "model.layers.5.mlp.down_proj": 831.8018188476562,
    "model.layers.6.self_attn.q_proj": 830.4793090820312,
    "model.layers.6.self_attn.k_proj": 820.7041015625,
    "model.layers.6.self_attn.v_proj": 813.2477416992188,
    "model.layers.6.self_attn.o_proj": 820.88134765625,
    "model.layers.6.mlp.gate_proj": 800.9779663085938,
    "model.layers.6.mlp.up_proj": 821.490478515625,
    "model.layers.6.mlp.down_proj": 831.4671630859375,
    "model.layers.7.self_attn.q_proj": 793.59130859375,
    "model.layers.7.self_attn.k_proj": 813.8427124023438,
    "model.layers.7.self_attn.v_proj": 808.0001220703125,
    "model.layers.7.self_attn.o_proj": 837.6708374023438,
    "model.layers.7.mlp.gate_proj": 825.325927734375,
    "model.layers.7.mlp.up_proj": 829.6925659179688,
    "model.layers.7.mlp.down_proj": 796.8916625976562,
    "model.layers.8.self_attn.q_proj": 818.9337158203125,
    "model.layers.8.self_attn.k_proj": 819.4334716796875,
    "model.layers.8.self_attn.v_proj": 857.5328369140625,
    "model.layers.8.self_attn.o_proj": 802.7734985351562,
    "model.layers.8.mlp.gate_proj": 810.9171142578125,
    "model.layers.8.mlp.up_proj": 797.5083618164062,
    "model.layers.8.mlp.down_proj": 823.1220092773438,
    "model.layers.9.self_attn.q_proj": 820.8348388671875,
    "model.layers.9.self_attn.k_proj": 819.2811889648438,
    "model.layers.9.self_attn.v_proj": 860.2282104492188,
    "model.layers.9.self_attn.o_proj": 814.0265502929688,
    "model.layers.9.mlp.gate_proj": 832.3313598632812,
    "model.layers.9.mlp.up_proj": 830.9053344726562,
    "model.layers.9.mlp.down_proj": 822.8165283203125,
    "model.layers.10.self_attn.q_proj": 822.250244140625,
    "model.layers.10.self_attn.k_proj": 804.4252319335938,
    "model.layers.10.self_attn.v_proj": 832.7344360351562,
    "model.layers.10.self_attn.o_proj": 801.9921264648438,
    "model.layers.10.mlp.gate_proj": 822.9136352539062,
    "model.layers.10.mlp.up_proj": 822.9314575195312,
    "model.layers.10.mlp.down_proj": 815.8358154296875,
    "model.layers.11.self_attn.q_proj": 803.6824951171875,
    "model.layers.11.self_attn.k_proj": 809.0562133789062,
    "model.layers.11.self_attn.v_proj": 800.9207153320312,
    "model.layers.11.self_attn.o_proj": 785.5162353515625,
    "model.layers.11.mlp.gate_proj": 811.9822998046875,
    "model.layers.11.mlp.up_proj": 804.6118774414062,
    "model.layers.11.mlp.down_proj": 828.536865234375,
    "model.layers.12.self_attn.q_proj": 801.6234741210938,
    "model.layers.12.self_attn.k_proj": 802.001953125,
    "model.layers.12.self_attn.v_proj": 844.0831298828125,
    "model.layers.12.self_attn.o_proj": 801.2510986328125,
    "model.layers.12.mlp.gate_proj": 825.3394775390625,
    "model.layers.12.mlp.up_proj": 809.7122192382812,
    "model.layers.12.mlp.down_proj": 834.0942993164062,
    "model.layers.13.self_attn.q_proj": 801.146484375,
    "model.layers.13.self_attn.k_proj": 814.7529907226562,
    "model.layers.13.self_attn.v_proj": 848.1312255859375,
    "model.layers.13.self_attn.o_proj": 794.8671875,
    "model.layers.13.mlp.gate_proj": 807.9347534179688,
    "model.layers.13.mlp.up_proj": 822.3720092773438,
    "model.layers.13.mlp.down_proj": 831.2738647460938,
    "model.layers.14.self_attn.q_proj": 810.0833129882812,
    "model.layers.14.self_attn.k_proj": 818.1276245117188,
    "model.layers.14.self_attn.v_proj": 807.8863525390625,
    "model.layers.14.self_attn.o_proj": 791.6575317382812,
    "model.layers.14.mlp.gate_proj": 823.1477661132812,
    "model.layers.14.mlp.up_proj": 819.576416015625,
    "model.layers.14.mlp.down_proj": 816.3460083007812,
    "model.layers.15.self_attn.q_proj": 805.07421875,
    "model.layers.15.self_attn.k_proj": 834.670654296875,
    "model.layers.15.self_attn.v_proj": 820.949462890625,
    "model.layers.15.self_attn.o_proj": 806.2797241210938,
    "model.layers.15.mlp.gate_proj": 831.5855712890625,
    "model.layers.15.mlp.up_proj": 823.7950439453125,
    "model.layers.15.mlp.down_proj": 820.494873046875,
    "model.layers.16.self_attn.q_proj": 807.8345336914062,
    "model.layers.16.self_attn.k_proj": 820.0785522460938,
    "model.layers.16.self_attn.v_proj": 830.6676635742188,
    "model.layers.16.self_attn.o_proj": 805.810302734375,
    "model.layers.16.mlp.gate_proj": 828.623779296875,
    "model.layers.16.mlp.up_proj": 811.8941650390625,
    "model.layers.16.mlp.down_proj": 826.3507690429688,
    "model.layers.17.self_attn.q_proj": 803.7320556640625,
    "model.layers.17.self_attn.k_proj": 813.5346069335938,
    "model.layers.17.self_attn.v_proj": 827.6279296875,
    "model.layers.17.self_attn.o_proj": 803.1959228515625,
    "model.layers.17.mlp.gate_proj": 828.4899291992188,
    "model.layers.17.mlp.up_proj": 826.7183837890625,
    "model.layers.17.mlp.down_proj": 827.5162963867188,
    "model.layers.18.self_attn.q_proj": 809.9195556640625,
    "model.layers.18.self_attn.k_proj": 807.8963012695312,
    "model.layers.18.self_attn.v_proj": 808.7852783203125,
    "model.layers.18.self_attn.o_proj": 804.3856201171875,
    "model.layers.18.mlp.gate_proj": 818.430908203125,
    "model.layers.18.mlp.up_proj": 824.8035278320312,
    "model.layers.18.mlp.down_proj": 837.06787109375,
    "model.layers.19.self_attn.q_proj": 818.6287231445312,
    "model.layers.19.self_attn.k_proj": 811.20361328125,
    "model.layers.19.self_attn.v_proj": 817.0882568359375,
    "model.layers.19.self_attn.o_proj": 804.4151611328125,
    "model.layers.19.mlp.gate_proj": 819.3955688476562,
    "model.layers.19.mlp.up_proj": 819.5453491210938,
    "model.layers.19.mlp.down_proj": 823.6729125976562,
    "model.layers.20.self_attn.q_proj": 805.9730224609375,