{
    "model.layers.0.self_attn.q_proj": 803.235595703125,
    "model.layers.0.self_attn.k_proj": 803.2108764648438,
    "model.layers.0.self_attn.v_proj": 806.9911499023438,
    "model.layers.0.self_attn.o_proj": 808.0704345703125,
    "model.layers.0.mlp.gate_proj": 822.7409057617188,
    "model.layers.0.mlp.up_proj": 816.9407348632812,
    "model.layers.0.mlp.down_proj": 789.4747924804688,
    "model.layers.1.self_attn.q_proj": 806.9097290039062,
    "model.layers.1.self_attn.k_proj": 797.9341430664062,
    "model.layers.1.self_attn.v_proj": 932.1490478515625,
    "model.layers.1.self_attn.o_proj": 773.904052734375,
    "model.layers.1.mlp.gate_proj": 837.7335205078125,
    "model.layers.1.mlp.up_proj": 794.156005859375,
    "model.layers.1.mlp.down_proj": 835.1866455078125,
    "model.layers.2.self_attn.q_proj": 781.1972045898438,
    "model.layers.2.self_attn.k_proj": 801.3866577148438,
    "model.layers.2.self_attn.v_proj": 801.0424194335938,
    "model.layers.2.self_attn.o_proj": 833.4471435546875,
    "model.layers.2.mlp.gate_proj": 841.8424682617188,
    "model.layers.2.mlp.up_proj": 823.3174438476562,
    "model.layers.2.mlp.down_proj": 829.7631225585938,
    "model.layers.3.self_attn.q_proj": 805.0030517578125,
    "model.layers.3.self_attn.k_proj": 797.3763427734375,
    "model.layers.3.self_attn.v_proj": 945.370849609375,
    "model.layers.3.self_attn.o_proj": 805.93505859375,
    "model.layers.3.mlp.gate_proj": 823.9972534179688,
    "model.layers.3.mlp.up_proj": 823.7114868164062,
    "model.layers.3.mlp.down_proj": 813.3387451171875,
    "model.layers.4.self_attn.q_proj": 781.5410766601562,
    "model.layers.4.self_attn.k_proj": 842.9054565429688,
    "model.layers.4.self_attn.v_proj": 846.1484985351562,
    "model.layers.4.self_attn.o_proj": 802.2437744140625,
    "model.layers.4.mlp.gate_proj": 820.5645751953125,
    "model.layers.4.mlp.up_proj": 839.259765625,
    "model.layers.4.mlp.down_proj": 830.7352294921875,
    "model.layers.5.self_attn.q_proj": 799.42578125,
    "model.layers.5.self_attn.k_proj": 790.486572265625,
    "model.layers.5.self_attn.v_proj": 900.47314453125,
    "model.layers.5.self_attn.o_proj": 818.5615234375,
    "model.layers.5.mlp.gate_proj": 816.9168090820312,
    "model.layers.5.mlp.up_proj": 825.8967895507812,
    "model.layers.5.mlp.down_proj": 847.1752319335938,
    "model.layers.6.self_attn.q_proj": 824.565185546875,
    "model.layers.6.self_attn.k_proj": 804.3692626953125,
    "model.layers.6.self_attn.v_proj": 849.9542236328125,
    "model.layers.6.self_attn.o_proj": 790.7636108398438,
    "model.layers.6.mlp.gate_proj": 825.8179321289062,
    "model.layers.6.mlp.up_proj": 826.2722778320312,
    "model.layers.6.mlp.down_proj": 850.7967529296875,
    "model.layers.7.self_attn.q_proj": 782.4236450195312,
    "model.layers.7.self_attn.k_proj": 827.5776977539062,
    "model.layers.7.self_attn.v_proj": 827.810546875,
    "model.layers.7.self_attn.o_proj": 811.0626220703125,
    "model.layers.7.mlp.gate_proj": 838.7886962890625,
    "model.layers.7.mlp.up_proj": 856.0289306640625,
    "model.layers.7.mlp.down_proj": 806.5487060546875,
    "model.layers.8.self_attn.q_proj": 815.2982177734375,
    "model.layers.8.self_attn.k_proj": 816.8087768554688,
    "model.layers.8.self_attn.v_proj": 893.9788208007812,
    "model.layers.8.self_attn.o_proj": 777.7586059570312,
    "model.layers.8.mlp.gate_proj": 822.4541015625,
    "model.layers.8.mlp.up_proj": 805.2077026367188,
    "model.layers.8.mlp.down_proj": 837.4774169921875,
    "model.layers.9.self_attn.q_proj": 836.6116333007812,
    "model.layers.9.self_attn.k_proj": 836.7766723632812,
    "model.layers.9.self_attn.v_proj": 886.2770385742188,
    "model.layers.9.self_attn.o_proj": 788.5313720703125,
    "model.layers.9.mlp.gate_proj": 825.9490356445312,
    "model.layers.9.mlp.up_proj": 840.7196655273438,
    "model.layers.9.mlp.down_proj": 838.783203125,
    "model.layers.10.self_attn.q_proj": 814.696044921875,
    "model.layers.10.self_attn.k_proj": 801.4581909179688,
    "model.layers.10.self_attn.v_proj": 827.3072509765625,
    "model.layers.10.self_attn.o_proj": 755.4425659179688,
    "model.layers.10.mlp.gate_proj": 826.5557250976562,
    "model.layers.10.mlp.up_proj": 835.00634765625,
    "model.layers.10.mlp.down_proj": 829.8416748046875,
    "model.layers.11.self_attn.q_proj": 799.073486328125,
    "model.layers.11.self_attn.k_proj": 835.704833984375,
    "model.layers.11.self_attn.v_proj": 806.8533325195312,
    "model.layers.11.self_attn.o_proj": 750.962890625,
    "model.layers.11.mlp.gate_proj": 819.8008422851562,
    "model.layers.11.mlp.up_proj": 806.720458984375,
    "model.layers.11.mlp.down_proj": 833.0449829101562,
    "model.layers.12.self_attn.q_proj": 788.988037109375,
    "model.layers.12.self_attn.k_proj": 780.1117553710938,
    "model.layers.12.self_attn.v_proj": 880.7322387695312,
    "model.layers.12.self_attn.o_proj": 782.4992065429688,
    "model.layers.12.mlp.gate_proj": 820.2026977539062,
    "model.layers.12.mlp.up_proj": 804.3803100585938,
    "model.layers.12.mlp.down_proj": 838.5140380859375,
    "model.layers.13.self_attn.q_proj": 796.1357421875,
    "model.layers.13.self_attn.k_proj": 826.0676879882812,
    "model.layers.13.self_attn.v_proj": 859.21826171875,
    "model.layers.13.self_attn.o_proj": 750.5888671875,
    "model.layers.13.mlp.gate_proj": 807.681396484375,
    "model.layers.13.mlp.up_proj": 834.8899536132812,
    "model.layers.13.mlp.down_proj": 861.3665161132812,
    "model.layers.14.self_attn.q_proj": 811.3637084960938,
    "model.layers.14.self_attn.k_proj": 805.2689208984375,
    "model.layers.14.self_attn.v_proj": 810.2649536132812,
    "model.layers.14.self_attn.o_proj": 762.683349609375,
    "model.layers.14.mlp.gate_proj": 831.8422241210938,
    "model.layers.14.mlp.up_proj": 824.454833984375,
    "model.layers.14.mlp.down_proj": 843.5942993164062,
    "model.layers.15.self_attn.q_proj": 793.4046020507812,
    "model.layers.15.self_attn.k_proj": 837.01416015625,
    "model.layers.15.self_attn.v_proj": 846.0082397460938,
    "model.layers.15.self_attn.o_proj": 810.7855224609375,
    "model.layers.15.mlp.gate_proj": 836.7142333984375,
    "model.layers.15.mlp.up_proj": 831.5913696289062,
    "model.layers.15.mlp.down_proj": 832.8701782226562,
    "model.layers.16.self_attn.q_proj": 788.0121459960938,
    "model.layers.16.self_attn.k_proj": 807.681396484375,
    "model.layers.16.self_attn.v_proj": 845.9337768554688,
    "model.layers.16.self_attn.o_proj": 766.6427001953125,
    "model.layers.16.mlp.gate_proj": 820.556884765625,
    "model.layers.16.mlp.up_proj": 816.9398803710938,
    "model.layers.16.mlp.down_proj": 838.9574584960938,
    "model.layers.17.self_attn.q_proj": 801.3781127929688,
    "model.layers.17.self_attn.k_proj": 800.31005859375,
    "model.layers.17.self_attn.v_proj": 818.3446044921875,
    "model.layers.17.self_attn.o_proj": 792.2706298828125,
    "model.layers.17.mlp.gate_proj": 820.6856079101562,
    "model.layers.17.mlp.up_proj": 819.389892578125,
    "model.layers.17.mlp.down_proj": 859.2738037109375,
    "model.layers.18.self_attn.q_proj": 792.60498046875,
    "model.layers.18.self_attn.k_proj": 806.498291015625,
    "model.layers.18.self_attn.v_proj": 844.8326416015625,
    "model.layers.18.self_attn.o_proj": 783.2991333007812,
    "model.layers.18.mlp.gate_proj": 822.917724609375,
    "model.layers.18.mlp.up_proj": 821.7466430664062,
    "model.layers.18.mlp.down_proj": 854.729736328125,
    "model.layers.19.self_attn.q_proj": 802.9804077148438,
    "model.layers.19.self_attn.k_proj": 801.524169921875,
    "model.layers.19.self_attn.v_proj": 812.3191528320312,
    "model.layers.19.self_attn.o_proj": 794.0665283203125,
    "model.layers.19.mlp.gate_proj": 813.8822021484375,
    "model.layers.19.mlp.up_proj": 821.2748413085938,
    "model.layers.19.mlp.down_proj": 837.28466796875,
    "model.layers.20.self_attn.q_proj": 783.3836059570312,