{
    "model.layers.0.self_attn.q_proj": 796.947265625,
    "model.layers.0.self_attn.k_proj": 796.9131469726562,
    "model.layers.0.self_attn.v_proj": 800.927001953125,
    "model.layers.0.self_attn.o_proj": 801.9321899414062,
    "model.layers.0.mlp.gate_proj": 819.2487182617188,
    "model.layers.0.mlp.up_proj": 814.8599243164062,
    "model.layers.0.mlp.down_proj": 784.7294311523438,
    "model.layers.1.self_attn.q_proj": 798.2860107421875,
    "model.layers.1.self_attn.k_proj": 790.2900390625,
    "model.layers.1.self_attn.v_proj": 945.4625244140625,
    "model.layers.1.self_attn.o_proj": 764.6935424804688,
    "model.layers.1.mlp.gate_proj": 838.92529296875,
    "model.layers.1.mlp.up_proj": 788.6578369140625,
    "model.layers.1.mlp.down_proj": 842.497802734375,
    "model.layers.2.self_attn.q_proj": 776.5534057617188,
    "model.layers.2.self_attn.k_proj": 791.1293334960938,
    "model.layers.2.self_attn.v_proj": 808.7250366210938,
    "model.layers.2.self_attn.o_proj": 832.5850830078125,
    "model.layers.2.mlp.gate_proj": 840.9852294921875,
    "model.layers.2.mlp.up_proj": 825.151123046875,
    "model.layers.2.mlp.down_proj": 828.0900268554688,
    "model.layers.3.self_attn.q_proj": 798.1712646484375,
    "model.layers.3.self_attn.k_proj": 789.0720825195312,
    "model.layers.3.self_attn.v_proj": 970.84521484375,
    "model.layers.3.self_attn.o_proj": 803.0025024414062,
    "model.layers.3.mlp.gate_proj": 838.8924560546875,
    "model.layers.3.mlp.up_proj": 826.58203125,
    "model.layers.3.mlp.down_proj": 815.5192260742188,
    "model.layers.4.self_attn.q_proj": 779.2957763671875,
    "model.layers.4.self_attn.k_proj": 854.1629028320312,
    "model.layers.4.self_attn.v_proj": 856.55615234375,
    "model.layers.4.self_attn.o_proj": 801.881591796875,
    "model.layers.4.mlp.gate_proj": 819.0669555664062,
    "model.layers.4.mlp.up_proj": 840.0872192382812,
    "model.layers.4.mlp.down_proj": 843.7635498046875,
    "model.layers.5.self_attn.q_proj": 793.1953125,
    "model.layers.5.self_attn.k_proj": 784.5215454101562,
    "model.layers.5.self_attn.v_proj": 919.6268920898438,
    "model.layers.5.self_attn.o_proj": 815.4819946289062,
    "model.layers.5.mlp.gate_proj": 834.2332153320312,
    "model.layers.5.mlp.up_proj": 835.0276489257812,
    "model.layers.5.mlp.down_proj": 838.8817749023438,
    "model.layers.6.self_attn.q_proj": 816.306884765625,
    "model.layers.6.self_attn.k_proj": 822.8768310546875,
    "model.layers.6.self_attn.v_proj": 855.9234008789062,
    "model.layers.6.self_attn.o_proj": 796.3466796875,
    "model.layers.6.mlp.gate_proj": 820.0636596679688,
    "model.layers.6.mlp.up_proj": 822.7705688476562,
    "model.layers.6.mlp.down_proj": 850.8399658203125,
    "model.layers.7.self_attn.q_proj": 783.8794555664062,
    "model.layers.7.self_attn.k_proj": 827.8330078125,
    "model.layers.7.self_attn.v_proj": 822.5438232421875,
    "model.layers.7.self_attn.o_proj": 800.127197265625,
    "model.layers.7.mlp.gate_proj": 848.95654296875,
    "model.layers.7.mlp.up_proj": 854.1891479492188,
    "model.layers.7.mlp.down_proj": 804.31201171875,
    "model.layers.8.self_attn.q_proj": 808.0863647460938,
    "model.layers.8.self_attn.k_proj": 801.744873046875,
    "model.layers.8.self_attn.v_proj": 924.813720703125,
    "model.layers.8.self_attn.o_proj": 762.0516967773438,
    "model.layers.8.mlp.gate_proj": 820.3074951171875,
    "model.layers.8.mlp.up_proj": 791.1896362304688,
    "model.layers.8.mlp.down_proj": 839.9894409179688,
    "model.layers.9.self_attn.q_proj": 833.8646850585938,
    "model.layers.9.self_attn.k_proj": 845.2052001953125,
    "model.layers.9.self_attn.v_proj": 901.9695434570312,
    "model.layers.9.self_attn.o_proj": 757.751708984375,
    "model.layers.9.mlp.gate_proj": 833.603515625,
    "model.layers.9.mlp.up_proj": 833.6860961914062,
    "model.layers.9.mlp.down_proj": 848.759521484375,
    "model.layers.10.self_attn.q_proj": 808.8103637695312,
    "model.layers.10.self_attn.k_proj": 805.70556640625,
    "model.layers.10.self_attn.v_proj": 860.636474609375,
    "model.layers.10.self_attn.o_proj": 739.78662109375,
    "model.layers.10.mlp.gate_proj": 828.4033813476562,
    "model.layers.10.mlp.up_proj": 841.4122924804688,
    "model.layers.10.mlp.down_proj": 834.104736328125,
    "model.layers.11.self_attn.q_proj": 795.1397094726562,
    "model.layers.11.self_attn.k_proj": 841.61181640625,
    "model.layers.11.self_attn.v_proj": 824.5729370117188,
    "model.layers.11.self_attn.o_proj": 723.0596313476562,
    "model.layers.11.mlp.gate_proj": 820.4813232421875,
    "model.layers.11.mlp.up_proj": 813.4285278320312,
    "model.layers.11.mlp.down_proj": 827.09375,
    "model.layers.12.self_attn.q_proj": 779.95556640625,
    "model.layers.12.self_attn.k_proj": 776.7545166015625,
    "model.layers.12.self_attn.v_proj": 866.1567993164062,
    "model.layers.12.self_attn.o_proj": 762.5713500976562,
    "model.layers.12.mlp.gate_proj": 821.2689208984375,
    "model.layers.12.mlp.up_proj": 810.3212890625,
    "model.layers.12.mlp.down_proj": 853.66650390625,
    "model.layers.13.self_attn.q_proj": 785.1324462890625,
    "model.layers.13.self_attn.k_proj": 824.7703857421875,
    "model.layers.13.self_attn.v_proj": 867.914306640625,
    "model.layers.13.self_attn.o_proj": 732.2427978515625,
    "model.layers.13.mlp.gate_proj": 806.8204345703125,
    "model.layers.13.mlp.up_proj": 838.0989379882812,
    "model.layers.13.mlp.down_proj": 869.0695190429688,
    "model.layers.14.self_attn.q_proj": 803.9317016601562,
    "model.layers.14.self_attn.k_proj": 792.5318603515625,
    "model.layers.14.self_attn.v_proj": 807.677978515625,
    "model.layers.14.self_attn.o_proj": 717.0449829101562,
    "model.layers.14.mlp.gate_proj": 830.3297729492188,
    "model.layers.14.mlp.up_proj": 822.2584228515625,
    "model.layers.14.mlp.down_proj": 858.8187255859375,
    "model.layers.15.self_attn.q_proj": 777.6056518554688,
    "model.layers.15.self_attn.k_proj": 839.9575805664062,
    "model.layers.15.self_attn.v_proj": 847.8699951171875,
    "model.layers.15.self_attn.o_proj": 821.3612670898438,
    "model.layers.15.mlp.gate_proj": 838.3200073242188,
    "model.layers.15.mlp.up_proj": 830.6027221679688,
    "model.layers.15.mlp.down_proj": 848.1355590820312,
    "model.layers.16.self_attn.q_proj": 788.4779663085938,
    "model.layers.16.self_attn.k_proj": 807.038330078125,
    "model.layers.16.self_attn.v_proj": 845.669189453125,
    "model.layers.16.self_attn.o_proj": 749.718017578125,
    "model.layers.16.mlp.gate_proj": 815.7091064453125,
    "model.layers.16.mlp.up_proj": 817.7882690429688,
    "model.layers.16.mlp.down_proj": 858.8079223632812,
    "model.layers.17.self_attn.q_proj": 802.162109375,
    "model.layers.17.self_attn.k_proj": 789.0996704101562,
    "model.layers.17.self_attn.v_proj": 826.4719848632812,
    "model.layers.17.self_attn.o_proj": 785.626708984375,
    "model.layers.17.mlp.gate_proj": 820.1576538085938,
    "model.layers.17.mlp.up_proj": 816.9468994140625,
    "model.layers.17.mlp.down_proj": 875.3504028320312,
    "model.layers.18.self_attn.q_proj": 784.3300170898438,
    "model.layers.18.self_attn.k_proj": 801.1487426757812,
    "model.layers.18.self_attn.v_proj": 846.0154418945312,
    "model.layers.18.self_attn.o_proj": 752.3876953125,
    "model.layers.18.mlp.gate_proj": 820.8949584960938,
    "model.layers.18.mlp.up_proj": 830.0172119140625,
    "model.layers.18.mlp.down_proj": 849.6444091796875,
    "model.layers.19.self_attn.q_proj": 786.9935913085938,
    "model.layers.19.self_attn.k_proj": 786.6419067382812,
    "model.layers.19.self_attn.v_proj": 816.5811157226562,
    "model.layers.19.self_attn.o_proj": 776.239501953125,
    "model.layers.19.mlp.gate_proj": 816.6437377929688,
    "model.layers.19.mlp.up_proj": 825.6581420898438,
    "model.layers.19.mlp.down_proj": 847.0267944335938,
    "model.layers.20.self_attn.q_proj": 781.2940063476562,