{
    "model.layers.0.self_attn.q_proj": 813.2999877929688,
    "model.layers.0.self_attn.k_proj": 813.2989501953125,
    "model.layers.0.self_attn.v_proj": 816.3606567382812,
    "model.layers.0.self_attn.o_proj": 817.9411010742188,
    "model.layers.0.mlp.gate_proj": 824.6586303710938,
    "model.layers.0.mlp.up_proj": 821.6661987304688,
    "model.layers.0.mlp.down_proj": 801.894287109375,
    "model.layers.1.self_attn.q_proj": 817.4153442382812,
    "model.layers.1.self_attn.k_proj": 808.204833984375,
    "model.layers.1.self_attn.v_proj": 904.8248901367188,
    "model.layers.1.self_attn.o_proj": 786.5531005859375,
    "model.layers.1.mlp.gate_proj": 833.5488891601562,
    "model.layers.1.mlp.up_proj": 811.5037841796875,
    "model.layers.1.mlp.down_proj": 824.21728515625,
    "model.layers.2.self_attn.q_proj": 794.5829467773438,
    "model.layers.2.self_attn.k_proj": 812.567138671875,
    "model.layers.2.self_attn.v_proj": 797.810791015625,
    "model.layers.2.self_attn.o_proj": 832.2906494140625,
    "model.layers.2.mlp.gate_proj": 832.6798095703125,
    "model.layers.2.mlp.up_proj": 826.0391235351562,
    "model.layers.2.mlp.down_proj": 835.3490600585938,
    "model.layers.3.self_attn.q_proj": 817.9007568359375,
    "model.layers.3.self_attn.k_proj": 810.0924072265625,
    "model.layers.3.self_attn.v_proj": 899.3831176757812,
    "model.layers.3.self_attn.o_proj": 806.9786987304688,
    "model.layers.3.mlp.gate_proj": 816.2345581054688,
    "model.layers.3.mlp.up_proj": 818.6671142578125,
    "model.layers.3.mlp.down_proj": 815.3413696289062,
    "model.layers.4.self_attn.q_proj": 800.575927734375,
    "model.layers.4.self_attn.k_proj": 835.501708984375,
    "model.layers.4.self_attn.v_proj": 849.8539428710938,
    "model.layers.4.self_attn.o_proj": 800.056396484375,
    "model.layers.4.mlp.gate_proj": 825.4244384765625,
    "model.layers.4.mlp.up_proj": 836.0828857421875,
    "model.layers.4.mlp.down_proj": 825.02099609375,
    "model.layers.5.self_attn.q_proj": 807.9893798828125,
    "model.layers.5.self_attn.k_proj": 804.330078125,
    "model.layers.5.self_attn.v_proj": 876.6609497070312,
    "model.layers.5.self_attn.o_proj": 827.7623901367188,
    "model.layers.5.mlp.gate_proj": 816.0720825195312,
    "model.layers.5.mlp.up_proj": 818.1541137695312,
    "model.layers.5.mlp.down_proj": 838.6513061523438,
    "model.layers.6.self_attn.q_proj": 833.5125732421875,
    "model.layers.6.self_attn.k_proj": 821.2662353515625,
    "model.layers.6.self_attn.v_proj": 815.1085205078125,
    "model.layers.6.self_attn.o_proj": 815.4004516601562,
    "model.layers.6.mlp.gate_proj": 807.9817504882812,
    "model.layers.6.mlp.up_proj": 826.3452758789062,
    "model.layers.6.mlp.down_proj": 837.49462890625,
    "model.layers.7.self_attn.q_proj": 791.7394409179688,
    "model.layers.7.self_attn.k_proj": 819.1333618164062,
    "model.layers.7.self_attn.v_proj": 811.173828125,
    "model.layers.7.self_attn.o_proj": 832.7653198242188,
    "model.layers.7.mlp.gate_proj": 830.2594604492188,
    "model.layers.7.mlp.up_proj": 840.30419921875,
    "model.layers.7.mlp.down_proj": 800.85791015625,
    "model.layers.8.self_attn.q_proj": 820.5299072265625,
    "model.layers.8.self_attn.k_proj": 821.620361328125,
    "model.layers.8.self_attn.v_proj": 871.20166015625,
    "model.layers.8.self_attn.o_proj": 804.3102416992188,
    "model.layers.8.mlp.gate_proj": 817.8819580078125,
    "model.layers.8.mlp.up_proj": 797.5374145507812,
    "model.layers.8.mlp.down_proj": 829.27978515625,
    "model.layers.9.self_attn.q_proj": 822.7308959960938,
    "model.layers.9.self_attn.k_proj": 823.85498046875,
    "model.layers.9.self_attn.v_proj": 872.3228149414062,
    "model.layers.9.self_attn.o_proj": 808.953125,
    "model.layers.9.mlp.gate_proj": 836.8692626953125,
    "model.layers.9.mlp.up_proj": 836.1575317382812,
    "model.layers.9.mlp.down_proj": 829.3275756835938,
    "model.layers.10.self_attn.q_proj": 824.347412109375,
    "model.layers.10.self_attn.k_proj": 804.7847900390625,
    "model.layers.10.self_attn.v_proj": 836.4918823242188,
    "model.layers.10.self_attn.o_proj": 790.9010620117188,
    "model.layers.10.mlp.gate_proj": 825.4805297851562,
    "model.layers.10.mlp.up_proj": 830.2513427734375,
    "model.layers.10.mlp.down_proj": 817.9819946289062,
    "model.layers.11.self_attn.q_proj": 804.4347534179688,
    "model.layers.11.self_attn.k_proj": 816.876953125,
    "model.layers.11.self_attn.v_proj": 809.0018310546875,
    "model.layers.11.self_attn.o_proj": 783.08544921875,
    "model.layers.11.mlp.gate_proj": 813.5823364257812,
    "model.layers.11.mlp.up_proj": 809.2769775390625,
    "model.layers.11.mlp.down_proj": 833.2957763671875,
    "model.layers.12.self_attn.q_proj": 798.898681640625,
    "model.layers.12.self_attn.k_proj": 799.1937866210938,
    "model.layers.12.self_attn.v_proj": 856.347412109375,
    "model.layers.12.self_attn.o_proj": 803.989013671875,
    "model.layers.12.mlp.gate_proj": 827.72216796875,
    "model.layers.12.mlp.up_proj": 811.5606689453125,
    "model.layers.12.mlp.down_proj": 835.0704956054688,
    "model.layers.13.self_attn.q_proj": 803.5587158203125,
    "model.layers.13.self_attn.k_proj": 821.429931640625,
    "model.layers.13.self_attn.v_proj": 850.7025756835938,
    "model.layers.13.self_attn.o_proj": 789.6242065429688,
    "model.layers.13.mlp.gate_proj": 810.6189575195312,
    "model.layers.13.mlp.up_proj": 825.7061157226562,
    "model.layers.13.mlp.down_proj": 839.2186279296875,
    "model.layers.14.self_attn.q_proj": 814.9430541992188,
    "model.layers.14.self_attn.k_proj": 820.0797729492188,
    "model.layers.14.self_attn.v_proj": 811.529296875,
    "model.layers.14.self_attn.o_proj": 792.50048828125,
    "model.layers.14.mlp.gate_proj": 827.919921875,
    "model.layers.14.mlp.up_proj": 824.5274658203125,
    "model.layers.14.mlp.down_proj": 821.7335205078125,
    "model.layers.15.self_attn.q_proj": 805.8845825195312,
    "model.layers.15.self_attn.k_proj": 835.8232421875,
    "model.layers.15.self_attn.v_proj": 827.1018676757812,
    "model.layers.15.self_attn.o_proj": 807.2841186523438,
    "model.layers.15.mlp.gate_proj": 834.0479736328125,
    "model.layers.15.mlp.up_proj": 826.2451782226562,
    "model.layers.15.mlp.down_proj": 822.5130615234375,
    "model.layers.16.self_attn.q_proj": 811.0256958007812,
    "model.layers.16.self_attn.k_proj": 818.8881225585938,
    "model.layers.16.self_attn.v_proj": 834.4783935546875,
    "model.layers.16.self_attn.o_proj": 803.8896484375,
    "model.layers.16.mlp.gate_proj": 830.7197875976562,
    "model.layers.16.mlp.up_proj": 812.8623657226562,
    "model.layers.16.mlp.down_proj": 830.7341918945312,
    "model.layers.17.self_attn.q_proj": 803.4505004882812,
    "model.layers.17.self_attn.k_proj": 815.8589477539062,
    "model.layers.17.self_attn.v_proj": 829.6536254882812,
    "model.layers.17.self_attn.o_proj": 804.5140380859375,
    "model.layers.17.mlp.gate_proj": 832.0339965820312,
    "model.layers.17.mlp.up_proj": 827.9683837890625,
    "model.layers.17.mlp.down_proj": 836.0150146484375,
    "model.layers.18.self_attn.q_proj": 807.0023193359375,
    "model.layers.18.self_attn.k_proj": 809.198486328125,
    "model.layers.18.self_attn.v_proj": 815.523193359375,
    "model.layers.18.self_attn.o_proj": 801.6721801757812,
    "model.layers.18.mlp.gate_proj": 821.2943725585938,
    "model.layers.18.mlp.up_proj": 826.9974975585938,
    "model.layers.18.mlp.down_proj": 838.631103515625,
    "model.layers.19.self_attn.q_proj": 819.3468017578125,
    "model.layers.19.self_attn.k_proj": 814.223388671875,
    "model.layers.19.self_attn.v_proj": 818.991455078125,
    "model.layers.19.self_attn.o_proj": 804.3584594726562,
    "model.layers.19.mlp.gate_proj": 820.5411376953125,
    "model.layers.19.mlp.up_proj": 821.1537475585938,
    "model.layers.19.mlp.down_proj": 825.415283203125,
    "model.layers.20.self_attn.q_proj": 805.9634399414062,