{
    "model.layers.0.self_attn.q_proj": 790.6192016601562,
    "model.layers.0.self_attn.k_proj": 790.5242919921875,
    "model.layers.0.self_attn.v_proj": 794.4434814453125,
    "model.layers.0.self_attn.o_proj": 795.6978759765625,
    "model.layers.0.mlp.gate_proj": 818.507568359375,
    "model.layers.0.mlp.up_proj": 814.3685913085938,
    "model.layers.0.mlp.down_proj": 774.5089111328125,
    "model.layers.1.self_attn.q_proj": 790.2225952148438,
    "model.layers.1.self_attn.k_proj": 781.0906982421875,
    "model.layers.1.self_attn.v_proj": 953.6641235351562,
    "model.layers.1.self_attn.o_proj": 753.1394653320312,
    "model.layers.1.mlp.gate_proj": 843.1865844726562,
    "model.layers.1.mlp.up_proj": 785.690673828125,
    "model.layers.1.mlp.down_proj": 853.6538696289062,
    "model.layers.2.self_attn.q_proj": 770.8045654296875,
    "model.layers.2.self_attn.k_proj": 784.02392578125,
    "model.layers.2.self_attn.v_proj": 809.8671875,
    "model.layers.2.self_attn.o_proj": 808.9472045898438,
    "model.layers.2.mlp.gate_proj": 844.5889892578125,
    "model.layers.2.mlp.up_proj": 820.6730346679688,
    "model.layers.2.mlp.down_proj": 844.1145629882812,
    "model.layers.3.self_attn.q_proj": 784.016845703125,
    "model.layers.3.self_attn.k_proj": 778.4055786132812,
    "model.layers.3.self_attn.v_proj": 1027.9599609375,
    "model.layers.3.self_attn.o_proj": 796.2586669921875,
    "model.layers.3.mlp.gate_proj": 854.4540405273438,
    "model.layers.3.mlp.up_proj": 833.638916015625,
    "model.layers.3.mlp.down_proj": 832.8153686523438,
    "model.layers.4.self_attn.q_proj": 776.95751953125,
    "model.layers.4.self_attn.k_proj": 852.4000854492188,
    "model.layers.4.self_attn.v_proj": 852.5852661132812,
    "model.layers.4.self_attn.o_proj": 786.3062744140625,
    "model.layers.4.mlp.gate_proj": 822.24072265625,
    "model.layers.4.mlp.up_proj": 833.8284912109375,
    "model.layers.4.mlp.down_proj": 862.9161376953125,
    "model.layers.5.self_attn.q_proj": 790.0933837890625,
    "model.layers.5.self_attn.k_proj": 776.3572998046875,
    "model.layers.5.self_attn.v_proj": 933.9860229492188,
    "model.layers.5.self_attn.o_proj": 807.9580078125,
    "model.layers.5.mlp.gate_proj": 833.9656372070312,
    "model.layers.5.mlp.up_proj": 847.7051391601562,
    "model.layers.5.mlp.down_proj": 833.6723022460938,
    "model.layers.6.self_attn.q_proj": 826.3641967773438,
    "model.layers.6.self_attn.k_proj": 831.9735107421875,
    "model.layers.6.self_attn.v_proj": 864.7945556640625,
    "model.layers.6.self_attn.o_proj": 793.6063232421875,
    "model.layers.6.mlp.gate_proj": 828.0665283203125,
    "model.layers.6.mlp.up_proj": 814.9478759765625,
    "model.layers.6.mlp.down_proj": 833.3826904296875,
    "model.layers.7.self_attn.q_proj": 781.2548828125,
    "model.layers.7.self_attn.k_proj": 813.8746337890625,
    "model.layers.7.self_attn.v_proj": 844.1947631835938,
    "model.layers.7.self_attn.o_proj": 788.2592163085938,
    "model.layers.7.mlp.gate_proj": 876.60888671875,
    "model.layers.7.mlp.up_proj": 843.6124877929688,
    "model.layers.7.mlp.down_proj": 795.3452758789062,
    "model.layers.8.self_attn.q_proj": 812.9696655273438,
    "model.layers.8.self_attn.k_proj": 785.9693603515625,
    "model.layers.8.self_attn.v_proj": 950.6531982421875,
    "model.layers.8.self_attn.o_proj": 760.646240234375,
    "model.layers.8.mlp.gate_proj": 823.7449340820312,
    "model.layers.8.mlp.up_proj": 770.6222534179688,
    "model.layers.8.mlp.down_proj": 868.4848022460938,
    "model.layers.9.self_attn.q_proj": 831.2188110351562,
    "model.layers.9.self_attn.k_proj": 853.8609619140625,
    "model.layers.9.self_attn.v_proj": 935.3930053710938,
    "model.layers.9.self_attn.o_proj": 756.6080932617188,
    "model.layers.9.mlp.gate_proj": 830.1089477539062,
    "model.layers.9.mlp.up_proj": 846.5448608398438,
    "model.layers.9.mlp.down_proj": 846.5254516601562,
    "model.layers.10.self_attn.q_proj": 814.4075927734375,
    "model.layers.10.self_attn.k_proj": 819.9124145507812,
    "model.layers.10.self_attn.v_proj": 865.0861206054688,
    "model.layers.10.self_attn.o_proj": 717.2154541015625,
    "model.layers.10.mlp.gate_proj": 829.9857788085938,
    "model.layers.10.mlp.up_proj": 836.3211669921875,
    "model.layers.10.mlp.down_proj": 835.0183715820312,
    "model.layers.11.self_attn.q_proj": 797.4013061523438,
    "model.layers.11.self_attn.k_proj": 841.7132568359375,
    "model.layers.11.self_attn.v_proj": 844.9520874023438,
    "model.layers.11.self_attn.o_proj": 684.10009765625,
    "model.layers.11.mlp.gate_proj": 842.230712890625,
    "model.layers.11.mlp.up_proj": 817.3723754882812,
    "model.layers.11.mlp.down_proj": 833.1600952148438,
    "model.layers.12.self_attn.q_proj": 751.5064697265625,
    "model.layers.12.self_attn.k_proj": 781.6542358398438,
    "model.layers.12.self_attn.v_proj": 904.9576416015625,
    "model.layers.12.self_attn.o_proj": 732.92626953125,
    "model.layers.12.mlp.gate_proj": 829.5914916992188,
    "model.layers.12.mlp.up_proj": 818.294189453125,
    "model.layers.12.mlp.down_proj": 866.390625,
    "model.layers.13.self_attn.q_proj": 769.4302368164062,
    "model.layers.13.self_attn.k_proj": 818.6322021484375,
    "model.layers.13.self_attn.v_proj": 879.3944702148438,
    "model.layers.13.self_attn.o_proj": 706.3679809570312,
    "model.layers.13.mlp.gate_proj": 817.826171875,
    "model.layers.13.mlp.up_proj": 840.0724487304688,
    "model.layers.13.mlp.down_proj": 884.8443603515625,
    "model.layers.14.self_attn.q_proj": 787.287109375,
    "model.layers.14.self_attn.k_proj": 760.5197143554688,
    "model.layers.14.self_attn.v_proj": 814.767333984375,
    "model.layers.14.self_attn.o_proj": 676.4284057617188,
    "model.layers.14.mlp.gate_proj": 832.0902099609375,
    "model.layers.14.mlp.up_proj": 830.8119506835938,
    "model.layers.14.mlp.down_proj": 883.728515625,
    "model.layers.15.self_attn.q_proj": 763.4920043945312,
    "model.layers.15.self_attn.k_proj": 821.2244262695312,
    "model.layers.15.self_attn.v_proj": 865.47119140625,
    "model.layers.15.self_attn.o_proj": 794.5652465820312,
    "model.layers.15.mlp.gate_proj": 846.0530395507812,
    "model.layers.15.mlp.up_proj": 844.0913696289062,
    "model.layers.15.mlp.down_proj": 861.3480834960938,
    "model.layers.16.self_attn.q_proj": 777.01708984375,
    "model.layers.16.self_attn.k_proj": 804.802734375,
    "model.layers.16.self_attn.v_proj": 845.2719116210938,
    "model.layers.16.self_attn.o_proj": 730.3467407226562,
    "model.layers.16.mlp.gate_proj": 824.5386962890625,
    "model.layers.16.mlp.up_proj": 823.1677856445312,
    "model.layers.16.mlp.down_proj": 869.5538330078125,
    "model.layers.17.self_attn.q_proj": 796.379150390625,
    "model.layers.17.self_attn.k_proj": 776.7845458984375,
    "model.layers.17.self_attn.v_proj": 837.2412109375,
    "model.layers.17.self_attn.o_proj": 787.1680297851562,
    "model.layers.17.mlp.gate_proj": 826.831298828125,
    "model.layers.17.mlp.up_proj": 809.7606811523438,
    "model.layers.17.mlp.down_proj": 896.4276733398438,
    "model.layers.18.self_attn.q_proj": 780.031982421875,
    "model.layers.18.self_attn.k_proj": 794.8522338867188,
    "model.layers.18.self_attn.v_proj": 861.349365234375,
    "model.layers.18.self_attn.o_proj": 732.7779541015625,
    "model.layers.18.mlp.gate_proj": 826.9609985351562,
    "model.layers.18.mlp.up_proj": 841.18017578125,
    "model.layers.18.mlp.down_proj": 858.361328125,
    "model.layers.19.self_attn.q_proj": 788.057861328125,
    "model.layers.19.self_attn.k_proj": 790.0956420898438,
    "model.layers.19.self_attn.v_proj": 815.5594482421875,
    "model.layers.19.self_attn.o_proj": 743.2153930664062,
    "model.layers.19.mlp.gate_proj": 822.286865234375,
    "model.layers.19.mlp.up_proj": 825.796630859375,
    "model.layers.19.mlp.down_proj": 860.2362060546875,
    "model.layers.20.self_attn.q_proj": 778.4649658203125,