{
    "model.layers.0.self_attn.q_proj": 806.6387329101562,
    "model.layers.0.self_attn.k_proj": 806.6232299804688,
    "model.layers.0.self_attn.v_proj": 810.2404174804688,
    "model.layers.0.self_attn.o_proj": 811.4056396484375,
    "model.layers.0.mlp.gate_proj": 822.9718627929688,
    "model.layers.0.mlp.up_proj": 817.8704223632812,
    "model.layers.0.mlp.down_proj": 791.7193603515625,
    "model.layers.1.self_attn.q_proj": 811.4739379882812,
    "model.layers.1.self_attn.k_proj": 801.2440185546875,
    "model.layers.1.self_attn.v_proj": 926.122314453125,
    "model.layers.1.self_attn.o_proj": 778.79931640625,
    "model.layers.1.mlp.gate_proj": 837.6041870117188,
    "model.layers.1.mlp.up_proj": 799.8910522460938,
    "model.layers.1.mlp.down_proj": 832.636474609375,
    "model.layers.2.self_attn.q_proj": 786.03076171875,
    "model.layers.2.self_attn.k_proj": 801.7092895507812,
    "model.layers.2.self_attn.v_proj": 796.5908203125,
    "model.layers.2.self_attn.o_proj": 837.5388793945312,
    "model.layers.2.mlp.gate_proj": 838.0404052734375,
    "model.layers.2.mlp.up_proj": 824.1361083984375,
    "model.layers.2.mlp.down_proj": 824.0294189453125,
    "model.layers.3.self_attn.q_proj": 810.1266479492188,
    "model.layers.3.self_attn.k_proj": 799.9122924804688,
    "model.layers.3.self_attn.v_proj": 930.8110961914062,
    "model.layers.3.self_attn.o_proj": 796.28955078125,
    "model.layers.3.mlp.gate_proj": 823.0581665039062,
    "model.layers.3.mlp.up_proj": 818.7227172851562,
    "model.layers.3.mlp.down_proj": 814.819091796875,
    "model.layers.4.self_attn.q_proj": 791.87939453125,
    "model.layers.4.self_attn.k_proj": 834.6349487304688,
    "model.layers.4.self_attn.v_proj": 858.9469604492188,
    "model.layers.4.self_attn.o_proj": 808.6659545898438,
    "model.layers.4.mlp.gate_proj": 821.1495361328125,
    "model.layers.4.mlp.up_proj": 834.9061889648438,
    "model.layers.4.mlp.down_proj": 825.0670776367188,
    "model.layers.5.self_attn.q_proj": 802.3070068359375,
    "model.layers.5.self_attn.k_proj": 790.23974609375,
    "model.layers.5.self_attn.v_proj": 897.6220703125,
    "model.layers.5.self_attn.o_proj": 821.7343139648438,
    "model.layers.5.mlp.gate_proj": 820.5491943359375,
    "model.layers.5.mlp.up_proj": 820.989990234375,
    "model.layers.5.mlp.down_proj": 848.6448974609375,
    "model.layers.6.self_attn.q_proj": 829.1885375976562,
    "model.layers.6.self_attn.k_proj": 809.24462890625,
    "model.layers.6.self_attn.v_proj": 835.607666015625,
    "model.layers.6.self_attn.o_proj": 798.782470703125,
    "model.layers.6.mlp.gate_proj": 826.6282348632812,
    "model.layers.6.mlp.up_proj": 828.291259765625,
    "model.layers.6.mlp.down_proj": 840.9705200195312,
    "model.layers.7.self_attn.q_proj": 786.657470703125,
    "model.layers.7.self_attn.k_proj": 825.2816772460938,
    "model.layers.7.self_attn.v_proj": 819.142333984375,
    "model.layers.7.self_attn.o_proj": 817.2850952148438,
    "model.layers.7.mlp.gate_proj": 842.388916015625,
    "model.layers.7.mlp.up_proj": 853.6812133789062,
    "model.layers.7.mlp.down_proj": 804.0679321289062,
    "model.layers.8.self_attn.q_proj": 816.2201538085938,
    "model.layers.8.self_attn.k_proj": 818.3236083984375,
    "model.layers.8.self_attn.v_proj": 895.52734375,
    "model.layers.8.self_attn.o_proj": 785.239013671875,
    "model.layers.8.mlp.gate_proj": 824.1495971679688,
    "model.layers.8.mlp.up_proj": 804.1844482421875,
    "model.layers.8.mlp.down_proj": 833.7056274414062,
    "model.layers.9.self_attn.q_proj": 830.8252563476562,
    "model.layers.9.self_attn.k_proj": 833.0064086914062,
    "model.layers.9.self_attn.v_proj": 876.2813110351562,
    "model.layers.9.self_attn.o_proj": 794.4664916992188,
    "model.layers.9.mlp.gate_proj": 826.7196655273438,
    "model.layers.9.mlp.up_proj": 844.4293823242188,
    "model.layers.9.mlp.down_proj": 833.1524047851562,
    "model.layers.10.self_attn.q_proj": 816.7523803710938,
    "model.layers.10.self_attn.k_proj": 802.281494140625,
    "model.layers.10.self_attn.v_proj": 832.48291015625,
    "model.layers.10.self_attn.o_proj": 766.4647216796875,
    "model.layers.10.mlp.gate_proj": 821.0504760742188,
    "model.layers.10.mlp.up_proj": 834.1923828125,
    "model.layers.10.mlp.down_proj": 822.571044921875,
    "model.layers.11.self_attn.q_proj": 804.5426635742188,
    "model.layers.11.self_attn.k_proj": 829.8489379882812,
    "model.layers.11.self_attn.v_proj": 804.6719360351562,
    "model.layers.11.self_attn.o_proj": 762.0438232421875,
    "model.layers.11.mlp.gate_proj": 811.9221801757812,
    "model.layers.11.mlp.up_proj": 806.6503295898438,
    "model.layers.11.mlp.down_proj": 829.087890625,
    "model.layers.12.self_attn.q_proj": 790.178466796875,
    "model.layers.12.self_attn.k_proj": 786.4849853515625,
    "model.layers.12.self_attn.v_proj": 877.7938842773438,
    "model.layers.12.self_attn.o_proj": 787.7073364257812,
    "model.layers.12.mlp.gate_proj": 821.63818359375,
    "model.layers.12.mlp.up_proj": 806.5892333984375,
    "model.layers.12.mlp.down_proj": 838.1854248046875,
    "model.layers.13.self_attn.q_proj": 800.77880859375,
    "model.layers.13.self_attn.k_proj": 830.512451171875,
    "model.layers.13.self_attn.v_proj": 859.3262939453125,
    "model.layers.13.self_attn.o_proj": 762.879638671875,
    "model.layers.13.mlp.gate_proj": 807.5924072265625,
    "model.layers.13.mlp.up_proj": 829.8794555664062,
    "model.layers.13.mlp.down_proj": 845.8067626953125,
    "model.layers.14.self_attn.q_proj": 812.6500244140625,
    "model.layers.14.self_attn.k_proj": 811.759765625,
    "model.layers.14.self_attn.v_proj": 813.4930419921875,
    "model.layers.14.self_attn.o_proj": 777.020751953125,
    "model.layers.14.mlp.gate_proj": 829.0596313476562,
    "model.layers.14.mlp.up_proj": 828.4216918945312,
    "model.layers.14.mlp.down_proj": 835.4739379882812,
    "model.layers.15.self_attn.q_proj": 803.0202026367188,
    "model.layers.15.self_attn.k_proj": 835.1356811523438,
    "model.layers.15.self_attn.v_proj": 831.0761108398438,
    "model.layers.15.self_attn.o_proj": 808.6415405273438,
    "model.layers.15.mlp.gate_proj": 836.1217651367188,
    "model.layers.15.mlp.up_proj": 826.6937255859375,
    "model.layers.15.mlp.down_proj": 827.6316528320312,
    "model.layers.16.self_attn.q_proj": 792.262451171875,
    "model.layers.16.self_attn.k_proj": 811.5120239257812,
    "model.layers.16.self_attn.v_proj": 840.5093994140625,
    "model.layers.16.self_attn.o_proj": 773.7299194335938,
    "model.layers.16.mlp.gate_proj": 824.0474243164062,
    "model.layers.16.mlp.up_proj": 813.77001953125,
    "model.layers.16.mlp.down_proj": 831.6187133789062,
    "model.layers.17.self_attn.q_proj": 796.5903930664062,
    "model.layers.17.self_attn.k_proj": 804.4033813476562,
    "model.layers.17.self_attn.v_proj": 816.73046875,
    "model.layers.17.self_attn.o_proj": 796.2095336914062,
    "model.layers.17.mlp.gate_proj": 824.14794921875,
    "model.layers.17.mlp.up_proj": 818.0704345703125,
    "model.layers.17.mlp.down_proj": 851.8436279296875,
    "model.layers.18.self_attn.q_proj": 797.49658203125,
    "model.layers.18.self_attn.k_proj": 804.8375244140625,
    "model.layers.18.self_attn.v_proj": 828.6660766601562,
    "model.layers.18.self_attn.o_proj": 792.7550659179688,
    "model.layers.18.mlp.gate_proj": 820.2471313476562,
    "model.layers.18.mlp.up_proj": 824.2540893554688,
    "model.layers.18.mlp.down_proj": 846.7163696289062,
    "model.layers.19.self_attn.q_proj": 813.945068359375,
    "model.layers.19.self_attn.k_proj": 806.8004760742188,
    "model.layers.19.self_attn.v_proj": 819.9523315429688,
    "model.layers.19.self_attn.o_proj": 798.525146484375,
    "model.layers.19.mlp.gate_proj": 813.3591918945312,
    "model.layers.19.mlp.up_proj": 820.34375,
    "model.layers.19.mlp.down_proj": 833.1644287109375,
    "model.layers.20.self_attn.q_proj": 784.5001831054688,