{
    "model.layers.0.self_attn.q_proj": 794.7416381835938,
    "model.layers.0.self_attn.k_proj": 794.6826782226562,
    "model.layers.0.self_attn.v_proj": 798.77294921875,
    "model.layers.0.self_attn.o_proj": 799.7451171875,
    "model.layers.0.mlp.gate_proj": 818.1781005859375,
    "model.layers.0.mlp.up_proj": 814.822265625,
    "model.layers.0.mlp.down_proj": 782.5973510742188,
    "model.layers.1.self_attn.q_proj": 795.6869506835938,
    "model.layers.1.self_attn.k_proj": 786.9719848632812,
    "model.layers.1.self_attn.v_proj": 946.6876220703125,
    "model.layers.1.self_attn.o_proj": 762.7637939453125,
    "model.layers.1.mlp.gate_proj": 839.0503540039062,
    "model.layers.1.mlp.up_proj": 788.54833984375,
    "model.layers.1.mlp.down_proj": 846.4893798828125,
    "model.layers.2.self_attn.q_proj": 774.0983276367188,
    "model.layers.2.self_attn.k_proj": 788.526611328125,
    "model.layers.2.self_attn.v_proj": 807.3162231445312,
    "model.layers.2.self_attn.o_proj": 831.0775756835938,
    "model.layers.2.mlp.gate_proj": 842.4187622070312,
    "model.layers.2.mlp.up_proj": 824.40283203125,
    "model.layers.2.mlp.down_proj": 828.5302124023438,
    "model.layers.3.self_attn.q_proj": 794.7348022460938,
    "model.layers.3.self_attn.k_proj": 786.5694580078125,
    "model.layers.3.self_attn.v_proj": 979.087890625,
    "model.layers.3.self_attn.o_proj": 802.3927612304688,
    "model.layers.3.mlp.gate_proj": 842.04052734375,
    "model.layers.3.mlp.up_proj": 826.9581298828125,
    "model.layers.3.mlp.down_proj": 817.7847290039062,
    "model.layers.4.self_attn.q_proj": 781.125244140625,
    "model.layers.4.self_attn.k_proj": 848.3844604492188,
    "model.layers.4.self_attn.v_proj": 851.192626953125,
    "model.layers.4.self_attn.o_proj": 803.5443725585938,
    "model.layers.4.mlp.gate_proj": 819.8043823242188,
    "model.layers.4.mlp.up_proj": 838.8090209960938,
    "model.layers.4.mlp.down_proj": 846.9490356445312,
    "model.layers.5.self_attn.q_proj": 791.1550903320312,
    "model.layers.5.self_attn.k_proj": 781.8662719726562,
    "model.layers.5.self_attn.v_proj": 924.2352905273438,
    "model.layers.5.self_attn.o_proj": 812.8236694335938,
    "model.layers.5.mlp.gate_proj": 837.5130615234375,
    "model.layers.5.mlp.up_proj": 837.6754760742188,
    "model.layers.5.mlp.down_proj": 835.3763427734375,
    "model.layers.6.self_attn.q_proj": 818.578125,
    "model.layers.6.self_attn.k_proj": 823.3563232421875,
    "model.layers.6.self_attn.v_proj": 857.1405029296875,
    "model.layers.6.self_attn.o_proj": 789.2015991210938,
    "model.layers.6.mlp.gate_proj": 820.5458984375,
    "model.layers.6.mlp.up_proj": 820.3235473632812,
    "model.layers.6.mlp.down_proj": 851.097412109375,
    "model.layers.7.self_attn.q_proj": 781.6415405273438,
    "model.layers.7.self_attn.k_proj": 826.15185546875,
    "model.layers.7.self_attn.v_proj": 820.906494140625,
    "model.layers.7.self_attn.o_proj": 800.6295776367188,
    "model.layers.7.mlp.gate_proj": 854.3765258789062,
    "model.layers.7.mlp.up_proj": 851.6840209960938,
    "model.layers.7.mlp.down_proj": 798.9755249023438,
    "model.layers.8.self_attn.q_proj": 805.4797973632812,
    "model.layers.8.self_attn.k_proj": 796.8924560546875,
    "model.layers.8.self_attn.v_proj": 932.0953979492188,
    "model.layers.8.self_attn.o_proj": 763.4453735351562,
    "model.layers.8.mlp.gate_proj": 819.2526245117188,
    "model.layers.8.mlp.up_proj": 786.33544921875,
    "model.layers.8.mlp.down_proj": 851.035888671875,
    "model.layers.9.self_attn.q_proj": 833.8617553710938,
    "model.layers.9.self_attn.k_proj": 842.1820068359375,
    "model.layers.9.self_attn.v_proj": 910.5481567382812,
    "model.layers.9.self_attn.o_proj": 757.6073608398438,
    "model.layers.9.mlp.gate_proj": 831.905029296875,
    "model.layers.9.mlp.up_proj": 834.5086669921875,
    "model.layers.9.mlp.down_proj": 851.2978515625,
    "model.layers.10.self_attn.q_proj": 812.048583984375,
    "model.layers.10.self_attn.k_proj": 810.382568359375,
    "model.layers.10.self_attn.v_proj": 863.9990844726562,
    "model.layers.10.self_attn.o_proj": 735.34375,
    "model.layers.10.mlp.gate_proj": 826.9951782226562,
    "model.layers.10.mlp.up_proj": 839.4660034179688,
    "model.layers.10.mlp.down_proj": 833.58349609375,
    "model.layers.11.self_attn.q_proj": 794.8787841796875,
    "model.layers.11.self_attn.k_proj": 843.931396484375,
    "model.layers.11.self_attn.v_proj": 833.4262084960938,
    "model.layers.11.self_attn.o_proj": 714.5359497070312,
    "model.layers.11.mlp.gate_proj": 820.2198486328125,
    "model.layers.11.mlp.up_proj": 814.06982421875,
    "model.layers.11.mlp.down_proj": 827.5037841796875,
    "model.layers.12.self_attn.q_proj": 773.0321044921875,
    "model.layers.12.self_attn.k_proj": 775.5086669921875,
    "model.layers.12.self_attn.v_proj": 869.5181884765625,
    "model.layers.12.self_attn.o_proj": 754.356689453125,
    "model.layers.12.mlp.gate_proj": 821.0255737304688,
    "model.layers.12.mlp.up_proj": 813.4915161132812,
    "model.layers.12.mlp.down_proj": 855.5095825195312,
    "model.layers.13.self_attn.q_proj": 780.0409545898438,
    "model.layers.13.self_attn.k_proj": 822.6820678710938,
    "model.layers.13.self_attn.v_proj": 874.0813598632812,
    "model.layers.13.self_attn.o_proj": 727.9561157226562,
    "model.layers.13.mlp.gate_proj": 807.118896484375,
    "model.layers.13.mlp.up_proj": 835.8824462890625,
    "model.layers.13.mlp.down_proj": 870.5238647460938,
    "model.layers.14.self_attn.q_proj": 800.7232055664062,
    "model.layers.14.self_attn.k_proj": 784.1317138671875,
    "model.layers.14.self_attn.v_proj": 806.0919799804688,
    "model.layers.14.self_attn.o_proj": 708.0137939453125,
    "model.layers.14.mlp.gate_proj": 829.6093139648438,
    "model.layers.14.mlp.up_proj": 821.5519409179688,
    "model.layers.14.mlp.down_proj": 868.1329345703125,
    "model.layers.15.self_attn.q_proj": 773.714111328125,
    "model.layers.15.self_attn.k_proj": 838.5609741210938,
    "model.layers.15.self_attn.v_proj": 847.868408203125,
    "model.layers.15.self_attn.o_proj": 817.7459716796875,
    "model.layers.15.mlp.gate_proj": 838.8355712890625,
    "model.layers.15.mlp.up_proj": 832.0550537109375,
    "model.layers.15.mlp.down_proj": 847.3182373046875,
    "model.layers.16.self_attn.q_proj": 784.157470703125,
    "model.layers.16.self_attn.k_proj": 805.0773315429688,
    "model.layers.16.self_attn.v_proj": 844.2015991210938,
    "model.layers.16.self_attn.o_proj": 742.5744018554688,
    "model.layers.16.mlp.gate_proj": 818.081787109375,
    "model.layers.16.mlp.up_proj": 818.6178588867188,
    "model.layers.16.mlp.down_proj": 858.943359375,
    "model.layers.17.self_attn.q_proj": 801.783935546875,
    "model.layers.17.self_attn.k_proj": 785.3934936523438,
    "model.layers.17.self_attn.v_proj": 825.9757690429688,
    "model.layers.17.self_attn.o_proj": 784.8748779296875,
    "model.layers.17.mlp.gate_proj": 820.7625122070312,
    "model.layers.17.mlp.up_proj": 814.80859375,
    "model.layers.17.mlp.down_proj": 877.6438598632812,
    "model.layers.18.self_attn.q_proj": 782.25634765625,
    "model.layers.18.self_attn.k_proj": 798.8738403320312,
    "model.layers.18.self_attn.v_proj": 845.9529418945312,
    "model.layers.18.self_attn.o_proj": 747.223388671875,
    "model.layers.18.mlp.gate_proj": 820.6178588867188,
    "model.layers.18.mlp.up_proj": 831.4464721679688,
    "model.layers.18.mlp.down_proj": 847.842529296875,
    "model.layers.19.self_attn.q_proj": 786.3955688476562,
    "model.layers.19.self_attn.k_proj": 785.0455322265625,
    "model.layers.19.self_attn.v_proj": 812.670166015625,
    "model.layers.19.self_attn.o_proj": 767.4681396484375,
    "model.layers.19.mlp.gate_proj": 814.9354248046875,
    "model.layers.19.mlp.up_proj": 828.2688598632812,
    "model.layers.19.mlp.down_proj": 851.4857177734375,
    "model.layers.20.self_attn.q_proj": 779.7334594726562,