{
    "model.layers.0.self_attn.q_proj": 819.4496459960938,
    "model.layers.0.self_attn.k_proj": 819.4530639648438,
    "model.layers.0.self_attn.v_proj": 819.3765258789062,
    "model.layers.0.self_attn.o_proj": 824.3596801757812,
    "model.layers.0.mlp.gate_proj": 826.1181030273438,
    "model.layers.0.mlp.up_proj": 824.533447265625,
    "model.layers.0.mlp.down_proj": 816.437744140625,
    "model.layers.1.self_attn.q_proj": 824.2623901367188,
    "model.layers.1.self_attn.k_proj": 814.3341064453125,
    "model.layers.1.self_attn.v_proj": 846.0401000976562,
    "model.layers.1.self_attn.o_proj": 808.8571166992188,
    "model.layers.1.mlp.gate_proj": 826.7363891601562,
    "model.layers.1.mlp.up_proj": 824.0787353515625,
    "model.layers.1.mlp.down_proj": 819.537109375,
    "model.layers.2.self_attn.q_proj": 807.9066772460938,
    "model.layers.2.self_attn.k_proj": 814.00927734375,
    "model.layers.2.self_attn.v_proj": 811.7879638671875,
    "model.layers.2.self_attn.o_proj": 827.4520263671875,
    "model.layers.2.mlp.gate_proj": 820.3209838867188,
    "model.layers.2.mlp.up_proj": 814.30810546875,
    "model.layers.2.mlp.down_proj": 818.8104248046875,
    "model.layers.3.self_attn.q_proj": 815.5224609375,
    "model.layers.3.self_attn.k_proj": 813.3246459960938,
    "model.layers.3.self_attn.v_proj": 848.5648803710938,
    "model.layers.3.self_attn.o_proj": 824.6805419921875,
    "model.layers.3.mlp.gate_proj": 813.2322998046875,
    "model.layers.3.mlp.up_proj": 823.7271728515625,
    "model.layers.3.mlp.down_proj": 823.1322021484375,
    "model.layers.4.self_attn.q_proj": 813.310546875,
    "model.layers.4.self_attn.k_proj": 828.9273681640625,
    "model.layers.4.self_attn.v_proj": 830.9724731445312,
    "model.layers.4.self_attn.o_proj": 813.4592895507812,
    "model.layers.4.mlp.gate_proj": 814.3126220703125,
    "model.layers.4.mlp.up_proj": 830.7212524414062,
    "model.layers.4.mlp.down_proj": 823.5385131835938,
    "model.layers.5.self_attn.q_proj": 814.7850341796875,
    "model.layers.5.self_attn.k_proj": 813.5130615234375,
    "model.layers.5.self_attn.v_proj": 834.9887084960938,
    "model.layers.5.self_attn.o_proj": 824.66650390625,
    "model.layers.5.mlp.gate_proj": 814.8087158203125,
    "model.layers.5.mlp.up_proj": 818.8401489257812,
    "model.layers.5.mlp.down_proj": 830.3417358398438,
    "model.layers.6.self_attn.q_proj": 827.1014404296875,
    "model.layers.6.self_attn.k_proj": 826.4749755859375,
    "model.layers.6.self_attn.v_proj": 814.8695068359375,
    "model.layers.6.self_attn.o_proj": 828.6846313476562,
    "model.layers.6.mlp.gate_proj": 813.271240234375,
    "model.layers.6.mlp.up_proj": 814.7753295898438,
    "model.layers.6.mlp.down_proj": 814.3953247070312,
    "model.layers.7.self_attn.q_proj": 809.920166015625,
    "model.layers.7.self_attn.k_proj": 814.668212890625,
    "model.layers.7.self_attn.v_proj": 827.7777099609375,
    "model.layers.7.self_attn.o_proj": 833.2161254882812,
    "model.layers.7.mlp.gate_proj": 823.597900390625,
    "model.layers.7.mlp.up_proj": 816.028076171875,
    "model.layers.7.mlp.down_proj": 808.2054443359375,
    "model.layers.8.self_attn.q_proj": 826.6343383789062,
    "model.layers.8.self_attn.k_proj": 819.343505859375,
    "model.layers.8.self_attn.v_proj": 832.9756469726562,
    "model.layers.8.self_attn.o_proj": 809.1485595703125,
    "model.layers.8.mlp.gate_proj": 815.0068969726562,
    "model.layers.8.mlp.up_proj": 817.0069580078125,
    "model.layers.8.mlp.down_proj": 818.3572387695312,
    "model.layers.9.self_attn.q_proj": 827.8516845703125,
    "model.layers.9.self_attn.k_proj": 814.3494873046875,
    "model.layers.9.self_attn.v_proj": 828.0360107421875,
    "model.layers.9.self_attn.o_proj": 824.0996704101562,
    "model.layers.9.mlp.gate_proj": 824.0254516601562,
    "model.layers.9.mlp.up_proj": 826.2975463867188,
    "model.layers.9.mlp.down_proj": 819.614990234375,
    "model.layers.10.self_attn.q_proj": 824.47607421875,
    "model.layers.10.self_attn.k_proj": 814.0802612304688,
    "model.layers.10.self_attn.v_proj": 827.494384765625,
    "model.layers.10.self_attn.o_proj": 817.3045654296875,
    "model.layers.10.mlp.gate_proj": 823.2679443359375,
    "model.layers.10.mlp.up_proj": 816.1190185546875,
    "model.layers.10.mlp.down_proj": 815.8424072265625,
    "model.layers.11.self_attn.q_proj": 811.2938842773438,
    "model.layers.11.self_attn.k_proj": 812.8653564453125,
    "model.layers.11.self_attn.v_proj": 811.5191650390625,
    "model.layers.11.self_attn.o_proj": 813.48486328125,
    "model.layers.11.mlp.gate_proj": 814.3673095703125,
    "model.layers.11.mlp.up_proj": 812.3969116210938,
    "model.layers.11.mlp.down_proj": 827.0091552734375,
    "model.layers.12.self_attn.q_proj": 819.8294677734375,
    "model.layers.12.self_attn.k_proj": 815.7685546875,
    "model.layers.12.self_attn.v_proj": 823.0653076171875,
    "model.layers.12.self_attn.o_proj": 813.9721069335938,
    "model.layers.12.mlp.gate_proj": 828.1299438476562,
    "model.layers.12.mlp.up_proj": 815.9185180664062,
    "model.layers.12.mlp.down_proj": 829.5601196289062,
    "model.layers.13.self_attn.q_proj": 813.699951171875,
    "model.layers.13.self_attn.k_proj": 825.3248291015625,
    "model.layers.13.self_attn.v_proj": 835.369873046875,
    "model.layers.13.self_attn.o_proj": 813.0537719726562,
    "model.layers.13.mlp.gate_proj": 815.3031005859375,
    "model.layers.13.mlp.up_proj": 822.5637817382812,
    "model.layers.13.mlp.down_proj": 829.7061767578125,
    "model.layers.14.self_attn.q_proj": 814.4277954101562,
    "model.layers.14.self_attn.k_proj": 824.2561645507812,
    "model.layers.14.self_attn.v_proj": 814.4526977539062,
    "model.layers.14.self_attn.o_proj": 804.8317260742188,
    "model.layers.14.mlp.gate_proj": 825.863525390625,
    "model.layers.14.mlp.up_proj": 824.7413330078125,
    "model.layers.14.mlp.down_proj": 824.075439453125,
    "model.layers.15.self_attn.q_proj": 814.3194580078125,
    "model.layers.15.self_attn.k_proj": 832.1256103515625,
    "model.layers.15.self_attn.v_proj": 814.451171875,
    "model.layers.15.self_attn.o_proj": 814.2388916015625,
    "model.layers.15.mlp.gate_proj": 829.7166137695312,
    "model.layers.15.mlp.up_proj": 825.2298583984375,
    "model.layers.15.mlp.down_proj": 828.084716796875,
    "model.layers.16.self_attn.q_proj": 813.1031494140625,
    "model.layers.16.self_attn.k_proj": 825.1285400390625,
    "model.layers.16.self_attn.v_proj": 824.285400390625,
    "model.layers.16.self_attn.o_proj": 814.194091796875,
    "model.layers.16.mlp.gate_proj": 830.4718017578125,
    "model.layers.16.mlp.up_proj": 814.722900390625,
    "model.layers.16.mlp.down_proj": 826.8483276367188,
    "model.layers.17.self_attn.q_proj": 814.1974487304688,
    "model.layers.17.self_attn.k_proj": 824.2583618164062,
    "model.layers.17.self_attn.v_proj": 825.7813110351562,
    "model.layers.17.self_attn.o_proj": 814.6806030273438,
    "model.layers.17.mlp.gate_proj": 827.7982788085938,
    "model.layers.17.mlp.up_proj": 827.9420166015625,
    "model.layers.17.mlp.down_proj": 815.2664184570312,
    "model.layers.18.self_attn.q_proj": 825.4955444335938,
    "model.layers.18.self_attn.k_proj": 814.0918579101562,
    "model.layers.18.self_attn.v_proj": 814.2412719726562,
    "model.layers.18.self_attn.o_proj": 819.9483642578125,
    "model.layers.18.mlp.gate_proj": 816.9850463867188,
    "model.layers.18.mlp.up_proj": 825.0037841796875,
    "model.layers.18.mlp.down_proj": 831.8583374023438,
    "model.layers.19.self_attn.q_proj": 824.2691650390625,
    "model.layers.19.self_attn.k_proj": 814.333984375,
    "model.layers.19.self_attn.v_proj": 822.280029296875,
    "model.layers.19.self_attn.o_proj": 812.1286010742188,
    "model.layers.19.mlp.gate_proj": 826.5887451171875,
    "model.layers.19.mlp.up_proj": 824.472900390625,
    "model.layers.19.mlp.down_proj": 828.0862426757812,
    "model.layers.20.self_attn.q_proj": 814.2741088867188,