{
    "model.layers.0.self_attn.q_proj": 792.5244140625,
    "model.layers.0.self_attn.k_proj": 792.45263671875,
    "model.layers.0.self_attn.v_proj": 796.5950927734375,
    "model.layers.0.self_attn.o_proj": 797.53759765625,
    "model.layers.0.mlp.gate_proj": 817.8298950195312,
    "model.layers.0.mlp.up_proj": 814.0098876953125,
    "model.layers.0.mlp.down_proj": 780.300537109375,
    "model.layers.1.self_attn.q_proj": 793.1624755859375,
    "model.layers.1.self_attn.k_proj": 784.154052734375,
    "model.layers.1.self_attn.v_proj": 948.1775512695312,
    "model.layers.1.self_attn.o_proj": 757.8660888671875,
    "model.layers.1.mlp.gate_proj": 839.2001953125,
    "model.layers.1.mlp.up_proj": 787.9788818359375,
    "model.layers.1.mlp.down_proj": 847.4263305664062,
    "model.layers.2.self_attn.q_proj": 771.9476928710938,
    "model.layers.2.self_attn.k_proj": 785.3318481445312,
    "model.layers.2.self_attn.v_proj": 806.1103515625,
    "model.layers.2.self_attn.o_proj": 823.1240844726562,
    "model.layers.2.mlp.gate_proj": 842.9027099609375,
    "model.layers.2.mlp.up_proj": 822.73828125,
    "model.layers.2.mlp.down_proj": 831.0411987304688,
    "model.layers.3.self_attn.q_proj": 791.359375,
    "model.layers.3.self_attn.k_proj": 783.4241943359375,
    "model.layers.3.self_attn.v_proj": 990.9571533203125,
    "model.layers.3.self_attn.o_proj": 801.6102905273438,
    "model.layers.3.mlp.gate_proj": 846.4733276367188,
    "model.layers.3.mlp.up_proj": 827.593017578125,
    "model.layers.3.mlp.down_proj": 824.4568481445312,
    "model.layers.4.self_attn.q_proj": 782.3217163085938,
    "model.layers.4.self_attn.k_proj": 845.0331420898438,
    "model.layers.4.self_attn.v_proj": 847.88134765625,
    "model.layers.4.self_attn.o_proj": 796.3834838867188,
    "model.layers.4.mlp.gate_proj": 818.6607666015625,
    "model.layers.4.mlp.up_proj": 836.8540649414062,
    "model.layers.4.mlp.down_proj": 850.2251586914062,
    "model.layers.5.self_attn.q_proj": 790.6763916015625,
    "model.layers.5.self_attn.k_proj": 777.3638916015625,
    "model.layers.5.self_attn.v_proj": 924.5643920898438,
    "model.layers.5.self_attn.o_proj": 809.7239990234375,
    "model.layers.5.mlp.gate_proj": 837.404296875,
    "model.layers.5.mlp.up_proj": 839.463623046875,
    "model.layers.5.mlp.down_proj": 832.8059692382812,
    "model.layers.6.self_attn.q_proj": 819.9918212890625,
    "model.layers.6.self_attn.k_proj": 824.4674072265625,
    "model.layers.6.self_attn.v_proj": 859.232666015625,
    "model.layers.6.self_attn.o_proj": 792.22412109375,
    "model.layers.6.mlp.gate_proj": 821.389892578125,
    "model.layers.6.mlp.up_proj": 817.25390625,
    "model.layers.6.mlp.down_proj": 849.4039306640625,
    "model.layers.7.self_attn.q_proj": 779.3945922851562,
    "model.layers.7.self_attn.k_proj": 823.8591918945312,
    "model.layers.7.self_attn.v_proj": 829.556884765625,
    "model.layers.7.self_attn.o_proj": 799.6498413085938,
    "model.layers.7.mlp.gate_proj": 862.8887329101562,
    "model.layers.7.mlp.up_proj": 848.6025390625,
    "model.layers.7.mlp.down_proj": 795.1648559570312,
    "model.layers.8.self_attn.q_proj": 807.2447509765625,
    "model.layers.8.self_attn.k_proj": 789.6151123046875,
    "model.layers.8.self_attn.v_proj": 938.30322265625,
    "model.layers.8.self_attn.o_proj": 763.1264038085938,
    "model.layers.8.mlp.gate_proj": 819.2477416992188,
    "model.layers.8.mlp.up_proj": 780.779541015625,
    "model.layers.8.mlp.down_proj": 859.6361083984375,
    "model.layers.9.self_attn.q_proj": 834.0072021484375,
    "model.layers.9.self_attn.k_proj": 838.3861694335938,
    "model.layers.9.self_attn.v_proj": 919.8261108398438,
    "model.layers.9.self_attn.o_proj": 757.5770263671875,
    "model.layers.9.mlp.gate_proj": 829.4847412109375,
    "model.layers.9.mlp.up_proj": 834.2315063476562,
    "model.layers.9.mlp.down_proj": 852.236328125,
    "model.layers.10.self_attn.q_proj": 813.7855224609375,
    "model.layers.10.self_attn.k_proj": 811.9406127929688,
    "model.layers.10.self_attn.v_proj": 863.263916015625,
    "model.layers.10.self_attn.o_proj": 728.8914184570312,
    "model.layers.10.mlp.gate_proj": 829.1988525390625,
    "model.layers.10.mlp.up_proj": 837.6041870117188,
    "model.layers.10.mlp.down_proj": 830.6289672851562,
    "model.layers.11.self_attn.q_proj": 795.0169067382812,
    "model.layers.11.self_attn.k_proj": 843.2293090820312,
    "model.layers.11.self_attn.v_proj": 837.75244140625,
    "model.layers.11.self_attn.o_proj": 707.0285034179688,
    "model.layers.11.mlp.gate_proj": 822.035400390625,
    "model.layers.11.mlp.up_proj": 814.1160278320312,
    "model.layers.11.mlp.down_proj": 828.1334838867188,
    "model.layers.12.self_attn.q_proj": 765.184326171875,
    "model.layers.12.self_attn.k_proj": 778.1268920898438,
    "model.layers.12.self_attn.v_proj": 876.7061767578125,
    "model.layers.12.self_attn.o_proj": 749.3224487304688,
    "model.layers.12.mlp.gate_proj": 822.258544921875,
    "model.layers.12.mlp.up_proj": 818.0120239257812,
    "model.layers.12.mlp.down_proj": 858.2689819335938,
    "model.layers.13.self_attn.q_proj": 772.3209228515625,
    "model.layers.13.self_attn.k_proj": 824.0275268554688,
    "model.layers.13.self_attn.v_proj": 875.299560546875,
    "model.layers.13.self_attn.o_proj": 722.12646484375,
    "model.layers.13.mlp.gate_proj": 811.754150390625,
    "model.layers.13.mlp.up_proj": 835.1630249023438,
    "model.layers.13.mlp.down_proj": 870.0380859375,
    "model.layers.14.self_attn.q_proj": 795.7874755859375,
    "model.layers.14.self_attn.k_proj": 770.0632934570312,
    "model.layers.14.self_attn.v_proj": 807.9385375976562,
    "model.layers.14.self_attn.o_proj": 705.9846801757812,
    "model.layers.14.mlp.gate_proj": 828.8626708984375,
    "model.layers.14.mlp.up_proj": 822.0626831054688,
    "model.layers.14.mlp.down_proj": 876.8578491210938,
    "model.layers.15.self_attn.q_proj": 767.8594360351562,
    "model.layers.15.self_attn.k_proj": 834.3291015625,
    "model.layers.15.self_attn.v_proj": 849.1815795898438,
    "model.layers.15.self_attn.o_proj": 814.0401611328125,
    "model.layers.15.mlp.gate_proj": 839.3128662109375,
    "model.layers.15.mlp.up_proj": 835.0966796875,
    "model.layers.15.mlp.down_proj": 846.9286499023438,
    "model.layers.16.self_attn.q_proj": 779.9863891601562,
    "model.layers.16.self_attn.k_proj": 802.3870239257812,
    "model.layers.16.self_attn.v_proj": 842.8079223632812,
    "model.layers.16.self_attn.o_proj": 736.6484375,
    "model.layers.16.mlp.gate_proj": 821.1740112304688,
    "model.layers.16.mlp.up_proj": 820.2298583984375,
    "model.layers.16.mlp.down_proj": 858.2028198242188,
    "model.layers.17.self_attn.q_proj": 797.7128295898438,
    "model.layers.17.self_attn.k_proj": 781.0718383789062,
    "model.layers.17.self_attn.v_proj": 825.7548217773438,
    "model.layers.17.self_attn.o_proj": 783.6925659179688,
    "model.layers.17.mlp.gate_proj": 822.4005737304688,
    "model.layers.17.mlp.up_proj": 813.0047607421875,
    "model.layers.17.mlp.down_proj": 877.99658203125,
    "model.layers.18.self_attn.q_proj": 781.9954223632812,
    "model.layers.18.self_attn.k_proj": 796.8677978515625,
    "model.layers.18.self_attn.v_proj": 846.01416015625,
    "model.layers.18.self_attn.o_proj": 743.7698364257812,
    "model.layers.18.mlp.gate_proj": 822.419189453125,
    "model.layers.18.mlp.up_proj": 832.2841186523438,
    "model.layers.18.mlp.down_proj": 846.141357421875,
    "model.layers.19.self_attn.q_proj": 786.9319458007812,
    "model.layers.19.self_attn.k_proj": 784.1240844726562,
    "model.layers.19.self_attn.v_proj": 811.344482421875,
    "model.layers.19.self_attn.o_proj": 759.9170532226562,
    "model.layers.19.mlp.gate_proj": 813.6893310546875,
    "model.layers.19.mlp.up_proj": 829.1243286132812,
    "model.layers.19.mlp.down_proj": 853.5720825195312,
    "model.layers.20.self_attn.q_proj": 778.9038696289062,