{
    "model.layers.0.self_attn.q_proj": 791.2600708007812,
    "model.layers.0.self_attn.k_proj": 791.1695556640625,
    "model.layers.0.self_attn.v_proj": 795.2499389648438,
    "model.layers.0.self_attn.o_proj": 796.2986450195312,
    "model.layers.0.mlp.gate_proj": 818.2481689453125,
    "model.layers.0.mlp.up_proj": 814.0408325195312,
    "model.layers.0.mlp.down_proj": 776.5127563476562,
    "model.layers.1.self_attn.q_proj": 791.2352294921875,
    "model.layers.1.self_attn.k_proj": 781.3909912109375,
    "model.layers.1.self_attn.v_proj": 950.0289306640625,
    "model.layers.1.self_attn.o_proj": 754.2156982421875,
    "model.layers.1.mlp.gate_proj": 842.3707885742188,
    "model.layers.1.mlp.up_proj": 786.6982421875,
    "model.layers.1.mlp.down_proj": 850.1492309570312,
    "model.layers.2.self_attn.q_proj": 770.7359008789062,
    "model.layers.2.self_attn.k_proj": 784.452880859375,
    "model.layers.2.self_attn.v_proj": 803.9596557617188,
    "model.layers.2.self_attn.o_proj": 812.9176025390625,
    "model.layers.2.mlp.gate_proj": 844.8034057617188,
    "model.layers.2.mlp.up_proj": 822.0361328125,
    "model.layers.2.mlp.down_proj": 841.5213012695312,
    "model.layers.3.self_attn.q_proj": 787.3247680664062,
    "model.layers.3.self_attn.k_proj": 781.6175537109375,
    "model.layers.3.self_attn.v_proj": 1017.4168090820312,
    "model.layers.3.self_attn.o_proj": 799.9965209960938,
    "model.layers.3.mlp.gate_proj": 853.0464477539062,
    "model.layers.3.mlp.up_proj": 830.9847412109375,
    "model.layers.3.mlp.down_proj": 830.14794921875,
    "model.layers.4.self_attn.q_proj": 778.712646484375,
    "model.layers.4.self_attn.k_proj": 850.0114135742188,
    "model.layers.4.self_attn.v_proj": 843.7734375,
    "model.layers.4.self_attn.o_proj": 788.2062377929688,
    "model.layers.4.mlp.gate_proj": 821.4986572265625,
    "model.layers.4.mlp.up_proj": 839.0053100585938,
    "model.layers.4.mlp.down_proj": 861.4430541992188,
    "model.layers.5.self_attn.q_proj": 790.0491333007812,
    "model.layers.5.self_attn.k_proj": 773.8245849609375,
    "model.layers.5.self_attn.v_proj": 927.09130859375,
    "model.layers.5.self_attn.o_proj": 812.1275024414062,
    "model.layers.5.mlp.gate_proj": 835.929443359375,
    "model.layers.5.mlp.up_proj": 844.4473876953125,
    "model.layers.5.mlp.down_proj": 830.9573364257812,
    "model.layers.6.self_attn.q_proj": 825.0480346679688,
    "model.layers.6.self_attn.k_proj": 831.308349609375,
    "model.layers.6.self_attn.v_proj": 862.158447265625,
    "model.layers.6.self_attn.o_proj": 795.2073364257812,
    "model.layers.6.mlp.gate_proj": 823.5798950195312,
    "model.layers.6.mlp.up_proj": 815.8226318359375,
    "model.layers.6.mlp.down_proj": 838.8402099609375,
    "model.layers.7.self_attn.q_proj": 778.84326171875,
    "model.layers.7.self_attn.k_proj": 816.4635009765625,
    "model.layers.7.self_attn.v_proj": 839.2722778320312,
    "model.layers.7.self_attn.o_proj": 794.5234375,
    "model.layers.7.mlp.gate_proj": 873.0289916992188,
    "model.layers.7.mlp.up_proj": 845.4546508789062,
    "model.layers.7.mlp.down_proj": 795.2171630859375,
    "model.layers.8.self_attn.q_proj": 812.46630859375,
    "model.layers.8.self_attn.k_proj": 786.718505859375,
    "model.layers.8.self_attn.v_proj": 946.2986450195312,
    "model.layers.8.self_attn.o_proj": 757.4383544921875,
    "model.layers.8.mlp.gate_proj": 823.44775390625,
    "model.layers.8.mlp.up_proj": 773.5590209960938,
    "model.layers.8.mlp.down_proj": 864.4529418945312,
    "model.layers.9.self_attn.q_proj": 831.7518920898438,
    "model.layers.9.self_attn.k_proj": 843.8628540039062,
    "model.layers.9.self_attn.v_proj": 928.1455688476562,
    "model.layers.9.self_attn.o_proj": 757.55712890625,
    "model.layers.9.mlp.gate_proj": 830.0771484375,
    "model.layers.9.mlp.up_proj": 839.727294921875,
    "model.layers.9.mlp.down_proj": 852.0015258789062,
    "model.layers.10.self_attn.q_proj": 814.2068481445312,
    "model.layers.10.self_attn.k_proj": 813.8867797851562,
    "model.layers.10.self_attn.v_proj": 865.3667602539062,
    "model.layers.10.self_attn.o_proj": 724.1494750976562,
    "model.layers.10.mlp.gate_proj": 829.5285034179688,
    "model.layers.10.mlp.up_proj": 836.6619873046875,
    "model.layers.10.mlp.down_proj": 835.6618041992188,
    "model.layers.11.self_attn.q_proj": 799.8270874023438,
    "model.layers.11.self_attn.k_proj": 842.767578125,
    "model.layers.11.self_attn.v_proj": 840.9968872070312,
    "model.layers.11.self_attn.o_proj": 686.581298828125,
    "model.layers.11.mlp.gate_proj": 837.84716796875,
    "model.layers.11.mlp.up_proj": 815.9232788085938,
    "model.layers.11.mlp.down_proj": 833.4981079101562,
    "model.layers.12.self_attn.q_proj": 753.0071411132812,
    "model.layers.12.self_attn.k_proj": 778.9656982421875,
    "model.layers.12.self_attn.v_proj": 895.087646484375,
    "model.layers.12.self_attn.o_proj": 737.6889038085938,
    "model.layers.12.mlp.gate_proj": 825.7549438476562,
    "model.layers.12.mlp.up_proj": 820.2826538085938,
    "model.layers.12.mlp.down_proj": 865.1915893554688,
    "model.layers.13.self_attn.q_proj": 767.8150634765625,
    "model.layers.13.self_attn.k_proj": 819.7392578125,
    "model.layers.13.self_attn.v_proj": 877.5771484375,
    "model.layers.13.self_attn.o_proj": 709.4935913085938,
    "model.layers.13.mlp.gate_proj": 817.2716064453125,
    "model.layers.13.mlp.up_proj": 837.807373046875,
    "model.layers.13.mlp.down_proj": 878.599365234375,
    "model.layers.14.self_attn.q_proj": 790.9119262695312,
    "model.layers.14.self_attn.k_proj": 762.307373046875,
    "model.layers.14.self_attn.v_proj": 811.4752807617188,
    "model.layers.14.self_attn.o_proj": 689.145751953125,
    "model.layers.14.mlp.gate_proj": 829.9735107421875,
    "model.layers.14.mlp.up_proj": 830.422119140625,
    "model.layers.14.mlp.down_proj": 883.3692016601562,
    "model.layers.15.self_attn.q_proj": 760.6779174804688,
    "model.layers.15.self_attn.k_proj": 824.924560546875,
    "model.layers.15.self_attn.v_proj": 863.454833984375,
    "model.layers.15.self_attn.o_proj": 799.224609375,
    "model.layers.15.mlp.gate_proj": 843.7919311523438,
    "model.layers.15.mlp.up_proj": 841.8976440429688,
    "model.layers.15.mlp.down_proj": 858.1021728515625,
    "model.layers.16.self_attn.q_proj": 781.0238037109375,
    "model.layers.16.self_attn.k_proj": 803.6890258789062,
    "model.layers.16.self_attn.v_proj": 844.2874755859375,
    "model.layers.16.self_attn.o_proj": 732.4890747070312,
    "model.layers.16.mlp.gate_proj": 823.4591064453125,
    "model.layers.16.mlp.up_proj": 823.3308715820312,
    "model.layers.16.mlp.down_proj": 861.298583984375,
    "model.layers.17.self_attn.q_proj": 796.196533203125,
    "model.layers.17.self_attn.k_proj": 777.0520629882812,
    "model.layers.17.self_attn.v_proj": 832.2122192382812,
    "model.layers.17.self_attn.o_proj": 785.8642578125,
    "model.layers.17.mlp.gate_proj": 826.3484497070312,
    "model.layers.17.mlp.up_proj": 809.5542602539062,
    "model.layers.17.mlp.down_proj": 888.1957397460938,
    "model.layers.18.self_attn.q_proj": 780.6800537109375,
    "model.layers.18.self_attn.k_proj": 795.8919067382812,
    "model.layers.18.self_attn.v_proj": 857.4308471679688,
    "model.layers.18.self_attn.o_proj": 738.3549194335938,
    "model.layers.18.mlp.gate_proj": 826.1716918945312,
    "model.layers.18.mlp.up_proj": 836.8643188476562,
    "model.layers.18.mlp.down_proj": 853.1893920898438,
    "model.layers.19.self_attn.q_proj": 787.5977172851562,
    "model.layers.19.self_attn.k_proj": 787.1134643554688,
    "model.layers.19.self_attn.v_proj": 812.1553344726562,
    "model.layers.19.self_attn.o_proj": 749.4883422851562,
    "model.layers.19.mlp.gate_proj": 820.988525390625,
    "model.layers.19.mlp.up_proj": 826.4669799804688,
    "model.layers.19.mlp.down_proj": 854.1101684570312,
    "model.layers.20.self_attn.q_proj": 778.7722778320312,