{
    "model.layers.0.self_attn.q_proj": 793.0816040039062,
    "model.layers.0.self_attn.k_proj": 793.0011596679688,
    "model.layers.0.self_attn.v_proj": 797.1566772460938,
    "model.layers.0.self_attn.o_proj": 798.1016845703125,
    "model.layers.0.mlp.gate_proj": 819.356689453125,
    "model.layers.0.mlp.up_proj": 814.9822387695312,
    "model.layers.0.mlp.down_proj": 779.7830810546875,
    "model.layers.1.self_attn.q_proj": 793.1209716796875,
    "model.layers.1.self_attn.k_proj": 783.475830078125,
    "model.layers.1.self_attn.v_proj": 949.525634765625,
    "model.layers.1.self_attn.o_proj": 757.1985473632812,
    "model.layers.1.mlp.gate_proj": 841.5388793945312,
    "model.layers.1.mlp.up_proj": 789.06689453125,
    "model.layers.1.mlp.down_proj": 848.7582397460938,
    "model.layers.2.self_attn.q_proj": 772.748779296875,
    "model.layers.2.self_attn.k_proj": 785.2242431640625,
    "model.layers.2.self_attn.v_proj": 805.5462646484375,
    "model.layers.2.self_attn.o_proj": 816.0018310546875,
    "model.layers.2.mlp.gate_proj": 845.9686889648438,
    "model.layers.2.mlp.up_proj": 822.4830322265625,
    "model.layers.2.mlp.down_proj": 838.111328125,
    "model.layers.3.self_attn.q_proj": 790.822509765625,
    "model.layers.3.self_attn.k_proj": 783.6198120117188,
    "model.layers.3.self_attn.v_proj": 1005.2864990234375,
    "model.layers.3.self_attn.o_proj": 802.4306640625,
    "model.layers.3.mlp.gate_proj": 851.155517578125,
    "model.layers.3.mlp.up_proj": 830.7620849609375,
    "model.layers.3.mlp.down_proj": 828.3109741210938,
    "model.layers.4.self_attn.q_proj": 784.069091796875,
    "model.layers.4.self_attn.k_proj": 849.4989013671875,
    "model.layers.4.self_attn.v_proj": 843.8427734375,
    "model.layers.4.self_attn.o_proj": 791.9747924804688,
    "model.layers.4.mlp.gate_proj": 820.04296875,
    "model.layers.4.mlp.up_proj": 838.6806640625,
    "model.layers.4.mlp.down_proj": 858.11376953125,
    "model.layers.5.self_attn.q_proj": 791.7698364257812,
    "model.layers.5.self_attn.k_proj": 775.52685546875,
    "model.layers.5.self_attn.v_proj": 925.8536987304688,
    "model.layers.5.self_attn.o_proj": 812.8194580078125,
    "model.layers.5.mlp.gate_proj": 838.8170776367188,
    "model.layers.5.mlp.up_proj": 842.396728515625,
    "model.layers.5.mlp.down_proj": 833.2569580078125,
    "model.layers.6.self_attn.q_proj": 823.7803344726562,
    "model.layers.6.self_attn.k_proj": 826.8860473632812,
    "model.layers.6.self_attn.v_proj": 862.5369262695312,
    "model.layers.6.self_attn.o_proj": 798.1016235351562,
    "model.layers.6.mlp.gate_proj": 823.5606079101562,
    "model.layers.6.mlp.up_proj": 817.2591552734375,
    "model.layers.6.mlp.down_proj": 849.2403564453125,
    "model.layers.7.self_attn.q_proj": 779.2410888671875,
    "model.layers.7.self_attn.k_proj": 821.4816284179688,
    "model.layers.7.self_attn.v_proj": 836.6341552734375,
    "model.layers.7.self_attn.o_proj": 801.05078125,
    "model.layers.7.mlp.gate_proj": 870.4346313476562,
    "model.layers.7.mlp.up_proj": 848.8721313476562,
    "model.layers.7.mlp.down_proj": 795.5421142578125,
    "model.layers.8.self_attn.q_proj": 811.4769287109375,
    "model.layers.8.self_attn.k_proj": 788.7422485351562,
    "model.layers.8.self_attn.v_proj": 943.2470703125,
    "model.layers.8.self_attn.o_proj": 761.23486328125,
    "model.layers.8.mlp.gate_proj": 822.5779418945312,
    "model.layers.8.mlp.up_proj": 777.6499633789062,
    "model.layers.8.mlp.down_proj": 864.2224731445312,
    "model.layers.9.self_attn.q_proj": 833.676025390625,
    "model.layers.9.self_attn.k_proj": 841.3438110351562,
    "model.layers.9.self_attn.v_proj": 925.6198120117188,
    "model.layers.9.self_attn.o_proj": 759.9053955078125,
    "model.layers.9.mlp.gate_proj": 830.3165893554688,
    "model.layers.9.mlp.up_proj": 835.8286743164062,
    "model.layers.9.mlp.down_proj": 853.2830200195312,
    "model.layers.10.self_attn.q_proj": 816.940185546875,
    "model.layers.10.self_attn.k_proj": 814.6746215820312,
    "model.layers.10.self_attn.v_proj": 864.863525390625,
    "model.layers.10.self_attn.o_proj": 727.8353881835938,
    "model.layers.10.mlp.gate_proj": 831.3265380859375,
    "model.layers.10.mlp.up_proj": 838.4541015625,
    "model.layers.10.mlp.down_proj": 833.0607299804688,
    "model.layers.11.self_attn.q_proj": 799.1752319335938,
    "model.layers.11.self_attn.k_proj": 844.2025146484375,
    "model.layers.11.self_attn.v_proj": 840.2879028320312,
    "model.layers.11.self_attn.o_proj": 693.5777587890625,
    "model.layers.11.mlp.gate_proj": 832.2487182617188,
    "model.layers.11.mlp.up_proj": 816.4777221679688,
    "model.layers.11.mlp.down_proj": 831.9400634765625,
    "model.layers.12.self_attn.q_proj": 759.08056640625,
    "model.layers.12.self_attn.k_proj": 780.0546264648438,
    "model.layers.12.self_attn.v_proj": 884.0068359375,
    "model.layers.12.self_attn.o_proj": 745.9514770507812,
    "model.layers.12.mlp.gate_proj": 824.3285522460938,
    "model.layers.12.mlp.up_proj": 822.8800048828125,
    "model.layers.12.mlp.down_proj": 864.3477172851562,
    "model.layers.13.self_attn.q_proj": 770.2918090820312,
    "model.layers.13.self_attn.k_proj": 823.1754760742188,
    "model.layers.13.self_attn.v_proj": 875.2127685546875,
    "model.layers.13.self_attn.o_proj": 717.3926391601562,
    "model.layers.13.mlp.gate_proj": 816.7033081054688,
    "model.layers.13.mlp.up_proj": 837.7613525390625,
    "model.layers.13.mlp.down_proj": 875.0565795898438,
    "model.layers.14.self_attn.q_proj": 794.7789916992188,
    "model.layers.14.self_attn.k_proj": 765.6371459960938,
    "model.layers.14.self_attn.v_proj": 810.2518920898438,
    "model.layers.14.self_attn.o_proj": 700.9864501953125,
    "model.layers.14.mlp.gate_proj": 830.30712890625,
    "model.layers.14.mlp.up_proj": 828.8034057617188,
    "model.layers.14.mlp.down_proj": 882.2412109375,
    "model.layers.15.self_attn.q_proj": 766.0198364257812,
    "model.layers.15.self_attn.k_proj": 830.7251586914062,
    "model.layers.15.self_attn.v_proj": 855.8773193359375,
    "model.layers.15.self_attn.o_proj": 806.89990234375,
    "model.layers.15.mlp.gate_proj": 843.5482177734375,
    "model.layers.15.mlp.up_proj": 839.152099609375,
    "model.layers.15.mlp.down_proj": 853.5126342773438,
    "model.layers.16.self_attn.q_proj": 781.4544067382812,
    "model.layers.16.self_attn.k_proj": 802.9031982421875,
    "model.layers.16.self_attn.v_proj": 844.3773193359375,
    "model.layers.16.self_attn.o_proj": 735.6967163085938,
    "model.layers.16.mlp.gate_proj": 824.9352416992188,
    "model.layers.16.mlp.up_proj": 824.05224609375,
    "model.layers.16.mlp.down_proj": 859.0516967773438,
    "model.layers.17.self_attn.q_proj": 797.7028198242188,
    "model.layers.17.self_attn.k_proj": 779.5174560546875,
    "model.layers.17.self_attn.v_proj": 828.9878540039062,
    "model.layers.17.self_attn.o_proj": 785.9415893554688,
    "model.layers.17.mlp.gate_proj": 825.8845825195312,
    "model.layers.17.mlp.up_proj": 811.421875,
    "model.layers.17.mlp.down_proj": 882.6959228515625,
    "model.layers.18.self_attn.q_proj": 782.6502685546875,
    "model.layers.18.self_attn.k_proj": 797.1586303710938,
    "model.layers.18.self_attn.v_proj": 852.4249267578125,
    "model.layers.18.self_attn.o_proj": 742.5740966796875,
    "model.layers.18.mlp.gate_proj": 825.771728515625,
    "model.layers.18.mlp.up_proj": 834.5614013671875,
    "model.layers.18.mlp.down_proj": 850.3343505859375,
    "model.layers.19.self_attn.q_proj": 787.728271484375,
    "model.layers.19.self_attn.k_proj": 786.0557861328125,
    "model.layers.19.self_attn.v_proj": 811.4074096679688,
    "model.layers.19.self_attn.o_proj": 757.2442626953125,
    "model.layers.19.mlp.gate_proj": 817.7697143554688,
    "model.layers.19.mlp.up_proj": 829.9268798828125,
    "model.layers.19.mlp.down_proj": 854.4598388671875,
    "model.layers.20.self_attn.q_proj": 781.6430053710938,