{
    "model.layers.0.self_attn.q_proj": 808.6600341796875,
    "model.layers.0.self_attn.k_proj": 808.654296875,
    "model.layers.0.self_attn.v_proj": 812.148681640625,
    "model.layers.0.self_attn.o_proj": 813.3721923828125,
    "model.layers.0.mlp.gate_proj": 823.7808227539062,
    "model.layers.0.mlp.up_proj": 818.9439697265625,
    "model.layers.0.mlp.down_proj": 793.3333129882812,
    "model.layers.1.self_attn.q_proj": 813.10791015625,
    "model.layers.1.self_attn.k_proj": 803.2874755859375,
    "model.layers.1.self_attn.v_proj": 922.2988891601562,
    "model.layers.1.self_attn.o_proj": 781.6077880859375,
    "model.layers.1.mlp.gate_proj": 837.363525390625,
    "model.layers.1.mlp.up_proj": 804.0965576171875,
    "model.layers.1.mlp.down_proj": 832.0416870117188,
    "model.layers.2.self_attn.q_proj": 790.1292724609375,
    "model.layers.2.self_attn.k_proj": 804.2893676757812,
    "model.layers.2.self_attn.v_proj": 795.4835205078125,
    "model.layers.2.self_attn.o_proj": 839.14306640625,
    "model.layers.2.mlp.gate_proj": 837.076171875,
    "model.layers.2.mlp.up_proj": 824.1253662109375,
    "model.layers.2.mlp.down_proj": 822.944580078125,
    "model.layers.3.self_attn.q_proj": 812.435302734375,
    "model.layers.3.self_attn.k_proj": 803.3418579101562,
    "model.layers.3.self_attn.v_proj": 922.8096313476562,
    "model.layers.3.self_attn.o_proj": 795.8964233398438,
    "model.layers.3.mlp.gate_proj": 819.5465698242188,
    "model.layers.3.mlp.up_proj": 817.6874389648438,
    "model.layers.3.mlp.down_proj": 815.2440795898438,
    "model.layers.4.self_attn.q_proj": 793.3928833007812,
    "model.layers.4.self_attn.k_proj": 833.3489379882812,
    "model.layers.4.self_attn.v_proj": 855.42919921875,
    "model.layers.4.self_attn.o_proj": 810.4644775390625,
    "model.layers.4.mlp.gate_proj": 821.643798828125,
    "model.layers.4.mlp.up_proj": 834.8370361328125,
    "model.layers.4.mlp.down_proj": 824.2404174804688,
    "model.layers.5.self_attn.q_proj": 803.8726806640625,
    "model.layers.5.self_attn.k_proj": 794.9253540039062,
    "model.layers.5.self_attn.v_proj": 894.6727905273438,
    "model.layers.5.self_attn.o_proj": 824.513427734375,
    "model.layers.5.mlp.gate_proj": 819.2852172851562,
    "model.layers.5.mlp.up_proj": 821.1583251953125,
    "model.layers.5.mlp.down_proj": 846.6008911132812,
    "model.layers.6.self_attn.q_proj": 830.8421020507812,
    "model.layers.6.self_attn.k_proj": 813.3253173828125,
    "model.layers.6.self_attn.v_proj": 828.168212890625,
    "model.layers.6.self_attn.o_proj": 805.3104858398438,
    "model.layers.6.mlp.gate_proj": 823.4080200195312,
    "model.layers.6.mlp.up_proj": 826.5284423828125,
    "model.layers.6.mlp.down_proj": 839.094482421875,
    "model.layers.7.self_attn.q_proj": 787.6969604492188,
    "model.layers.7.self_attn.k_proj": 821.8367309570312,
    "model.layers.7.self_attn.v_proj": 817.8436889648438,
    "model.layers.7.self_attn.o_proj": 821.9922485351562,
    "model.layers.7.mlp.gate_proj": 837.799072265625,
    "model.layers.7.mlp.up_proj": 852.2359619140625,
    "model.layers.7.mlp.down_proj": 803.4675903320312,
    "model.layers.8.self_attn.q_proj": 817.6567993164062,
    "model.layers.8.self_attn.k_proj": 819.1724243164062,
    "model.layers.8.self_attn.v_proj": 892.4434204101562,
    "model.layers.8.self_attn.o_proj": 795.718017578125,
    "model.layers.8.mlp.gate_proj": 822.3901977539062,
    "model.layers.8.mlp.up_proj": 802.092529296875,
    "model.layers.8.mlp.down_proj": 831.8264770507812,
    "model.layers.9.self_attn.q_proj": 825.5499877929688,
    "model.layers.9.self_attn.k_proj": 829.9849853515625,
    "model.layers.9.self_attn.v_proj": 877.3475341796875,
    "model.layers.9.self_attn.o_proj": 794.5245971679688,
    "model.layers.9.mlp.gate_proj": 830.490234375,
    "model.layers.9.mlp.up_proj": 841.1298217773438,
    "model.layers.9.mlp.down_proj": 832.419189453125,
    "model.layers.10.self_attn.q_proj": 818.5852661132812,
    "model.layers.10.self_attn.k_proj": 800.6314086914062,
    "model.layers.10.self_attn.v_proj": 839.6558837890625,
    "model.layers.10.self_attn.o_proj": 775.0711059570312,
    "model.layers.10.mlp.gate_proj": 822.6735229492188,
    "model.layers.10.mlp.up_proj": 835.4432983398438,
    "model.layers.10.mlp.down_proj": 822.8545532226562,
    "model.layers.11.self_attn.q_proj": 804.3370361328125,
    "model.layers.11.self_attn.k_proj": 824.8390502929688,
    "model.layers.11.self_attn.v_proj": 805.6587524414062,
    "model.layers.11.self_attn.o_proj": 766.55078125,
    "model.layers.11.mlp.gate_proj": 811.6734619140625,
    "model.layers.11.mlp.up_proj": 807.5917358398438,
    "model.layers.11.mlp.down_proj": 831.6931762695312,
    "model.layers.12.self_attn.q_proj": 792.3379516601562,
    "model.layers.12.self_attn.k_proj": 790.5535278320312,
    "model.layers.12.self_attn.v_proj": 874.8384399414062,
    "model.layers.12.self_attn.o_proj": 793.65966796875,
    "model.layers.12.mlp.gate_proj": 825.5691528320312,
    "model.layers.12.mlp.up_proj": 806.5930786132812,
    "model.layers.12.mlp.down_proj": 838.8235473632812,
    "model.layers.13.self_attn.q_proj": 801.3529052734375,
    "model.layers.13.self_attn.k_proj": 829.151123046875,
    "model.layers.13.self_attn.v_proj": 856.421630859375,
    "model.layers.13.self_attn.o_proj": 769.9569091796875,
    "model.layers.13.mlp.gate_proj": 808.0510864257812,
    "model.layers.13.mlp.up_proj": 827.6634521484375,
    "model.layers.13.mlp.down_proj": 841.2410278320312,
    "model.layers.14.self_attn.q_proj": 812.4594116210938,
    "model.layers.14.self_attn.k_proj": 816.0121459960938,
    "model.layers.14.self_attn.v_proj": 813.26904296875,
    "model.layers.14.self_attn.o_proj": 780.5957641601562,
    "model.layers.14.mlp.gate_proj": 828.8162231445312,
    "model.layers.14.mlp.up_proj": 828.102294921875,
    "model.layers.14.mlp.down_proj": 832.3533935546875,
    "model.layers.15.self_attn.q_proj": 804.8951416015625,
    "model.layers.15.self_attn.k_proj": 833.9061889648438,
    "model.layers.15.self_attn.v_proj": 832.3204345703125,
    "model.layers.15.self_attn.o_proj": 808.1773681640625,
    "model.layers.15.mlp.gate_proj": 835.644775390625,
    "model.layers.15.mlp.up_proj": 822.7803344726562,
    "model.layers.15.mlp.down_proj": 824.5751953125,
    "model.layers.16.self_attn.q_proj": 796.4949951171875,
    "model.layers.16.self_attn.k_proj": 814.2727661132812,
    "model.layers.16.self_attn.v_proj": 836.67041015625,
    "model.layers.16.self_attn.o_proj": 780.3426513671875,
    "model.layers.16.mlp.gate_proj": 825.1299438476562,
    "model.layers.16.mlp.up_proj": 812.0308837890625,
    "model.layers.16.mlp.down_proj": 828.541015625,
    "model.layers.17.self_attn.q_proj": 797.8284301757812,
    "model.layers.17.self_attn.k_proj": 807.6766357421875,
    "model.layers.17.self_attn.v_proj": 823.6588134765625,
    "model.layers.17.self_attn.o_proj": 795.2477416992188,
    "model.layers.17.mlp.gate_proj": 828.0722045898438,
    "model.layers.17.mlp.up_proj": 819.4478759765625,
    "model.layers.17.mlp.down_proj": 844.7045288085938,
    "model.layers.18.self_attn.q_proj": 800.5780029296875,
    "model.layers.18.self_attn.k_proj": 805.8167114257812,
    "model.layers.18.self_attn.v_proj": 824.5531616210938,
    "model.layers.18.self_attn.o_proj": 798.0473022460938,
    "model.layers.18.mlp.gate_proj": 819.0950927734375,
    "model.layers.18.mlp.up_proj": 824.829345703125,
    "model.layers.18.mlp.down_proj": 841.2430419921875,
    "model.layers.19.self_attn.q_proj": 815.5496826171875,
    "model.layers.19.self_attn.k_proj": 809.48583984375,
    "model.layers.19.self_attn.v_proj": 819.2623291015625,
    "model.layers.19.self_attn.o_proj": 801.6267700195312,
    "model.layers.19.mlp.gate_proj": 815.7421875,
    "model.layers.19.mlp.up_proj": 820.5066528320312,
    "model.layers.19.mlp.down_proj": 831.3089599609375,
    "model.layers.20.self_attn.q_proj": 788.5029907226562,