{
    "model.layers.0.self_attn.q_proj": 799.2275390625,
    "model.layers.0.self_attn.k_proj": 799.1978149414062,
    "model.layers.0.self_attn.v_proj": 803.2221069335938,
    "model.layers.0.self_attn.o_proj": 804.1461791992188,
    "model.layers.0.mlp.gate_proj": 820.4584350585938,
    "model.layers.0.mlp.up_proj": 816.0258178710938,
    "model.layers.0.mlp.down_proj": 787.8638916015625,
    "model.layers.1.self_attn.q_proj": 801.1285400390625,
    "model.layers.1.self_attn.k_proj": 792.8375854492188,
    "model.layers.1.self_attn.v_proj": 942.53369140625,
    "model.layers.1.self_attn.o_proj": 767.6782836914062,
    "model.layers.1.mlp.gate_proj": 838.9639892578125,
    "model.layers.1.mlp.up_proj": 789.8478393554688,
    "model.layers.1.mlp.down_proj": 836.9197998046875,
    "model.layers.2.self_attn.q_proj": 778.1211547851562,
    "model.layers.2.self_attn.k_proj": 793.9307861328125,
    "model.layers.2.self_attn.v_proj": 809.1220703125,
    "model.layers.2.self_attn.o_proj": 833.6953125,
    "model.layers.2.mlp.gate_proj": 840.9071044921875,
    "model.layers.2.mlp.up_proj": 824.9076538085938,
    "model.layers.2.mlp.down_proj": 831.3980102539062,
    "model.layers.3.self_attn.q_proj": 800.8582763671875,
    "model.layers.3.self_attn.k_proj": 791.2550048828125,
    "model.layers.3.self_attn.v_proj": 966.3399047851562,
    "model.layers.3.self_attn.o_proj": 804.8596801757812,
    "model.layers.3.mlp.gate_proj": 834.028076171875,
    "model.layers.3.mlp.up_proj": 827.3704223632812,
    "model.layers.3.mlp.down_proj": 816.2724609375,
    "model.layers.4.self_attn.q_proj": 778.8342895507812,
    "model.layers.4.self_attn.k_proj": 854.7366333007812,
    "model.layers.4.self_attn.v_proj": 854.514404296875,
    "model.layers.4.self_attn.o_proj": 797.1650390625,
    "model.layers.4.mlp.gate_proj": 819.3837280273438,
    "model.layers.4.mlp.up_proj": 840.1616821289062,
    "model.layers.4.mlp.down_proj": 837.4388427734375,
    "model.layers.5.self_attn.q_proj": 795.7063598632812,
    "model.layers.5.self_attn.k_proj": 787.32275390625,
    "model.layers.5.self_attn.v_proj": 909.8748779296875,
    "model.layers.5.self_attn.o_proj": 812.072998046875,
    "model.layers.5.mlp.gate_proj": 829.0379638671875,
    "model.layers.5.mlp.up_proj": 836.5960693359375,
    "model.layers.5.mlp.down_proj": 841.1800537109375,
    "model.layers.6.self_attn.q_proj": 817.0199584960938,
    "model.layers.6.self_attn.k_proj": 819.9284057617188,
    "model.layers.6.self_attn.v_proj": 856.3555297851562,
    "model.layers.6.self_attn.o_proj": 796.8871459960938,
    "model.layers.6.mlp.gate_proj": 821.77294921875,
    "model.layers.6.mlp.up_proj": 824.296875,
    "model.layers.6.mlp.down_proj": 851.2880249023438,
    "model.layers.7.self_attn.q_proj": 782.4752197265625,
    "model.layers.7.self_attn.k_proj": 826.7029418945312,
    "model.layers.7.self_attn.v_proj": 824.1513671875,
    "model.layers.7.self_attn.o_proj": 801.1273803710938,
    "model.layers.7.mlp.gate_proj": 842.7009887695312,
    "model.layers.7.mlp.up_proj": 856.8298950195312,
    "model.layers.7.mlp.down_proj": 808.36669921875,
    "model.layers.8.self_attn.q_proj": 811.581787109375,
    "model.layers.8.self_attn.k_proj": 810.0936889648438,
    "model.layers.8.self_attn.v_proj": 917.0546875,
    "model.layers.8.self_attn.o_proj": 765.55224609375,
    "model.layers.8.mlp.gate_proj": 821.7178955078125,
    "model.layers.8.mlp.up_proj": 800.3844604492188,
    "model.layers.8.mlp.down_proj": 838.6196899414062,
    "model.layers.9.self_attn.q_proj": 835.4633178710938,
    "model.layers.9.self_attn.k_proj": 843.5053100585938,
    "model.layers.9.self_attn.v_proj": 900.4100341796875,
    "model.layers.9.self_attn.o_proj": 763.470703125,
    "model.layers.9.mlp.gate_proj": 834.1964721679688,
    "model.layers.9.mlp.up_proj": 835.1181640625,
    "model.layers.9.mlp.down_proj": 845.4359130859375,
    "model.layers.10.self_attn.q_proj": 810.0535278320312,
    "model.layers.10.self_attn.k_proj": 804.22265625,
    "model.layers.10.self_attn.v_proj": 856.6265258789062,
    "model.layers.10.self_attn.o_proj": 743.5015258789062,
    "model.layers.10.mlp.gate_proj": 828.9280395507812,
    "model.layers.10.mlp.up_proj": 842.27587890625,
    "model.layers.10.mlp.down_proj": 832.9378662109375,
    "model.layers.11.self_attn.q_proj": 794.866943359375,
    "model.layers.11.self_attn.k_proj": 838.4017333984375,
    "model.layers.11.self_attn.v_proj": 818.059326171875,
    "model.layers.11.self_attn.o_proj": 726.695556640625,
    "model.layers.11.mlp.gate_proj": 822.544921875,
    "model.layers.11.mlp.up_proj": 812.335205078125,
    "model.layers.11.mlp.down_proj": 830.8370361328125,
    "model.layers.12.self_attn.q_proj": 782.6112670898438,
    "model.layers.12.self_attn.k_proj": 778.7991943359375,
    "model.layers.12.self_attn.v_proj": 868.8209228515625,
    "model.layers.12.self_attn.o_proj": 770.3464965820312,
    "model.layers.12.mlp.gate_proj": 819.9140014648438,
    "model.layers.12.mlp.up_proj": 808.6376953125,
    "model.layers.12.mlp.down_proj": 850.9182739257812,
    "model.layers.13.self_attn.q_proj": 789.8385620117188,
    "model.layers.13.self_attn.k_proj": 825.1986083984375,
    "model.layers.13.self_attn.v_proj": 863.9059448242188,
    "model.layers.13.self_attn.o_proj": 734.9193115234375,
    "model.layers.13.mlp.gate_proj": 806.890625,
    "model.layers.13.mlp.up_proj": 839.6316528320312,
    "model.layers.13.mlp.down_proj": 867.8282470703125,
    "model.layers.14.self_attn.q_proj": 804.3001098632812,
    "model.layers.14.self_attn.k_proj": 801.2530517578125,
    "model.layers.14.self_attn.v_proj": 812.607177734375,
    "model.layers.14.self_attn.o_proj": 722.2731323242188,
    "model.layers.14.mlp.gate_proj": 830.1724243164062,
    "model.layers.14.mlp.up_proj": 822.1348266601562,
    "model.layers.14.mlp.down_proj": 850.284423828125,
    "model.layers.15.self_attn.q_proj": 782.7782592773438,
    "model.layers.15.self_attn.k_proj": 841.7802734375,
    "model.layers.15.self_attn.v_proj": 849.2838134765625,
    "model.layers.15.self_attn.o_proj": 821.5947265625,
    "model.layers.15.mlp.gate_proj": 835.9375,
    "model.layers.15.mlp.up_proj": 831.257080078125,
    "model.layers.15.mlp.down_proj": 848.4940185546875,
    "model.layers.16.self_attn.q_proj": 790.571044921875,
    "model.layers.16.self_attn.k_proj": 807.7353515625,
    "model.layers.16.self_attn.v_proj": 845.879150390625,
    "model.layers.16.self_attn.o_proj": 756.4952392578125,
    "model.layers.16.mlp.gate_proj": 816.0855712890625,
    "model.layers.16.mlp.up_proj": 817.16552734375,
    "model.layers.16.mlp.down_proj": 855.1336059570312,
    "model.layers.17.self_attn.q_proj": 801.498779296875,
    "model.layers.17.self_attn.k_proj": 791.827880859375,
    "model.layers.17.self_attn.v_proj": 826.9258422851562,
    "model.layers.17.self_attn.o_proj": 786.28662109375,
    "model.layers.17.mlp.gate_proj": 819.0960693359375,
    "model.layers.17.mlp.up_proj": 819.993896484375,
    "model.layers.17.mlp.down_proj": 870.1346435546875,
    "model.layers.18.self_attn.q_proj": 786.6473388671875,
    "model.layers.18.self_attn.k_proj": 804.8855590820312,
    "model.layers.18.self_attn.v_proj": 845.042724609375,
    "model.layers.18.self_attn.o_proj": 754.4093017578125,
    "model.layers.18.mlp.gate_proj": 821.9663696289062,
    "model.layers.18.mlp.up_proj": 827.7719116210938,
    "model.layers.18.mlp.down_proj": 850.4080810546875,
    "model.layers.19.self_attn.q_proj": 790.5489501953125,
    "model.layers.19.self_attn.k_proj": 790.537353515625,
    "model.layers.19.self_attn.v_proj": 817.9862670898438,
    "model.layers.19.self_attn.o_proj": 780.8628540039062,
    "model.layers.19.mlp.gate_proj": 817.4594116210938,
    "model.layers.19.mlp.up_proj": 824.6450805664062,
    "model.layers.19.mlp.down_proj": 846.3006591796875,
    "model.layers.20.self_attn.q_proj": 785.270751953125,
    "model.layers.20.self_attn.k_proj": 790.1616821289062,