{
    "model.layers.0.self_attn.q_proj": 802.4771118164062,
    "model.layers.0.self_attn.k_proj": 802.4515991210938,
    "model.layers.0.self_attn.v_proj": 806.3187866210938,
    "model.layers.0.self_attn.o_proj": 807.3729858398438,
    "model.layers.0.mlp.gate_proj": 823.0460815429688,
    "model.layers.0.mlp.up_proj": 817.3568115234375,
    "model.layers.0.mlp.down_proj": 789.6155395507812,
    "model.layers.1.self_attn.q_proj": 805.4100952148438,
    "model.layers.1.self_attn.k_proj": 796.8311157226562,
    "model.layers.1.self_attn.v_proj": 934.791259765625,
    "model.layers.1.self_attn.o_proj": 772.2085571289062,
    "model.layers.1.mlp.gate_proj": 838.3609619140625,
    "model.layers.1.mlp.up_proj": 792.8294677734375,
    "model.layers.1.mlp.down_proj": 836.36328125,
    "model.layers.2.self_attn.q_proj": 780.4246215820312,
    "model.layers.2.self_attn.k_proj": 801.20458984375,
    "model.layers.2.self_attn.v_proj": 804.7438354492188,
    "model.layers.2.self_attn.o_proj": 833.08935546875,
    "model.layers.2.mlp.gate_proj": 842.8753662109375,
    "model.layers.2.mlp.up_proj": 823.1782836914062,
    "model.layers.2.mlp.down_proj": 833.7408447265625,
    "model.layers.3.self_attn.q_proj": 803.8969116210938,
    "model.layers.3.self_attn.k_proj": 794.8682250976562,
    "model.layers.3.self_attn.v_proj": 952.1675415039062,
    "model.layers.3.self_attn.o_proj": 804.8950805664062,
    "model.layers.3.mlp.gate_proj": 827.25,
    "model.layers.3.mlp.up_proj": 825.4307250976562,
    "model.layers.3.mlp.down_proj": 813.4542236328125,
    "model.layers.4.self_attn.q_proj": 780.1439208984375,
    "model.layers.4.self_attn.k_proj": 849.0630493164062,
    "model.layers.4.self_attn.v_proj": 844.61474609375,
    "model.layers.4.self_attn.o_proj": 795.34619140625,
    "model.layers.4.mlp.gate_proj": 820.1705322265625,
    "model.layers.4.mlp.up_proj": 839.9746704101562,
    "model.layers.4.mlp.down_proj": 832.945556640625,
    "model.layers.5.self_attn.q_proj": 798.7737426757812,
    "model.layers.5.self_attn.k_proj": 789.543701171875,
    "model.layers.5.self_attn.v_proj": 903.743896484375,
    "model.layers.5.self_attn.o_proj": 818.6660766601562,
    "model.layers.5.mlp.gate_proj": 818.8203125,
    "model.layers.5.mlp.up_proj": 830.5520629882812,
    "model.layers.5.mlp.down_proj": 846.6187133789062,
    "model.layers.6.self_attn.q_proj": 821.7821655273438,
    "model.layers.6.self_attn.k_proj": 808.5602416992188,
    "model.layers.6.self_attn.v_proj": 851.6731567382812,
    "model.layers.6.self_attn.o_proj": 793.12646484375,
    "model.layers.6.mlp.gate_proj": 823.94677734375,
    "model.layers.6.mlp.up_proj": 823.9171752929688,
    "model.layers.6.mlp.down_proj": 851.770263671875,
    "model.layers.7.self_attn.q_proj": 782.4345092773438,
    "model.layers.7.self_attn.k_proj": 826.4730834960938,
    "model.layers.7.self_attn.v_proj": 828.6482543945312,
    "model.layers.7.self_attn.o_proj": 809.0256958007812,
    "model.layers.7.mlp.gate_proj": 837.253173828125,
    "model.layers.7.mlp.up_proj": 858.7744750976562,
    "model.layers.7.mlp.down_proj": 808.3818969726562,
    "model.layers.8.self_attn.q_proj": 815.4302978515625,
    "model.layers.8.self_attn.k_proj": 816.7413330078125,
    "model.layers.8.self_attn.v_proj": 895.6802368164062,
    "model.layers.8.self_attn.o_proj": 774.538818359375,
    "model.layers.8.mlp.gate_proj": 822.1383056640625,
    "model.layers.8.mlp.up_proj": 805.8232421875,
    "model.layers.8.mlp.down_proj": 839.08984375,
    "model.layers.9.self_attn.q_proj": 837.61328125,
    "model.layers.9.self_attn.k_proj": 839.9056396484375,
    "model.layers.9.self_attn.v_proj": 894.63134765625,
    "model.layers.9.self_attn.o_proj": 783.8582153320312,
    "model.layers.9.mlp.gate_proj": 830.2664184570312,
    "model.layers.9.mlp.up_proj": 835.3529052734375,
    "model.layers.9.mlp.down_proj": 842.802001953125,
    "model.layers.10.self_attn.q_proj": 811.6795654296875,
    "model.layers.10.self_attn.k_proj": 800.3892822265625,
    "model.layers.10.self_attn.v_proj": 832.2561645507812,
    "model.layers.10.self_attn.o_proj": 752.9378051757812,
    "model.layers.10.mlp.gate_proj": 827.8023071289062,
    "model.layers.10.mlp.up_proj": 838.778076171875,
    "model.layers.10.mlp.down_proj": 832.9056396484375,
    "model.layers.11.self_attn.q_proj": 798.2239379882812,
    "model.layers.11.self_attn.k_proj": 837.425048828125,
    "model.layers.11.self_attn.v_proj": 808.155029296875,
    "model.layers.11.self_attn.o_proj": 742.5460205078125,
    "model.layers.11.mlp.gate_proj": 821.9540405273438,
    "model.layers.11.mlp.up_proj": 807.7155151367188,
    "model.layers.11.mlp.down_proj": 833.4801025390625,
    "model.layers.12.self_attn.q_proj": 786.7152709960938,
    "model.layers.12.self_attn.k_proj": 779.5018920898438,
    "model.layers.12.self_attn.v_proj": 878.423828125,
    "model.layers.12.self_attn.o_proj": 781.314208984375,
    "model.layers.12.mlp.gate_proj": 820.4326171875,
    "model.layers.12.mlp.up_proj": 804.3729248046875,
    "model.layers.12.mlp.down_proj": 840.6861572265625,
    "model.layers.13.self_attn.q_proj": 795.7384033203125,
    "model.layers.13.self_attn.k_proj": 825.6034545898438,
    "model.layers.13.self_attn.v_proj": 857.966064453125,
    "model.layers.13.self_attn.o_proj": 747.5943603515625,
    "model.layers.13.mlp.gate_proj": 808.47021484375,
    "model.layers.13.mlp.up_proj": 838.178466796875,
    "model.layers.13.mlp.down_proj": 866.4326171875,
    "model.layers.14.self_attn.q_proj": 811.1301879882812,
    "model.layers.14.self_attn.k_proj": 803.1107788085938,
    "model.layers.14.self_attn.v_proj": 810.5155639648438,
    "model.layers.14.self_attn.o_proj": 747.0360717773438,
    "model.layers.14.mlp.gate_proj": 832.9046020507812,
    "model.layers.14.mlp.up_proj": 821.6239013671875,
    "model.layers.14.mlp.down_proj": 845.258056640625,
    "model.layers.15.self_attn.q_proj": 789.2334594726562,
    "model.layers.15.self_attn.k_proj": 841.6044921875,
    "model.layers.15.self_attn.v_proj": 849.2619018554688,
    "model.layers.15.self_attn.o_proj": 812.9229125976562,
    "model.layers.15.mlp.gate_proj": 836.5330200195312,
    "model.layers.15.mlp.up_proj": 832.5100708007812,
    "model.layers.15.mlp.down_proj": 841.8226318359375,
    "model.layers.16.self_attn.q_proj": 789.2288208007812,
    "model.layers.16.self_attn.k_proj": 808.9259033203125,
    "model.layers.16.self_attn.v_proj": 845.38720703125,
    "model.layers.16.self_attn.o_proj": 763.1566162109375,
    "model.layers.16.mlp.gate_proj": 818.818359375,
    "model.layers.16.mlp.up_proj": 817.6248779296875,
    "model.layers.16.mlp.down_proj": 845.0619506835938,
    "model.layers.17.self_attn.q_proj": 802.1672973632812,
    "model.layers.17.self_attn.k_proj": 798.8406982421875,
    "model.layers.17.self_attn.v_proj": 824.1621704101562,
    "model.layers.17.self_attn.o_proj": 789.7428588867188,
    "model.layers.17.mlp.gate_proj": 819.8528442382812,
    "model.layers.17.mlp.up_proj": 818.2315063476562,
    "model.layers.17.mlp.down_proj": 860.8897705078125,
    "model.layers.18.self_attn.q_proj": 791.0676879882812,
    "model.layers.18.self_attn.k_proj": 808.2576904296875,
    "model.layers.18.self_attn.v_proj": 849.0387573242188,
    "model.layers.18.self_attn.o_proj": 774.0149536132812,
    "model.layers.18.mlp.gate_proj": 825.1463012695312,
    "model.layers.18.mlp.up_proj": 825.732666015625,
    "model.layers.18.mlp.down_proj": 853.888427734375,
    "model.layers.19.self_attn.q_proj": 799.040283203125,
    "model.layers.19.self_attn.k_proj": 797.1437377929688,
    "model.layers.19.self_attn.v_proj": 811.8550415039062,
    "model.layers.19.self_attn.o_proj": 790.1780395507812,
    "model.layers.19.mlp.gate_proj": 814.6021728515625,
    "model.layers.19.mlp.up_proj": 821.4103393554688,
    "model.layers.19.mlp.down_proj": 841.0348510742188,
    "model.layers.20.self_attn.q_proj": 785.2167358398438,
    "model.layers.20.self_attn.k_proj": 791.831787109375,