{
    "model.layers.0.self_attn.q_proj": 818.2537841796875,
    "model.layers.0.self_attn.k_proj": 818.2615966796875,
    "model.layers.0.self_attn.v_proj": 819.80517578125,
    "model.layers.0.self_attn.o_proj": 823.1265258789062,
    "model.layers.0.mlp.gate_proj": 826.0321044921875,
    "model.layers.0.mlp.up_proj": 823.9402465820312,
    "model.layers.0.mlp.down_proj": 811.989013671875,
    "model.layers.1.self_attn.q_proj": 822.66064453125,
    "model.layers.1.self_attn.k_proj": 813.4134521484375,
    "model.layers.1.self_attn.v_proj": 871.3560791015625,
    "model.layers.1.self_attn.o_proj": 802.02490234375,
    "model.layers.1.mlp.gate_proj": 829.7387084960938,
    "model.layers.1.mlp.up_proj": 821.832275390625,
    "model.layers.1.mlp.down_proj": 819.0774536132812,
    "model.layers.2.self_attn.q_proj": 801.9990234375,
    "model.layers.2.self_attn.k_proj": 814.7392578125,
    "model.layers.2.self_attn.v_proj": 801.820068359375,
    "model.layers.2.self_attn.o_proj": 827.126220703125,
    "model.layers.2.mlp.gate_proj": 827.3092041015625,
    "model.layers.2.mlp.up_proj": 815.0007934570312,
    "model.layers.2.mlp.down_proj": 833.8369750976562,
    "model.layers.3.self_attn.q_proj": 820.1454467773438,
    "model.layers.3.self_attn.k_proj": 814.6194458007812,
    "model.layers.3.self_attn.v_proj": 866.2460327148438,
    "model.layers.3.self_attn.o_proj": 820.6651000976562,
    "model.layers.3.mlp.gate_proj": 811.3271484375,
    "model.layers.3.mlp.up_proj": 822.2006225585938,
    "model.layers.3.mlp.down_proj": 816.6666870117188,
    "model.layers.4.self_attn.q_proj": 810.9656982421875,
    "model.layers.4.self_attn.k_proj": 830.787109375,
    "model.layers.4.self_attn.v_proj": 844.590576171875,
    "model.layers.4.self_attn.o_proj": 815.017822265625,
    "model.layers.4.mlp.gate_proj": 821.2325439453125,
    "model.layers.4.mlp.up_proj": 834.1664428710938,
    "model.layers.4.mlp.down_proj": 819.3735961914062,
    "model.layers.5.self_attn.q_proj": 814.75537109375,
    "model.layers.5.self_attn.k_proj": 811.115234375,
    "model.layers.5.self_attn.v_proj": 851.1820068359375,
    "model.layers.5.self_attn.o_proj": 824.8025512695312,
    "model.layers.5.mlp.gate_proj": 814.2439575195312,
    "model.layers.5.mlp.up_proj": 813.5177612304688,
    "model.layers.5.mlp.down_proj": 835.7730102539062,
    "model.layers.6.self_attn.q_proj": 833.3291625976562,
    "model.layers.6.self_attn.k_proj": 826.7202758789062,
    "model.layers.6.self_attn.v_proj": 816.164306640625,
    "model.layers.6.self_attn.o_proj": 827.6478881835938,
    "model.layers.6.mlp.gate_proj": 806.5844116210938,
    "model.layers.6.mlp.up_proj": 819.6295776367188,
    "model.layers.6.mlp.down_proj": 823.0703735351562,
    "model.layers.7.self_attn.q_proj": 803.0552978515625,
    "model.layers.7.self_attn.k_proj": 815.3347778320312,
    "model.layers.7.self_attn.v_proj": 817.2489624023438,
    "model.layers.7.self_attn.o_proj": 838.79443359375,
    "model.layers.7.mlp.gate_proj": 824.2493286132812,
    "model.layers.7.mlp.up_proj": 826.5232543945312,
    "model.layers.7.mlp.down_proj": 802.453369140625,
    "model.layers.8.self_attn.q_proj": 825.881591796875,
    "model.layers.8.self_attn.k_proj": 821.564453125,
    "model.layers.8.self_attn.v_proj": 849.03662109375,
    "model.layers.8.self_attn.o_proj": 807.3953247070312,
    "model.layers.8.mlp.gate_proj": 815.0741577148438,
    "model.layers.8.mlp.up_proj": 807.526611328125,
    "model.layers.8.mlp.down_proj": 822.33544921875,
    "model.layers.9.self_attn.q_proj": 825.9876708984375,
    "model.layers.9.self_attn.k_proj": 817.5712280273438,
    "model.layers.9.self_attn.v_proj": 844.0316162109375,
    "model.layers.9.self_attn.o_proj": 822.3614501953125,
    "model.layers.9.mlp.gate_proj": 831.1600341796875,
    "model.layers.9.mlp.up_proj": 828.9314575195312,
    "model.layers.9.mlp.down_proj": 823.1114501953125,
    "model.layers.10.self_attn.q_proj": 825.4194946289062,
    "model.layers.10.self_attn.k_proj": 811.8170776367188,
    "model.layers.10.self_attn.v_proj": 835.0783081054688,
    "model.layers.10.self_attn.o_proj": 813.6237182617188,
    "model.layers.10.mlp.gate_proj": 827.4019775390625,
    "model.layers.10.mlp.up_proj": 822.976318359375,
    "model.layers.10.mlp.down_proj": 820.1891479492188,
    "model.layers.11.self_attn.q_proj": 810.4124755859375,
    "model.layers.11.self_attn.k_proj": 812.0269775390625,
    "model.layers.11.self_attn.v_proj": 807.3200073242188,
    "model.layers.11.self_attn.o_proj": 800.2774047851562,
    "model.layers.11.mlp.gate_proj": 815.8612060546875,
    "model.layers.11.mlp.up_proj": 810.4108276367188,
    "model.layers.11.mlp.down_proj": 830.7273559570312,
    "model.layers.12.self_attn.q_proj": 812.5258178710938,
    "model.layers.12.self_attn.k_proj": 813.6162109375,
    "model.layers.12.self_attn.v_proj": 834.020751953125,
    "model.layers.12.self_attn.o_proj": 806.6178588867188,
    "model.layers.12.mlp.gate_proj": 830.6069946289062,
    "model.layers.12.mlp.up_proj": 816.5531005859375,
    "model.layers.12.mlp.down_proj": 835.7361450195312,
    "model.layers.13.self_attn.q_proj": 810.2935791015625,
    "model.layers.13.self_attn.k_proj": 821.8328857421875,
    "model.layers.13.self_attn.v_proj": 847.5045776367188,
    "model.layers.13.self_attn.o_proj": 804.3798828125,
    "model.layers.13.mlp.gate_proj": 814.4791870117188,
    "model.layers.13.mlp.up_proj": 825.4204711914062,
    "model.layers.13.mlp.down_proj": 831.6995239257812,
    "model.layers.14.self_attn.q_proj": 814.0352783203125,
    "model.layers.14.self_attn.k_proj": 822.6651611328125,
    "model.layers.14.self_attn.v_proj": 811.4470825195312,
    "model.layers.14.self_attn.o_proj": 800.1943359375,
    "model.layers.14.mlp.gate_proj": 826.7380981445312,
    "model.layers.14.mlp.up_proj": 823.2706298828125,
    "model.layers.14.mlp.down_proj": 820.736328125,
    "model.layers.15.self_attn.q_proj": 812.3439331054688,
    "model.layers.15.self_attn.k_proj": 838.969970703125,
    "model.layers.15.self_attn.v_proj": 817.5797119140625,
    "model.layers.15.self_attn.o_proj": 812.8807373046875,
    "model.layers.15.mlp.gate_proj": 834.6820678710938,
    "model.layers.15.mlp.up_proj": 827.193115234375,
    "model.layers.15.mlp.down_proj": 825.8268432617188,
    "model.layers.16.self_attn.q_proj": 811.528564453125,
    "model.layers.16.self_attn.k_proj": 826.6025390625,
    "model.layers.16.self_attn.v_proj": 826.9622802734375,
    "model.layers.16.self_attn.o_proj": 812.5789184570312,
    "model.layers.16.mlp.gate_proj": 832.732421875,
    "model.layers.16.mlp.up_proj": 815.1629028320312,
    "model.layers.16.mlp.down_proj": 829.8407592773438,
    "model.layers.17.self_attn.q_proj": 812.272705078125,
    "model.layers.17.self_attn.k_proj": 822.4730224609375,
    "model.layers.17.self_attn.v_proj": 826.299072265625,
    "model.layers.17.self_attn.o_proj": 810.925537109375,
    "model.layers.17.mlp.gate_proj": 828.0548706054688,
    "model.layers.17.mlp.up_proj": 831.7937622070312,
    "model.layers.17.mlp.down_proj": 823.7330932617188,
    "model.layers.18.self_attn.q_proj": 821.3717651367188,
    "model.layers.18.self_attn.k_proj": 812.8008422851562,
    "model.layers.18.self_attn.v_proj": 811.43505859375,
    "model.layers.18.self_attn.o_proj": 813.6392211914062,
    "model.layers.18.mlp.gate_proj": 823.2374267578125,
    "model.layers.18.mlp.up_proj": 829.1685791015625,
    "model.layers.18.mlp.down_proj": 836.3229370117188,
    "model.layers.19.self_attn.q_proj": 823.7017211914062,
    "model.layers.19.self_attn.k_proj": 814.3931884765625,
    "model.layers.19.self_attn.v_proj": 818.4036254882812,
    "model.layers.19.self_attn.o_proj": 808.0225830078125,
    "model.layers.19.mlp.gate_proj": 826.574462890625,
    "model.layers.19.mlp.up_proj": 824.8113403320312,
    "model.layers.19.mlp.down_proj": 828.6244506835938,
    "model.layers.20.self_attn.q_proj": 812.9586791992188,