{
    "model.layers.0.self_attn.q_proj": 804.0603637695312,
    "model.layers.0.self_attn.k_proj": 804.0381469726562,
    "model.layers.0.self_attn.v_proj": 807.7550659179688,
    "model.layers.0.self_attn.o_proj": 808.8695068359375,
    "model.layers.0.mlp.gate_proj": 821.997314453125,
    "model.layers.0.mlp.up_proj": 816.6568603515625,
    "model.layers.0.mlp.down_proj": 789.6105346679688,
    "model.layers.1.self_attn.q_proj": 808.7402954101562,
    "model.layers.1.self_attn.k_proj": 798.6082153320312,
    "model.layers.1.self_attn.v_proj": 929.0512084960938,
    "model.layers.1.self_attn.o_proj": 776.75,
    "model.layers.1.mlp.gate_proj": 836.4193725585938,
    "model.layers.1.mlp.up_proj": 795.6636352539062,
    "model.layers.1.mlp.down_proj": 832.746826171875,
    "model.layers.2.self_attn.q_proj": 782.1293334960938,
    "model.layers.2.self_attn.k_proj": 799.6594848632812,
    "model.layers.2.self_attn.v_proj": 799.2674560546875,
    "model.layers.2.self_attn.o_proj": 834.2711791992188,
    "model.layers.2.mlp.gate_proj": 839.1727294921875,
    "model.layers.2.mlp.up_proj": 823.153076171875,
    "model.layers.2.mlp.down_proj": 825.6416015625,
    "model.layers.3.self_attn.q_proj": 806.7178955078125,
    "model.layers.3.self_attn.k_proj": 799.4024658203125,
    "model.layers.3.self_attn.v_proj": 938.4944458007812,
    "model.layers.3.self_attn.o_proj": 800.02197265625,
    "model.layers.3.mlp.gate_proj": 822.3287963867188,
    "model.layers.3.mlp.up_proj": 819.41015625,
    "model.layers.3.mlp.down_proj": 813.2874755859375,
    "model.layers.4.self_attn.q_proj": 785.6456909179688,
    "model.layers.4.self_attn.k_proj": 835.7039184570312,
    "model.layers.4.self_attn.v_proj": 851.9737548828125,
    "model.layers.4.self_attn.o_proj": 805.4042358398438,
    "model.layers.4.mlp.gate_proj": 820.32275390625,
    "model.layers.4.mlp.up_proj": 837.0758056640625,
    "model.layers.4.mlp.down_proj": 825.0340576171875,
    "model.layers.5.self_attn.q_proj": 800.7012329101562,
    "model.layers.5.self_attn.k_proj": 790.1576538085938,
    "model.layers.5.self_attn.v_proj": 895.8341674804688,
    "model.layers.5.self_attn.o_proj": 819.6246337890625,
    "model.layers.5.mlp.gate_proj": 818.6331787109375,
    "model.layers.5.mlp.up_proj": 821.9847412109375,
    "model.layers.5.mlp.down_proj": 847.1670532226562,
    "model.layers.6.self_attn.q_proj": 826.650634765625,
    "model.layers.6.self_attn.k_proj": 806.5740966796875,
    "model.layers.6.self_attn.v_proj": 843.8519897460938,
    "model.layers.6.self_attn.o_proj": 790.1702270507812,
    "model.layers.6.mlp.gate_proj": 825.9088134765625,
    "model.layers.6.mlp.up_proj": 828.4181518554688,
    "model.layers.6.mlp.down_proj": 848.1550903320312,
    "model.layers.7.self_attn.q_proj": 783.4547729492188,
    "model.layers.7.self_attn.k_proj": 826.6455078125,
    "model.layers.7.self_attn.v_proj": 820.9290161132812,
    "model.layers.7.self_attn.o_proj": 813.3348999023438,
    "model.layers.7.mlp.gate_proj": 840.4749755859375,
    "model.layers.7.mlp.up_proj": 853.4229125976562,
    "model.layers.7.mlp.down_proj": 804.6176147460938,
    "model.layers.8.self_attn.q_proj": 814.3109741210938,
    "model.layers.8.self_attn.k_proj": 817.2695922851562,
    "model.layers.8.self_attn.v_proj": 894.5117797851562,
    "model.layers.8.self_attn.o_proj": 781.3868408203125,
    "model.layers.8.mlp.gate_proj": 823.9609985351562,
    "model.layers.8.mlp.up_proj": 803.3302001953125,
    "model.layers.8.mlp.down_proj": 835.3187255859375,
    "model.layers.9.self_attn.q_proj": 834.4095458984375,
    "model.layers.9.self_attn.k_proj": 833.8892211914062,
    "model.layers.9.self_attn.v_proj": 876.9916381835938,
    "model.layers.9.self_attn.o_proj": 792.314453125,
    "model.layers.9.mlp.gate_proj": 823.6392211914062,
    "model.layers.9.mlp.up_proj": 843.6511840820312,
    "model.layers.9.mlp.down_proj": 834.020751953125,
    "model.layers.10.self_attn.q_proj": 815.1964721679688,
    "model.layers.10.self_attn.k_proj": 802.2952880859375,
    "model.layers.10.self_attn.v_proj": 828.908935546875,
    "model.layers.10.self_attn.o_proj": 759.6951293945312,
    "model.layers.10.mlp.gate_proj": 824.6130981445312,
    "model.layers.10.mlp.up_proj": 831.6434326171875,
    "model.layers.10.mlp.down_proj": 824.9303588867188,
    "model.layers.11.self_attn.q_proj": 801.454345703125,
    "model.layers.11.self_attn.k_proj": 832.8153686523438,
    "model.layers.11.self_attn.v_proj": 807.066162109375,
    "model.layers.11.self_attn.o_proj": 756.270751953125,
    "model.layers.11.mlp.gate_proj": 815.0723876953125,
    "model.layers.11.mlp.up_proj": 805.9920043945312,
    "model.layers.11.mlp.down_proj": 829.7384033203125,
    "model.layers.12.self_attn.q_proj": 787.437744140625,
    "model.layers.12.self_attn.k_proj": 782.321044921875,
    "model.layers.12.self_attn.v_proj": 878.3859252929688,
    "model.layers.12.self_attn.o_proj": 784.1368408203125,
    "model.layers.12.mlp.gate_proj": 819.0162963867188,
    "model.layers.12.mlp.up_proj": 804.7662353515625,
    "model.layers.12.mlp.down_proj": 837.1779174804688,
    "model.layers.13.self_attn.q_proj": 797.888671875,
    "model.layers.13.self_attn.k_proj": 827.2449340820312,
    "model.layers.13.self_attn.v_proj": 859.423095703125,
    "model.layers.13.self_attn.o_proj": 756.1365966796875,
    "model.layers.13.mlp.gate_proj": 806.1377563476562,
    "model.layers.13.mlp.up_proj": 832.4561767578125,
    "model.layers.13.mlp.down_proj": 855.66943359375,
    "model.layers.14.self_attn.q_proj": 811.0885009765625,
    "model.layers.14.self_attn.k_proj": 808.0098876953125,
    "model.layers.14.self_attn.v_proj": 810.3799438476562,
    "model.layers.14.self_attn.o_proj": 770.9345092773438,
    "model.layers.14.mlp.gate_proj": 829.1257934570312,
    "model.layers.14.mlp.up_proj": 826.9453125,
    "model.layers.14.mlp.down_proj": 839.4312133789062,
    "model.layers.15.self_attn.q_proj": 796.7872314453125,
    "model.layers.15.self_attn.k_proj": 835.406982421875,
    "model.layers.15.self_attn.v_proj": 837.955078125,
    "model.layers.15.self_attn.o_proj": 810.7828979492188,
    "model.layers.15.mlp.gate_proj": 835.9093627929688,
    "model.layers.15.mlp.up_proj": 829.3688354492188,
    "model.layers.15.mlp.down_proj": 829.6541137695312,
    "model.layers.16.self_attn.q_proj": 789.3132934570312,
    "model.layers.16.self_attn.k_proj": 807.921142578125,
    "model.layers.16.self_attn.v_proj": 843.615966796875,
    "model.layers.16.self_attn.o_proj": 769.3436889648438,
    "model.layers.16.mlp.gate_proj": 820.8701782226562,
    "model.layers.16.mlp.up_proj": 814.8505249023438,
    "model.layers.16.mlp.down_proj": 835.1404418945312,
    "model.layers.17.self_attn.q_proj": 796.723388671875,
    "model.layers.17.self_attn.k_proj": 801.6480712890625,
    "model.layers.17.self_attn.v_proj": 811.8970336914062,
    "model.layers.17.self_attn.o_proj": 795.4292602539062,
    "model.layers.17.mlp.gate_proj": 821.439697265625,
    "model.layers.17.mlp.up_proj": 818.5008544921875,
    "model.layers.17.mlp.down_proj": 856.8380126953125,
    "model.layers.18.self_attn.q_proj": 794.2349853515625,
    "model.layers.18.self_attn.k_proj": 804.3817749023438,
    "model.layers.18.self_attn.v_proj": 836.1688842773438,
    "model.layers.18.self_attn.o_proj": 787.5751342773438,
    "model.layers.18.mlp.gate_proj": 820.5303955078125,
    "model.layers.18.mlp.up_proj": 821.3799438476562,
    "model.layers.18.mlp.down_proj": 849.9806518554688,
    "model.layers.19.self_attn.q_proj": 806.9595947265625,
    "model.layers.19.self_attn.k_proj": 803.4716186523438,
    "model.layers.19.self_attn.v_proj": 815.2801513671875,
    "model.layers.19.self_attn.o_proj": 795.4459838867188,
    "model.layers.19.mlp.gate_proj": 812.0761108398438,
    "model.layers.19.mlp.up_proj": 819.0078125,
    "model.layers.19.mlp.down_proj": 833.2672119140625,
    "model.layers.20.self_attn.q_proj": 782.197509765625,