{
    "model.layers.0.self_attn.q_proj": 788.099365234375,
    "model.layers.0.self_attn.k_proj": 787.9940795898438,
    "model.layers.0.self_attn.v_proj": 791.7647094726562,
    "model.layers.0.self_attn.o_proj": 793.1878662109375,
    "model.layers.0.mlp.gate_proj": 817.1629638671875,
    "model.layers.0.mlp.up_proj": 812.5453491210938,
    "model.layers.0.mlp.down_proj": 771.4867553710938,
    "model.layers.1.self_attn.q_proj": 787.5056762695312,
    "model.layers.1.self_attn.k_proj": 778.9207763671875,
    "model.layers.1.self_attn.v_proj": 954.9597778320312,
    "model.layers.1.self_attn.o_proj": 751.2830200195312,
    "model.layers.1.mlp.gate_proj": 842.1664428710938,
    "model.layers.1.mlp.up_proj": 783.2978515625,
    "model.layers.1.mlp.down_proj": 855.7416381835938,
    "model.layers.2.self_attn.q_proj": 768.9091186523438,
    "model.layers.2.self_attn.k_proj": 779.8521118164062,
    "model.layers.2.self_attn.v_proj": 817.3301391601562,
    "model.layers.2.self_attn.o_proj": 806.396484375,
    "model.layers.2.mlp.gate_proj": 842.9157104492188,
    "model.layers.2.mlp.up_proj": 818.2059936523438,
    "model.layers.2.mlp.down_proj": 848.8540649414062,
    "model.layers.3.self_attn.q_proj": 783.5475463867188,
    "model.layers.3.self_attn.k_proj": 773.2003173828125,
    "model.layers.3.self_attn.v_proj": 1036.7574462890625,
    "model.layers.3.self_attn.o_proj": 801.859375,
    "model.layers.3.mlp.gate_proj": 853.357666015625,
    "model.layers.3.mlp.up_proj": 833.2623291015625,
    "model.layers.3.mlp.down_proj": 834.5755004882812,
    "model.layers.4.self_attn.q_proj": 775.1968383789062,
    "model.layers.4.self_attn.k_proj": 850.2499389648438,
    "model.layers.4.self_attn.v_proj": 854.7770385742188,
    "model.layers.4.self_attn.o_proj": 785.2472534179688,
    "model.layers.4.mlp.gate_proj": 822.2969360351562,
    "model.layers.4.mlp.up_proj": 831.2697143554688,
    "model.layers.4.mlp.down_proj": 870.0032348632812,
    "model.layers.5.self_attn.q_proj": 788.2423706054688,
    "model.layers.5.self_attn.k_proj": 778.2206420898438,
    "model.layers.5.self_attn.v_proj": 945.9666748046875,
    "model.layers.5.self_attn.o_proj": 793.3131103515625,
    "model.layers.5.mlp.gate_proj": 830.029052734375,
    "model.layers.5.mlp.up_proj": 845.4044189453125,
    "model.layers.5.mlp.down_proj": 837.215087890625,
    "model.layers.6.self_attn.q_proj": 824.4700317382812,
    "model.layers.6.self_attn.k_proj": 825.6404418945312,
    "model.layers.6.self_attn.v_proj": 867.9857177734375,
    "model.layers.6.self_attn.o_proj": 789.1302490234375,
    "model.layers.6.mlp.gate_proj": 830.611572265625,
    "model.layers.6.mlp.up_proj": 805.92041015625,
    "model.layers.6.mlp.down_proj": 831.5269165039062,
    "model.layers.7.self_attn.q_proj": 780.8524169921875,
    "model.layers.7.self_attn.k_proj": 808.0540771484375,
    "model.layers.7.self_attn.v_proj": 855.4573974609375,
    "model.layers.7.self_attn.o_proj": 783.8860473632812,
    "model.layers.7.mlp.gate_proj": 878.9637451171875,
    "model.layers.7.mlp.up_proj": 840.1378173828125,
    "model.layers.7.mlp.down_proj": 791.9119262695312,
    "model.layers.8.self_attn.q_proj": 807.9672241210938,
    "model.layers.8.self_attn.k_proj": 780.6691284179688,
    "model.layers.8.self_attn.v_proj": 950.9757690429688,
    "model.layers.8.self_attn.o_proj": 760.788330078125,
    "model.layers.8.mlp.gate_proj": 820.9207153320312,
    "model.layers.8.mlp.up_proj": 768.3521728515625,
    "model.layers.8.mlp.down_proj": 870.2849731445312,
    "model.layers.9.self_attn.q_proj": 827.7273559570312,
    "model.layers.9.self_attn.k_proj": 857.2333984375,
    "model.layers.9.self_attn.v_proj": 938.6077270507812,
    "model.layers.9.self_attn.o_proj": 752.7205810546875,
    "model.layers.9.mlp.gate_proj": 830.8369750976562,
    "model.layers.9.mlp.up_proj": 847.248046875,
    "model.layers.9.mlp.down_proj": 841.208740234375,
    "model.layers.10.self_attn.q_proj": 813.7616577148438,
    "model.layers.10.self_attn.k_proj": 825.6253662109375,
    "model.layers.10.self_attn.v_proj": 868.0380859375,
    "model.layers.10.self_attn.o_proj": 713.3428955078125,
    "model.layers.10.mlp.gate_proj": 829.1866455078125,
    "model.layers.10.mlp.up_proj": 832.0258178710938,
    "model.layers.10.mlp.down_proj": 829.6166381835938,
    "model.layers.11.self_attn.q_proj": 794.806640625,
    "model.layers.11.self_attn.k_proj": 842.3931274414062,
    "model.layers.11.self_attn.v_proj": 851.9227905273438,
    "model.layers.11.self_attn.o_proj": 677.5112915039062,
    "model.layers.11.mlp.gate_proj": 844.2392578125,
    "model.layers.11.mlp.up_proj": 814.2084350585938,
    "model.layers.11.mlp.down_proj": 833.8198852539062,
    "model.layers.12.self_attn.q_proj": 748.684814453125,
    "model.layers.12.self_attn.k_proj": 780.2056884765625,
    "model.layers.12.self_attn.v_proj": 911.130615234375,
    "model.layers.12.self_attn.o_proj": 729.3765869140625,
    "model.layers.12.mlp.gate_proj": 828.3538818359375,
    "model.layers.12.mlp.up_proj": 817.6842041015625,
    "model.layers.12.mlp.down_proj": 864.56689453125,
    "model.layers.13.self_attn.q_proj": 768.4530029296875,
    "model.layers.13.self_attn.k_proj": 816.6688232421875,
    "model.layers.13.self_attn.v_proj": 877.2640380859375,
    "model.layers.13.self_attn.o_proj": 699.7468872070312,
    "model.layers.13.mlp.gate_proj": 817.5335083007812,
    "model.layers.13.mlp.up_proj": 841.2622680664062,
    "model.layers.13.mlp.down_proj": 888.8837280273438,
    "model.layers.14.self_attn.q_proj": 781.26171875,
    "model.layers.14.self_attn.k_proj": 758.488525390625,
    "model.layers.14.self_attn.v_proj": 814.9225463867188,
    "model.layers.14.self_attn.o_proj": 664.5562133789062,
    "model.layers.14.mlp.gate_proj": 830.3572387695312,
    "model.layers.14.mlp.up_proj": 829.2439575195312,
    "model.layers.14.mlp.down_proj": 882.6689453125,
    "model.layers.15.self_attn.q_proj": 762.5357055664062,
    "model.layers.15.self_attn.k_proj": 817.656494140625,
    "model.layers.15.self_attn.v_proj": 864.3649291992188,
    "model.layers.15.self_attn.o_proj": 782.0374755859375,
    "model.layers.15.mlp.gate_proj": 848.0287475585938,
    "model.layers.15.mlp.up_proj": 843.6795043945312,
    "model.layers.15.mlp.down_proj": 860.56298828125,
    "model.layers.16.self_attn.q_proj": 773.0184326171875,
    "model.layers.16.self_attn.k_proj": 802.9678344726562,
    "model.layers.16.self_attn.v_proj": 843.4935913085938,
    "model.layers.16.self_attn.o_proj": 722.4234619140625,
    "model.layers.16.mlp.gate_proj": 825.0274658203125,
    "model.layers.16.mlp.up_proj": 823.339111328125,
    "model.layers.16.mlp.down_proj": 878.0107421875,
    "model.layers.17.self_attn.q_proj": 793.7034301757812,
    "model.layers.17.self_attn.k_proj": 774.7008666992188,
    "model.layers.17.self_attn.v_proj": 839.607666015625,
    "model.layers.17.self_attn.o_proj": 784.8972778320312,
    "model.layers.17.mlp.gate_proj": 825.2369995117188,
    "model.layers.17.mlp.up_proj": 808.1776123046875,
    "model.layers.17.mlp.down_proj": 901.8234252929688,
    "model.layers.18.self_attn.q_proj": 776.4242553710938,
    "model.layers.18.self_attn.k_proj": 792.230224609375,
    "model.layers.18.self_attn.v_proj": 860.1703491210938,
    "model.layers.18.self_attn.o_proj": 724.7769775390625,
    "model.layers.18.mlp.gate_proj": 825.3428344726562,
    "model.layers.18.mlp.up_proj": 845.8436279296875,
    "model.layers.18.mlp.down_proj": 862.2777709960938,
    "model.layers.19.self_attn.q_proj": 785.630126953125,
    "model.layers.19.self_attn.k_proj": 790.7640380859375,
    "model.layers.19.self_attn.v_proj": 813.7630004882812,
    "model.layers.19.self_attn.o_proj": 736.1339111328125,
    "model.layers.19.mlp.gate_proj": 820.0767822265625,
    "model.layers.19.mlp.up_proj": 822.9120483398438,
    "model.layers.19.mlp.down_proj": 864.3243408203125,
    "model.layers.20.self_attn.q_proj": 777.0169677734375,