{
    "model.layers.0.self_attn.q_proj": 810.236572265625,
    "model.layers.0.self_attn.k_proj": 810.2314453125,
    "model.layers.0.self_attn.v_proj": 813.5934448242188,
    "model.layers.0.self_attn.o_proj": 814.9154052734375,
    "model.layers.0.mlp.gate_proj": 823.6093139648438,
    "model.layers.0.mlp.up_proj": 819.6583251953125,
    "model.layers.0.mlp.down_proj": 796.0673828125,
    "model.layers.1.self_attn.q_proj": 814.5217895507812,
    "model.layers.1.self_attn.k_proj": 804.9297485351562,
    "model.layers.1.self_attn.v_proj": 916.3527221679688,
    "model.layers.1.self_attn.o_proj": 783.935302734375,
    "model.layers.1.mlp.gate_proj": 835.4358520507812,
    "model.layers.1.mlp.up_proj": 807.2476806640625,
    "model.layers.1.mlp.down_proj": 829.1029052734375,
    "model.layers.2.self_attn.q_proj": 792.6234741210938,
    "model.layers.2.self_attn.k_proj": 807.3261108398438,
    "model.layers.2.self_attn.v_proj": 796.8526000976562,
    "model.layers.2.self_attn.o_proj": 836.5018310546875,
    "model.layers.2.mlp.gate_proj": 833.1292114257812,
    "model.layers.2.mlp.up_proj": 825.1629638671875,
    "model.layers.2.mlp.down_proj": 828.9976196289062,
    "model.layers.3.self_attn.q_proj": 815.1697387695312,
    "model.layers.3.self_attn.k_proj": 806.2242431640625,
    "model.layers.3.self_attn.v_proj": 912.885498046875,
    "model.layers.3.self_attn.o_proj": 798.2680053710938,
    "model.layers.3.mlp.gate_proj": 816.146240234375,
    "model.layers.3.mlp.up_proj": 817.7711181640625,
    "model.layers.3.mlp.down_proj": 815.5441284179688,
    "model.layers.4.self_attn.q_proj": 796.3111572265625,
    "model.layers.4.self_attn.k_proj": 833.6626586914062,
    "model.layers.4.self_attn.v_proj": 851.8908081054688,
    "model.layers.4.self_attn.o_proj": 804.4266967773438,
    "model.layers.4.mlp.gate_proj": 823.2823486328125,
    "model.layers.4.mlp.up_proj": 835.5108642578125,
    "model.layers.4.mlp.down_proj": 823.1771850585938,
    "model.layers.5.self_attn.q_proj": 804.9373779296875,
    "model.layers.5.self_attn.k_proj": 799.0284423828125,
    "model.layers.5.self_attn.v_proj": 887.0990600585938,
    "model.layers.5.self_attn.o_proj": 827.192626953125,
    "model.layers.5.mlp.gate_proj": 815.8180541992188,
    "model.layers.5.mlp.up_proj": 820.7332763671875,
    "model.layers.5.mlp.down_proj": 839.88623046875,
    "model.layers.6.self_attn.q_proj": 831.6707153320312,
    "model.layers.6.self_attn.k_proj": 816.9570922851562,
    "model.layers.6.self_attn.v_proj": 819.7586059570312,
    "model.layers.6.self_attn.o_proj": 810.4419555664062,
    "model.layers.6.mlp.gate_proj": 815.1802368164062,
    "model.layers.6.mlp.up_proj": 825.4695434570312,
    "model.layers.6.mlp.down_proj": 838.3599853515625,
    "model.layers.7.self_attn.q_proj": 788.079345703125,
    "model.layers.7.self_attn.k_proj": 818.9700317382812,
    "model.layers.7.self_attn.v_proj": 813.9525756835938,
    "model.layers.7.self_attn.o_proj": 823.7362060546875,
    "model.layers.7.mlp.gate_proj": 829.8869018554688,
    "model.layers.7.mlp.up_proj": 846.55712890625,
    "model.layers.7.mlp.down_proj": 801.456787109375,
    "model.layers.8.self_attn.q_proj": 818.828369140625,
    "model.layers.8.self_attn.k_proj": 819.7303466796875,
    "model.layers.8.self_attn.v_proj": 885.394287109375,
    "model.layers.8.self_attn.o_proj": 801.8192749023438,
    "model.layers.8.mlp.gate_proj": 820.03369140625,
    "model.layers.8.mlp.up_proj": 798.7815551757812,
    "model.layers.8.mlp.down_proj": 830.5423583984375,
    "model.layers.9.self_attn.q_proj": 820.7871704101562,
    "model.layers.9.self_attn.k_proj": 826.708251953125,
    "model.layers.9.self_attn.v_proj": 876.6467895507812,
    "model.layers.9.self_attn.o_proj": 800.5596923828125,
    "model.layers.9.mlp.gate_proj": 833.8018798828125,
    "model.layers.9.mlp.up_proj": 834.9483032226562,
    "model.layers.9.mlp.down_proj": 831.1828002929688,
    "model.layers.10.self_attn.q_proj": 820.535888671875,
    "model.layers.10.self_attn.k_proj": 800.408935546875,
    "model.layers.10.self_attn.v_proj": 838.3650512695312,
    "model.layers.10.self_attn.o_proj": 779.567138671875,
    "model.layers.10.mlp.gate_proj": 823.6358642578125,
    "model.layers.10.mlp.up_proj": 833.2244873046875,
    "model.layers.10.mlp.down_proj": 820.0347290039062,
    "model.layers.11.self_attn.q_proj": 803.8724365234375,
    "model.layers.11.self_attn.k_proj": 819.016357421875,
    "model.layers.11.self_attn.v_proj": 810.7753295898438,
    "model.layers.11.self_attn.o_proj": 774.7470703125,
    "model.layers.11.mlp.gate_proj": 810.9083251953125,
    "model.layers.11.mlp.up_proj": 809.1248779296875,
    "model.layers.11.mlp.down_proj": 834.7577514648438,
    "model.layers.12.self_attn.q_proj": 795.1900634765625,
    "model.layers.12.self_attn.k_proj": 794.8980102539062,
    "model.layers.12.self_attn.v_proj": 868.3250732421875,
    "model.layers.12.self_attn.o_proj": 799.6163330078125,
    "model.layers.12.mlp.gate_proj": 826.9248657226562,
    "model.layers.12.mlp.up_proj": 809.3394775390625,
    "model.layers.12.mlp.down_proj": 837.6111450195312,
    "model.layers.13.self_attn.q_proj": 801.931884765625,
    "model.layers.13.self_attn.k_proj": 822.44873046875,
    "model.layers.13.self_attn.v_proj": 852.2402954101562,
    "model.layers.13.self_attn.o_proj": 782.0338134765625,
    "model.layers.13.mlp.gate_proj": 808.7499389648438,
    "model.layers.13.mlp.up_proj": 824.7973022460938,
    "model.layers.13.mlp.down_proj": 840.44189453125,
    "model.layers.14.self_attn.q_proj": 812.3392944335938,
    "model.layers.14.self_attn.k_proj": 818.204345703125,
    "model.layers.14.self_attn.v_proj": 811.3818969726562,
    "model.layers.14.self_attn.o_proj": 786.578125,
    "model.layers.14.mlp.gate_proj": 828.0863647460938,
    "model.layers.14.mlp.up_proj": 826.304443359375,
    "model.layers.14.mlp.down_proj": 826.6885986328125,
    "model.layers.15.self_attn.q_proj": 804.0733642578125,
    "model.layers.15.self_attn.k_proj": 833.80615234375,
    "model.layers.15.self_attn.v_proj": 830.3785400390625,
    "model.layers.15.self_attn.o_proj": 805.3961181640625,
    "model.layers.15.mlp.gate_proj": 834.0646362304688,
    "model.layers.15.mlp.up_proj": 823.3048095703125,
    "model.layers.15.mlp.down_proj": 822.3777465820312,
    "model.layers.16.self_attn.q_proj": 803.9663696289062,
    "model.layers.16.self_attn.k_proj": 815.8414916992188,
    "model.layers.16.self_attn.v_proj": 832.9713745117188,
    "model.layers.16.self_attn.o_proj": 791.9815673828125,
    "model.layers.16.mlp.gate_proj": 826.4114990234375,
    "model.layers.16.mlp.up_proj": 810.9083251953125,
    "model.layers.16.mlp.down_proj": 827.2694702148438,
    "model.layers.17.self_attn.q_proj": 799.5537109375,
    "model.layers.17.self_attn.k_proj": 811.4136962890625,
    "model.layers.17.self_attn.v_proj": 825.5326538085938,
    "model.layers.17.self_attn.o_proj": 798.706787109375,
    "model.layers.17.mlp.gate_proj": 829.6153564453125,
    "model.layers.17.mlp.up_proj": 821.8484497070312,
    "model.layers.17.mlp.down_proj": 840.156494140625,
    "model.layers.18.self_attn.q_proj": 803.6058959960938,
    "model.layers.18.self_attn.k_proj": 806.1710205078125,
    "model.layers.18.self_attn.v_proj": 821.6551513671875,
    "model.layers.18.self_attn.o_proj": 798.8831176757812,
    "model.layers.18.mlp.gate_proj": 820.5345458984375,
    "model.layers.18.mlp.up_proj": 825.640380859375,
    "model.layers.18.mlp.down_proj": 837.0901489257812,
    "model.layers.19.self_attn.q_proj": 816.2767333984375,
    "model.layers.19.self_attn.k_proj": 811.1383666992188,
    "model.layers.19.self_attn.v_proj": 818.5042114257812,
    "model.layers.19.self_attn.o_proj": 802.0369873046875,
    "model.layers.19.mlp.gate_proj": 818.8776245117188,
    "model.layers.19.mlp.up_proj": 819.6806030273438,
    "model.layers.19.mlp.down_proj": 826.8807373046875,
    "model.layers.20.self_attn.q_proj": 796.2988891601562,