{
    "model.layers.0.self_attn.q_proj": 1221.88623046875,
    "model.layers.0.self_attn.k_proj": 1221.88623046875,
    "model.layers.0.self_attn.v_proj": 1221.88623046875,
    "model.layers.0.self_attn.o_proj": 1222.62109375,
    "model.layers.0.mlp.gate_proj": 1218.053466796875,
    "model.layers.0.mlp.up_proj": 1226.09619140625,
    "model.layers.0.mlp.down_proj": 1224.670166015625,
    "model.layers.1.self_attn.q_proj": 1226.6448974609375,
    "model.layers.1.self_attn.k_proj": 1218.819580078125,
    "model.layers.1.self_attn.v_proj": 1230.1568603515625,
    "model.layers.1.self_attn.o_proj": 1233.3121337890625,
    "model.layers.1.mlp.gate_proj": 1237.139892578125,
    "model.layers.1.mlp.up_proj": 1233.8348388671875,
    "model.layers.1.mlp.down_proj": 1227.4541015625,
    "model.layers.2.self_attn.q_proj": 1224.950927734375,
    "model.layers.2.self_attn.k_proj": 1208.1767578125,
    "model.layers.2.self_attn.v_proj": 1216.4100341796875,
    "model.layers.2.self_attn.o_proj": 1270.5791015625,
    "model.layers.2.mlp.gate_proj": 1240.8031005859375,
    "model.layers.2.mlp.up_proj": 1191.9217529296875,
    "model.layers.2.mlp.down_proj": 1182.9366455078125,
    "model.layers.3.self_attn.q_proj": 1246.52197265625,
    "model.layers.3.self_attn.k_proj": 1184.04150390625,
    "model.layers.3.self_attn.v_proj": 1299.3795166015625,
    "model.layers.3.self_attn.o_proj": 1223.740478515625,
    "model.layers.3.mlp.gate_proj": 1212.6273193359375,
    "model.layers.3.mlp.up_proj": 1176.35400390625,
    "model.layers.3.mlp.down_proj": 1276.761474609375,
    "model.layers.4.self_attn.q_proj": 1189.7801513671875,
    "model.layers.4.self_attn.k_proj": 1233.3006591796875,
    "model.layers.4.self_attn.v_proj": 1339.4871826171875,
    "model.layers.4.self_attn.o_proj": 1205.978759765625,
    "model.layers.4.mlp.gate_proj": 1196.1231689453125,
    "model.layers.4.mlp.up_proj": 1257.1729736328125,
    "model.layers.4.mlp.down_proj": 1214.88720703125,
    "model.layers.5.self_attn.q_proj": 1229.1397705078125,
    "model.layers.5.self_attn.k_proj": 1206.0679931640625,
    "model.layers.5.self_attn.v_proj": 1332.84375,
    "model.layers.5.self_attn.o_proj": 1210.414306640625,
    "model.layers.5.mlp.gate_proj": 1239.58349609375,
    "model.layers.5.mlp.up_proj": 1213.7054443359375,
    "model.layers.5.mlp.down_proj": 1249.3280029296875,
    "model.layers.6.self_attn.q_proj": 1175.8155517578125,
    "model.layers.6.self_attn.k_proj": 1198.7550048828125,
    "model.layers.6.self_attn.v_proj": 1288.1435546875,
    "model.layers.6.self_attn.o_proj": 1166.6661376953125,
    "model.layers.6.mlp.gate_proj": 1229.8345947265625,
    "model.layers.6.mlp.up_proj": 1244.5941162109375,
    "model.layers.6.mlp.down_proj": 1213.62841796875,
    "model.layers.7.self_attn.q_proj": 1262.5955810546875,
    "model.layers.7.self_attn.k_proj": 1243.0791015625,
    "model.layers.7.self_attn.v_proj": 1348.5509033203125,
    "model.layers.7.self_attn.o_proj": 1164.187744140625,
    "model.layers.7.mlp.gate_proj": 1235.4261474609375,
    "model.layers.7.mlp.up_proj": 1214.755615234375,
    "model.layers.7.mlp.down_proj": 1214.63720703125,
    "model.layers.8.self_attn.q_proj": 1213.1968994140625,
    "model.layers.8.self_attn.k_proj": 1264.212646484375,
    "model.layers.8.self_attn.v_proj": 1310.046142578125,
    "model.layers.8.self_attn.o_proj": 1163.896240234375,
    "model.layers.8.mlp.gate_proj": 1237.967041015625,
    "model.layers.8.mlp.up_proj": 1215.7574462890625,
    "model.layers.8.mlp.down_proj": 1252.622802734375,
    "model.layers.9.self_attn.q_proj": 1225.73388671875,
    "model.layers.9.self_attn.k_proj": 1235.7655029296875,
    "model.layers.9.self_attn.v_proj": 1269.762939453125,
    "model.layers.9.self_attn.o_proj": 1177.1790771484375,
    "model.layers.9.mlp.gate_proj": 1204.4627685546875,
    "model.layers.9.mlp.up_proj": 1219.84521484375,
    "model.layers.9.mlp.down_proj": 1199.087158203125,
    "model.layers.10.self_attn.q_proj": 1240.1873779296875,
    "model.layers.10.self_attn.k_proj": 1255.8309326171875,
    "model.layers.10.self_attn.v_proj": 1278.8101806640625,
    "model.layers.10.self_attn.o_proj": 1290.039306640625,
    "model.layers.10.mlp.gate_proj": 1208.4549560546875,
    "model.layers.10.mlp.up_proj": 1214.0946044921875,
    "model.layers.10.mlp.down_proj": 1245.593994140625,
    "model.layers.11.self_attn.q_proj": 1172.889892578125,
    "model.layers.11.self_attn.k_proj": 1309.2177734375,
    "model.layers.11.self_attn.v_proj": 1297.5374755859375,
    "model.layers.11.self_attn.o_proj": 1177.336669921875,
    "model.layers.11.mlp.gate_proj": 1267.1534423828125,
    "model.layers.11.mlp.up_proj": 1261.4552001953125,
    "model.layers.11.mlp.down_proj": 1233.751708984375,
    "model.layers.12.self_attn.q_proj": 1199.1263427734375,
    "model.layers.12.self_attn.k_proj": 1233.9276123046875,
    "model.layers.12.self_attn.v_proj": 1297.93701171875,
    "model.layers.12.self_attn.o_proj": 1151.4627685546875,
    "model.layers.12.mlp.gate_proj": 1237.2099609375,
    "model.layers.12.mlp.up_proj": 1235.2515869140625,
    "model.layers.12.mlp.down_proj": 1243.0872802734375,
    "model.layers.13.self_attn.q_proj": 1219.2991943359375,
    "model.layers.13.self_attn.k_proj": 1221.3968505859375,
    "model.layers.13.self_attn.v_proj": 1302.9456787109375,
    "model.layers.13.self_attn.o_proj": 1240.5572509765625,
    "model.layers.13.mlp.gate_proj": 1206.2542724609375,
    "model.layers.13.mlp.up_proj": 1244.814208984375,
    "model.layers.13.mlp.down_proj": 1185.41796875,
    "model.layers.14.self_attn.q_proj": 1212.2249755859375,
    "model.layers.14.self_attn.k_proj": 1300.930419921875,
    "model.layers.14.self_attn.v_proj": 1287.6148681640625,
    "model.layers.14.self_attn.o_proj": 1176.9586181640625,
    "model.layers.14.mlp.gate_proj": 1225.389404296875,
    "model.layers.14.mlp.up_proj": 1250.9033203125,
    "model.layers.14.mlp.down_proj": 1221.19677734375,
    "model.layers.15.self_attn.q_proj": 1231.8115234375,
    "model.layers.15.self_attn.k_proj": 1177.7928466796875,
    "model.layers.15.self_attn.v_proj": 1315.052734375,
    "model.layers.15.self_attn.o_proj": 1091.685546875,
    "model.layers.15.mlp.gate_proj": 1218.0457763671875,
    "model.layers.15.mlp.up_proj": 1240.3427734375,
    "model.layers.15.mlp.down_proj": 1252.2060546875,
    "model.layers.16.self_attn.q_proj": 1196.785888671875,
    "model.layers.16.self_attn.k_proj": 1275.864990234375,
    "model.layers.16.self_attn.v_proj": 1330.2965087890625,
    "model.layers.16.self_attn.o_proj": 1196.0576171875,
    "model.layers.16.mlp.gate_proj": 1224.4190673828125,
    "model.layers.16.mlp.up_proj": 1219.5682373046875,
    "model.layers.16.mlp.down_proj": 1245.6937255859375,
    "model.layers.17.self_attn.q_proj": 1203.7105712890625,
    "model.layers.17.self_attn.k_proj": 1214.018798828125,
    "model.layers.17.self_attn.v_proj": 1319.3953857421875,
    "model.layers.17.self_attn.o_proj": 1178.1824951171875,
    "model.layers.17.mlp.gate_proj": 1202.0052490234375,
    "model.layers.17.mlp.up_proj": 1229.7896728515625,
    "model.layers.17.mlp.down_proj": 1258.139892578125,
    "model.layers.18.self_attn.q_proj": 1186.7518310546875,
    "model.layers.18.self_attn.k_proj": 1203.3680419921875,
    "model.layers.18.self_attn.v_proj": 1317.8021240234375,
    "model.layers.18.self_attn.o_proj": 1185.3953857421875,
    "model.layers.18.mlp.gate_proj": 1190.031005859375,
    "model.layers.18.mlp.up_proj": 1225.6536865234375,
    "model.layers.18.mlp.down_proj": 1212.035888671875,
    "model.layers.19.self_attn.q_proj": 1240.251708984375,
    "model.layers.19.self_attn.k_proj": 1242.3438720703125,
    "model.layers.19.self_attn.v_proj": 1311.5477294921875,
    "model.layers.19.self_attn.o_proj": 1181.2601318359375,
    "model.layers.19.mlp.gate_proj": 1194.448486328125,
    "model.layers.19.mlp.up_proj": 1200.67578125,
    "model.layers.19.mlp.down_proj": 1244.8922119140625,