{
    "model.layers.0.self_attn.q_proj": 1221.6414794921875,
    "model.layers.0.self_attn.k_proj": 1221.6414794921875,
    "model.layers.0.self_attn.v_proj": 1221.6414794921875,
    "model.layers.0.self_attn.o_proj": 1222.7803955078125,
    "model.layers.0.mlp.gate_proj": 1217.7623291015625,
    "model.layers.0.mlp.up_proj": 1226.009033203125,
    "model.layers.0.mlp.down_proj": 1223.495361328125,
    "model.layers.1.self_attn.q_proj": 1226.7493896484375,
    "model.layers.1.self_attn.k_proj": 1218.5169677734375,
    "model.layers.1.self_attn.v_proj": 1229.9559326171875,
    "model.layers.1.self_attn.o_proj": 1227.7967529296875,
    "model.layers.1.mlp.gate_proj": 1234.6180419921875,
    "model.layers.1.mlp.up_proj": 1224.6878662109375,
    "model.layers.1.mlp.down_proj": 1225.9539794921875,
    "model.layers.2.self_attn.q_proj": 1224.3939208984375,
    "model.layers.2.self_attn.k_proj": 1207.5556640625,
    "model.layers.2.self_attn.v_proj": 1222.216796875,
    "model.layers.2.self_attn.o_proj": 1259.5706787109375,
    "model.layers.2.mlp.gate_proj": 1237.8172607421875,
    "model.layers.2.mlp.up_proj": 1206.81005859375,
    "model.layers.2.mlp.down_proj": 1192.8800048828125,
    "model.layers.3.self_attn.q_proj": 1253.0557861328125,
    "model.layers.3.self_attn.k_proj": 1165.7926025390625,
    "model.layers.3.self_attn.v_proj": 1276.0665283203125,
    "model.layers.3.self_attn.o_proj": 1225.7576904296875,
    "model.layers.3.mlp.gate_proj": 1205.627685546875,
    "model.layers.3.mlp.up_proj": 1171.7698974609375,
    "model.layers.3.mlp.down_proj": 1277.70068359375,
    "model.layers.4.self_attn.q_proj": 1188.4976806640625,
    "model.layers.4.self_attn.k_proj": 1242.3990478515625,
    "model.layers.4.self_attn.v_proj": 1314.238525390625,
    "model.layers.4.self_attn.o_proj": 1215.2222900390625,
    "model.layers.4.mlp.gate_proj": 1196.7003173828125,
    "model.layers.4.mlp.up_proj": 1261.846923828125,
    "model.layers.4.mlp.down_proj": 1222.3675537109375,
    "model.layers.5.self_attn.q_proj": 1228.76953125,
    "model.layers.5.self_attn.k_proj": 1223.59521484375,
    "model.layers.5.self_attn.v_proj": 1334.8062744140625,
    "model.layers.5.self_attn.o_proj": 1197.125732421875,
    "model.layers.5.mlp.gate_proj": 1240.1534423828125,
    "model.layers.5.mlp.up_proj": 1219.09716796875,
    "model.layers.5.mlp.down_proj": 1246.95166015625,
    "model.layers.6.self_attn.q_proj": 1179.72998046875,
    "model.layers.6.self_attn.k_proj": 1215.028076171875,
    "model.layers.6.self_attn.v_proj": 1270.45068359375,
    "model.layers.6.self_attn.o_proj": 1168.634521484375,
    "model.layers.6.mlp.gate_proj": 1231.6348876953125,
    "model.layers.6.mlp.up_proj": 1237.076904296875,
    "model.layers.6.mlp.down_proj": 1211.494140625,
    "model.layers.7.self_attn.q_proj": 1250.390625,
    "model.layers.7.self_attn.k_proj": 1235.3035888671875,
    "model.layers.7.self_attn.v_proj": 1312.351318359375,
    "model.layers.7.self_attn.o_proj": 1156.4100341796875,
    "model.layers.7.mlp.gate_proj": 1235.4630126953125,
    "model.layers.7.mlp.up_proj": 1225.041748046875,
    "model.layers.7.mlp.down_proj": 1212.7430419921875,
    "model.layers.8.self_attn.q_proj": 1218.13671875,
    "model.layers.8.self_attn.k_proj": 1261.7421875,
    "model.layers.8.self_attn.v_proj": 1306.2987060546875,
    "model.layers.8.self_attn.o_proj": 1179.4248046875,
    "model.layers.8.mlp.gate_proj": 1237.63818359375,
    "model.layers.8.mlp.up_proj": 1220.2708740234375,
    "model.layers.8.mlp.down_proj": 1246.58154296875,
    "model.layers.9.self_attn.q_proj": 1227.0733642578125,
    "model.layers.9.self_attn.k_proj": 1237.836181640625,
    "model.layers.9.self_attn.v_proj": 1263.2186279296875,
    "model.layers.9.self_attn.o_proj": 1197.2225341796875,
    "model.layers.9.mlp.gate_proj": 1205.8292236328125,
    "model.layers.9.mlp.up_proj": 1213.063720703125,
    "model.layers.9.mlp.down_proj": 1193.0015869140625,
    "model.layers.10.self_attn.q_proj": 1230.6829833984375,
    "model.layers.10.self_attn.k_proj": 1254.6099853515625,
    "model.layers.10.self_attn.v_proj": 1266.6356201171875,
    "model.layers.10.self_attn.o_proj": 1287.607666015625,
    "model.layers.10.mlp.gate_proj": 1204.3802490234375,
    "model.layers.10.mlp.up_proj": 1202.0306396484375,
    "model.layers.10.mlp.down_proj": 1246.34130859375,
    "model.layers.11.self_attn.q_proj": 1179.9803466796875,
    "model.layers.11.self_attn.k_proj": 1281.616455078125,
    "model.layers.11.self_attn.v_proj": 1283.1453857421875,
    "model.layers.11.self_attn.o_proj": 1188.349853515625,
    "model.layers.11.mlp.gate_proj": 1261.9722900390625,
    "model.layers.11.mlp.up_proj": 1268.472412109375,
    "model.layers.11.mlp.down_proj": 1218.102783203125,
    "model.layers.12.self_attn.q_proj": 1210.7103271484375,
    "model.layers.12.self_attn.k_proj": 1227.9180908203125,
    "model.layers.12.self_attn.v_proj": 1271.53955078125,
    "model.layers.12.self_attn.o_proj": 1168.5576171875,
    "model.layers.12.mlp.gate_proj": 1236.18701171875,
    "model.layers.12.mlp.up_proj": 1224.4456787109375,
    "model.layers.12.mlp.down_proj": 1242.5810546875,
    "model.layers.13.self_attn.q_proj": 1226.4537353515625,
    "model.layers.13.self_attn.k_proj": 1216.3526611328125,
    "model.layers.13.self_attn.v_proj": 1267.3258056640625,
    "model.layers.13.self_attn.o_proj": 1239.631103515625,
    "model.layers.13.mlp.gate_proj": 1206.2969970703125,
    "model.layers.13.mlp.up_proj": 1232.6011962890625,
    "model.layers.13.mlp.down_proj": 1189.37451171875,
    "model.layers.14.self_attn.q_proj": 1217.5343017578125,
    "model.layers.14.self_attn.k_proj": 1291.9197998046875,
    "model.layers.14.self_attn.v_proj": 1286.063232421875,
    "model.layers.14.self_attn.o_proj": 1173.1661376953125,
    "model.layers.14.mlp.gate_proj": 1228.6002197265625,
    "model.layers.14.mlp.up_proj": 1253.2725830078125,
    "model.layers.14.mlp.down_proj": 1219.7305908203125,
    "model.layers.15.self_attn.q_proj": 1234.9842529296875,
    "model.layers.15.self_attn.k_proj": 1190.1595458984375,
    "model.layers.15.self_attn.v_proj": 1280.5767822265625,
    "model.layers.15.self_attn.o_proj": 1138.0277099609375,
    "model.layers.15.mlp.gate_proj": 1212.788818359375,
    "model.layers.15.mlp.up_proj": 1243.021484375,
    "model.layers.15.mlp.down_proj": 1237.5548095703125,
    "model.layers.16.self_attn.q_proj": 1204.338134765625,
    "model.layers.16.self_attn.k_proj": 1266.72412109375,
    "model.layers.16.self_attn.v_proj": 1295.3753662109375,
    "model.layers.16.self_attn.o_proj": 1200.932373046875,
    "model.layers.16.mlp.gate_proj": 1230.921630859375,
    "model.layers.16.mlp.up_proj": 1220.91259765625,
    "model.layers.16.mlp.down_proj": 1242.7373046875,
    "model.layers.17.self_attn.q_proj": 1208.7418212890625,
    "model.layers.17.self_attn.k_proj": 1210.71240234375,
    "model.layers.17.self_attn.v_proj": 1286.9542236328125,
    "model.layers.17.self_attn.o_proj": 1176.75439453125,
    "model.layers.17.mlp.gate_proj": 1203.5814208984375,
    "model.layers.17.mlp.up_proj": 1234.3455810546875,
    "model.layers.17.mlp.down_proj": 1248.832275390625,
    "model.layers.18.self_attn.q_proj": 1193.326171875,
    "model.layers.18.self_attn.k_proj": 1207.465087890625,
    "model.layers.18.self_attn.v_proj": 1304.37646484375,
    "model.layers.18.self_attn.o_proj": 1201.2069091796875,
    "model.layers.18.mlp.gate_proj": 1195.358154296875,
    "model.layers.18.mlp.up_proj": 1222.177978515625,
    "model.layers.18.mlp.down_proj": 1217.4642333984375,
    "model.layers.19.self_attn.q_proj": 1236.3861083984375,
    "model.layers.19.self_attn.k_proj": 1242.39794921875,
    "model.layers.19.self_attn.v_proj": 1301.7174072265625,
    "model.layers.19.self_attn.o_proj": 1192.58935546875,
    "model.layers.19.mlp.gate_proj": 1203.685791015625,
    "model.layers.19.mlp.up_proj": 1211.61474609375,
    "model.layers.19.mlp.down_proj": 1247.04150390625,