{
    "model.layers.0.self_attn.q_proj": 1227.019287109375,
    "model.layers.0.self_attn.k_proj": 1227.019287109375,
    "model.layers.0.self_attn.v_proj": 1227.019287109375,
    "model.layers.0.self_attn.o_proj": 1231.0933837890625,
    "model.layers.0.mlp.gate_proj": 1222.4488525390625,
    "model.layers.0.mlp.up_proj": 1231.781982421875,
    "model.layers.0.mlp.down_proj": 1231.91845703125,
    "model.layers.1.self_attn.q_proj": 1232.104736328125,
    "model.layers.1.self_attn.k_proj": 1223.398681640625,
    "model.layers.1.self_attn.v_proj": 1232.6417236328125,
    "model.layers.1.self_attn.o_proj": 1225.1058349609375,
    "model.layers.1.mlp.gate_proj": 1232.47265625,
    "model.layers.1.mlp.up_proj": 1232.646240234375,
    "model.layers.1.mlp.down_proj": 1232.888427734375,
    "model.layers.2.self_attn.q_proj": 1232.242431640625,
    "model.layers.2.self_attn.k_proj": 1220.864013671875,
    "model.layers.2.self_attn.v_proj": 1239.804443359375,
    "model.layers.2.self_attn.o_proj": 1228.34423828125,
    "model.layers.2.mlp.gate_proj": 1237.7147216796875,
    "model.layers.2.mlp.up_proj": 1224.5531005859375,
    "model.layers.2.mlp.down_proj": 1214.2557373046875,
    "model.layers.3.self_attn.q_proj": 1229.0745849609375,
    "model.layers.3.self_attn.k_proj": 1216.3851318359375,
    "model.layers.3.self_attn.v_proj": 1241.4410400390625,
    "model.layers.3.self_attn.o_proj": 1236.53125,
    "model.layers.3.mlp.gate_proj": 1236.3182373046875,
    "model.layers.3.mlp.up_proj": 1215.9696044921875,
    "model.layers.3.mlp.down_proj": 1235.2275390625,
    "model.layers.4.self_attn.q_proj": 1231.167724609375,
    "model.layers.4.self_attn.k_proj": 1222.6011962890625,
    "model.layers.4.self_attn.v_proj": 1230.93603515625,
    "model.layers.4.self_attn.o_proj": 1223.1214599609375,
    "model.layers.4.mlp.gate_proj": 1232.063720703125,
    "model.layers.4.mlp.up_proj": 1226.9888916015625,
    "model.layers.4.mlp.down_proj": 1231.4388427734375,
    "model.layers.5.self_attn.q_proj": 1234.671875,
    "model.layers.5.self_attn.k_proj": 1233.8780517578125,
    "model.layers.5.self_attn.v_proj": 1243.6751708984375,
    "model.layers.5.self_attn.o_proj": 1212.9268798828125,
    "model.layers.5.mlp.gate_proj": 1234.1280517578125,
    "model.layers.5.mlp.up_proj": 1232.9879150390625,
    "model.layers.5.mlp.down_proj": 1227.399169921875,
    "model.layers.6.self_attn.q_proj": 1215.892578125,
    "model.layers.6.self_attn.k_proj": 1222.4254150390625,
    "model.layers.6.self_attn.v_proj": 1236.341064453125,
    "model.layers.6.self_attn.o_proj": 1223.7457275390625,
    "model.layers.6.mlp.gate_proj": 1216.5733642578125,
    "model.layers.6.mlp.up_proj": 1217.6785888671875,
    "model.layers.6.mlp.down_proj": 1232.78759765625,
    "model.layers.7.self_attn.q_proj": 1233.8189697265625,
    "model.layers.7.self_attn.k_proj": 1229.677978515625,
    "model.layers.7.self_attn.v_proj": 1237.2421875,
    "model.layers.7.self_attn.o_proj": 1203.7012939453125,
    "model.layers.7.mlp.gate_proj": 1231.9896240234375,
    "model.layers.7.mlp.up_proj": 1235.943359375,
    "model.layers.7.mlp.down_proj": 1214.4320068359375,
    "model.layers.8.self_attn.q_proj": 1231.9591064453125,
    "model.layers.8.self_attn.k_proj": 1230.656005859375,
    "model.layers.8.self_attn.v_proj": 1244.51171875,
    "model.layers.8.self_attn.o_proj": 1232.718994140625,
    "model.layers.8.mlp.gate_proj": 1230.4268798828125,
    "model.layers.8.mlp.up_proj": 1228.586181640625,
    "model.layers.8.mlp.down_proj": 1227.864013671875,
    "model.layers.9.self_attn.q_proj": 1229.95654296875,
    "model.layers.9.self_attn.k_proj": 1234.365234375,
    "model.layers.9.self_attn.v_proj": 1232.998779296875,
    "model.layers.9.self_attn.o_proj": 1231.017822265625,
    "model.layers.9.mlp.gate_proj": 1213.34912109375,
    "model.layers.9.mlp.up_proj": 1217.256591796875,
    "model.layers.9.mlp.down_proj": 1207.3968505859375,
    "model.layers.10.self_attn.q_proj": 1231.16259765625,
    "model.layers.10.self_attn.k_proj": 1220.339599609375,
    "model.layers.10.self_attn.v_proj": 1239.4549560546875,
    "model.layers.10.self_attn.o_proj": 1222.984619140625,
    "model.layers.10.mlp.gate_proj": 1213.4588623046875,
    "model.layers.10.mlp.up_proj": 1200.2923583984375,
    "model.layers.10.mlp.down_proj": 1241.5625,
    "model.layers.11.self_attn.q_proj": 1212.15576171875,
    "model.layers.11.self_attn.k_proj": 1232.116455078125,
    "model.layers.11.self_attn.v_proj": 1231.0123291015625,
    "model.layers.11.self_attn.o_proj": 1215.485107421875,
    "model.layers.11.mlp.gate_proj": 1238.332275390625,
    "model.layers.11.mlp.up_proj": 1235.075439453125,
    "model.layers.11.mlp.down_proj": 1230.9385986328125,
    "model.layers.12.self_attn.q_proj": 1227.3212890625,
    "model.layers.12.self_attn.k_proj": 1227.1712646484375,
    "model.layers.12.self_attn.v_proj": 1236.80517578125,
    "model.layers.12.self_attn.o_proj": 1220.6646728515625,
    "model.layers.12.mlp.gate_proj": 1225.9151611328125,
    "model.layers.12.mlp.up_proj": 1229.0865478515625,
    "model.layers.12.mlp.down_proj": 1230.4466552734375,
    "model.layers.13.self_attn.q_proj": 1234.9056396484375,
    "model.layers.13.self_attn.k_proj": 1239.533203125,
    "model.layers.13.self_attn.v_proj": 1213.3564453125,
    "model.layers.13.self_attn.o_proj": 1231.5433349609375,
    "model.layers.13.mlp.gate_proj": 1223.64306640625,
    "model.layers.13.mlp.up_proj": 1226.7392578125,
    "model.layers.13.mlp.down_proj": 1233.919677734375,
    "model.layers.14.self_attn.q_proj": 1232.9691162109375,
    "model.layers.14.self_attn.k_proj": 1236.955810546875,
    "model.layers.14.self_attn.v_proj": 1239.52099609375,
    "model.layers.14.self_attn.o_proj": 1217.1749267578125,
    "model.layers.14.mlp.gate_proj": 1232.200439453125,
    "model.layers.14.mlp.up_proj": 1231.3662109375,
    "model.layers.14.mlp.down_proj": 1229.80859375,
    "model.layers.15.self_attn.q_proj": 1237.8905029296875,
    "model.layers.15.self_attn.k_proj": 1214.0506591796875,
    "model.layers.15.self_attn.v_proj": 1245.3997802734375,
    "model.layers.15.self_attn.o_proj": 1218.947265625,
    "model.layers.15.mlp.gate_proj": 1215.9150390625,
    "model.layers.15.mlp.up_proj": 1232.0518798828125,
    "model.layers.15.mlp.down_proj": 1240.076171875,
    "model.layers.16.self_attn.q_proj": 1235.2489013671875,
    "model.layers.16.self_attn.k_proj": 1236.5242919921875,
    "model.layers.16.self_attn.v_proj": 1236.11962890625,
    "model.layers.16.self_attn.o_proj": 1232.1943359375,
    "model.layers.16.mlp.gate_proj": 1231.8946533203125,
    "model.layers.16.mlp.up_proj": 1219.4114990234375,
    "model.layers.16.mlp.down_proj": 1228.81689453125,
    "model.layers.17.self_attn.q_proj": 1221.201904296875,
    "model.layers.17.self_attn.k_proj": 1211.3489990234375,
    "model.layers.17.self_attn.v_proj": 1234.2974853515625,
    "model.layers.17.self_attn.o_proj": 1229.682373046875,
    "model.layers.17.mlp.gate_proj": 1222.269287109375,
    "model.layers.17.mlp.up_proj": 1234.66357421875,
    "model.layers.17.mlp.down_proj": 1224.218017578125,
    "model.layers.18.self_attn.q_proj": 1219.02294921875,
    "model.layers.18.self_attn.k_proj": 1220.08251953125,
    "model.layers.18.self_attn.v_proj": 1236.0225830078125,
    "model.layers.18.self_attn.o_proj": 1230.60400390625,
    "model.layers.18.mlp.gate_proj": 1222.746337890625,
    "model.layers.18.mlp.up_proj": 1221.240966796875,
    "model.layers.18.mlp.down_proj": 1223.902099609375,
    "model.layers.19.self_attn.q_proj": 1233.3900146484375,
    "model.layers.19.self_attn.k_proj": 1234.4351806640625,
    "model.layers.19.self_attn.v_proj": 1236.223388671875,
    "model.layers.19.self_attn.o_proj": 1219.6605224609375,
    "model.layers.19.mlp.gate_proj": 1218.598388671875,
    "model.layers.19.mlp.up_proj": 1224.000244140625,
    "model.layers.19.mlp.down_proj": 1234.85009765625,