{
    "model.layers.0.self_attn.q_proj": 1223.017822265625,
    "model.layers.0.self_attn.k_proj": 1223.017822265625,
    "model.layers.0.self_attn.v_proj": 1223.017822265625,
    "model.layers.0.self_attn.o_proj": 1225.154296875,
    "model.layers.0.mlp.gate_proj": 1218.814697265625,
    "model.layers.0.mlp.up_proj": 1227.529541015625,
    "model.layers.0.mlp.down_proj": 1224.691162109375,
    "model.layers.1.self_attn.q_proj": 1228.21923828125,
    "model.layers.1.self_attn.k_proj": 1219.4346923828125,
    "model.layers.1.self_attn.v_proj": 1232.421875,
    "model.layers.1.self_attn.o_proj": 1229.9384765625,
    "model.layers.1.mlp.gate_proj": 1231.636474609375,
    "model.layers.1.mlp.up_proj": 1223.6329345703125,
    "model.layers.1.mlp.down_proj": 1228.0997314453125,
    "model.layers.2.self_attn.q_proj": 1224.6788330078125,
    "model.layers.2.self_attn.k_proj": 1209.250244140625,
    "model.layers.2.self_attn.v_proj": 1231.6171875,
    "model.layers.2.self_attn.o_proj": 1242.5426025390625,
    "model.layers.2.mlp.gate_proj": 1237.7413330078125,
    "model.layers.2.mlp.up_proj": 1213.2423095703125,
    "model.layers.2.mlp.down_proj": 1197.169189453125,
    "model.layers.3.self_attn.q_proj": 1250.7412109375,
    "model.layers.3.self_attn.k_proj": 1162.4156494140625,
    "model.layers.3.self_attn.v_proj": 1251.8382568359375,
    "model.layers.3.self_attn.o_proj": 1247.3504638671875,
    "model.layers.3.mlp.gate_proj": 1214.0091552734375,
    "model.layers.3.mlp.up_proj": 1185.6009521484375,
    "model.layers.3.mlp.down_proj": 1271.49609375,
    "model.layers.4.self_attn.q_proj": 1189.8895263671875,
    "model.layers.4.self_attn.k_proj": 1260.7208251953125,
    "model.layers.4.self_attn.v_proj": 1269.4935302734375,
    "model.layers.4.self_attn.o_proj": 1217.4781494140625,
    "model.layers.4.mlp.gate_proj": 1204.787353515625,
    "model.layers.4.mlp.up_proj": 1256.7982177734375,
    "model.layers.4.mlp.down_proj": 1234.2467041015625,
    "model.layers.5.self_attn.q_proj": 1216.1771240234375,
    "model.layers.5.self_attn.k_proj": 1218.38720703125,
    "model.layers.5.self_attn.v_proj": 1337.6197509765625,
    "model.layers.5.self_attn.o_proj": 1197.7432861328125,
    "model.layers.5.mlp.gate_proj": 1240.856689453125,
    "model.layers.5.mlp.up_proj": 1216.5048828125,
    "model.layers.5.mlp.down_proj": 1249.2581787109375,
    "model.layers.6.self_attn.q_proj": 1184.93212890625,
    "model.layers.6.self_attn.k_proj": 1216.964599609375,
    "model.layers.6.self_attn.v_proj": 1247.9234619140625,
    "model.layers.6.self_attn.o_proj": 1182.9627685546875,
    "model.layers.6.mlp.gate_proj": 1227.860107421875,
    "model.layers.6.mlp.up_proj": 1231.67333984375,
    "model.layers.6.mlp.down_proj": 1232.3961181640625,
    "model.layers.7.self_attn.q_proj": 1252.6787109375,
    "model.layers.7.self_attn.k_proj": 1235.01318359375,
    "model.layers.7.self_attn.v_proj": 1282.1396484375,
    "model.layers.7.self_attn.o_proj": 1172.8695068359375,
    "model.layers.7.mlp.gate_proj": 1247.4857177734375,
    "model.layers.7.mlp.up_proj": 1230.2099609375,
    "model.layers.7.mlp.down_proj": 1207.8321533203125,
    "model.layers.8.self_attn.q_proj": 1211.919189453125,
    "model.layers.8.self_attn.k_proj": 1258.5528564453125,
    "model.layers.8.self_attn.v_proj": 1290.317138671875,
    "model.layers.8.self_attn.o_proj": 1197.6043701171875,
    "model.layers.8.mlp.gate_proj": 1236.1239013671875,
    "model.layers.8.mlp.up_proj": 1225.5068359375,
    "model.layers.8.mlp.down_proj": 1219.440673828125,
    "model.layers.9.self_attn.q_proj": 1228.0118408203125,
    "model.layers.9.self_attn.k_proj": 1233.6383056640625,
    "model.layers.9.self_attn.v_proj": 1241.4476318359375,
    "model.layers.9.self_attn.o_proj": 1219.257568359375,
    "model.layers.9.mlp.gate_proj": 1207.0367431640625,
    "model.layers.9.mlp.up_proj": 1207.5113525390625,
    "model.layers.9.mlp.down_proj": 1199.1820068359375,
    "model.layers.10.self_attn.q_proj": 1229.8143310546875,
    "model.layers.10.self_attn.k_proj": 1254.7586669921875,
    "model.layers.10.self_attn.v_proj": 1272.4112548828125,
    "model.layers.10.self_attn.o_proj": 1266.01220703125,
    "model.layers.10.mlp.gate_proj": 1205.79150390625,
    "model.layers.10.mlp.up_proj": 1198.7225341796875,
    "model.layers.10.mlp.down_proj": 1248.8614501953125,
    "model.layers.11.self_attn.q_proj": 1193.059814453125,
    "model.layers.11.self_attn.k_proj": 1264.1700439453125,
    "model.layers.11.self_attn.v_proj": 1260.621826171875,
    "model.layers.11.self_attn.o_proj": 1208.270263671875,
    "model.layers.11.mlp.gate_proj": 1255.9736328125,
    "model.layers.11.mlp.up_proj": 1264.2047119140625,
    "model.layers.11.mlp.down_proj": 1219.3016357421875,
    "model.layers.12.self_attn.q_proj": 1216.189208984375,
    "model.layers.12.self_attn.k_proj": 1226.770751953125,
    "model.layers.12.self_attn.v_proj": 1254.3389892578125,
    "model.layers.12.self_attn.o_proj": 1192.0889892578125,
    "model.layers.12.mlp.gate_proj": 1235.7728271484375,
    "model.layers.12.mlp.up_proj": 1227.64794921875,
    "model.layers.12.mlp.down_proj": 1245.5992431640625,
    "model.layers.13.self_attn.q_proj": 1235.971435546875,
    "model.layers.13.self_attn.k_proj": 1215.8399658203125,
    "model.layers.13.self_attn.v_proj": 1241.5458984375,
    "model.layers.13.self_attn.o_proj": 1237.9571533203125,
    "model.layers.13.mlp.gate_proj": 1209.6307373046875,
    "model.layers.13.mlp.up_proj": 1231.5810546875,
    "model.layers.13.mlp.down_proj": 1208.080078125,
    "model.layers.14.self_attn.q_proj": 1221.6204833984375,
    "model.layers.14.self_attn.k_proj": 1285.9852294921875,
    "model.layers.14.self_attn.v_proj": 1271.2501220703125,
    "model.layers.14.self_attn.o_proj": 1177.891357421875,
    "model.layers.14.mlp.gate_proj": 1228.653076171875,
    "model.layers.14.mlp.up_proj": 1252.4058837890625,
    "model.layers.14.mlp.down_proj": 1227.169677734375,
    "model.layers.15.self_attn.q_proj": 1235.484619140625,
    "model.layers.15.self_attn.k_proj": 1198.7564697265625,
    "model.layers.15.self_attn.v_proj": 1262.6727294921875,
    "model.layers.15.self_attn.o_proj": 1160.5078125,
    "model.layers.15.mlp.gate_proj": 1214.52490234375,
    "model.layers.15.mlp.up_proj": 1240.6795654296875,
    "model.layers.15.mlp.down_proj": 1228.8048095703125,
    "model.layers.16.self_attn.q_proj": 1216.114013671875,
    "model.layers.16.self_attn.k_proj": 1256.1358642578125,
    "model.layers.16.self_attn.v_proj": 1280.9990234375,
    "model.layers.16.self_attn.o_proj": 1210.5648193359375,
    "model.layers.16.mlp.gate_proj": 1231.18505859375,
    "model.layers.16.mlp.up_proj": 1213.9669189453125,
    "model.layers.16.mlp.down_proj": 1238.2791748046875,
    "model.layers.17.self_attn.q_proj": 1218.46923828125,
    "model.layers.17.self_attn.k_proj": 1215.6497802734375,
    "model.layers.17.self_attn.v_proj": 1269.7791748046875,
    "model.layers.17.self_attn.o_proj": 1188.7359619140625,
    "model.layers.17.mlp.gate_proj": 1205.20751953125,
    "model.layers.17.mlp.up_proj": 1238.255615234375,
    "model.layers.17.mlp.down_proj": 1244.6185302734375,
    "model.layers.18.self_attn.q_proj": 1195.685546875,
    "model.layers.18.self_attn.k_proj": 1218.8599853515625,
    "model.layers.18.self_attn.v_proj": 1278.86279296875,
    "model.layers.18.self_attn.o_proj": 1208.660400390625,
    "model.layers.18.mlp.gate_proj": 1199.3585205078125,
    "model.layers.18.mlp.up_proj": 1232.777099609375,
    "model.layers.18.mlp.down_proj": 1217.897705078125,
    "model.layers.19.self_attn.q_proj": 1235.526123046875,
    "model.layers.19.self_attn.k_proj": 1241.4820556640625,
    "model.layers.19.self_attn.v_proj": 1282.498046875,
    "model.layers.19.self_attn.o_proj": 1191.9908447265625,
    "model.layers.19.mlp.gate_proj": 1207.2752685546875,
    "model.layers.19.mlp.up_proj": 1217.4542236328125,
    "model.layers.19.mlp.down_proj": 1236.5732421875,