{
    "model.layers.0.self_attn.q_proj": 1223.0616455078125,
    "model.layers.0.self_attn.k_proj": 1223.0616455078125,
    "model.layers.0.self_attn.v_proj": 1223.0616455078125,
    "model.layers.0.self_attn.o_proj": 1224.7860107421875,
    "model.layers.0.mlp.gate_proj": 1219.0859375,
    "model.layers.0.mlp.up_proj": 1227.49560546875,
    "model.layers.0.mlp.down_proj": 1224.453125,
    "model.layers.1.self_attn.q_proj": 1228.26904296875,
    "model.layers.1.self_attn.k_proj": 1219.8092041015625,
    "model.layers.1.self_attn.v_proj": 1231.3934326171875,
    "model.layers.1.self_attn.o_proj": 1226.8541259765625,
    "model.layers.1.mlp.gate_proj": 1232.7998046875,
    "model.layers.1.mlp.up_proj": 1223.0447998046875,
    "model.layers.1.mlp.down_proj": 1226.323974609375,
    "model.layers.2.self_attn.q_proj": 1224.1458740234375,
    "model.layers.2.self_attn.k_proj": 1208.910888671875,
    "model.layers.2.self_attn.v_proj": 1228.71142578125,
    "model.layers.2.self_attn.o_proj": 1249.425048828125,
    "model.layers.2.mlp.gate_proj": 1237.689697265625,
    "model.layers.2.mlp.up_proj": 1209.88037109375,
    "model.layers.2.mlp.down_proj": 1198.8760986328125,
    "model.layers.3.self_attn.q_proj": 1250.2645263671875,
    "model.layers.3.self_attn.k_proj": 1164.80126953125,
    "model.layers.3.self_attn.v_proj": 1266.0460205078125,
    "model.layers.3.self_attn.o_proj": 1236.884765625,
    "model.layers.3.mlp.gate_proj": 1208.428955078125,
    "model.layers.3.mlp.up_proj": 1178.2979736328125,
    "model.layers.3.mlp.down_proj": 1275.866943359375,
    "model.layers.4.self_attn.q_proj": 1188.785400390625,
    "model.layers.4.self_attn.k_proj": 1261.4091796875,
    "model.layers.4.self_attn.v_proj": 1294.9422607421875,
    "model.layers.4.self_attn.o_proj": 1223.1829833984375,
    "model.layers.4.mlp.gate_proj": 1199.89892578125,
    "model.layers.4.mlp.up_proj": 1260.4698486328125,
    "model.layers.4.mlp.down_proj": 1230.04248046875,
    "model.layers.5.self_attn.q_proj": 1224.5166015625,
    "model.layers.5.self_attn.k_proj": 1225.462890625,
    "model.layers.5.self_attn.v_proj": 1344.437255859375,
    "model.layers.5.self_attn.o_proj": 1195.3240966796875,
    "model.layers.5.mlp.gate_proj": 1237.2918701171875,
    "model.layers.5.mlp.up_proj": 1214.8271484375,
    "model.layers.5.mlp.down_proj": 1250.09130859375,
    "model.layers.6.self_attn.q_proj": 1183.6907958984375,
    "model.layers.6.self_attn.k_proj": 1218.2933349609375,
    "model.layers.6.self_attn.v_proj": 1261.5478515625,
    "model.layers.6.self_attn.o_proj": 1175.2996826171875,
    "model.layers.6.mlp.gate_proj": 1230.9578857421875,
    "model.layers.6.mlp.up_proj": 1234.8558349609375,
    "model.layers.6.mlp.down_proj": 1220.81884765625,
    "model.layers.7.self_attn.q_proj": 1252.71435546875,
    "model.layers.7.self_attn.k_proj": 1234.0745849609375,
    "model.layers.7.self_attn.v_proj": 1303.6087646484375,
    "model.layers.7.self_attn.o_proj": 1163.4210205078125,
    "model.layers.7.mlp.gate_proj": 1243.386962890625,
    "model.layers.7.mlp.up_proj": 1229.5770263671875,
    "model.layers.7.mlp.down_proj": 1211.187255859375,
    "model.layers.8.self_attn.q_proj": 1215.9979248046875,
    "model.layers.8.self_attn.k_proj": 1261.705078125,
    "model.layers.8.self_attn.v_proj": 1298.4522705078125,
    "model.layers.8.self_attn.o_proj": 1191.69384765625,
    "model.layers.8.mlp.gate_proj": 1239.25927734375,
    "model.layers.8.mlp.up_proj": 1224.0191650390625,
    "model.layers.8.mlp.down_proj": 1232.0177001953125,
    "model.layers.9.self_attn.q_proj": 1226.7835693359375,
    "model.layers.9.self_attn.k_proj": 1237.7041015625,
    "model.layers.9.self_attn.v_proj": 1254.133544921875,
    "model.layers.9.self_attn.o_proj": 1208.603759765625,
    "model.layers.9.mlp.gate_proj": 1205.6480712890625,
    "model.layers.9.mlp.up_proj": 1211.2227783203125,
    "model.layers.9.mlp.down_proj": 1197.24365234375,
    "model.layers.10.self_attn.q_proj": 1227.6007080078125,
    "model.layers.10.self_attn.k_proj": 1255.8687744140625,
    "model.layers.10.self_attn.v_proj": 1268.5101318359375,
    "model.layers.10.self_attn.o_proj": 1284.357666015625,
    "model.layers.10.mlp.gate_proj": 1206.13134765625,
    "model.layers.10.mlp.up_proj": 1201.626708984375,
    "model.layers.10.mlp.down_proj": 1247.8582763671875,
    "model.layers.11.self_attn.q_proj": 1186.6810302734375,
    "model.layers.11.self_attn.k_proj": 1275.25634765625,
    "model.layers.11.self_attn.v_proj": 1272.6256103515625,
    "model.layers.11.self_attn.o_proj": 1203.0335693359375,
    "model.layers.11.mlp.gate_proj": 1258.020263671875,
    "model.layers.11.mlp.up_proj": 1268.5831298828125,
    "model.layers.11.mlp.down_proj": 1220.243896484375,
    "model.layers.12.self_attn.q_proj": 1214.2584228515625,
    "model.layers.12.self_attn.k_proj": 1225.418212890625,
    "model.layers.12.self_attn.v_proj": 1257.9786376953125,
    "model.layers.12.self_attn.o_proj": 1179.3819580078125,
    "model.layers.12.mlp.gate_proj": 1238.05810546875,
    "model.layers.12.mlp.up_proj": 1226.4508056640625,
    "model.layers.12.mlp.down_proj": 1246.589111328125,
    "model.layers.13.self_attn.q_proj": 1233.03076171875,
    "model.layers.13.self_attn.k_proj": 1215.4561767578125,
    "model.layers.13.self_attn.v_proj": 1247.91552734375,
    "model.layers.13.self_attn.o_proj": 1241.0040283203125,
    "model.layers.13.mlp.gate_proj": 1209.5487060546875,
    "model.layers.13.mlp.up_proj": 1226.279296875,
    "model.layers.13.mlp.down_proj": 1195.422119140625,
    "model.layers.14.self_attn.q_proj": 1222.290771484375,
    "model.layers.14.self_attn.k_proj": 1291.638671875,
    "model.layers.14.self_attn.v_proj": 1277.4688720703125,
    "model.layers.14.self_attn.o_proj": 1173.6339111328125,
    "model.layers.14.mlp.gate_proj": 1230.000244140625,
    "model.layers.14.mlp.up_proj": 1253.95068359375,
    "model.layers.14.mlp.down_proj": 1220.0670166015625,
    "model.layers.15.self_attn.q_proj": 1236.200439453125,
    "model.layers.15.self_attn.k_proj": 1196.5823974609375,
    "model.layers.15.self_attn.v_proj": 1268.4290771484375,
    "model.layers.15.self_attn.o_proj": 1152.59130859375,
    "model.layers.15.mlp.gate_proj": 1212.50048828125,
    "model.layers.15.mlp.up_proj": 1243.85205078125,
    "model.layers.15.mlp.down_proj": 1235.278564453125,
    "model.layers.16.self_attn.q_proj": 1208.765380859375,
    "model.layers.16.self_attn.k_proj": 1258.88720703125,
    "model.layers.16.self_attn.v_proj": 1287.9603271484375,
    "model.layers.16.self_attn.o_proj": 1206.8203125,
    "model.layers.16.mlp.gate_proj": 1230.669189453125,
    "model.layers.16.mlp.up_proj": 1219.813232421875,
    "model.layers.16.mlp.down_proj": 1242.0701904296875,
    "model.layers.17.self_attn.q_proj": 1213.328857421875,
    "model.layers.17.self_attn.k_proj": 1212.904541015625,
    "model.layers.17.self_attn.v_proj": 1279.471923828125,
    "model.layers.17.self_attn.o_proj": 1182.2301025390625,
    "model.layers.17.mlp.gate_proj": 1206.142822265625,
    "model.layers.17.mlp.up_proj": 1238.4830322265625,
    "model.layers.17.mlp.down_proj": 1247.685791015625,
    "model.layers.18.self_attn.q_proj": 1195.1727294921875,
    "model.layers.18.self_attn.k_proj": 1214.6927490234375,
    "model.layers.18.self_attn.v_proj": 1294.3858642578125,
    "model.layers.18.self_attn.o_proj": 1208.182861328125,
    "model.layers.18.mlp.gate_proj": 1198.0999755859375,
    "model.layers.18.mlp.up_proj": 1226.5679931640625,
    "model.layers.18.mlp.down_proj": 1221.18994140625,
    "model.layers.19.self_attn.q_proj": 1237.87109375,
    "model.layers.19.self_attn.k_proj": 1243.7015380859375,
    "model.layers.19.self_attn.v_proj": 1292.1322021484375,
    "model.layers.19.self_attn.o_proj": 1196.75927734375,
    "model.layers.19.mlp.gate_proj": 1210.120849609375,
    "model.layers.19.mlp.up_proj": 1217.0711669921875,
    "model.layers.19.mlp.down_proj": 1243.87353515625,