{
    "model.layers.0.self_attn.q_proj": 1225.4000244140625,
    "model.layers.0.self_attn.k_proj": 1225.4000244140625,
    "model.layers.0.self_attn.v_proj": 1225.4000244140625,
    "model.layers.0.self_attn.o_proj": 1227.760009765625,
    "model.layers.0.mlp.gate_proj": 1221.0140380859375,
    "model.layers.0.mlp.up_proj": 1229.7857666015625,
    "model.layers.0.mlp.down_proj": 1228.645751953125,
    "model.layers.1.self_attn.q_proj": 1230.73046875,
    "model.layers.1.self_attn.k_proj": 1221.75927734375,
    "model.layers.1.self_attn.v_proj": 1233.9141845703125,
    "model.layers.1.self_attn.o_proj": 1230.7904052734375,
    "model.layers.1.mlp.gate_proj": 1233.3441162109375,
    "model.layers.1.mlp.up_proj": 1227.29541015625,
    "model.layers.1.mlp.down_proj": 1235.0096435546875,
    "model.layers.2.self_attn.q_proj": 1228.2784423828125,
    "model.layers.2.self_attn.k_proj": 1211.32470703125,
    "model.layers.2.self_attn.v_proj": 1234.4884033203125,
    "model.layers.2.self_attn.o_proj": 1240.187744140625,
    "model.layers.2.mlp.gate_proj": 1244.037353515625,
    "model.layers.2.mlp.up_proj": 1220.98876953125,
    "model.layers.2.mlp.down_proj": 1201.068115234375,
    "model.layers.3.self_attn.q_proj": 1250.2945556640625,
    "model.layers.3.self_attn.k_proj": 1157.0560302734375,
    "model.layers.3.self_attn.v_proj": 1246.49560546875,
    "model.layers.3.self_attn.o_proj": 1248.45556640625,
    "model.layers.3.mlp.gate_proj": 1221.6358642578125,
    "model.layers.3.mlp.up_proj": 1195.8594970703125,
    "model.layers.3.mlp.down_proj": 1272.208251953125,
    "model.layers.4.self_attn.q_proj": 1196.707275390625,
    "model.layers.4.self_attn.k_proj": 1263.388916015625,
    "model.layers.4.self_attn.v_proj": 1256.256591796875,
    "model.layers.4.self_attn.o_proj": 1220.9376220703125,
    "model.layers.4.mlp.gate_proj": 1203.2415771484375,
    "model.layers.4.mlp.up_proj": 1251.5,
    "model.layers.4.mlp.down_proj": 1242.1695556640625,
    "model.layers.5.self_attn.q_proj": 1215.304443359375,
    "model.layers.5.self_attn.k_proj": 1215.1915283203125,
    "model.layers.5.self_attn.v_proj": 1325.90380859375,
    "model.layers.5.self_attn.o_proj": 1199.1114501953125,
    "model.layers.5.mlp.gate_proj": 1247.2960205078125,
    "model.layers.5.mlp.up_proj": 1218.735107421875,
    "model.layers.5.mlp.down_proj": 1246.0732421875,
    "model.layers.6.self_attn.q_proj": 1195.0819091796875,
    "model.layers.6.self_attn.k_proj": 1226.4337158203125,
    "model.layers.6.self_attn.v_proj": 1243.4278564453125,
    "model.layers.6.self_attn.o_proj": 1190.47314453125,
    "model.layers.6.mlp.gate_proj": 1223.5120849609375,
    "model.layers.6.mlp.up_proj": 1230.404052734375,
    "model.layers.6.mlp.down_proj": 1226.9423828125,
    "model.layers.7.self_attn.q_proj": 1255.4473876953125,
    "model.layers.7.self_attn.k_proj": 1238.9500732421875,
    "model.layers.7.self_attn.v_proj": 1259.2677001953125,
    "model.layers.7.self_attn.o_proj": 1179.60302734375,
    "model.layers.7.mlp.gate_proj": 1253.264892578125,
    "model.layers.7.mlp.up_proj": 1232.1685791015625,
    "model.layers.7.mlp.down_proj": 1213.0220947265625,
    "model.layers.8.self_attn.q_proj": 1214.615966796875,
    "model.layers.8.self_attn.k_proj": 1254.0133056640625,
    "model.layers.8.self_attn.v_proj": 1288.5726318359375,
    "model.layers.8.self_attn.o_proj": 1200.2808837890625,
    "model.layers.8.mlp.gate_proj": 1234.1484375,
    "model.layers.8.mlp.up_proj": 1225.3079833984375,
    "model.layers.8.mlp.down_proj": 1212.5439453125,
    "model.layers.9.self_attn.q_proj": 1226.843994140625,
    "model.layers.9.self_attn.k_proj": 1231.412353515625,
    "model.layers.9.self_attn.v_proj": 1234.63916015625,
    "model.layers.9.self_attn.o_proj": 1215.8214111328125,
    "model.layers.9.mlp.gate_proj": 1212.7598876953125,
    "model.layers.9.mlp.up_proj": 1207.9766845703125,
    "model.layers.9.mlp.down_proj": 1204.7122802734375,
    "model.layers.10.self_attn.q_proj": 1226.6234130859375,
    "model.layers.10.self_attn.k_proj": 1249.8443603515625,
    "model.layers.10.self_attn.v_proj": 1269.7646484375,
    "model.layers.10.self_attn.o_proj": 1262.82470703125,
    "model.layers.10.mlp.gate_proj": 1207.4820556640625,
    "model.layers.10.mlp.up_proj": 1195.9891357421875,
    "model.layers.10.mlp.down_proj": 1251.50244140625,
    "model.layers.11.self_attn.q_proj": 1206.1563720703125,
    "model.layers.11.self_attn.k_proj": 1262.3428955078125,
    "model.layers.11.self_attn.v_proj": 1258.4241943359375,
    "model.layers.11.self_attn.o_proj": 1216.9588623046875,
    "model.layers.11.mlp.gate_proj": 1258.6729736328125,
    "model.layers.11.mlp.up_proj": 1263.6373291015625,
    "model.layers.11.mlp.down_proj": 1219.29833984375,
    "model.layers.12.self_attn.q_proj": 1220.4857177734375,
    "model.layers.12.self_attn.k_proj": 1231.089111328125,
    "model.layers.12.self_attn.v_proj": 1251.123046875,
    "model.layers.12.self_attn.o_proj": 1198.398681640625,
    "model.layers.12.mlp.gate_proj": 1236.81640625,
    "model.layers.12.mlp.up_proj": 1230.6900634765625,
    "model.layers.12.mlp.down_proj": 1239.705810546875,
    "model.layers.13.self_attn.q_proj": 1235.174072265625,
    "model.layers.13.self_attn.k_proj": 1218.3934326171875,
    "model.layers.13.self_attn.v_proj": 1246.0350341796875,
    "model.layers.13.self_attn.o_proj": 1238.84375,
    "model.layers.13.mlp.gate_proj": 1210.4200439453125,
    "model.layers.13.mlp.up_proj": 1237.5062255859375,
    "model.layers.13.mlp.down_proj": 1225.1859130859375,
    "model.layers.14.self_attn.q_proj": 1223.7926025390625,
    "model.layers.14.self_attn.k_proj": 1282.9075927734375,
    "model.layers.14.self_attn.v_proj": 1266.26220703125,
    "model.layers.14.self_attn.o_proj": 1190.0076904296875,
    "model.layers.14.mlp.gate_proj": 1230.197021484375,
    "model.layers.14.mlp.up_proj": 1252.360595703125,
    "model.layers.14.mlp.down_proj": 1236.4295654296875,
    "model.layers.15.self_attn.q_proj": 1237.5650634765625,
    "model.layers.15.self_attn.k_proj": 1207.1168212890625,
    "model.layers.15.self_attn.v_proj": 1262.23779296875,
    "model.layers.15.self_attn.o_proj": 1168.5904541015625,
    "model.layers.15.mlp.gate_proj": 1217.0572509765625,
    "model.layers.15.mlp.up_proj": 1237.8646240234375,
    "model.layers.15.mlp.down_proj": 1231.6181640625,
    "model.layers.16.self_attn.q_proj": 1229.3861083984375,
    "model.layers.16.self_attn.k_proj": 1247.0509033203125,
    "model.layers.16.self_attn.v_proj": 1277.3216552734375,
    "model.layers.16.self_attn.o_proj": 1214.5291748046875,
    "model.layers.16.mlp.gate_proj": 1233.1053466796875,
    "model.layers.16.mlp.up_proj": 1211.198486328125,
    "model.layers.16.mlp.down_proj": 1237.2315673828125,
    "model.layers.17.self_attn.q_proj": 1222.7200927734375,
    "model.layers.17.self_attn.k_proj": 1217.6654052734375,
    "model.layers.17.self_attn.v_proj": 1261.1827392578125,
    "model.layers.17.self_attn.o_proj": 1198.70361328125,
    "model.layers.17.mlp.gate_proj": 1205.7939453125,
    "model.layers.17.mlp.up_proj": 1234.2353515625,
    "model.layers.17.mlp.down_proj": 1247.5926513671875,
    "model.layers.18.self_attn.q_proj": 1198.99267578125,
    "model.layers.18.self_attn.k_proj": 1223.3074951171875,
    "model.layers.18.self_attn.v_proj": 1272.0592041015625,
    "model.layers.18.self_attn.o_proj": 1211.4393310546875,
    "model.layers.18.mlp.gate_proj": 1205.100830078125,
    "model.layers.18.mlp.up_proj": 1235.7044677734375,
    "model.layers.18.mlp.down_proj": 1217.595947265625,
    "model.layers.19.self_attn.q_proj": 1232.881103515625,
    "model.layers.19.self_attn.k_proj": 1239.875244140625,
    "model.layers.19.self_attn.v_proj": 1277.2462158203125,
    "model.layers.19.self_attn.o_proj": 1195.5594482421875,
    "model.layers.19.mlp.gate_proj": 1205.9156494140625,
    "model.layers.19.mlp.up_proj": 1221.0225830078125,
    "model.layers.19.mlp.down_proj": 1239.499755859375,