{
    "model.layers.0.self_attn.q_proj": 1225.7298583984375,
    "model.layers.0.self_attn.k_proj": 1225.7298583984375,
    "model.layers.0.self_attn.v_proj": 1225.7298583984375,
    "model.layers.0.self_attn.o_proj": 1228.4735107421875,
    "model.layers.0.mlp.gate_proj": 1221.2620849609375,
    "model.layers.0.mlp.up_proj": 1230.2225341796875,
    "model.layers.0.mlp.down_proj": 1229.3897705078125,
    "model.layers.1.self_attn.q_proj": 1231.1959228515625,
    "model.layers.1.self_attn.k_proj": 1222.4281005859375,
    "model.layers.1.self_attn.v_proj": 1230.638427734375,
    "model.layers.1.self_attn.o_proj": 1225.715576171875,
    "model.layers.1.mlp.gate_proj": 1233.192138671875,
    "model.layers.1.mlp.up_proj": 1232.566650390625,
    "model.layers.1.mlp.down_proj": 1230.6031494140625,
    "model.layers.2.self_attn.q_proj": 1229.30029296875,
    "model.layers.2.self_attn.k_proj": 1216.446533203125,
    "model.layers.2.self_attn.v_proj": 1240.96728515625,
    "model.layers.2.self_attn.o_proj": 1233.8817138671875,
    "model.layers.2.mlp.gate_proj": 1246.1270751953125,
    "model.layers.2.mlp.up_proj": 1222.129150390625,
    "model.layers.2.mlp.down_proj": 1213.7728271484375,
    "model.layers.3.self_attn.q_proj": 1241.5899658203125,
    "model.layers.3.self_attn.k_proj": 1180.293212890625,
    "model.layers.3.self_attn.v_proj": 1246.205810546875,
    "model.layers.3.self_attn.o_proj": 1239.057861328125,
    "model.layers.3.mlp.gate_proj": 1236.372314453125,
    "model.layers.3.mlp.up_proj": 1205.416259765625,
    "model.layers.3.mlp.down_proj": 1261.5859375,
    "model.layers.4.self_attn.q_proj": 1214.941650390625,
    "model.layers.4.self_attn.k_proj": 1256.15478515625,
    "model.layers.4.self_attn.v_proj": 1235.0186767578125,
    "model.layers.4.self_attn.o_proj": 1217.7208251953125,
    "model.layers.4.mlp.gate_proj": 1228.645751953125,
    "model.layers.4.mlp.up_proj": 1233.5562744140625,
    "model.layers.4.mlp.down_proj": 1236.1302490234375,
    "model.layers.5.self_attn.q_proj": 1235.537109375,
    "model.layers.5.self_attn.k_proj": 1217.39501953125,
    "model.layers.5.self_attn.v_proj": 1281.455078125,
    "model.layers.5.self_attn.o_proj": 1201.8828125,
    "model.layers.5.mlp.gate_proj": 1239.5299072265625,
    "model.layers.5.mlp.up_proj": 1218.7957763671875,
    "model.layers.5.mlp.down_proj": 1236.1072998046875,
    "model.layers.6.self_attn.q_proj": 1207.4197998046875,
    "model.layers.6.self_attn.k_proj": 1231.537353515625,
    "model.layers.6.self_attn.v_proj": 1240.449951171875,
    "model.layers.6.self_attn.o_proj": 1201.53125,
    "model.layers.6.mlp.gate_proj": 1222.8101806640625,
    "model.layers.6.mlp.up_proj": 1229.2606201171875,
    "model.layers.6.mlp.down_proj": 1228.29931640625,
    "model.layers.7.self_attn.q_proj": 1247.11279296875,
    "model.layers.7.self_attn.k_proj": 1229.7926025390625,
    "model.layers.7.self_attn.v_proj": 1242.45703125,
    "model.layers.7.self_attn.o_proj": 1186.96630859375,
    "model.layers.7.mlp.gate_proj": 1249.3453369140625,
    "model.layers.7.mlp.up_proj": 1232.8450927734375,
    "model.layers.7.mlp.down_proj": 1208.669921875,
    "model.layers.8.self_attn.q_proj": 1232.3433837890625,
    "model.layers.8.self_attn.k_proj": 1245.77783203125,
    "model.layers.8.self_attn.v_proj": 1259.70166015625,
    "model.layers.8.self_attn.o_proj": 1207.72509765625,
    "model.layers.8.mlp.gate_proj": 1225.2589111328125,
    "model.layers.8.mlp.up_proj": 1224.699462890625,
    "model.layers.8.mlp.down_proj": 1218.781005859375,
    "model.layers.9.self_attn.q_proj": 1225.9676513671875,
    "model.layers.9.self_attn.k_proj": 1227.541259765625,
    "model.layers.9.self_attn.v_proj": 1237.0025634765625,
    "model.layers.9.self_attn.o_proj": 1219.9461669921875,
    "model.layers.9.mlp.gate_proj": 1204.6251220703125,
    "model.layers.9.mlp.up_proj": 1215.1822509765625,
    "model.layers.9.mlp.down_proj": 1209.4283447265625,
    "model.layers.10.self_attn.q_proj": 1226.48681640625,
    "model.layers.10.self_attn.k_proj": 1234.043701171875,
    "model.layers.10.self_attn.v_proj": 1249.470947265625,
    "model.layers.10.self_attn.o_proj": 1240.9722900390625,
    "model.layers.10.mlp.gate_proj": 1214.0889892578125,
    "model.layers.10.mlp.up_proj": 1198.0059814453125,
    "model.layers.10.mlp.down_proj": 1248.6383056640625,
    "model.layers.11.self_attn.q_proj": 1210.158203125,
    "model.layers.11.self_attn.k_proj": 1250.7823486328125,
    "model.layers.11.self_attn.v_proj": 1249.2369384765625,
    "model.layers.11.self_attn.o_proj": 1211.1580810546875,
    "model.layers.11.mlp.gate_proj": 1253.4564208984375,
    "model.layers.11.mlp.up_proj": 1254.359619140625,
    "model.layers.11.mlp.down_proj": 1229.360107421875,
    "model.layers.12.self_attn.q_proj": 1223.593994140625,
    "model.layers.12.self_attn.k_proj": 1227.16796875,
    "model.layers.12.self_attn.v_proj": 1249.2115478515625,
    "model.layers.12.self_attn.o_proj": 1205.7764892578125,
    "model.layers.12.mlp.gate_proj": 1231.7493896484375,
    "model.layers.12.mlp.up_proj": 1226.2415771484375,
    "model.layers.12.mlp.down_proj": 1230.0257568359375,
    "model.layers.13.self_attn.q_proj": 1234.858642578125,
    "model.layers.13.self_attn.k_proj": 1224.090576171875,
    "model.layers.13.self_attn.v_proj": 1218.12109375,
    "model.layers.13.self_attn.o_proj": 1226.7320556640625,
    "model.layers.13.mlp.gate_proj": 1213.96484375,
    "model.layers.13.mlp.up_proj": 1233.6402587890625,
    "model.layers.13.mlp.down_proj": 1237.855224609375,
    "model.layers.14.self_attn.q_proj": 1228.3846435546875,
    "model.layers.14.self_attn.k_proj": 1261.2822265625,
    "model.layers.14.self_attn.v_proj": 1256.12744140625,
    "model.layers.14.self_attn.o_proj": 1203.556884765625,
    "model.layers.14.mlp.gate_proj": 1232.470947265625,
    "model.layers.14.mlp.up_proj": 1244.20458984375,
    "model.layers.14.mlp.down_proj": 1233.2998046875,
    "model.layers.15.self_attn.q_proj": 1240.3826904296875,
    "model.layers.15.self_attn.k_proj": 1205.1317138671875,
    "model.layers.15.self_attn.v_proj": 1257.3515625,
    "model.layers.15.self_attn.o_proj": 1179.2303466796875,
    "model.layers.15.mlp.gate_proj": 1213.1007080078125,
    "model.layers.15.mlp.up_proj": 1230.0638427734375,
    "model.layers.15.mlp.down_proj": 1231.876708984375,
    "model.layers.16.self_attn.q_proj": 1234.9278564453125,
    "model.layers.16.self_attn.k_proj": 1235.92041015625,
    "model.layers.16.self_attn.v_proj": 1251.0908203125,
    "model.layers.16.self_attn.o_proj": 1226.01904296875,
    "model.layers.16.mlp.gate_proj": 1239.1234130859375,
    "model.layers.16.mlp.up_proj": 1209.896728515625,
    "model.layers.16.mlp.down_proj": 1238.7044677734375,
    "model.layers.17.self_attn.q_proj": 1220.143798828125,
    "model.layers.17.self_attn.k_proj": 1217.830322265625,
    "model.layers.17.self_attn.v_proj": 1245.22802734375,
    "model.layers.17.self_attn.o_proj": 1217.168212890625,
    "model.layers.17.mlp.gate_proj": 1223.343505859375,
    "model.layers.17.mlp.up_proj": 1235.4739990234375,
    "model.layers.17.mlp.down_proj": 1239.6163330078125,
    "model.layers.18.self_attn.q_proj": 1202.9073486328125,
    "model.layers.18.self_attn.k_proj": 1227.5626220703125,
    "model.layers.18.self_attn.v_proj": 1242.708251953125,
    "model.layers.18.self_attn.o_proj": 1215.176025390625,
    "model.layers.18.mlp.gate_proj": 1221.4276123046875,
    "model.layers.18.mlp.up_proj": 1235.7103271484375,
    "model.layers.18.mlp.down_proj": 1219.81884765625,
    "model.layers.19.self_attn.q_proj": 1227.6199951171875,
    "model.layers.19.self_attn.k_proj": 1237.6392822265625,
    "model.layers.19.self_attn.v_proj": 1260.78173828125,
    "model.layers.19.self_attn.o_proj": 1197.8922119140625,
    "model.layers.19.mlp.gate_proj": 1211.1314697265625,
    "model.layers.19.mlp.up_proj": 1219.683837890625,
    "model.layers.19.mlp.down_proj": 1238.3006591796875,