{
    "model.layers.0.self_attn.q_proj": 1226.6668701171875,
    "model.layers.0.self_attn.k_proj": 1226.6668701171875,
    "model.layers.0.self_attn.v_proj": 1226.6668701171875,
    "model.layers.0.self_attn.o_proj": 1228.872802734375,
    "model.layers.0.mlp.gate_proj": 1222.203369140625,
    "model.layers.0.mlp.up_proj": 1231.128173828125,
    "model.layers.0.mlp.down_proj": 1230.8104248046875,
    "model.layers.1.self_attn.q_proj": 1232.1873779296875,
    "model.layers.1.self_attn.k_proj": 1223.17626953125,
    "model.layers.1.self_attn.v_proj": 1233.907470703125,
    "model.layers.1.self_attn.o_proj": 1227.5477294921875,
    "model.layers.1.mlp.gate_proj": 1234.6011962890625,
    "model.layers.1.mlp.up_proj": 1231.9119873046875,
    "model.layers.1.mlp.down_proj": 1231.9564208984375,
    "model.layers.2.self_attn.q_proj": 1229.7664794921875,
    "model.layers.2.self_attn.k_proj": 1214.4134521484375,
    "model.layers.2.self_attn.v_proj": 1237.558837890625,
    "model.layers.2.self_attn.o_proj": 1238.8424072265625,
    "model.layers.2.mlp.gate_proj": 1248.1439208984375,
    "model.layers.2.mlp.up_proj": 1222.3450927734375,
    "model.layers.2.mlp.down_proj": 1213.022216796875,
    "model.layers.3.self_attn.q_proj": 1246.53955078125,
    "model.layers.3.self_attn.k_proj": 1166.1854248046875,
    "model.layers.3.self_attn.v_proj": 1246.1107177734375,
    "model.layers.3.self_attn.o_proj": 1242.2969970703125,
    "model.layers.3.mlp.gate_proj": 1235.536865234375,
    "model.layers.3.mlp.up_proj": 1203.902587890625,
    "model.layers.3.mlp.down_proj": 1270.30126953125,
    "model.layers.4.self_attn.q_proj": 1203.25146484375,
    "model.layers.4.self_attn.k_proj": 1266.431396484375,
    "model.layers.4.self_attn.v_proj": 1242.0325927734375,
    "model.layers.4.self_attn.o_proj": 1220.375732421875,
    "model.layers.4.mlp.gate_proj": 1211.0284423828125,
    "model.layers.4.mlp.up_proj": 1241.099365234375,
    "model.layers.4.mlp.down_proj": 1237.798095703125,
    "model.layers.5.self_attn.q_proj": 1225.0970458984375,
    "model.layers.5.self_attn.k_proj": 1217.226806640625,
    "model.layers.5.self_attn.v_proj": 1309.0975341796875,
    "model.layers.5.self_attn.o_proj": 1198.7620849609375,
    "model.layers.5.mlp.gate_proj": 1243.5513916015625,
    "model.layers.5.mlp.up_proj": 1218.7220458984375,
    "model.layers.5.mlp.down_proj": 1242.8883056640625,
    "model.layers.6.self_attn.q_proj": 1205.891357421875,
    "model.layers.6.self_attn.k_proj": 1231.8426513671875,
    "model.layers.6.self_attn.v_proj": 1242.722900390625,
    "model.layers.6.self_attn.o_proj": 1196.6744384765625,
    "model.layers.6.mlp.gate_proj": 1224.6875,
    "model.layers.6.mlp.up_proj": 1228.7239990234375,
    "model.layers.6.mlp.down_proj": 1224.0858154296875,
    "model.layers.7.self_attn.q_proj": 1253.171875,
    "model.layers.7.self_attn.k_proj": 1237.4716796875,
    "model.layers.7.self_attn.v_proj": 1253.371337890625,
    "model.layers.7.self_attn.o_proj": 1183.760986328125,
    "model.layers.7.mlp.gate_proj": 1253.52880859375,
    "model.layers.7.mlp.up_proj": 1237.06103515625,
    "model.layers.7.mlp.down_proj": 1210.317626953125,
    "model.layers.8.self_attn.q_proj": 1224.2530517578125,
    "model.layers.8.self_attn.k_proj": 1255.0693359375,
    "model.layers.8.self_attn.v_proj": 1277.0048828125,
    "model.layers.8.self_attn.o_proj": 1203.41455078125,
    "model.layers.8.mlp.gate_proj": 1231.2322998046875,
    "model.layers.8.mlp.up_proj": 1227.39892578125,
    "model.layers.8.mlp.down_proj": 1217.6968994140625,
    "model.layers.9.self_attn.q_proj": 1227.256591796875,
    "model.layers.9.self_attn.k_proj": 1231.1202392578125,
    "model.layers.9.self_attn.v_proj": 1234.8082275390625,
    "model.layers.9.self_attn.o_proj": 1214.933349609375,
    "model.layers.9.mlp.gate_proj": 1208.2452392578125,
    "model.layers.9.mlp.up_proj": 1213.8228759765625,
    "model.layers.9.mlp.down_proj": 1208.620361328125,
    "model.layers.10.self_attn.q_proj": 1224.6435546875,
    "model.layers.10.self_attn.k_proj": 1239.240234375,
    "model.layers.10.self_attn.v_proj": 1252.1258544921875,
    "model.layers.10.self_attn.o_proj": 1253.183837890625,
    "model.layers.10.mlp.gate_proj": 1210.197021484375,
    "model.layers.10.mlp.up_proj": 1198.17919921875,
    "model.layers.10.mlp.down_proj": 1249.413330078125,
    "model.layers.11.self_attn.q_proj": 1213.941650390625,
    "model.layers.11.self_attn.k_proj": 1255.7376708984375,
    "model.layers.11.self_attn.v_proj": 1250.99853515625,
    "model.layers.11.self_attn.o_proj": 1217.6566162109375,
    "model.layers.11.mlp.gate_proj": 1261.9266357421875,
    "model.layers.11.mlp.up_proj": 1264.6065673828125,
    "model.layers.11.mlp.down_proj": 1227.091552734375,
    "model.layers.12.self_attn.q_proj": 1222.8011474609375,
    "model.layers.12.self_attn.k_proj": 1230.68505859375,
    "model.layers.12.self_attn.v_proj": 1252.504150390625,
    "model.layers.12.self_attn.o_proj": 1204.4927978515625,
    "model.layers.12.mlp.gate_proj": 1234.659912109375,
    "model.layers.12.mlp.up_proj": 1228.0428466796875,
    "model.layers.12.mlp.down_proj": 1233.494873046875,
    "model.layers.13.self_attn.q_proj": 1232.6744384765625,
    "model.layers.13.self_attn.k_proj": 1220.5042724609375,
    "model.layers.13.self_attn.v_proj": 1229.866943359375,
    "model.layers.13.self_attn.o_proj": 1237.224609375,
    "model.layers.13.mlp.gate_proj": 1211.650146484375,
    "model.layers.13.mlp.up_proj": 1238.4315185546875,
    "model.layers.13.mlp.down_proj": 1229.9935302734375,
    "model.layers.14.self_attn.q_proj": 1230.3704833984375,
    "model.layers.14.self_attn.k_proj": 1274.24267578125,
    "model.layers.14.self_attn.v_proj": 1260.7325439453125,
    "model.layers.14.self_attn.o_proj": 1198.3382568359375,
    "model.layers.14.mlp.gate_proj": 1232.75439453125,
    "model.layers.14.mlp.up_proj": 1250.751953125,
    "model.layers.14.mlp.down_proj": 1240.1553955078125,
    "model.layers.15.self_attn.q_proj": 1242.612060546875,
    "model.layers.15.self_attn.k_proj": 1208.8551025390625,
    "model.layers.15.self_attn.v_proj": 1260.614013671875,
    "model.layers.15.self_attn.o_proj": 1173.38671875,
    "model.layers.15.mlp.gate_proj": 1215.73388671875,
    "model.layers.15.mlp.up_proj": 1235.759521484375,
    "model.layers.15.mlp.down_proj": 1232.804443359375,
    "model.layers.16.self_attn.q_proj": 1234.3289794921875,
    "model.layers.16.self_attn.k_proj": 1238.9530029296875,
    "model.layers.16.self_attn.v_proj": 1265.7923583984375,
    "model.layers.16.self_attn.o_proj": 1220.16162109375,
    "model.layers.16.mlp.gate_proj": 1238.1839599609375,
    "model.layers.16.mlp.up_proj": 1209.63330078125,
    "model.layers.16.mlp.down_proj": 1240.3521728515625,
    "model.layers.17.self_attn.q_proj": 1226.564208984375,
    "model.layers.17.self_attn.k_proj": 1219.567626953125,
    "model.layers.17.self_attn.v_proj": 1250.25244140625,
    "model.layers.17.self_attn.o_proj": 1208.5018310546875,
    "model.layers.17.mlp.gate_proj": 1212.5394287109375,
    "model.layers.17.mlp.up_proj": 1235.6500244140625,
    "model.layers.17.mlp.down_proj": 1242.6290283203125,
    "model.layers.18.self_attn.q_proj": 1204.8629150390625,
    "model.layers.18.self_attn.k_proj": 1226.559814453125,
    "model.layers.18.self_attn.v_proj": 1258.156494140625,
    "model.layers.18.self_attn.o_proj": 1214.2181396484375,
    "model.layers.18.mlp.gate_proj": 1213.856689453125,
    "model.layers.18.mlp.up_proj": 1237.9910888671875,
    "model.layers.18.mlp.down_proj": 1218.308837890625,
    "model.layers.19.self_attn.q_proj": 1226.752685546875,
    "model.layers.19.self_attn.k_proj": 1239.81005859375,
    "model.layers.19.self_attn.v_proj": 1269.0521240234375,
    "model.layers.19.self_attn.o_proj": 1197.6182861328125,
    "model.layers.19.mlp.gate_proj": 1208.7652587890625,
    "model.layers.19.mlp.up_proj": 1221.9556884765625,
    "model.layers.19.mlp.down_proj": 1238.7364501953125,