{
    "model.layers.0.self_attn.q_proj": 1220.5374755859375,
    "model.layers.0.self_attn.k_proj": 1220.5374755859375,
    "model.layers.0.self_attn.v_proj": 1220.5374755859375,
    "model.layers.0.self_attn.o_proj": 1221.3865966796875,
    "model.layers.0.mlp.gate_proj": 1216.700439453125,
    "model.layers.0.mlp.up_proj": 1224.9097900390625,
    "model.layers.0.mlp.down_proj": 1223.5230712890625,
    "model.layers.1.self_attn.q_proj": 1225.3900146484375,
    "model.layers.1.self_attn.k_proj": 1217.4451904296875,
    "model.layers.1.self_attn.v_proj": 1228.94482421875,
    "model.layers.1.self_attn.o_proj": 1227.65869140625,
    "model.layers.1.mlp.gate_proj": 1235.139892578125,
    "model.layers.1.mlp.up_proj": 1229.3699951171875,
    "model.layers.1.mlp.down_proj": 1222.7117919921875,
    "model.layers.2.self_attn.q_proj": 1223.5263671875,
    "model.layers.2.self_attn.k_proj": 1206.4163818359375,
    "model.layers.2.self_attn.v_proj": 1216.431640625,
    "model.layers.2.self_attn.o_proj": 1266.446044921875,
    "model.layers.2.mlp.gate_proj": 1239.3365478515625,
    "model.layers.2.mlp.up_proj": 1195.7071533203125,
    "model.layers.2.mlp.down_proj": 1184.4315185546875,
    "model.layers.3.self_attn.q_proj": 1249.0587158203125,
    "model.layers.3.self_attn.k_proj": 1174.642578125,
    "model.layers.3.self_attn.v_proj": 1283.9283447265625,
    "model.layers.3.self_attn.o_proj": 1220.7186279296875,
    "model.layers.3.mlp.gate_proj": 1209.8817138671875,
    "model.layers.3.mlp.up_proj": 1173.5804443359375,
    "model.layers.3.mlp.down_proj": 1278.93408203125,
    "model.layers.4.self_attn.q_proj": 1188.1556396484375,
    "model.layers.4.self_attn.k_proj": 1234.1768798828125,
    "model.layers.4.self_attn.v_proj": 1328.5660400390625,
    "model.layers.4.self_attn.o_proj": 1209.73046875,
    "model.layers.4.mlp.gate_proj": 1194.256103515625,
    "model.layers.4.mlp.up_proj": 1258.52587890625,
    "model.layers.4.mlp.down_proj": 1215.3890380859375,
    "model.layers.5.self_attn.q_proj": 1228.048095703125,
    "model.layers.5.self_attn.k_proj": 1216.6064453125,
    "model.layers.5.self_attn.v_proj": 1329.2711181640625,
    "model.layers.5.self_attn.o_proj": 1201.751220703125,
    "model.layers.5.mlp.gate_proj": 1237.5582275390625,
    "model.layers.5.mlp.up_proj": 1215.5814208984375,
    "model.layers.5.mlp.down_proj": 1245.2515869140625,
    "model.layers.6.self_attn.q_proj": 1175.714599609375,
    "model.layers.6.self_attn.k_proj": 1201.5653076171875,
    "model.layers.6.self_attn.v_proj": 1278.2890625,
    "model.layers.6.self_attn.o_proj": 1165.254150390625,
    "model.layers.6.mlp.gate_proj": 1230.893798828125,
    "model.layers.6.mlp.up_proj": 1240.0306396484375,
    "model.layers.6.mlp.down_proj": 1211.2572021484375,
    "model.layers.7.self_attn.q_proj": 1256.476806640625,
    "model.layers.7.self_attn.k_proj": 1240.251953125,
    "model.layers.7.self_attn.v_proj": 1335.286865234375,
    "model.layers.7.self_attn.o_proj": 1154.1890869140625,
    "model.layers.7.mlp.gate_proj": 1231.6444091796875,
    "model.layers.7.mlp.up_proj": 1221.6285400390625,
    "model.layers.7.mlp.down_proj": 1214.466552734375,
    "model.layers.8.self_attn.q_proj": 1213.4951171875,
    "model.layers.8.self_attn.k_proj": 1262.9622802734375,
    "model.layers.8.self_attn.v_proj": 1304.1444091796875,
    "model.layers.8.self_attn.o_proj": 1168.1103515625,
    "model.layers.8.mlp.gate_proj": 1236.916015625,
    "model.layers.8.mlp.up_proj": 1217.504638671875,
    "model.layers.8.mlp.down_proj": 1251.6590576171875,
    "model.layers.9.self_attn.q_proj": 1225.618896484375,
    "model.layers.9.self_attn.k_proj": 1239.1336669921875,
    "model.layers.9.self_attn.v_proj": 1269.4932861328125,
    "model.layers.9.self_attn.o_proj": 1187.15185546875,
    "model.layers.9.mlp.gate_proj": 1203.7679443359375,
    "model.layers.9.mlp.up_proj": 1218.4093017578125,
    "model.layers.9.mlp.down_proj": 1194.2666015625,
    "model.layers.10.self_attn.q_proj": 1233.596923828125,
    "model.layers.10.self_attn.k_proj": 1254.7139892578125,
    "model.layers.10.self_attn.v_proj": 1272.42138671875,
    "model.layers.10.self_attn.o_proj": 1283.0421142578125,
    "model.layers.10.mlp.gate_proj": 1203.0020751953125,
    "model.layers.10.mlp.up_proj": 1207.0048828125,
    "model.layers.10.mlp.down_proj": 1244.7147216796875,
    "model.layers.11.self_attn.q_proj": 1174.3223876953125,
    "model.layers.11.self_attn.k_proj": 1291.998779296875,
    "model.layers.11.self_attn.v_proj": 1290.5740966796875,
    "model.layers.11.self_attn.o_proj": 1179.4586181640625,
    "model.layers.11.mlp.gate_proj": 1261.871826171875,
    "model.layers.11.mlp.up_proj": 1266.1968994140625,
    "model.layers.11.mlp.down_proj": 1220.923583984375,
    "model.layers.12.self_attn.q_proj": 1202.7662353515625,
    "model.layers.12.self_attn.k_proj": 1230.75390625,
    "model.layers.12.self_attn.v_proj": 1287.640380859375,
    "model.layers.12.self_attn.o_proj": 1159.7320556640625,
    "model.layers.12.mlp.gate_proj": 1233.8726806640625,
    "model.layers.12.mlp.up_proj": 1225.34228515625,
    "model.layers.12.mlp.down_proj": 1241.7674560546875,
    "model.layers.13.self_attn.q_proj": 1221.2772216796875,
    "model.layers.13.self_attn.k_proj": 1214.380126953125,
    "model.layers.13.self_attn.v_proj": 1288.3289794921875,
    "model.layers.13.self_attn.o_proj": 1237.1881103515625,
    "model.layers.13.mlp.gate_proj": 1203.1505126953125,
    "model.layers.13.mlp.up_proj": 1239.5849609375,
    "model.layers.13.mlp.down_proj": 1185.87060546875,
    "model.layers.14.self_attn.q_proj": 1213.227294921875,
    "model.layers.14.self_attn.k_proj": 1295.303466796875,
    "model.layers.14.self_attn.v_proj": 1285.606201171875,
    "model.layers.14.self_attn.o_proj": 1175.1204833984375,
    "model.layers.14.mlp.gate_proj": 1225.5299072265625,
    "model.layers.14.mlp.up_proj": 1252.804931640625,
    "model.layers.14.mlp.down_proj": 1219.5030517578125,
    "model.layers.15.self_attn.q_proj": 1233.102294921875,
    "model.layers.15.self_attn.k_proj": 1181.2060546875,
    "model.layers.15.self_attn.v_proj": 1297.3197021484375,
    "model.layers.15.self_attn.o_proj": 1110.11376953125,
    "model.layers.15.mlp.gate_proj": 1214.6387939453125,
    "model.layers.15.mlp.up_proj": 1240.130126953125,
    "model.layers.15.mlp.down_proj": 1238.0771484375,
    "model.layers.16.self_attn.q_proj": 1200.5296630859375,
    "model.layers.16.self_attn.k_proj": 1272.364501953125,
    "model.layers.16.self_attn.v_proj": 1318.1826171875,
    "model.layers.16.self_attn.o_proj": 1196.080322265625,
    "model.layers.16.mlp.gate_proj": 1228.173583984375,
    "model.layers.16.mlp.up_proj": 1221.643310546875,
    "model.layers.16.mlp.down_proj": 1244.54345703125,
    "model.layers.17.self_attn.q_proj": 1203.897705078125,
    "model.layers.17.self_attn.k_proj": 1209.6734619140625,
    "model.layers.17.self_attn.v_proj": 1304.3760986328125,
    "model.layers.17.self_attn.o_proj": 1174.4710693359375,
    "model.layers.17.mlp.gate_proj": 1200.0118408203125,
    "model.layers.17.mlp.up_proj": 1231.34423828125,
    "model.layers.17.mlp.down_proj": 1255.552978515625,
    "model.layers.18.self_attn.q_proj": 1188.382568359375,
    "model.layers.18.self_attn.k_proj": 1201.9442138671875,
    "model.layers.18.self_attn.v_proj": 1305.0235595703125,
    "model.layers.18.self_attn.o_proj": 1195.6676025390625,
    "model.layers.18.mlp.gate_proj": 1192.605224609375,
    "model.layers.18.mlp.up_proj": 1218.8614501953125,
    "model.layers.18.mlp.down_proj": 1214.4779052734375,
    "model.layers.19.self_attn.q_proj": 1234.072998046875,
    "model.layers.19.self_attn.k_proj": 1241.6962890625,
    "model.layers.19.self_attn.v_proj": 1308.2139892578125,
    "model.layers.19.self_attn.o_proj": 1186.724609375,
    "model.layers.19.mlp.gate_proj": 1196.8824462890625,
    "model.layers.19.mlp.up_proj": 1203.6478271484375,
    "model.layers.19.mlp.down_proj": 1247.2523193359375,