{
    "model.layers.0.self_attn.q_proj": 1226.15576171875,
    "model.layers.0.self_attn.k_proj": 1226.15576171875,
    "model.layers.0.self_attn.v_proj": 1226.15576171875,
    "model.layers.0.self_attn.o_proj": 1229.6370849609375,
    "model.layers.0.mlp.gate_proj": 1221.7080078125,
    "model.layers.0.mlp.up_proj": 1230.7216796875,
    "model.layers.0.mlp.down_proj": 1229.7752685546875,
    "model.layers.1.self_attn.q_proj": 1231.5294189453125,
    "model.layers.1.self_attn.k_proj": 1222.785888671875,
    "model.layers.1.self_attn.v_proj": 1231.3787841796875,
    "model.layers.1.self_attn.o_proj": 1224.4049072265625,
    "model.layers.1.mlp.gate_proj": 1231.5887451171875,
    "model.layers.1.mlp.up_proj": 1232.8604736328125,
    "model.layers.1.mlp.down_proj": 1230.86572265625,
    "model.layers.2.self_attn.q_proj": 1231.093505859375,
    "model.layers.2.self_attn.k_proj": 1218.869384765625,
    "model.layers.2.self_attn.v_proj": 1244.9639892578125,
    "model.layers.2.self_attn.o_proj": 1233.7825927734375,
    "model.layers.2.mlp.gate_proj": 1242.22705078125,
    "model.layers.2.mlp.up_proj": 1224.613037109375,
    "model.layers.2.mlp.down_proj": 1206.946533203125,
    "model.layers.3.self_attn.q_proj": 1235.853759765625,
    "model.layers.3.self_attn.k_proj": 1200.95361328125,
    "model.layers.3.self_attn.v_proj": 1246.46728515625,
    "model.layers.3.self_attn.o_proj": 1238.212890625,
    "model.layers.3.mlp.gate_proj": 1236.8555908203125,
    "model.layers.3.mlp.up_proj": 1207.8853759765625,
    "model.layers.3.mlp.down_proj": 1252.3656005859375,
    "model.layers.4.self_attn.q_proj": 1223.7945556640625,
    "model.layers.4.self_attn.k_proj": 1236.7139892578125,
    "model.layers.4.self_attn.v_proj": 1231.7215576171875,
    "model.layers.4.self_attn.o_proj": 1217.2044677734375,
    "model.layers.4.mlp.gate_proj": 1231.7879638671875,
    "model.layers.4.mlp.up_proj": 1231.062255859375,
    "model.layers.4.mlp.down_proj": 1234.634765625,
    "model.layers.5.self_attn.q_proj": 1237.6480712890625,
    "model.layers.5.self_attn.k_proj": 1229.1607666015625,
    "model.layers.5.self_attn.v_proj": 1260.2298583984375,
    "model.layers.5.self_attn.o_proj": 1206.0928955078125,
    "model.layers.5.mlp.gate_proj": 1237.1959228515625,
    "model.layers.5.mlp.up_proj": 1224.67333984375,
    "model.layers.5.mlp.down_proj": 1233.8216552734375,
    "model.layers.6.self_attn.q_proj": 1209.5863037109375,
    "model.layers.6.self_attn.k_proj": 1227.3048095703125,
    "model.layers.6.self_attn.v_proj": 1236.7557373046875,
    "model.layers.6.self_attn.o_proj": 1213.73486328125,
    "model.layers.6.mlp.gate_proj": 1217.570068359375,
    "model.layers.6.mlp.up_proj": 1226.6129150390625,
    "model.layers.6.mlp.down_proj": 1233.334716796875,
    "model.layers.7.self_attn.q_proj": 1236.0850830078125,
    "model.layers.7.self_attn.k_proj": 1225.959228515625,
    "model.layers.7.self_attn.v_proj": 1239.2200927734375,
    "model.layers.7.self_attn.o_proj": 1193.3839111328125,
    "model.layers.7.mlp.gate_proj": 1241.4442138671875,
    "model.layers.7.mlp.up_proj": 1237.55810546875,
    "model.layers.7.mlp.down_proj": 1210.561279296875,
    "model.layers.8.self_attn.q_proj": 1233.3265380859375,
    "model.layers.8.self_attn.k_proj": 1232.9232177734375,
    "model.layers.8.self_attn.v_proj": 1251.375244140625,
    "model.layers.8.self_attn.o_proj": 1218.5968017578125,
    "model.layers.8.mlp.gate_proj": 1224.6612548828125,
    "model.layers.8.mlp.up_proj": 1223.8465576171875,
    "model.layers.8.mlp.down_proj": 1222.42236328125,
    "model.layers.9.self_attn.q_proj": 1228.7283935546875,
    "model.layers.9.self_attn.k_proj": 1230.829833984375,
    "model.layers.9.self_attn.v_proj": 1237.2950439453125,
    "model.layers.9.self_attn.o_proj": 1224.3670654296875,
    "model.layers.9.mlp.gate_proj": 1211.7752685546875,
    "model.layers.9.mlp.up_proj": 1215.52685546875,
    "model.layers.9.mlp.down_proj": 1206.213134765625,
    "model.layers.10.self_attn.q_proj": 1229.6912841796875,
    "model.layers.10.self_attn.k_proj": 1228.609375,
    "model.layers.10.self_attn.v_proj": 1242.6868896484375,
    "model.layers.10.self_attn.o_proj": 1230.149169921875,
    "model.layers.10.mlp.gate_proj": 1212.3402099609375,
    "model.layers.10.mlp.up_proj": 1193.5279541015625,
    "model.layers.10.mlp.down_proj": 1247.03759765625,
    "model.layers.11.self_attn.q_proj": 1212.6129150390625,
    "model.layers.11.self_attn.k_proj": 1238.75048828125,
    "model.layers.11.self_attn.v_proj": 1236.116455078125,
    "model.layers.11.self_attn.o_proj": 1210.3052978515625,
    "model.layers.11.mlp.gate_proj": 1243.1629638671875,
    "model.layers.11.mlp.up_proj": 1240.9903564453125,
    "model.layers.11.mlp.down_proj": 1234.565185546875,
    "model.layers.12.self_attn.q_proj": 1232.074462890625,
    "model.layers.12.self_attn.k_proj": 1227.8634033203125,
    "model.layers.12.self_attn.v_proj": 1250.6781005859375,
    "model.layers.12.self_attn.o_proj": 1211.40576171875,
    "model.layers.12.mlp.gate_proj": 1226.30908203125,
    "model.layers.12.mlp.up_proj": 1228.1671142578125,
    "model.layers.12.mlp.down_proj": 1229.7100830078125,
    "model.layers.13.self_attn.q_proj": 1236.5908203125,
    "model.layers.13.self_attn.k_proj": 1234.966796875,
    "model.layers.13.self_attn.v_proj": 1212.0164794921875,
    "model.layers.13.self_attn.o_proj": 1231.3673095703125,
    "model.layers.13.mlp.gate_proj": 1219.8704833984375,
    "model.layers.13.mlp.up_proj": 1226.3992919921875,
    "model.layers.13.mlp.down_proj": 1235.583251953125,
    "model.layers.14.self_attn.q_proj": 1228.8372802734375,
    "model.layers.14.self_attn.k_proj": 1243.0458984375,
    "model.layers.14.self_attn.v_proj": 1250.43408203125,
    "model.layers.14.self_attn.o_proj": 1211.9608154296875,
    "model.layers.14.mlp.gate_proj": 1232.51904296875,
    "model.layers.14.mlp.up_proj": 1229.933837890625,
    "model.layers.14.mlp.down_proj": 1230.6075439453125,
    "model.layers.15.self_attn.q_proj": 1240.673095703125,
    "model.layers.15.self_attn.k_proj": 1206.9259033203125,
    "model.layers.15.self_attn.v_proj": 1254.1787109375,
    "model.layers.15.self_attn.o_proj": 1199.1881103515625,
    "model.layers.15.mlp.gate_proj": 1214.458740234375,
    "model.layers.15.mlp.up_proj": 1229.34912109375,
    "model.layers.15.mlp.down_proj": 1235.3572998046875,
    "model.layers.16.self_attn.q_proj": 1236.943359375,
    "model.layers.16.self_attn.k_proj": 1236.5732421875,
    "model.layers.16.self_attn.v_proj": 1246.5703125,
    "model.layers.16.self_attn.o_proj": 1228.3291015625,
    "model.layers.16.mlp.gate_proj": 1233.5960693359375,
    "model.layers.16.mlp.up_proj": 1214.578369140625,
    "model.layers.16.mlp.down_proj": 1228.58203125,
    "model.layers.17.self_attn.q_proj": 1217.5198974609375,
    "model.layers.17.self_attn.k_proj": 1212.6962890625,
    "model.layers.17.self_attn.v_proj": 1242.6883544921875,
    "model.layers.17.self_attn.o_proj": 1224.3106689453125,
    "model.layers.17.mlp.gate_proj": 1222.7562255859375,
    "model.layers.17.mlp.up_proj": 1235.7734375,
    "model.layers.17.mlp.down_proj": 1233.514404296875,
    "model.layers.18.self_attn.q_proj": 1207.7288818359375,
    "model.layers.18.self_attn.k_proj": 1225.2620849609375,
    "model.layers.18.self_attn.v_proj": 1237.6414794921875,
    "model.layers.18.self_attn.o_proj": 1219.783935546875,
    "model.layers.18.mlp.gate_proj": 1221.565185546875,
    "model.layers.18.mlp.up_proj": 1230.035400390625,
    "model.layers.18.mlp.down_proj": 1221.8497314453125,
    "model.layers.19.self_attn.q_proj": 1230.1436767578125,
    "model.layers.19.self_attn.k_proj": 1234.697998046875,
    "model.layers.19.self_attn.v_proj": 1245.8045654296875,
    "model.layers.19.self_attn.o_proj": 1208.128173828125,
    "model.layers.19.mlp.gate_proj": 1213.5699462890625,
    "model.layers.19.mlp.up_proj": 1223.46875,
    "model.layers.19.mlp.down_proj": 1238.544189453125,