{
    "model.layers.0.self_attn.q_proj": 1221.6678466796875,
    "model.layers.0.self_attn.k_proj": 1221.6678466796875,
    "model.layers.0.self_attn.v_proj": 1221.6678466796875,
    "model.layers.0.self_attn.o_proj": 1221.4130859375,
    "model.layers.0.mlp.gate_proj": 1218.0067138671875,
    "model.layers.0.mlp.up_proj": 1225.6475830078125,
    "model.layers.0.mlp.down_proj": 1224.2310791015625,
    "model.layers.1.self_attn.q_proj": 1226.4796142578125,
    "model.layers.1.self_attn.k_proj": 1218.344970703125,
    "model.layers.1.self_attn.v_proj": 1230.3072509765625,
    "model.layers.1.self_attn.o_proj": 1238.7740478515625,
    "model.layers.1.mlp.gate_proj": 1237.6112060546875,
    "model.layers.1.mlp.up_proj": 1235.4522705078125,
    "model.layers.1.mlp.down_proj": 1229.378662109375,
    "model.layers.2.self_attn.q_proj": 1224.890380859375,
    "model.layers.2.self_attn.k_proj": 1207.220947265625,
    "model.layers.2.self_attn.v_proj": 1218.62109375,
    "model.layers.2.self_attn.o_proj": 1269.7777099609375,
    "model.layers.2.mlp.gate_proj": 1239.1220703125,
    "model.layers.2.mlp.up_proj": 1187.0159912109375,
    "model.layers.2.mlp.down_proj": 1185.7664794921875,
    "model.layers.3.self_attn.q_proj": 1246.7611083984375,
    "model.layers.3.self_attn.k_proj": 1177.962158203125,
    "model.layers.3.self_attn.v_proj": 1315.1146240234375,
    "model.layers.3.self_attn.o_proj": 1224.7806396484375,
    "model.layers.3.mlp.gate_proj": 1215.3619384765625,
    "model.layers.3.mlp.up_proj": 1176.2652587890625,
    "model.layers.3.mlp.down_proj": 1272.99169921875,
    "model.layers.4.self_attn.q_proj": 1186.6365966796875,
    "model.layers.4.self_attn.k_proj": 1234.0848388671875,
    "model.layers.4.self_attn.v_proj": 1345.8463134765625,
    "model.layers.4.self_attn.o_proj": 1199.2681884765625,
    "model.layers.4.mlp.gate_proj": 1197.9381103515625,
    "model.layers.4.mlp.up_proj": 1253.14013671875,
    "model.layers.4.mlp.down_proj": 1209.9505615234375,
    "model.layers.5.self_attn.q_proj": 1235.3233642578125,
    "model.layers.5.self_attn.k_proj": 1206.36328125,
    "model.layers.5.self_attn.v_proj": 1348.332275390625,
    "model.layers.5.self_attn.o_proj": 1218.39892578125,
    "model.layers.5.mlp.gate_proj": 1240.0194091796875,
    "model.layers.5.mlp.up_proj": 1211.43359375,
    "model.layers.5.mlp.down_proj": 1255.0177001953125,
    "model.layers.6.self_attn.q_proj": 1178.536865234375,
    "model.layers.6.self_attn.k_proj": 1204.5921630859375,
    "model.layers.6.self_attn.v_proj": 1304.824951171875,
    "model.layers.6.self_attn.o_proj": 1165.2823486328125,
    "model.layers.6.mlp.gate_proj": 1225.6112060546875,
    "model.layers.6.mlp.up_proj": 1245.7923583984375,
    "model.layers.6.mlp.down_proj": 1218.0174560546875,
    "model.layers.7.self_attn.q_proj": 1259.9930419921875,
    "model.layers.7.self_attn.k_proj": 1238.3218994140625,
    "model.layers.7.self_attn.v_proj": 1350.3021240234375,
    "model.layers.7.self_attn.o_proj": 1170.0787353515625,
    "model.layers.7.mlp.gate_proj": 1235.3294677734375,
    "model.layers.7.mlp.up_proj": 1205.271728515625,
    "model.layers.7.mlp.down_proj": 1212.6724853515625,
    "model.layers.8.self_attn.q_proj": 1213.3536376953125,
    "model.layers.8.self_attn.k_proj": 1264.9722900390625,
    "model.layers.8.self_attn.v_proj": 1316.69189453125,
    "model.layers.8.self_attn.o_proj": 1151.4168701171875,
    "model.layers.8.mlp.gate_proj": 1243.5582275390625,
    "model.layers.8.mlp.up_proj": 1212.8831787109375,
    "model.layers.8.mlp.down_proj": 1255.454833984375,
    "model.layers.9.self_attn.q_proj": 1229.8359375,
    "model.layers.9.self_attn.k_proj": 1232.5059814453125,
    "model.layers.9.self_attn.v_proj": 1270.7518310546875,
    "model.layers.9.self_attn.o_proj": 1172.2340087890625,
    "model.layers.9.mlp.gate_proj": 1203.25439453125,
    "model.layers.9.mlp.up_proj": 1216.522216796875,
    "model.layers.9.mlp.down_proj": 1210.8043212890625,
    "model.layers.10.self_attn.q_proj": 1249.7774658203125,
    "model.layers.10.self_attn.k_proj": 1255.9024658203125,
    "model.layers.10.self_attn.v_proj": 1284.252685546875,
    "model.layers.10.self_attn.o_proj": 1293.6842041015625,
    "model.layers.10.mlp.gate_proj": 1211.26611328125,
    "model.layers.10.mlp.up_proj": 1220.0296630859375,
    "model.layers.10.mlp.down_proj": 1251.01611328125,
    "model.layers.11.self_attn.q_proj": 1168.452880859375,
    "model.layers.11.self_attn.k_proj": 1316.0982666015625,
    "model.layers.11.self_attn.v_proj": 1301.5308837890625,
    "model.layers.11.self_attn.o_proj": 1179.5850830078125,
    "model.layers.11.mlp.gate_proj": 1267.2906494140625,
    "model.layers.11.mlp.up_proj": 1257.3707275390625,
    "model.layers.11.mlp.down_proj": 1236.916748046875,
    "model.layers.12.self_attn.q_proj": 1197.017333984375,
    "model.layers.12.self_attn.k_proj": 1235.910888671875,
    "model.layers.12.self_attn.v_proj": 1304.1231689453125,
    "model.layers.12.self_attn.o_proj": 1140.64208984375,
    "model.layers.12.mlp.gate_proj": 1237.944091796875,
    "model.layers.12.mlp.up_proj": 1239.973876953125,
    "model.layers.12.mlp.down_proj": 1243.67578125,
    "model.layers.13.self_attn.q_proj": 1213.2359619140625,
    "model.layers.13.self_attn.k_proj": 1227.051025390625,
    "model.layers.13.self_attn.v_proj": 1314.585205078125,
    "model.layers.13.self_attn.o_proj": 1243.8834228515625,
    "model.layers.13.mlp.gate_proj": 1205.60009765625,
    "model.layers.13.mlp.up_proj": 1254.4786376953125,
    "model.layers.13.mlp.down_proj": 1185.86767578125,
    "model.layers.14.self_attn.q_proj": 1210.648193359375,
    "model.layers.14.self_attn.k_proj": 1303.94775390625,
    "model.layers.14.self_attn.v_proj": 1293.6470947265625,
    "model.layers.14.self_attn.o_proj": 1180.4658203125,
    "model.layers.14.mlp.gate_proj": 1226.412109375,
    "model.layers.14.mlp.up_proj": 1247.3123779296875,
    "model.layers.14.mlp.down_proj": 1217.33349609375,
    "model.layers.15.self_attn.q_proj": 1228.86279296875,
    "model.layers.15.self_attn.k_proj": 1172.2677001953125,
    "model.layers.15.self_attn.v_proj": 1335.0361328125,
    "model.layers.15.self_attn.o_proj": 1076.0283203125,
    "model.layers.15.mlp.gate_proj": 1225.802001953125,
    "model.layers.15.mlp.up_proj": 1238.2003173828125,
    "model.layers.15.mlp.down_proj": 1256.73974609375,
    "model.layers.16.self_attn.q_proj": 1193.8775634765625,
    "model.layers.16.self_attn.k_proj": 1278.7105712890625,
    "model.layers.16.self_attn.v_proj": 1328.2625732421875,
    "model.layers.16.self_attn.o_proj": 1188.19189453125,
    "model.layers.16.mlp.gate_proj": 1217.7374267578125,
    "model.layers.16.mlp.up_proj": 1213.9268798828125,
    "model.layers.16.mlp.down_proj": 1245.7794189453125,
    "model.layers.17.self_attn.q_proj": 1202.49755859375,
    "model.layers.17.self_attn.k_proj": 1212.3509521484375,
    "model.layers.17.self_attn.v_proj": 1331.2283935546875,
    "model.layers.17.self_attn.o_proj": 1169.931396484375,
    "model.layers.17.mlp.gate_proj": 1187.6546630859375,
    "model.layers.17.mlp.up_proj": 1227.977783203125,
    "model.layers.17.mlp.down_proj": 1258.1177978515625,
    "model.layers.18.self_attn.q_proj": 1182.56396484375,
    "model.layers.18.self_attn.k_proj": 1204.34130859375,
    "model.layers.18.self_attn.v_proj": 1325.0042724609375,
    "model.layers.18.self_attn.o_proj": 1171.8388671875,
    "model.layers.18.mlp.gate_proj": 1185.41943359375,
    "model.layers.18.mlp.up_proj": 1226.2310791015625,
    "model.layers.18.mlp.down_proj": 1203.2919921875,
    "model.layers.19.self_attn.q_proj": 1240.3836669921875,
    "model.layers.19.self_attn.k_proj": 1239.9024658203125,
    "model.layers.19.self_attn.v_proj": 1313.503662109375,
    "model.layers.19.self_attn.o_proj": 1175.005126953125,
    "model.layers.19.mlp.gate_proj": 1191.2442626953125,
    "model.layers.19.mlp.up_proj": 1197.1982421875,
    "model.layers.19.mlp.down_proj": 1244.57666015625,