{
    "model.layers.0.self_attn.q_proj": 818.2459716796875,
    "model.layers.0.self_attn.k_proj": 818.2799682617188,
    "model.layers.0.self_attn.v_proj": 817.9411010742188,
    "model.layers.0.self_attn.o_proj": 812.4521484375,
    "model.layers.0.mlp.gate_proj": 824.126220703125,
    "model.layers.0.mlp.up_proj": 830.5059814453125,
    "model.layers.0.mlp.down_proj": 820.224365234375,
    "model.layers.1.self_attn.q_proj": 827.8314208984375,
    "model.layers.1.self_attn.k_proj": 805.455810546875,
    "model.layers.1.self_attn.v_proj": 798.3724975585938,
    "model.layers.1.self_attn.o_proj": 818.4720458984375,
    "model.layers.1.mlp.gate_proj": 826.7887573242188,
    "model.layers.1.mlp.up_proj": 805.32763671875,
    "model.layers.1.mlp.down_proj": 827.6102294921875,
    "model.layers.2.self_attn.q_proj": 804.451904296875,
    "model.layers.2.self_attn.k_proj": 814.0635375976562,
    "model.layers.2.self_attn.v_proj": 820.8545532226562,
    "model.layers.2.self_attn.o_proj": 829.9982299804688,
    "model.layers.2.mlp.gate_proj": 816.8840942382812,
    "model.layers.2.mlp.up_proj": 813.7128295898438,
    "model.layers.2.mlp.down_proj": 812.1478881835938,
    "model.layers.3.self_attn.q_proj": 812.8671264648438,
    "model.layers.3.self_attn.k_proj": 817.0549926757812,
    "model.layers.3.self_attn.v_proj": 815.2356567382812,
    "model.layers.3.self_attn.o_proj": 816.1126708984375,
    "model.layers.3.mlp.gate_proj": 820.2216186523438,
    "model.layers.3.mlp.up_proj": 821.2745361328125,
    "model.layers.3.mlp.down_proj": 819.781005859375,
    "model.layers.4.self_attn.q_proj": 820.8833618164062,
    "model.layers.4.self_attn.k_proj": 814.5731201171875,
    "model.layers.4.self_attn.v_proj": 838.081787109375,
    "model.layers.4.self_attn.o_proj": 806.230712890625,
    "model.layers.4.mlp.gate_proj": 814.4243774414062,
    "model.layers.4.mlp.up_proj": 823.5045166015625,
    "model.layers.4.mlp.down_proj": 817.1254272460938,
    "model.layers.5.self_attn.q_proj": 830.4803466796875,
    "model.layers.5.self_attn.k_proj": 817.0782470703125,
    "model.layers.5.self_attn.v_proj": 816.089599609375,
    "model.layers.5.self_attn.o_proj": 804.1060791015625,
    "model.layers.5.mlp.gate_proj": 827.7117309570312,
    "model.layers.5.mlp.up_proj": 836.5952758789062,
    "model.layers.5.mlp.down_proj": 828.3026733398438,
    "model.layers.6.self_attn.q_proj": 807.6600341796875,
    "model.layers.6.self_attn.k_proj": 814.6840209960938,
    "model.layers.6.self_attn.v_proj": 822.8909912109375,
    "model.layers.6.self_attn.o_proj": 809.8131713867188,
    "model.layers.6.mlp.gate_proj": 812.14697265625,
    "model.layers.6.mlp.up_proj": 811.2041625976562,
    "model.layers.6.mlp.down_proj": 819.5348510742188,
    "model.layers.7.self_attn.q_proj": 814.4772338867188,
    "model.layers.7.self_attn.k_proj": 831.4027099609375,
    "model.layers.7.self_attn.v_proj": 821.9363403320312,
    "model.layers.7.self_attn.o_proj": 808.8598022460938,
    "model.layers.7.mlp.gate_proj": 828.5873413085938,
    "model.layers.7.mlp.up_proj": 830.7340087890625,
    "model.layers.7.mlp.down_proj": 827.4215698242188,
    "model.layers.8.self_attn.q_proj": 818.8588256835938,
    "model.layers.8.self_attn.k_proj": 819.9720458984375,
    "model.layers.8.self_attn.v_proj": 833.1970825195312,
    "model.layers.8.self_attn.o_proj": 814.3338623046875,
    "model.layers.8.mlp.gate_proj": 816.385498046875,
    "model.layers.8.mlp.up_proj": 829.6422119140625,
    "model.layers.8.mlp.down_proj": 831.4451293945312,
    "model.layers.9.self_attn.q_proj": 813.5541381835938,
    "model.layers.9.self_attn.k_proj": 833.130859375,
    "model.layers.9.self_attn.v_proj": 832.6572265625,
    "model.layers.9.self_attn.o_proj": 831.4822387695312,
    "model.layers.9.mlp.gate_proj": 836.6986083984375,
    "model.layers.9.mlp.up_proj": 828.9647216796875,
    "model.layers.9.mlp.down_proj": 814.1823120117188,
    "model.layers.10.self_attn.q_proj": 825.7875366210938,
    "model.layers.10.self_attn.k_proj": 833.292724609375,
    "model.layers.10.self_attn.v_proj": 815.73095703125,
    "model.layers.10.self_attn.o_proj": 812.9745483398438,
    "model.layers.10.mlp.gate_proj": 822.1732177734375,
    "model.layers.10.mlp.up_proj": 815.2060546875,
    "model.layers.10.mlp.down_proj": 838.2400512695312,
    "model.layers.11.self_attn.q_proj": 811.5516967773438,
    "model.layers.11.self_attn.k_proj": 811.0304565429688,
    "model.layers.11.self_attn.v_proj": 831.60546875,
    "model.layers.11.self_attn.o_proj": 809.9730834960938,
    "model.layers.11.mlp.gate_proj": 827.3732299804688,
    "model.layers.11.mlp.up_proj": 825.9102783203125,
    "model.layers.11.mlp.down_proj": 813.1216430664062,
    "model.layers.12.self_attn.q_proj": 812.5507202148438,
    "model.layers.12.self_attn.k_proj": 814.1573486328125,
    "model.layers.12.self_attn.v_proj": 821.01708984375,
    "model.layers.12.self_attn.o_proj": 817.908447265625,
    "model.layers.12.mlp.gate_proj": 832.8569946289062,
    "model.layers.12.mlp.up_proj": 820.9909057617188,
    "model.layers.12.mlp.down_proj": 826.1619262695312,
    "model.layers.13.self_attn.q_proj": 821.2174072265625,
    "model.layers.13.self_attn.k_proj": 811.97900390625,
    "model.layers.13.self_attn.v_proj": 808.9244995117188,
    "model.layers.13.self_attn.o_proj": 814.090576171875,
    "model.layers.13.mlp.gate_proj": 821.329345703125,
    "model.layers.13.mlp.up_proj": 825.4417724609375,
    "model.layers.13.mlp.down_proj": 829.6787719726562,
    "model.layers.14.self_attn.q_proj": 823.060791015625,
    "model.layers.14.self_attn.k_proj": 829.1901245117188,
    "model.layers.14.self_attn.v_proj": 846.5972900390625,
    "model.layers.14.self_attn.o_proj": 822.4810791015625,
    "model.layers.14.mlp.gate_proj": 822.5424194335938,
    "model.layers.14.mlp.up_proj": 830.9071655273438,
    "model.layers.14.mlp.down_proj": 827.89990234375,
    "model.layers.15.self_attn.q_proj": 811.9824829101562,
    "model.layers.15.self_attn.k_proj": 813.9666748046875,
    "model.layers.15.self_attn.v_proj": 825.4138793945312,
    "model.layers.15.self_attn.o_proj": 807.8616333007812,
    "model.layers.15.mlp.gate_proj": 814.0592041015625,
    "model.layers.15.mlp.up_proj": 822.7042846679688,
    "model.layers.15.mlp.down_proj": 823.707763671875,
    "model.layers.16.self_attn.q_proj": 810.7582397460938,
    "model.layers.16.self_attn.k_proj": 808.5167236328125,
    "model.layers.16.self_attn.v_proj": 826.3981323242188,
    "model.layers.16.self_attn.o_proj": 814.4072875976562,
    "model.layers.16.mlp.gate_proj": 829.9483032226562,
    "model.layers.16.mlp.up_proj": 816.4942016601562,
    "model.layers.16.mlp.down_proj": 826.0025024414062,
    "model.layers.17.self_attn.q_proj": 824.4487915039062,
    "model.layers.17.self_attn.k_proj": 814.1254272460938,
    "model.layers.17.self_attn.v_proj": 825.3333740234375,
    "model.layers.17.self_attn.o_proj": 812.3629150390625,
    "model.layers.17.mlp.gate_proj": 835.128173828125,
    "model.layers.17.mlp.up_proj": 813.3203125,
    "model.layers.17.mlp.down_proj": 827.2075805664062,
    "model.layers.18.self_attn.q_proj": 823.0392456054688,
    "model.layers.18.self_attn.k_proj": 812.1220092773438,
    "model.layers.18.self_attn.v_proj": 824.788330078125,
    "model.layers.18.self_attn.o_proj": 806.00390625,
    "model.layers.18.mlp.gate_proj": 825.2877807617188,
    "model.layers.18.mlp.up_proj": 823.0081787109375,
    "model.layers.18.mlp.down_proj": 817.9517211914062,
    "model.layers.19.self_attn.q_proj": 811.1026611328125,
    "model.layers.19.self_attn.k_proj": 830.4495239257812,
    "model.layers.19.self_attn.v_proj": 825.0160522460938,
    "model.layers.19.self_attn.o_proj": 792.2061767578125,
    "model.layers.19.mlp.gate_proj": 823.0462646484375,
    "model.layers.19.mlp.up_proj": 826.2142944335938,
    "model.layers.19.mlp.down_proj": 817.050048828125,
    "model.layers.20.self_attn.q_proj": 812.1268920898438,