{
    "model.layers.0.self_attn.q_proj": 803.0942993164062,
    "model.layers.0.self_attn.k_proj": 803.245361328125,
    "model.layers.0.self_attn.v_proj": 803.1748046875,
    "model.layers.0.self_attn.o_proj": 797.0332641601562,
    "model.layers.0.mlp.gate_proj": 820.7157592773438,
    "model.layers.0.mlp.up_proj": 815.6658325195312,
    "model.layers.0.mlp.down_proj": 795.1585693359375,
    "model.layers.1.self_attn.q_proj": 823.0421752929688,
    "model.layers.1.self_attn.k_proj": 782.0167236328125,
    "model.layers.1.self_attn.v_proj": 801.9632568359375,
    "model.layers.1.self_attn.o_proj": 831.170166015625,
    "model.layers.1.mlp.gate_proj": 815.8182983398438,
    "model.layers.1.mlp.up_proj": 781.6407470703125,
    "model.layers.1.mlp.down_proj": 838.82666015625,
    "model.layers.2.self_attn.q_proj": 800.6760864257812,
    "model.layers.2.self_attn.k_proj": 805.8406372070312,
    "model.layers.2.self_attn.v_proj": 830.985107421875,
    "model.layers.2.self_attn.o_proj": 845.056396484375,
    "model.layers.2.mlp.gate_proj": 810.4505615234375,
    "model.layers.2.mlp.up_proj": 811.4928588867188,
    "model.layers.2.mlp.down_proj": 836.689453125,
    "model.layers.3.self_attn.q_proj": 787.9669799804688,
    "model.layers.3.self_attn.k_proj": 811.0189819335938,
    "model.layers.3.self_attn.v_proj": 790.9630737304688,
    "model.layers.3.self_attn.o_proj": 818.637939453125,
    "model.layers.3.mlp.gate_proj": 824.6118774414062,
    "model.layers.3.mlp.up_proj": 822.771240234375,
    "model.layers.3.mlp.down_proj": 856.4482421875,
    "model.layers.4.self_attn.q_proj": 826.8009643554688,
    "model.layers.4.self_attn.k_proj": 806.710693359375,
    "model.layers.4.self_attn.v_proj": 875.0335693359375,
    "model.layers.4.self_attn.o_proj": 794.486083984375,
    "model.layers.4.mlp.gate_proj": 817.4119262695312,
    "model.layers.4.mlp.up_proj": 826.4676513671875,
    "model.layers.4.mlp.down_proj": 835.8163452148438,
    "model.layers.5.self_attn.q_proj": 827.2868041992188,
    "model.layers.5.self_attn.k_proj": 800.5894165039062,
    "model.layers.5.self_attn.v_proj": 830.9373779296875,
    "model.layers.5.self_attn.o_proj": 813.3380126953125,
    "model.layers.5.mlp.gate_proj": 852.5159301757812,
    "model.layers.5.mlp.up_proj": 872.0247802734375,
    "model.layers.5.mlp.down_proj": 852.5592041015625,
    "model.layers.6.self_attn.q_proj": 791.673583984375,
    "model.layers.6.self_attn.k_proj": 776.801025390625,
    "model.layers.6.self_attn.v_proj": 820.7826538085938,
    "model.layers.6.self_attn.o_proj": 790.2311401367188,
    "model.layers.6.mlp.gate_proj": 767.049072265625,
    "model.layers.6.mlp.up_proj": 810.3500366210938,
    "model.layers.6.mlp.down_proj": 841.0076293945312,
    "model.layers.7.self_attn.q_proj": 809.1939086914062,
    "model.layers.7.self_attn.k_proj": 846.1072387695312,
    "model.layers.7.self_attn.v_proj": 889.9635620117188,
    "model.layers.7.self_attn.o_proj": 783.8447875976562,
    "model.layers.7.mlp.gate_proj": 823.1134033203125,
    "model.layers.7.mlp.up_proj": 843.106689453125,
    "model.layers.7.mlp.down_proj": 820.7415161132812,
    "model.layers.8.self_attn.q_proj": 801.171875,
    "model.layers.8.self_attn.k_proj": 832.1378784179688,
    "model.layers.8.self_attn.v_proj": 858.4480590820312,
    "model.layers.8.self_attn.o_proj": 802.9080810546875,
    "model.layers.8.mlp.gate_proj": 833.9717407226562,
    "model.layers.8.mlp.up_proj": 835.8615112304688,
    "model.layers.8.mlp.down_proj": 857.0039672851562,
    "model.layers.9.self_attn.q_proj": 795.7722778320312,
    "model.layers.9.self_attn.k_proj": 823.2443237304688,
    "model.layers.9.self_attn.v_proj": 846.5170288085938,
    "model.layers.9.self_attn.o_proj": 840.7738037109375,
    "model.layers.9.mlp.gate_proj": 837.0848388671875,
    "model.layers.9.mlp.up_proj": 824.3603515625,
    "model.layers.9.mlp.down_proj": 827.4474487304688,
    "model.layers.10.self_attn.q_proj": 824.5391235351562,
    "model.layers.10.self_attn.k_proj": 846.2653198242188,
    "model.layers.10.self_attn.v_proj": 825.76806640625,
    "model.layers.10.self_attn.o_proj": 778.287841796875,
    "model.layers.10.mlp.gate_proj": 827.3953247070312,
    "model.layers.10.mlp.up_proj": 798.7859497070312,
    "model.layers.10.mlp.down_proj": 859.9627685546875,
    "model.layers.11.self_attn.q_proj": 780.3175659179688,
    "model.layers.11.self_attn.k_proj": 785.412841796875,
    "model.layers.11.self_attn.v_proj": 886.8358764648438,
    "model.layers.11.self_attn.o_proj": 769.5223388671875,
    "model.layers.11.mlp.gate_proj": 851.5801391601562,
    "model.layers.11.mlp.up_proj": 846.0462646484375,
    "model.layers.11.mlp.down_proj": 820.734130859375,
    "model.layers.12.self_attn.q_proj": 764.19580078125,
    "model.layers.12.self_attn.k_proj": 797.6735229492188,
    "model.layers.12.self_attn.v_proj": 823.1234741210938,
    "model.layers.12.self_attn.o_proj": 768.269287109375,
    "model.layers.12.mlp.gate_proj": 834.9729614257812,
    "model.layers.12.mlp.up_proj": 818.8470458984375,
    "model.layers.12.mlp.down_proj": 834.2373046875,
    "model.layers.13.self_attn.q_proj": 822.5401000976562,
    "model.layers.13.self_attn.k_proj": 791.2876586914062,
    "model.layers.13.self_attn.v_proj": 879.6998901367188,
    "model.layers.13.self_attn.o_proj": 790.0611572265625,
    "model.layers.13.mlp.gate_proj": 827.6651000976562,
    "model.layers.13.mlp.up_proj": 824.7374267578125,
    "model.layers.13.mlp.down_proj": 867.192138671875,
    "model.layers.14.self_attn.q_proj": 805.8831787109375,
    "model.layers.14.self_attn.k_proj": 842.6396484375,
    "model.layers.14.self_attn.v_proj": 873.5604248046875,
    "model.layers.14.self_attn.o_proj": 799.3748779296875,
    "model.layers.14.mlp.gate_proj": 839.7498168945312,
    "model.layers.14.mlp.up_proj": 844.4918212890625,
    "model.layers.14.mlp.down_proj": 846.517333984375,
    "model.layers.15.self_attn.q_proj": 788.9597778320312,
    "model.layers.15.self_attn.k_proj": 802.4981689453125,
    "model.layers.15.self_attn.v_proj": 859.4067993164062,
    "model.layers.15.self_attn.o_proj": 739.995849609375,
    "model.layers.15.mlp.gate_proj": 816.60546875,
    "model.layers.15.mlp.up_proj": 815.8139038085938,
    "model.layers.15.mlp.down_proj": 842.3461303710938,
    "model.layers.16.self_attn.q_proj": 787.6722412109375,
    "model.layers.16.self_attn.k_proj": 784.985107421875,
    "model.layers.16.self_attn.v_proj": 839.2220458984375,
    "model.layers.16.self_attn.o_proj": 781.855712890625,
    "model.layers.16.mlp.gate_proj": 831.3805541992188,
    "model.layers.16.mlp.up_proj": 803.9133911132812,
    "model.layers.16.mlp.down_proj": 812.55126953125,
    "model.layers.17.self_attn.q_proj": 808.8717041015625,
    "model.layers.17.self_attn.k_proj": 825.6678466796875,
    "model.layers.17.self_attn.v_proj": 832.489990234375,
    "model.layers.17.self_attn.o_proj": 782.8190307617188,
    "model.layers.17.mlp.gate_proj": 833.4834594726562,
    "model.layers.17.mlp.up_proj": 810.0172729492188,
    "model.layers.17.mlp.down_proj": 859.7161254882812,
    "model.layers.18.self_attn.q_proj": 810.3169555664062,
    "model.layers.18.self_attn.k_proj": 785.1653442382812,
    "model.layers.18.self_attn.v_proj": 822.977294921875,
    "model.layers.18.self_attn.o_proj": 759.0665283203125,
    "model.layers.18.mlp.gate_proj": 825.7833862304688,
    "model.layers.18.mlp.up_proj": 809.2562866210938,
    "model.layers.18.mlp.down_proj": 837.4566040039062,
    "model.layers.19.self_attn.q_proj": 798.060791015625,
    "model.layers.19.self_attn.k_proj": 820.07080078125,
    "model.layers.19.self_attn.v_proj": 828.4298706054688,
    "model.layers.19.self_attn.o_proj": 715.6021728515625,
    "model.layers.19.mlp.gate_proj": 829.141357421875,
    "model.layers.19.mlp.up_proj": 827.8154907226562,
    "model.layers.19.mlp.down_proj": 829.0313110351562,
    "model.layers.20.self_attn.q_proj": 798.32568359375,