{
    "model.layers.0.self_attn.q_proj": 795.546875,
    "model.layers.0.self_attn.k_proj": 795.7303466796875,
    "model.layers.0.self_attn.v_proj": 796.960693359375,
    "model.layers.0.self_attn.o_proj": 819.5880737304688,
    "model.layers.0.mlp.gate_proj": 822.9344482421875,
    "model.layers.0.mlp.up_proj": 813.2978515625,
    "model.layers.0.mlp.down_proj": 816.4970092773438,
    "model.layers.1.self_attn.q_proj": 810.1558837890625,
    "model.layers.1.self_attn.k_proj": 748.4683227539062,
    "model.layers.1.self_attn.v_proj": 795.577392578125,
    "model.layers.1.self_attn.o_proj": 865.06103515625,
    "model.layers.1.mlp.gate_proj": 806.7772827148438,
    "model.layers.1.mlp.up_proj": 805.4906005859375,
    "model.layers.1.mlp.down_proj": 846.5055541992188,
    "model.layers.2.self_attn.q_proj": 797.7893676757812,
    "model.layers.2.self_attn.k_proj": 816.7798461914062,
    "model.layers.2.self_attn.v_proj": 865.0252075195312,
    "model.layers.2.self_attn.o_proj": 824.7874755859375,
    "model.layers.2.mlp.gate_proj": 810.8948364257812,
    "model.layers.2.mlp.up_proj": 805.3189697265625,
    "model.layers.2.mlp.down_proj": 881.1934204101562,
    "model.layers.3.self_attn.q_proj": 811.3359375,
    "model.layers.3.self_attn.k_proj": 779.5679321289062,
    "model.layers.3.self_attn.v_proj": 759.3365478515625,
    "model.layers.3.self_attn.o_proj": 810.6998291015625,
    "model.layers.3.mlp.gate_proj": 826.7698974609375,
    "model.layers.3.mlp.up_proj": 821.4713745117188,
    "model.layers.3.mlp.down_proj": 874.6986694335938,
    "model.layers.4.self_attn.q_proj": 811.2577514648438,
    "model.layers.4.self_attn.k_proj": 806.629150390625,
    "model.layers.4.self_attn.v_proj": 884.0582885742188,
    "model.layers.4.self_attn.o_proj": 789.3939208984375,
    "model.layers.4.mlp.gate_proj": 803.3428955078125,
    "model.layers.4.mlp.up_proj": 816.9436645507812,
    "model.layers.4.mlp.down_proj": 838.7150268554688,
    "model.layers.5.self_attn.q_proj": 811.1763916015625,
    "model.layers.5.self_attn.k_proj": 785.1619873046875,
    "model.layers.5.self_attn.v_proj": 873.3233032226562,
    "model.layers.5.self_attn.o_proj": 800.2279663085938,
    "model.layers.5.mlp.gate_proj": 859.1603393554688,
    "model.layers.5.mlp.up_proj": 885.0636596679688,
    "model.layers.5.mlp.down_proj": 858.0919189453125,
    "model.layers.6.self_attn.q_proj": 787.6085205078125,
    "model.layers.6.self_attn.k_proj": 763.7053833007812,
    "model.layers.6.self_attn.v_proj": 802.2665405273438,
    "model.layers.6.self_attn.o_proj": 798.001953125,
    "model.layers.6.mlp.gate_proj": 785.096923828125,
    "model.layers.6.mlp.up_proj": 824.1256713867188,
    "model.layers.6.mlp.down_proj": 864.79248046875,
    "model.layers.7.self_attn.q_proj": 817.810791015625,
    "model.layers.7.self_attn.k_proj": 841.5675048828125,
    "model.layers.7.self_attn.v_proj": 903.259765625,
    "model.layers.7.self_attn.o_proj": 777.5590209960938,
    "model.layers.7.mlp.gate_proj": 831.8134765625,
    "model.layers.7.mlp.up_proj": 855.193115234375,
    "model.layers.7.mlp.down_proj": 817.075439453125,
    "model.layers.8.self_attn.q_proj": 781.1602172851562,
    "model.layers.8.self_attn.k_proj": 831.2931518554688,
    "model.layers.8.self_attn.v_proj": 868.5125122070312,
    "model.layers.8.self_attn.o_proj": 789.5933227539062,
    "model.layers.8.mlp.gate_proj": 823.2495727539062,
    "model.layers.8.mlp.up_proj": 828.0751342773438,
    "model.layers.8.mlp.down_proj": 866.6046752929688,
    "model.layers.9.self_attn.q_proj": 789.4826049804688,
    "model.layers.9.self_attn.k_proj": 806.1160888671875,
    "model.layers.9.self_attn.v_proj": 856.4496459960938,
    "model.layers.9.self_attn.o_proj": 825.7571411132812,
    "model.layers.9.mlp.gate_proj": 845.8230590820312,
    "model.layers.9.mlp.up_proj": 817.1552734375,
    "model.layers.9.mlp.down_proj": 846.474853515625,
    "model.layers.10.self_attn.q_proj": 821.827880859375,
    "model.layers.10.self_attn.k_proj": 854.9127197265625,
    "model.layers.10.self_attn.v_proj": 823.7471923828125,
    "model.layers.10.self_attn.o_proj": 761.6019287109375,
    "model.layers.10.mlp.gate_proj": 826.704833984375,
    "model.layers.10.mlp.up_proj": 806.0813598632812,
    "model.layers.10.mlp.down_proj": 863.5856323242188,
    "model.layers.11.self_attn.q_proj": 765.1632080078125,
    "model.layers.11.self_attn.k_proj": 782.2188110351562,
    "model.layers.11.self_attn.v_proj": 899.8301391601562,
    "model.layers.11.self_attn.o_proj": 755.4120483398438,
    "model.layers.11.mlp.gate_proj": 855.4337158203125,
    "model.layers.11.mlp.up_proj": 849.57421875,
    "model.layers.11.mlp.down_proj": 835.4529418945312,
    "model.layers.12.self_attn.q_proj": 757.01513671875,
    "model.layers.12.self_attn.k_proj": 789.5950927734375,
    "model.layers.12.self_attn.v_proj": 825.3098754882812,
    "model.layers.12.self_attn.o_proj": 731.318603515625,
    "model.layers.12.mlp.gate_proj": 834.7831420898438,
    "model.layers.12.mlp.up_proj": 823.6484985351562,
    "model.layers.12.mlp.down_proj": 837.801025390625,
    "model.layers.13.self_attn.q_proj": 811.8421020507812,
    "model.layers.13.self_attn.k_proj": 773.3442993164062,
    "model.layers.13.self_attn.v_proj": 900.74365234375,
    "model.layers.13.self_attn.o_proj": 785.2506103515625,
    "model.layers.13.mlp.gate_proj": 825.6104736328125,
    "model.layers.13.mlp.up_proj": 826.1284790039062,
    "model.layers.13.mlp.down_proj": 877.3719482421875,
    "model.layers.14.self_attn.q_proj": 796.2997436523438,
    "model.layers.14.self_attn.k_proj": 838.9635009765625,
    "model.layers.14.self_attn.v_proj": 887.7388305664062,
    "model.layers.14.self_attn.o_proj": 800.7206420898438,
    "model.layers.14.mlp.gate_proj": 844.7338256835938,
    "model.layers.14.mlp.up_proj": 855.4989013671875,
    "model.layers.14.mlp.down_proj": 844.1773071289062,
    "model.layers.15.self_attn.q_proj": 780.6063842773438,
    "model.layers.15.self_attn.k_proj": 800.1880493164062,
    "model.layers.15.self_attn.v_proj": 870.4680786132812,
    "model.layers.15.self_attn.o_proj": 693.693115234375,
    "model.layers.15.mlp.gate_proj": 816.9713134765625,
    "model.layers.15.mlp.up_proj": 814.5800170898438,
    "model.layers.15.mlp.down_proj": 853.367431640625,
    "model.layers.16.self_attn.q_proj": 781.8577880859375,
    "model.layers.16.self_attn.k_proj": 791.49365234375,
    "model.layers.16.self_attn.v_proj": 846.2958374023438,
    "model.layers.16.self_attn.o_proj": 759.6533813476562,
    "model.layers.16.mlp.gate_proj": 832.8256225585938,
    "model.layers.16.mlp.up_proj": 803.7511596679688,
    "model.layers.16.mlp.down_proj": 821.9650268554688,
    "model.layers.17.self_attn.q_proj": 801.8609619140625,
    "model.layers.17.self_attn.k_proj": 821.6725463867188,
    "model.layers.17.self_attn.v_proj": 845.8003540039062,
    "model.layers.17.self_attn.o_proj": 761.0369873046875,
    "model.layers.17.mlp.gate_proj": 832.6302490234375,
    "model.layers.17.mlp.up_proj": 807.8251342773438,
    "model.layers.17.mlp.down_proj": 859.0203857421875,
    "model.layers.18.self_attn.q_proj": 800.7692260742188,
    "model.layers.18.self_attn.k_proj": 769.1571655273438,
    "model.layers.18.self_attn.v_proj": 829.8426513671875,
    "model.layers.18.self_attn.o_proj": 730.125732421875,
    "model.layers.18.mlp.gate_proj": 824.4842529296875,
    "model.layers.18.mlp.up_proj": 807.671142578125,
    "model.layers.18.mlp.down_proj": 843.051513671875,
    "model.layers.19.self_attn.q_proj": 793.3721923828125,
    "model.layers.19.self_attn.k_proj": 811.5259399414062,
    "model.layers.19.self_attn.v_proj": 820.120849609375,
    "model.layers.19.self_attn.o_proj": 696.6856079101562,
    "model.layers.19.mlp.gate_proj": 824.6448974609375,
    "model.layers.19.mlp.up_proj": 828.8135375976562,
    "model.layers.19.mlp.down_proj": 839.5966796875,
    "model.layers.20.self_attn.q_proj": 791.7793579101562,