{
    "model.layers.0.self_attn.q_proj": 803.36669921875,
    "model.layers.0.self_attn.k_proj": 803.4976196289062,
    "model.layers.0.self_attn.v_proj": 803.3148193359375,
    "model.layers.0.self_attn.o_proj": 796.7794189453125,
    "model.layers.0.mlp.gate_proj": 818.6443481445312,
    "model.layers.0.mlp.up_proj": 818.5532836914062,
    "model.layers.0.mlp.down_proj": 797.9043579101562,
    "model.layers.1.self_attn.q_proj": 823.450439453125,
    "model.layers.1.self_attn.k_proj": 783.0631713867188,
    "model.layers.1.self_attn.v_proj": 800.808837890625,
    "model.layers.1.self_attn.o_proj": 830.6378173828125,
    "model.layers.1.mlp.gate_proj": 825.89794921875,
    "model.layers.1.mlp.up_proj": 784.5527954101562,
    "model.layers.1.mlp.down_proj": 822.983642578125,
    "model.layers.2.self_attn.q_proj": 799.8644409179688,
    "model.layers.2.self_attn.k_proj": 807.2730712890625,
    "model.layers.2.self_attn.v_proj": 834.1817626953125,
    "model.layers.2.self_attn.o_proj": 845.4490966796875,
    "model.layers.2.mlp.gate_proj": 809.5380859375,
    "model.layers.2.mlp.up_proj": 817.0350341796875,
    "model.layers.2.mlp.down_proj": 838.020263671875,
    "model.layers.3.self_attn.q_proj": 790.5574951171875,
    "model.layers.3.self_attn.k_proj": 804.4625244140625,
    "model.layers.3.self_attn.v_proj": 791.8077392578125,
    "model.layers.3.self_attn.o_proj": 834.584228515625,
    "model.layers.3.mlp.gate_proj": 823.360595703125,
    "model.layers.3.mlp.up_proj": 823.56982421875,
    "model.layers.3.mlp.down_proj": 853.4082641601562,
    "model.layers.4.self_attn.q_proj": 825.7337036132812,
    "model.layers.4.self_attn.k_proj": 805.7377319335938,
    "model.layers.4.self_attn.v_proj": 871.415771484375,
    "model.layers.4.self_attn.o_proj": 792.5379028320312,
    "model.layers.4.mlp.gate_proj": 819.1679077148438,
    "model.layers.4.mlp.up_proj": 827.3126220703125,
    "model.layers.4.mlp.down_proj": 823.107421875,
    "model.layers.5.self_attn.q_proj": 841.5826416015625,
    "model.layers.5.self_attn.k_proj": 807.0592651367188,
    "model.layers.5.self_attn.v_proj": 815.9273681640625,
    "model.layers.5.self_attn.o_proj": 816.4635009765625,
    "model.layers.5.mlp.gate_proj": 840.8547973632812,
    "model.layers.5.mlp.up_proj": 868.0160522460938,
    "model.layers.5.mlp.down_proj": 851.540771484375,
    "model.layers.6.self_attn.q_proj": 781.7097778320312,
    "model.layers.6.self_attn.k_proj": 772.0482788085938,
    "model.layers.6.self_attn.v_proj": 822.6641845703125,
    "model.layers.6.self_attn.o_proj": 793.4508056640625,
    "model.layers.6.mlp.gate_proj": 769.5750732421875,
    "model.layers.6.mlp.up_proj": 800.2088012695312,
    "model.layers.6.mlp.down_proj": 829.3880615234375,
    "model.layers.7.self_attn.q_proj": 804.9740600585938,
    "model.layers.7.self_attn.k_proj": 843.66650390625,
    "model.layers.7.self_attn.v_proj": 885.4204711914062,
    "model.layers.7.self_attn.o_proj": 790.0947265625,
    "model.layers.7.mlp.gate_proj": 821.3363037109375,
    "model.layers.7.mlp.up_proj": 839.2980346679688,
    "model.layers.7.mlp.down_proj": 819.7406616210938,
    "model.layers.8.self_attn.q_proj": 802.4012451171875,
    "model.layers.8.self_attn.k_proj": 831.0218505859375,
    "model.layers.8.self_attn.v_proj": 850.7595825195312,
    "model.layers.8.self_attn.o_proj": 803.43603515625,
    "model.layers.8.mlp.gate_proj": 831.4758911132812,
    "model.layers.8.mlp.up_proj": 834.73046875,
    "model.layers.8.mlp.down_proj": 854.54150390625,
    "model.layers.9.self_attn.q_proj": 796.467041015625,
    "model.layers.9.self_attn.k_proj": 824.1577758789062,
    "model.layers.9.self_attn.v_proj": 843.4609985351562,
    "model.layers.9.self_attn.o_proj": 841.1688842773438,
    "model.layers.9.mlp.gate_proj": 835.4521484375,
    "model.layers.9.mlp.up_proj": 825.7916259765625,
    "model.layers.9.mlp.down_proj": 827.0804443359375,
    "model.layers.10.self_attn.q_proj": 824.145751953125,
    "model.layers.10.self_attn.k_proj": 840.6767578125,
    "model.layers.10.self_attn.v_proj": 826.5225830078125,
    "model.layers.10.self_attn.o_proj": 783.8707885742188,
    "model.layers.10.mlp.gate_proj": 821.9810791015625,
    "model.layers.10.mlp.up_proj": 797.8370361328125,
    "model.layers.10.mlp.down_proj": 854.9932250976562,
    "model.layers.11.self_attn.q_proj": 780.7626342773438,
    "model.layers.11.self_attn.k_proj": 785.046630859375,
    "model.layers.11.self_attn.v_proj": 880.1536254882812,
    "model.layers.11.self_attn.o_proj": 777.5648193359375,
    "model.layers.11.mlp.gate_proj": 846.1597900390625,
    "model.layers.11.mlp.up_proj": 845.6461181640625,
    "model.layers.11.mlp.down_proj": 819.8129272460938,
    "model.layers.12.self_attn.q_proj": 768.1632080078125,
    "model.layers.12.self_attn.k_proj": 800.6998901367188,
    "model.layers.12.self_attn.v_proj": 814.9053955078125,
    "model.layers.12.self_attn.o_proj": 773.4957885742188,
    "model.layers.12.mlp.gate_proj": 833.409912109375,
    "model.layers.12.mlp.up_proj": 818.892822265625,
    "model.layers.12.mlp.down_proj": 830.5409545898438,
    "model.layers.13.self_attn.q_proj": 822.2670288085938,
    "model.layers.13.self_attn.k_proj": 793.5609741210938,
    "model.layers.13.self_attn.v_proj": 864.5751342773438,
    "model.layers.13.self_attn.o_proj": 790.86328125,
    "model.layers.13.mlp.gate_proj": 825.4609985351562,
    "model.layers.13.mlp.up_proj": 821.550537109375,
    "model.layers.13.mlp.down_proj": 862.5025024414062,
    "model.layers.14.self_attn.q_proj": 808.7762451171875,
    "model.layers.14.self_attn.k_proj": 839.2876586914062,
    "model.layers.14.self_attn.v_proj": 872.6510009765625,
    "model.layers.14.self_attn.o_proj": 799.1234130859375,
    "model.layers.14.mlp.gate_proj": 832.2914428710938,
    "model.layers.14.mlp.up_proj": 841.1875,
    "model.layers.14.mlp.down_proj": 844.6728515625,
    "model.layers.15.self_attn.q_proj": 789.5942993164062,
    "model.layers.15.self_attn.k_proj": 801.8023681640625,
    "model.layers.15.self_attn.v_proj": 852.8019409179688,
    "model.layers.15.self_attn.o_proj": 752.3546142578125,
    "model.layers.15.mlp.gate_proj": 816.1663818359375,
    "model.layers.15.mlp.up_proj": 814.3682250976562,
    "model.layers.15.mlp.down_proj": 836.30517578125,
    "model.layers.16.self_attn.q_proj": 786.1304321289062,
    "model.layers.16.self_attn.k_proj": 784.9275512695312,
    "model.layers.16.self_attn.v_proj": 835.984375,
    "model.layers.16.self_attn.o_proj": 784.9000244140625,
    "model.layers.16.mlp.gate_proj": 831.5986938476562,
    "model.layers.16.mlp.up_proj": 802.9252319335938,
    "model.layers.16.mlp.down_proj": 812.4238891601562,
    "model.layers.17.self_attn.q_proj": 807.580322265625,
    "model.layers.17.self_attn.k_proj": 821.1743774414062,
    "model.layers.17.self_attn.v_proj": 828.7721557617188,
    "model.layers.17.self_attn.o_proj": 784.2495727539062,
    "model.layers.17.mlp.gate_proj": 829.9583129882812,
    "model.layers.17.mlp.up_proj": 806.5548706054688,
    "model.layers.17.mlp.down_proj": 853.7410278320312,
    "model.layers.18.self_attn.q_proj": 811.447021484375,
    "model.layers.18.self_attn.k_proj": 785.2806396484375,
    "model.layers.18.self_attn.v_proj": 820.7340087890625,
    "model.layers.18.self_attn.o_proj": 763.9854125976562,
    "model.layers.18.mlp.gate_proj": 823.4200439453125,
    "model.layers.18.mlp.up_proj": 806.605224609375,
    "model.layers.18.mlp.down_proj": 836.600830078125,
    "model.layers.19.self_attn.q_proj": 796.7061157226562,
    "model.layers.19.self_attn.k_proj": 820.3173828125,
    "model.layers.19.self_attn.v_proj": 829.1047973632812,
    "model.layers.19.self_attn.o_proj": 720.8147583007812,
    "model.layers.19.mlp.gate_proj": 825.9842529296875,
    "model.layers.19.mlp.up_proj": 825.422119140625,
    "model.layers.19.mlp.down_proj": 827.7657470703125,
    "model.layers.20.self_attn.q_proj": 797.984619140625,