{
    "model.layers.0.self_attn.q_proj": 819.4420166015625,
    "model.layers.0.self_attn.k_proj": 819.4566040039062,
    "model.layers.0.self_attn.v_proj": 819.2987670898438,
    "model.layers.0.self_attn.o_proj": 814.3389282226562,
    "model.layers.0.mlp.gate_proj": 824.935302734375,
    "model.layers.0.mlp.up_proj": 828.407958984375,
    "model.layers.0.mlp.down_proj": 823.0759887695312,
    "model.layers.1.self_attn.q_proj": 824.44873046875,
    "model.layers.1.self_attn.k_proj": 814.4197998046875,
    "model.layers.1.self_attn.v_proj": 797.6493530273438,
    "model.layers.1.self_attn.o_proj": 814.2952880859375,
    "model.layers.1.mlp.gate_proj": 822.0977783203125,
    "model.layers.1.mlp.up_proj": 812.512451171875,
    "model.layers.1.mlp.down_proj": 826.2468872070312,
    "model.layers.2.self_attn.q_proj": 814.2881469726562,
    "model.layers.2.self_attn.k_proj": 814.7107543945312,
    "model.layers.2.self_attn.v_proj": 820.6959838867188,
    "model.layers.2.self_attn.o_proj": 829.4303588867188,
    "model.layers.2.mlp.gate_proj": 816.2559814453125,
    "model.layers.2.mlp.up_proj": 814.1873779296875,
    "model.layers.2.mlp.down_proj": 815.0514526367188,
    "model.layers.3.self_attn.q_proj": 814.4776000976562,
    "model.layers.3.self_attn.k_proj": 822.0296020507812,
    "model.layers.3.self_attn.v_proj": 814.5796508789062,
    "model.layers.3.self_attn.o_proj": 814.5064086914062,
    "model.layers.3.mlp.gate_proj": 818.1165161132812,
    "model.layers.3.mlp.up_proj": 827.443603515625,
    "model.layers.3.mlp.down_proj": 815.8599853515625,
    "model.layers.4.self_attn.q_proj": 823.36669921875,
    "model.layers.4.self_attn.k_proj": 814.8969116210938,
    "model.layers.4.self_attn.v_proj": 831.583984375,
    "model.layers.4.self_attn.o_proj": 811.6477661132812,
    "model.layers.4.mlp.gate_proj": 814.6802978515625,
    "model.layers.4.mlp.up_proj": 825.5464477539062,
    "model.layers.4.mlp.down_proj": 814.4074096679688,
    "model.layers.5.self_attn.q_proj": 824.3602905273438,
    "model.layers.5.self_attn.k_proj": 815.20361328125,
    "model.layers.5.self_attn.v_proj": 823.7714233398438,
    "model.layers.5.self_attn.o_proj": 802.0266723632812,
    "model.layers.5.mlp.gate_proj": 826.2454223632812,
    "model.layers.5.mlp.up_proj": 828.2122802734375,
    "model.layers.5.mlp.down_proj": 824.4480590820312,
    "model.layers.6.self_attn.q_proj": 813.5873413085938,
    "model.layers.6.self_attn.k_proj": 820.9547729492188,
    "model.layers.6.self_attn.v_proj": 817.97265625,
    "model.layers.6.self_attn.o_proj": 811.0698852539062,
    "model.layers.6.mlp.gate_proj": 824.3204956054688,
    "model.layers.6.mlp.up_proj": 813.2775268554688,
    "model.layers.6.mlp.down_proj": 818.8297119140625,
    "model.layers.7.self_attn.q_proj": 814.3297119140625,
    "model.layers.7.self_attn.k_proj": 826.3921508789062,
    "model.layers.7.self_attn.v_proj": 815.3690185546875,
    "model.layers.7.self_attn.o_proj": 814.3102416992188,
    "model.layers.7.mlp.gate_proj": 825.7632446289062,
    "model.layers.7.mlp.up_proj": 828.0482177734375,
    "model.layers.7.mlp.down_proj": 826.8462524414062,
    "model.layers.8.self_attn.q_proj": 822.6430053710938,
    "model.layers.8.self_attn.k_proj": 814.8751831054688,
    "model.layers.8.self_attn.v_proj": 828.1788940429688,
    "model.layers.8.self_attn.o_proj": 813.162109375,
    "model.layers.8.mlp.gate_proj": 814.3391723632812,
    "model.layers.8.mlp.up_proj": 827.3659057617188,
    "model.layers.8.mlp.down_proj": 829.5614013671875,
    "model.layers.9.self_attn.q_proj": 815.3180541992188,
    "model.layers.9.self_attn.k_proj": 827.0100708007812,
    "model.layers.9.self_attn.v_proj": 829.6079711914062,
    "model.layers.9.self_attn.o_proj": 827.7485961914062,
    "model.layers.9.mlp.gate_proj": 830.885498046875,
    "model.layers.9.mlp.up_proj": 826.3627319335938,
    "model.layers.9.mlp.down_proj": 814.457275390625,
    "model.layers.10.self_attn.q_proj": 826.4896850585938,
    "model.layers.10.self_attn.k_proj": 829.4345092773438,
    "model.layers.10.self_attn.v_proj": 814.7908935546875,
    "model.layers.10.self_attn.o_proj": 812.5467529296875,
    "model.layers.10.mlp.gate_proj": 823.6151733398438,
    "model.layers.10.mlp.up_proj": 814.4850463867188,
    "model.layers.10.mlp.down_proj": 828.0421752929688,
    "model.layers.11.self_attn.q_proj": 814.240234375,
    "model.layers.11.self_attn.k_proj": 813.6296997070312,
    "model.layers.11.self_attn.v_proj": 825.4241943359375,
    "model.layers.11.self_attn.o_proj": 811.66162109375,
    "model.layers.11.mlp.gate_proj": 825.9640502929688,
    "model.layers.11.mlp.up_proj": 825.4716796875,
    "model.layers.11.mlp.down_proj": 813.9521484375,
    "model.layers.12.self_attn.q_proj": 814.1621704101562,
    "model.layers.12.self_attn.k_proj": 814.4047241210938,
    "model.layers.12.self_attn.v_proj": 823.6464233398438,
    "model.layers.12.self_attn.o_proj": 822.3060302734375,
    "model.layers.12.mlp.gate_proj": 830.1092529296875,
    "model.layers.12.mlp.up_proj": 818.371826171875,
    "model.layers.12.mlp.down_proj": 826.6053466796875,
    "model.layers.13.self_attn.q_proj": 824.1573486328125,
    "model.layers.13.self_attn.k_proj": 813.2653198242188,
    "model.layers.13.self_attn.v_proj": 812.31201171875,
    "model.layers.13.self_attn.o_proj": 822.9374389648438,
    "model.layers.13.mlp.gate_proj": 821.2005004882812,
    "model.layers.13.mlp.up_proj": 825.8473510742188,
    "model.layers.13.mlp.down_proj": 826.4578857421875,
    "model.layers.14.self_attn.q_proj": 824.5187377929688,
    "model.layers.14.self_attn.k_proj": 827.330078125,
    "model.layers.14.self_attn.v_proj": 831.2450561523438,
    "model.layers.14.self_attn.o_proj": 824.086669921875,
    "model.layers.14.mlp.gate_proj": 824.1637573242188,
    "model.layers.14.mlp.up_proj": 826.128173828125,
    "model.layers.14.mlp.down_proj": 824.9857788085938,
    "model.layers.15.self_attn.q_proj": 814.2758178710938,
    "model.layers.15.self_attn.k_proj": 813.8018188476562,
    "model.layers.15.self_attn.v_proj": 824.4634399414062,
    "model.layers.15.self_attn.o_proj": 811.501708984375,
    "model.layers.15.mlp.gate_proj": 813.6981201171875,
    "model.layers.15.mlp.up_proj": 818.2474365234375,
    "model.layers.15.mlp.down_proj": 823.8330078125,
    "model.layers.16.self_attn.q_proj": 813.697998046875,
    "model.layers.16.self_attn.k_proj": 812.304443359375,
    "model.layers.16.self_attn.v_proj": 826.6768188476562,
    "model.layers.16.self_attn.o_proj": 814.330078125,
    "model.layers.16.mlp.gate_proj": 826.9866943359375,
    "model.layers.16.mlp.up_proj": 815.3934326171875,
    "model.layers.16.mlp.down_proj": 828.9794921875,
    "model.layers.17.self_attn.q_proj": 824.182373046875,
    "model.layers.17.self_attn.k_proj": 814.8509521484375,
    "model.layers.17.self_attn.v_proj": 824.3187255859375,
    "model.layers.17.self_attn.o_proj": 814.2205200195312,
    "model.layers.17.mlp.gate_proj": 829.12451171875,
    "model.layers.17.mlp.up_proj": 814.9317016601562,
    "model.layers.17.mlp.down_proj": 826.338623046875,
    "model.layers.18.self_attn.q_proj": 824.2731323242188,
    "model.layers.18.self_attn.k_proj": 813.6497192382812,
    "model.layers.18.self_attn.v_proj": 824.6336059570312,
    "model.layers.18.self_attn.o_proj": 815.0745849609375,
    "model.layers.18.mlp.gate_proj": 825.4408569335938,
    "model.layers.18.mlp.up_proj": 824.3494873046875,
    "model.layers.18.mlp.down_proj": 814.5096435546875,
    "model.layers.19.self_attn.q_proj": 813.1029052734375,
    "model.layers.19.self_attn.k_proj": 826.8427124023438,
    "model.layers.19.self_attn.v_proj": 825.3538818359375,
    "model.layers.19.self_attn.o_proj": 807.2274169921875,
    "model.layers.19.mlp.gate_proj": 824.2149658203125,
    "model.layers.19.mlp.up_proj": 825.4398803710938,
    "model.layers.19.mlp.down_proj": 812.9347534179688,
    "model.layers.20.self_attn.q_proj": 814.4019165039062,