{
    "model.layers.0.self_attn.q_proj": 811.1364135742188,
    "model.layers.0.self_attn.k_proj": 811.2218017578125,
    "model.layers.0.self_attn.v_proj": 810.9131469726562,
    "model.layers.0.self_attn.o_proj": 804.0936889648438,
    "model.layers.0.mlp.gate_proj": 821.48876953125,
    "model.layers.0.mlp.up_proj": 822.1561889648438,
    "model.layers.0.mlp.down_proj": 810.9605712890625,
    "model.layers.1.self_attn.q_proj": 829.9887084960938,
    "model.layers.1.self_attn.k_proj": 789.2271728515625,
    "model.layers.1.self_attn.v_proj": 801.0418701171875,
    "model.layers.1.self_attn.o_proj": 824.317138671875,
    "model.layers.1.mlp.gate_proj": 831.9303588867188,
    "model.layers.1.mlp.up_proj": 803.6131591796875,
    "model.layers.1.mlp.down_proj": 810.110107421875,
    "model.layers.2.self_attn.q_proj": 800.026123046875,
    "model.layers.2.self_attn.k_proj": 812.4375,
    "model.layers.2.self_attn.v_proj": 842.1434326171875,
    "model.layers.2.self_attn.o_proj": 837.9067993164062,
    "model.layers.2.mlp.gate_proj": 811.8392944335938,
    "model.layers.2.mlp.up_proj": 815.2619018554688,
    "model.layers.2.mlp.down_proj": 820.521240234375,
    "model.layers.3.self_attn.q_proj": 802.9869384765625,
    "model.layers.3.self_attn.k_proj": 809.607666015625,
    "model.layers.3.self_attn.v_proj": 817.41845703125,
    "model.layers.3.self_attn.o_proj": 826.1362915039062,
    "model.layers.3.mlp.gate_proj": 821.728759765625,
    "model.layers.3.mlp.up_proj": 814.8557739257812,
    "model.layers.3.mlp.down_proj": 826.4169311523438,
    "model.layers.4.self_attn.q_proj": 825.3961181640625,
    "model.layers.4.self_attn.k_proj": 811.9439086914062,
    "model.layers.4.self_attn.v_proj": 853.051513671875,
    "model.layers.4.self_attn.o_proj": 798.5443725585938,
    "model.layers.4.mlp.gate_proj": 814.2527465820312,
    "model.layers.4.mlp.up_proj": 820.0095825195312,
    "model.layers.4.mlp.down_proj": 816.6456909179688,
    "model.layers.5.self_attn.q_proj": 835.5984497070312,
    "model.layers.5.self_attn.k_proj": 812.9102172851562,
    "model.layers.5.self_attn.v_proj": 811.05322265625,
    "model.layers.5.self_attn.o_proj": 811.64794921875,
    "model.layers.5.mlp.gate_proj": 831.3546142578125,
    "model.layers.5.mlp.up_proj": 861.0606689453125,
    "model.layers.5.mlp.down_proj": 842.2083740234375,
    "model.layers.6.self_attn.q_proj": 790.3411865234375,
    "model.layers.6.self_attn.k_proj": 797.49609375,
    "model.layers.6.self_attn.v_proj": 825.2446899414062,
    "model.layers.6.self_attn.o_proj": 812.06396484375,
    "model.layers.6.mlp.gate_proj": 788.347900390625,
    "model.layers.6.mlp.up_proj": 804.1170043945312,
    "model.layers.6.mlp.down_proj": 820.2594604492188,
    "model.layers.7.self_attn.q_proj": 805.4736328125,
    "model.layers.7.self_attn.k_proj": 840.6868286132812,
    "model.layers.7.self_attn.v_proj": 859.2694702148438,
    "model.layers.7.self_attn.o_proj": 792.9335327148438,
    "model.layers.7.mlp.gate_proj": 826.611328125,
    "model.layers.7.mlp.up_proj": 829.4068603515625,
    "model.layers.7.mlp.down_proj": 822.900390625,
    "model.layers.8.self_attn.q_proj": 808.818115234375,
    "model.layers.8.self_attn.k_proj": 832.8115234375,
    "model.layers.8.self_attn.v_proj": 837.3478393554688,
    "model.layers.8.self_attn.o_proj": 807.7234497070312,
    "model.layers.8.mlp.gate_proj": 821.7611694335938,
    "model.layers.8.mlp.up_proj": 825.995849609375,
    "model.layers.8.mlp.down_proj": 842.5789794921875,
    "model.layers.9.self_attn.q_proj": 806.5347900390625,
    "model.layers.9.self_attn.k_proj": 828.4197387695312,
    "model.layers.9.self_attn.v_proj": 840.9765014648438,
    "model.layers.9.self_attn.o_proj": 839.237548828125,
    "model.layers.9.mlp.gate_proj": 839.2420654296875,
    "model.layers.9.mlp.up_proj": 830.6295776367188,
    "model.layers.9.mlp.down_proj": 819.007080078125,
    "model.layers.10.self_attn.q_proj": 827.046142578125,
    "model.layers.10.self_attn.k_proj": 839.823974609375,
    "model.layers.10.self_attn.v_proj": 820.834228515625,
    "model.layers.10.self_attn.o_proj": 800.1041870117188,
    "model.layers.10.mlp.gate_proj": 819.0339965820312,
    "model.layers.10.mlp.up_proj": 804.183349609375,
    "model.layers.10.mlp.down_proj": 854.4921875,
    "model.layers.11.self_attn.q_proj": 794.4868774414062,
    "model.layers.11.self_attn.k_proj": 793.7247314453125,
    "model.layers.11.self_attn.v_proj": 861.1848754882812,
    "model.layers.11.self_attn.o_proj": 795.613037109375,
    "model.layers.11.mlp.gate_proj": 831.83349609375,
    "model.layers.11.mlp.up_proj": 837.6261596679688,
    "model.layers.11.mlp.down_proj": 815.4749755859375,
    "model.layers.12.self_attn.q_proj": 799.1074829101562,
    "model.layers.12.self_attn.k_proj": 810.5740356445312,
    "model.layers.12.self_attn.v_proj": 818.484375,
    "model.layers.12.self_attn.o_proj": 800.734375,
    "model.layers.12.mlp.gate_proj": 829.9269409179688,
    "model.layers.12.mlp.up_proj": 820.8246459960938,
    "model.layers.12.mlp.down_proj": 819.3471069335938,
    "model.layers.13.self_attn.q_proj": 826.1236572265625,
    "model.layers.13.self_attn.k_proj": 810.268310546875,
    "model.layers.13.self_attn.v_proj": 815.9940795898438,
    "model.layers.13.self_attn.o_proj": 798.6902465820312,
    "model.layers.13.mlp.gate_proj": 826.1530151367188,
    "model.layers.13.mlp.up_proj": 819.269287109375,
    "model.layers.13.mlp.down_proj": 837.3954467773438,
    "model.layers.14.self_attn.q_proj": 817.9856567382812,
    "model.layers.14.self_attn.k_proj": 828.8298950195312,
    "model.layers.14.self_attn.v_proj": 862.901611328125,
    "model.layers.14.self_attn.o_proj": 815.0130004882812,
    "model.layers.14.mlp.gate_proj": 816.6529541015625,
    "model.layers.14.mlp.up_proj": 834.6783447265625,
    "model.layers.14.mlp.down_proj": 835.6581420898438,
    "model.layers.15.self_attn.q_proj": 801.6174926757812,
    "model.layers.15.self_attn.k_proj": 805.302490234375,
    "model.layers.15.self_attn.v_proj": 840.7371826171875,
    "model.layers.15.self_attn.o_proj": 789.4627685546875,
    "model.layers.15.mlp.gate_proj": 819.6785888671875,
    "model.layers.15.mlp.up_proj": 820.1093139648438,
    "model.layers.15.mlp.down_proj": 832.5322265625,
    "model.layers.16.self_attn.q_proj": 796.7488403320312,
    "model.layers.16.self_attn.k_proj": 801.5504760742188,
    "model.layers.16.self_attn.v_proj": 836.4821166992188,
    "model.layers.16.self_attn.o_proj": 803.0250244140625,
    "model.layers.16.mlp.gate_proj": 831.742431640625,
    "model.layers.16.mlp.up_proj": 811.213623046875,
    "model.layers.16.mlp.down_proj": 815.6234130859375,
    "model.layers.17.self_attn.q_proj": 820.4153442382812,
    "model.layers.17.self_attn.k_proj": 808.2853393554688,
    "model.layers.17.self_attn.v_proj": 824.599365234375,
    "model.layers.17.self_attn.o_proj": 798.527587890625,
    "model.layers.17.mlp.gate_proj": 836.6594848632812,
    "model.layers.17.mlp.up_proj": 809.5641479492188,
    "model.layers.17.mlp.down_proj": 833.62109375,
    "model.layers.18.self_attn.q_proj": 820.8727416992188,
    "model.layers.18.self_attn.k_proj": 803.4317626953125,
    "model.layers.18.self_attn.v_proj": 821.020751953125,
    "model.layers.18.self_attn.o_proj": 784.0721435546875,
    "model.layers.18.mlp.gate_proj": 821.8920288085938,
    "model.layers.18.mlp.up_proj": 815.54052734375,
    "model.layers.18.mlp.down_proj": 831.3123779296875,
    "model.layers.19.self_attn.q_proj": 801.5445556640625,
    "model.layers.19.self_attn.k_proj": 827.474853515625,
    "model.layers.19.self_attn.v_proj": 822.928955078125,
    "model.layers.19.self_attn.o_proj": 759.9744262695312,
    "model.layers.19.mlp.gate_proj": 820.814208984375,
    "model.layers.19.mlp.up_proj": 826.3740234375,
    "model.layers.19.mlp.down_proj": 822.6773681640625,
    "model.layers.20.self_attn.q_proj": 805.6988525390625,
    "model.layers.20.self_attn.k_proj": 802.8799438476562,