{
    "model.layers.0.self_attn.q_proj": 798.9052734375,
    "model.layers.0.self_attn.k_proj": 799.0955810546875,
    "model.layers.0.self_attn.v_proj": 799.6198120117188,
    "model.layers.0.self_attn.o_proj": 809.8194580078125,
    "model.layers.0.mlp.gate_proj": 822.438720703125,
    "model.layers.0.mlp.up_proj": 811.8403930664062,
    "model.layers.0.mlp.down_proj": 792.7791137695312,
    "model.layers.1.self_attn.q_proj": 819.6929931640625,
    "model.layers.1.self_attn.k_proj": 755.8389892578125,
    "model.layers.1.self_attn.v_proj": 798.0443115234375,
    "model.layers.1.self_attn.o_proj": 832.3894653320312,
    "model.layers.1.mlp.gate_proj": 807.1884155273438,
    "model.layers.1.mlp.up_proj": 801.4160766601562,
    "model.layers.1.mlp.down_proj": 844.92529296875,
    "model.layers.2.self_attn.q_proj": 797.039306640625,
    "model.layers.2.self_attn.k_proj": 815.8759155273438,
    "model.layers.2.self_attn.v_proj": 837.9605712890625,
    "model.layers.2.self_attn.o_proj": 840.7252197265625,
    "model.layers.2.mlp.gate_proj": 809.3956909179688,
    "model.layers.2.mlp.up_proj": 805.3087158203125,
    "model.layers.2.mlp.down_proj": 838.0664672851562,
    "model.layers.3.self_attn.q_proj": 784.9308471679688,
    "model.layers.3.self_attn.k_proj": 822.9386596679688,
    "model.layers.3.self_attn.v_proj": 793.4351196289062,
    "model.layers.3.self_attn.o_proj": 802.4928588867188,
    "model.layers.3.mlp.gate_proj": 824.2316284179688,
    "model.layers.3.mlp.up_proj": 823.1566772460938,
    "model.layers.3.mlp.down_proj": 860.5029907226562,
    "model.layers.4.self_attn.q_proj": 821.0337524414062,
    "model.layers.4.self_attn.k_proj": 805.8715209960938,
    "model.layers.4.self_attn.v_proj": 877.5009155273438,
    "model.layers.4.self_attn.o_proj": 794.2077026367188,
    "model.layers.4.mlp.gate_proj": 812.345458984375,
    "model.layers.4.mlp.up_proj": 817.8585815429688,
    "model.layers.4.mlp.down_proj": 838.1006469726562,
    "model.layers.5.self_attn.q_proj": 814.8035888671875,
    "model.layers.5.self_attn.k_proj": 799.9534301757812,
    "model.layers.5.self_attn.v_proj": 842.4146118164062,
    "model.layers.5.self_attn.o_proj": 805.7374877929688,
    "model.layers.5.mlp.gate_proj": 851.230224609375,
    "model.layers.5.mlp.up_proj": 879.1655883789062,
    "model.layers.5.mlp.down_proj": 854.966064453125,
    "model.layers.6.self_attn.q_proj": 802.583984375,
    "model.layers.6.self_attn.k_proj": 772.2008056640625,
    "model.layers.6.self_attn.v_proj": 815.3159790039062,
    "model.layers.6.self_attn.o_proj": 790.7780151367188,
    "model.layers.6.mlp.gate_proj": 774.875244140625,
    "model.layers.6.mlp.up_proj": 821.5582275390625,
    "model.layers.6.mlp.down_proj": 859.8282470703125,
    "model.layers.7.self_attn.q_proj": 809.8012084960938,
    "model.layers.7.self_attn.k_proj": 845.8636474609375,
    "model.layers.7.self_attn.v_proj": 899.1085815429688,
    "model.layers.7.self_attn.o_proj": 774.8945922851562,
    "model.layers.7.mlp.gate_proj": 827.519775390625,
    "model.layers.7.mlp.up_proj": 851.6332397460938,
    "model.layers.7.mlp.down_proj": 819.5771484375,
    "model.layers.8.self_attn.q_proj": 794.2976684570312,
    "model.layers.8.self_attn.k_proj": 828.3272705078125,
    "model.layers.8.self_attn.v_proj": 855.8705444335938,
    "model.layers.8.self_attn.o_proj": 798.015380859375,
    "model.layers.8.mlp.gate_proj": 828.3267211914062,
    "model.layers.8.mlp.up_proj": 830.77001953125,
    "model.layers.8.mlp.down_proj": 866.4612426757812,
    "model.layers.9.self_attn.q_proj": 790.6885375976562,
    "model.layers.9.self_attn.k_proj": 818.6924438476562,
    "model.layers.9.self_attn.v_proj": 851.94775390625,
    "model.layers.9.self_attn.o_proj": 836.1005859375,
    "model.layers.9.mlp.gate_proj": 839.6895751953125,
    "model.layers.9.mlp.up_proj": 816.5696411132812,
    "model.layers.9.mlp.down_proj": 836.3526000976562,
    "model.layers.10.self_attn.q_proj": 822.8619384765625,
    "model.layers.10.self_attn.k_proj": 852.622314453125,
    "model.layers.10.self_attn.v_proj": 821.3921508789062,
    "model.layers.10.self_attn.o_proj": 766.3396606445312,
    "model.layers.10.mlp.gate_proj": 827.33447265625,
    "model.layers.10.mlp.up_proj": 798.825439453125,
    "model.layers.10.mlp.down_proj": 862.1754760742188,
    "model.layers.11.self_attn.q_proj": 774.5869750976562,
    "model.layers.11.self_attn.k_proj": 783.404541015625,
    "model.layers.11.self_attn.v_proj": 895.7713623046875,
    "model.layers.11.self_attn.o_proj": 757.5113525390625,
    "model.layers.11.mlp.gate_proj": 853.3799438476562,
    "model.layers.11.mlp.up_proj": 849.6625366210938,
    "model.layers.11.mlp.down_proj": 823.3480834960938,
    "model.layers.12.self_attn.q_proj": 758.9328002929688,
    "model.layers.12.self_attn.k_proj": 792.9854125976562,
    "model.layers.12.self_attn.v_proj": 824.4200439453125,
    "model.layers.12.self_attn.o_proj": 748.3419189453125,
    "model.layers.12.mlp.gate_proj": 835.2584838867188,
    "model.layers.12.mlp.up_proj": 819.3401489257812,
    "model.layers.12.mlp.down_proj": 837.7333374023438,
    "model.layers.13.self_attn.q_proj": 816.745361328125,
    "model.layers.13.self_attn.k_proj": 782.4750366210938,
    "model.layers.13.self_attn.v_proj": 900.5294799804688,
    "model.layers.13.self_attn.o_proj": 787.6582641601562,
    "model.layers.13.mlp.gate_proj": 827.1663818359375,
    "model.layers.13.mlp.up_proj": 825.2122802734375,
    "model.layers.13.mlp.down_proj": 873.2783203125,
    "model.layers.14.self_attn.q_proj": 801.726318359375,
    "model.layers.14.self_attn.k_proj": 840.4984130859375,
    "model.layers.14.self_attn.v_proj": 877.4525756835938,
    "model.layers.14.self_attn.o_proj": 800.456298828125,
    "model.layers.14.mlp.gate_proj": 843.5618896484375,
    "model.layers.14.mlp.up_proj": 850.979736328125,
    "model.layers.14.mlp.down_proj": 845.1644287109375,
    "model.layers.15.self_attn.q_proj": 784.0941772460938,
    "model.layers.15.self_attn.k_proj": 800.0151977539062,
    "model.layers.15.self_attn.v_proj": 865.2611083984375,
    "model.layers.15.self_attn.o_proj": 711.5185546875,
    "model.layers.15.mlp.gate_proj": 816.9188842773438,
    "model.layers.15.mlp.up_proj": 815.0991821289062,
    "model.layers.15.mlp.down_proj": 845.540283203125,
    "model.layers.16.self_attn.q_proj": 784.478515625,
    "model.layers.16.self_attn.k_proj": 789.930419921875,
    "model.layers.16.self_attn.v_proj": 840.666748046875,
    "model.layers.16.self_attn.o_proj": 770.5711669921875,
    "model.layers.16.mlp.gate_proj": 829.947021484375,
    "model.layers.16.mlp.up_proj": 805.3046875,
    "model.layers.16.mlp.down_proj": 813.0879516601562,
    "model.layers.17.self_attn.q_proj": 805.3875732421875,
    "model.layers.17.self_attn.k_proj": 825.826904296875,
    "model.layers.17.self_attn.v_proj": 833.4983520507812,
    "model.layers.17.self_attn.o_proj": 768.4450073242188,
    "model.layers.17.mlp.gate_proj": 834.46630859375,
    "model.layers.17.mlp.up_proj": 811.6495971679688,
    "model.layers.17.mlp.down_proj": 858.1336669921875,
    "model.layers.18.self_attn.q_proj": 804.790283203125,
    "model.layers.18.self_attn.k_proj": 775.6386108398438,
    "model.layers.18.self_attn.v_proj": 828.1317138671875,
    "model.layers.18.self_attn.o_proj": 746.6917114257812,
    "model.layers.18.mlp.gate_proj": 825.94677734375,
    "model.layers.18.mlp.up_proj": 808.1075439453125,
    "model.layers.18.mlp.down_proj": 839.7965087890625,
    "model.layers.19.self_attn.q_proj": 795.1282348632812,
    "model.layers.19.self_attn.k_proj": 816.279052734375,
    "model.layers.19.self_attn.v_proj": 824.2862548828125,
    "model.layers.19.self_attn.o_proj": 708.8800048828125,
    "model.layers.19.mlp.gate_proj": 828.381591796875,
    "model.layers.19.mlp.up_proj": 830.3242797851562,
    "model.layers.19.mlp.down_proj": 830.7835083007812,
    "model.layers.20.self_attn.q_proj": 794.7552490234375,