{
    "model.layers.0.self_attn.q_proj": 801.150634765625,
    "model.layers.0.self_attn.k_proj": 801.3234252929688,
    "model.layers.0.self_attn.v_proj": 801.3032836914062,
    "model.layers.0.self_attn.o_proj": 803.4853515625,
    "model.layers.0.mlp.gate_proj": 821.7965698242188,
    "model.layers.0.mlp.up_proj": 813.5855102539062,
    "model.layers.0.mlp.down_proj": 791.3104858398438,
    "model.layers.1.self_attn.q_proj": 821.3973999023438,
    "model.layers.1.self_attn.k_proj": 767.470703125,
    "model.layers.1.self_attn.v_proj": 799.6856689453125,
    "model.layers.1.self_attn.o_proj": 828.902099609375,
    "model.layers.1.mlp.gate_proj": 810.00537109375,
    "model.layers.1.mlp.up_proj": 791.5021362304688,
    "model.layers.1.mlp.down_proj": 844.6228637695312,
    "model.layers.2.self_attn.q_proj": 799.2538452148438,
    "model.layers.2.self_attn.k_proj": 811.4325561523438,
    "model.layers.2.self_attn.v_proj": 834.5028076171875,
    "model.layers.2.self_attn.o_proj": 842.8084106445312,
    "model.layers.2.mlp.gate_proj": 809.4757690429688,
    "model.layers.2.mlp.up_proj": 807.293212890625,
    "model.layers.2.mlp.down_proj": 833.4217529296875,
    "model.layers.3.self_attn.q_proj": 784.7630615234375,
    "model.layers.3.self_attn.k_proj": 821.8823852539062,
    "model.layers.3.self_attn.v_proj": 792.3894653320312,
    "model.layers.3.self_attn.o_proj": 805.6288452148438,
    "model.layers.3.mlp.gate_proj": 823.9290161132812,
    "model.layers.3.mlp.up_proj": 824.6162719726562,
    "model.layers.3.mlp.down_proj": 855.3670654296875,
    "model.layers.4.self_attn.q_proj": 825.6080322265625,
    "model.layers.4.self_attn.k_proj": 804.1694946289062,
    "model.layers.4.self_attn.v_proj": 876.047607421875,
    "model.layers.4.self_attn.o_proj": 794.161376953125,
    "model.layers.4.mlp.gate_proj": 814.3135375976562,
    "model.layers.4.mlp.up_proj": 821.6690063476562,
    "model.layers.4.mlp.down_proj": 838.6325073242188,
    "model.layers.5.self_attn.q_proj": 819.0625610351562,
    "model.layers.5.self_attn.k_proj": 800.40478515625,
    "model.layers.5.self_attn.v_proj": 835.8264770507812,
    "model.layers.5.self_attn.o_proj": 809.5896606445312,
    "model.layers.5.mlp.gate_proj": 853.4091186523438,
    "model.layers.5.mlp.up_proj": 874.8991088867188,
    "model.layers.5.mlp.down_proj": 852.061767578125,
    "model.layers.6.self_attn.q_proj": 800.6546630859375,
    "model.layers.6.self_attn.k_proj": 774.4954833984375,
    "model.layers.6.self_attn.v_proj": 819.4979858398438,
    "model.layers.6.self_attn.o_proj": 785.9446411132812,
    "model.layers.6.mlp.gate_proj": 772.2283935546875,
    "model.layers.6.mlp.up_proj": 817.640869140625,
    "model.layers.6.mlp.down_proj": 852.2319946289062,
    "model.layers.7.self_attn.q_proj": 810.7931518554688,
    "model.layers.7.self_attn.k_proj": 846.5296020507812,
    "model.layers.7.self_attn.v_proj": 894.2201538085938,
    "model.layers.7.self_attn.o_proj": 778.5855102539062,
    "model.layers.7.mlp.gate_proj": 824.2075805664062,
    "model.layers.7.mlp.up_proj": 847.5368041992188,
    "model.layers.7.mlp.down_proj": 819.609619140625,
    "model.layers.8.self_attn.q_proj": 798.486572265625,
    "model.layers.8.self_attn.k_proj": 831.8029174804688,
    "model.layers.8.self_attn.v_proj": 858.6387329101562,
    "model.layers.8.self_attn.o_proj": 801.0021362304688,
    "model.layers.8.mlp.gate_proj": 833.0459594726562,
    "model.layers.8.mlp.up_proj": 834.8142700195312,
    "model.layers.8.mlp.down_proj": 864.30419921875,
    "model.layers.9.self_attn.q_proj": 792.9210815429688,
    "model.layers.9.self_attn.k_proj": 820.7666625976562,
    "model.layers.9.self_attn.v_proj": 847.7553100585938,
    "model.layers.9.self_attn.o_proj": 838.4802856445312,
    "model.layers.9.mlp.gate_proj": 837.9636840820312,
    "model.layers.9.mlp.up_proj": 820.9532470703125,
    "model.layers.9.mlp.down_proj": 832.6296997070312,
    "model.layers.10.self_attn.q_proj": 822.7677612304688,
    "model.layers.10.self_attn.k_proj": 851.053955078125,
    "model.layers.10.self_attn.v_proj": 822.9656982421875,
    "model.layers.10.self_attn.o_proj": 771.1641845703125,
    "model.layers.10.mlp.gate_proj": 828.6497802734375,
    "model.layers.10.mlp.up_proj": 798.0857543945312,
    "model.layers.10.mlp.down_proj": 861.8798217773438,
    "model.layers.11.self_attn.q_proj": 779.9519653320312,
    "model.layers.11.self_attn.k_proj": 784.5755615234375,
    "model.layers.11.self_attn.v_proj": 892.2064819335938,
    "model.layers.11.self_attn.o_proj": 762.3045654296875,
    "model.layers.11.mlp.gate_proj": 852.9625854492188,
    "model.layers.11.mlp.up_proj": 848.5596923828125,
    "model.layers.11.mlp.down_proj": 820.2057495117188,
    "model.layers.12.self_attn.q_proj": 761.4784545898438,
    "model.layers.12.self_attn.k_proj": 795.244873046875,
    "model.layers.12.self_attn.v_proj": 825.2205200195312,
    "model.layers.12.self_attn.o_proj": 757.795654296875,
    "model.layers.12.mlp.gate_proj": 835.6123657226562,
    "model.layers.12.mlp.up_proj": 817.3837280273438,
    "model.layers.12.mlp.down_proj": 835.937744140625,
    "model.layers.13.self_attn.q_proj": 819.2796630859375,
    "model.layers.13.self_attn.k_proj": 787.0712280273438,
    "model.layers.13.self_attn.v_proj": 895.8788452148438,
    "model.layers.13.self_attn.o_proj": 790.340087890625,
    "model.layers.13.mlp.gate_proj": 827.8670654296875,
    "model.layers.13.mlp.up_proj": 825.0653686523438,
    "model.layers.13.mlp.down_proj": 869.6603393554688,
    "model.layers.14.self_attn.q_proj": 803.169921875,
    "model.layers.14.self_attn.k_proj": 841.7996215820312,
    "model.layers.14.self_attn.v_proj": 874.728759765625,
    "model.layers.14.self_attn.o_proj": 798.8461303710938,
    "model.layers.14.mlp.gate_proj": 843.3007202148438,
    "model.layers.14.mlp.up_proj": 846.4240112304688,
    "model.layers.14.mlp.down_proj": 845.5846557617188,
    "model.layers.15.self_attn.q_proj": 786.4921875,
    "model.layers.15.self_attn.k_proj": 800.8390502929688,
    "model.layers.15.self_attn.v_proj": 864.2100219726562,
    "model.layers.15.self_attn.o_proj": 723.9348754882812,
    "model.layers.15.mlp.gate_proj": 816.5994873046875,
    "model.layers.15.mlp.up_proj": 815.4244384765625,
    "model.layers.15.mlp.down_proj": 844.96923828125,
    "model.layers.16.self_attn.q_proj": 786.7994384765625,
    "model.layers.16.self_attn.k_proj": 787.168212890625,
    "model.layers.16.self_attn.v_proj": 840.8086547851562,
    "model.layers.16.self_attn.o_proj": 775.9638061523438,
    "model.layers.16.mlp.gate_proj": 831.1373291015625,
    "model.layers.16.mlp.up_proj": 805.37744140625,
    "model.layers.16.mlp.down_proj": 812.5791015625,
    "model.layers.17.self_attn.q_proj": 807.7771606445312,
    "model.layers.17.self_attn.k_proj": 826.7952880859375,
    "model.layers.17.self_attn.v_proj": 833.4340209960938,
    "model.layers.17.self_attn.o_proj": 776.2468872070312,
    "model.layers.17.mlp.gate_proj": 834.7306518554688,
    "model.layers.17.mlp.up_proj": 811.3111572265625,
    "model.layers.17.mlp.down_proj": 860.385498046875,
    "model.layers.18.self_attn.q_proj": 807.814208984375,
    "model.layers.18.self_attn.k_proj": 780.43505859375,
    "model.layers.18.self_attn.v_proj": 826.3286743164062,
    "model.layers.18.self_attn.o_proj": 751.1519165039062,
    "model.layers.18.mlp.gate_proj": 826.7574462890625,
    "model.layers.18.mlp.up_proj": 808.9215087890625,
    "model.layers.18.mlp.down_proj": 836.6480102539062,
    "model.layers.19.self_attn.q_proj": 796.2002563476562,
    "model.layers.19.self_attn.k_proj": 818.96044921875,
    "model.layers.19.self_attn.v_proj": 825.8185424804688,
    "model.layers.19.self_attn.o_proj": 711.914794921875,
    "model.layers.19.mlp.gate_proj": 829.6638793945312,
    "model.layers.19.mlp.up_proj": 830.6517944335938,
    "model.layers.19.mlp.down_proj": 831.364501953125,
    "model.layers.20.self_attn.q_proj": 796.962646484375,