{
    "model.layers.0.self_attn.q_proj": 807.0318603515625,
    "model.layers.0.self_attn.k_proj": 807.0888061523438,
    "model.layers.0.self_attn.v_proj": 806.708984375,
    "model.layers.0.self_attn.o_proj": 799.6759033203125,
    "model.layers.0.mlp.gate_proj": 820.5046997070312,
    "model.layers.0.mlp.up_proj": 820.504638671875,
    "model.layers.0.mlp.down_proj": 799.989013671875,
    "model.layers.1.self_attn.q_proj": 827.429443359375,
    "model.layers.1.self_attn.k_proj": 785.0149536132812,
    "model.layers.1.self_attn.v_proj": 801.7374267578125,
    "model.layers.1.self_attn.o_proj": 830.3564453125,
    "model.layers.1.mlp.gate_proj": 831.2623901367188,
    "model.layers.1.mlp.up_proj": 795.0130615234375,
    "model.layers.1.mlp.down_proj": 813.5642700195312,
    "model.layers.2.self_attn.q_proj": 802.7314453125,
    "model.layers.2.self_attn.k_proj": 810.564697265625,
    "model.layers.2.self_attn.v_proj": 836.6189575195312,
    "model.layers.2.self_attn.o_proj": 846.22509765625,
    "model.layers.2.mlp.gate_proj": 806.8798828125,
    "model.layers.2.mlp.up_proj": 816.7374877929688,
    "model.layers.2.mlp.down_proj": 829.6183471679688,
    "model.layers.3.self_attn.q_proj": 796.2598266601562,
    "model.layers.3.self_attn.k_proj": 805.6389770507812,
    "model.layers.3.self_attn.v_proj": 795.5596923828125,
    "model.layers.3.self_attn.o_proj": 837.3709716796875,
    "model.layers.3.mlp.gate_proj": 826.5704345703125,
    "model.layers.3.mlp.up_proj": 821.9363403320312,
    "model.layers.3.mlp.down_proj": 833.6968383789062,
    "model.layers.4.self_attn.q_proj": 825.16845703125,
    "model.layers.4.self_attn.k_proj": 810.4813232421875,
    "model.layers.4.self_attn.v_proj": 863.6160888671875,
    "model.layers.4.self_attn.o_proj": 793.1039428710938,
    "model.layers.4.mlp.gate_proj": 822.9969482421875,
    "model.layers.4.mlp.up_proj": 826.281005859375,
    "model.layers.4.mlp.down_proj": 815.5056762695312,
    "model.layers.5.self_attn.q_proj": 842.5393676757812,
    "model.layers.5.self_attn.k_proj": 806.1322021484375,
    "model.layers.5.self_attn.v_proj": 813.847412109375,
    "model.layers.5.self_attn.o_proj": 817.9969482421875,
    "model.layers.5.mlp.gate_proj": 830.6362915039062,
    "model.layers.5.mlp.up_proj": 864.7227783203125,
    "model.layers.5.mlp.down_proj": 849.7403564453125,
    "model.layers.6.self_attn.q_proj": 781.5487670898438,
    "model.layers.6.self_attn.k_proj": 772.49853515625,
    "model.layers.6.self_attn.v_proj": 823.4268188476562,
    "model.layers.6.self_attn.o_proj": 802.0907592773438,
    "model.layers.6.mlp.gate_proj": 778.4411010742188,
    "model.layers.6.mlp.up_proj": 799.8079223632812,
    "model.layers.6.mlp.down_proj": 822.318603515625,
    "model.layers.7.self_attn.q_proj": 800.5992431640625,
    "model.layers.7.self_attn.k_proj": 846.5352172851562,
    "model.layers.7.self_attn.v_proj": 873.9857788085938,
    "model.layers.7.self_attn.o_proj": 792.19189453125,
    "model.layers.7.mlp.gate_proj": 823.0531616210938,
    "model.layers.7.mlp.up_proj": 829.8599243164062,
    "model.layers.7.mlp.down_proj": 817.4271850585938,
    "model.layers.8.self_attn.q_proj": 805.526611328125,
    "model.layers.8.self_attn.k_proj": 831.6339721679688,
    "model.layers.8.self_attn.v_proj": 840.8817138671875,
    "model.layers.8.self_attn.o_proj": 803.9724731445312,
    "model.layers.8.mlp.gate_proj": 824.289794921875,
    "model.layers.8.mlp.up_proj": 829.8331298828125,
    "model.layers.8.mlp.down_proj": 849.5923461914062,
    "model.layers.9.self_attn.q_proj": 800.429931640625,
    "model.layers.9.self_attn.k_proj": 826.21337890625,
    "model.layers.9.self_attn.v_proj": 846.347412109375,
    "model.layers.9.self_attn.o_proj": 840.8241577148438,
    "model.layers.9.mlp.gate_proj": 840.0193481445312,
    "model.layers.9.mlp.up_proj": 830.1499633789062,
    "model.layers.9.mlp.down_proj": 819.439697265625,
    "model.layers.10.self_attn.q_proj": 830.1551513671875,
    "model.layers.10.self_attn.k_proj": 838.7540283203125,
    "model.layers.10.self_attn.v_proj": 825.997314453125,
    "model.layers.10.self_attn.o_proj": 790.76220703125,
    "model.layers.10.mlp.gate_proj": 818.8985595703125,
    "model.layers.10.mlp.up_proj": 795.4796142578125,
    "model.layers.10.mlp.down_proj": 854.165283203125,
    "model.layers.11.self_attn.q_proj": 788.9481201171875,
    "model.layers.11.self_attn.k_proj": 786.2576293945312,
    "model.layers.11.self_attn.v_proj": 877.771484375,
    "model.layers.11.self_attn.o_proj": 786.7149658203125,
    "model.layers.11.mlp.gate_proj": 838.3501586914062,
    "model.layers.11.mlp.up_proj": 843.9850463867188,
    "model.layers.11.mlp.down_proj": 816.0686645507812,
    "model.layers.12.self_attn.q_proj": 785.0709838867188,
    "model.layers.12.self_attn.k_proj": 804.98095703125,
    "model.layers.12.self_attn.v_proj": 813.4872436523438,
    "model.layers.12.self_attn.o_proj": 785.845458984375,
    "model.layers.12.mlp.gate_proj": 831.6587524414062,
    "model.layers.12.mlp.up_proj": 817.1503295898438,
    "model.layers.12.mlp.down_proj": 826.80712890625,
    "model.layers.13.self_attn.q_proj": 824.5794677734375,
    "model.layers.13.self_attn.k_proj": 800.8909912109375,
    "model.layers.13.self_attn.v_proj": 842.4859008789062,
    "model.layers.13.self_attn.o_proj": 792.9986572265625,
    "model.layers.13.mlp.gate_proj": 825.4702758789062,
    "model.layers.13.mlp.up_proj": 816.9957885742188,
    "model.layers.13.mlp.down_proj": 849.2561645507812,
    "model.layers.14.self_attn.q_proj": 815.3862915039062,
    "model.layers.14.self_attn.k_proj": 838.4108276367188,
    "model.layers.14.self_attn.v_proj": 868.8514404296875,
    "model.layers.14.self_attn.o_proj": 804.78662109375,
    "model.layers.14.mlp.gate_proj": 821.2041015625,
    "model.layers.14.mlp.up_proj": 835.9666748046875,
    "model.layers.14.mlp.down_proj": 840.3796997070312,
    "model.layers.15.self_attn.q_proj": 796.3472290039062,
    "model.layers.15.self_attn.k_proj": 802.1241455078125,
    "model.layers.15.self_attn.v_proj": 846.4893188476562,
    "model.layers.15.self_attn.o_proj": 768.89892578125,
    "model.layers.15.mlp.gate_proj": 819.4058837890625,
    "model.layers.15.mlp.up_proj": 815.354736328125,
    "model.layers.15.mlp.down_proj": 834.7378540039062,
    "model.layers.16.self_attn.q_proj": 788.087158203125,
    "model.layers.16.self_attn.k_proj": 790.6122436523438,
    "model.layers.16.self_attn.v_proj": 835.3091430664062,
    "model.layers.16.self_attn.o_proj": 793.1343994140625,
    "model.layers.16.mlp.gate_proj": 833.6228637695312,
    "model.layers.16.mlp.up_proj": 802.0662231445312,
    "model.layers.16.mlp.down_proj": 818.41015625,
    "model.layers.17.self_attn.q_proj": 811.2263793945312,
    "model.layers.17.self_attn.k_proj": 814.201904296875,
    "model.layers.17.self_attn.v_proj": 819.8390502929688,
    "model.layers.17.self_attn.o_proj": 789.0671997070312,
    "model.layers.17.mlp.gate_proj": 833.5151977539062,
    "model.layers.17.mlp.up_proj": 806.4071044921875,
    "model.layers.17.mlp.down_proj": 841.9647216796875,
    "model.layers.18.self_attn.q_proj": 817.466552734375,
    "model.layers.18.self_attn.k_proj": 797.0206298828125,
    "model.layers.18.self_attn.v_proj": 816.6350708007812,
    "model.layers.18.self_attn.o_proj": 776.0531005859375,
    "model.layers.18.mlp.gate_proj": 824.190673828125,
    "model.layers.18.mlp.up_proj": 812.7525634765625,
    "model.layers.18.mlp.down_proj": 836.3947143554688,
    "model.layers.19.self_attn.q_proj": 798.3818969726562,
    "model.layers.19.self_attn.k_proj": 824.4632568359375,
    "model.layers.19.self_attn.v_proj": 827.9834594726562,
    "model.layers.19.self_attn.o_proj": 738.075927734375,
    "model.layers.19.mlp.gate_proj": 823.5120239257812,
    "model.layers.19.mlp.up_proj": 825.9483032226562,
    "model.layers.19.mlp.down_proj": 824.6080322265625,
    "model.layers.20.self_attn.q_proj": 800.0244140625,