{
    "model.layers.0.self_attn.q_proj": 813.4609985351562,
    "model.layers.0.self_attn.k_proj": 813.5213623046875,
    "model.layers.0.self_attn.v_proj": 813.2161865234375,
    "model.layers.0.self_attn.o_proj": 806.5025024414062,
    "model.layers.0.mlp.gate_proj": 820.9874267578125,
    "model.layers.0.mlp.up_proj": 826.9158935546875,
    "model.layers.0.mlp.down_proj": 814.1891479492188,
    "model.layers.1.self_attn.q_proj": 830.2677001953125,
    "model.layers.1.self_attn.k_proj": 794.71142578125,
    "model.layers.1.self_attn.v_proj": 800.8429565429688,
    "model.layers.1.self_attn.o_proj": 820.3983154296875,
    "model.layers.1.mlp.gate_proj": 831.291015625,
    "model.layers.1.mlp.up_proj": 804.555419921875,
    "model.layers.1.mlp.down_proj": 816.09423828125,
    "model.layers.2.self_attn.q_proj": 793.7696533203125,
    "model.layers.2.self_attn.k_proj": 811.6411743164062,
    "model.layers.2.self_attn.v_proj": 841.7512817382812,
    "model.layers.2.self_attn.o_proj": 833.655517578125,
    "model.layers.2.mlp.gate_proj": 814.3225708007812,
    "model.layers.2.mlp.up_proj": 815.28955078125,
    "model.layers.2.mlp.down_proj": 818.634765625,
    "model.layers.3.self_attn.q_proj": 806.568359375,
    "model.layers.3.self_attn.k_proj": 810.506591796875,
    "model.layers.3.self_attn.v_proj": 820.550048828125,
    "model.layers.3.self_attn.o_proj": 823.0661010742188,
    "model.layers.3.mlp.gate_proj": 821.4702758789062,
    "model.layers.3.mlp.up_proj": 814.9840087890625,
    "model.layers.3.mlp.down_proj": 828.7715454101562,
    "model.layers.4.self_attn.q_proj": 822.4209594726562,
    "model.layers.4.self_attn.k_proj": 811.833740234375,
    "model.layers.4.self_attn.v_proj": 847.7717895507812,
    "model.layers.4.self_attn.o_proj": 799.5723266601562,
    "model.layers.4.mlp.gate_proj": 812.2540283203125,
    "model.layers.4.mlp.up_proj": 820.8255004882812,
    "model.layers.4.mlp.down_proj": 818.976806640625,
    "model.layers.5.self_attn.q_proj": 835.5048217773438,
    "model.layers.5.self_attn.k_proj": 819.0680541992188,
    "model.layers.5.self_attn.v_proj": 812.7705688476562,
    "model.layers.5.self_attn.o_proj": 806.9486083984375,
    "model.layers.5.mlp.gate_proj": 831.2874755859375,
    "model.layers.5.mlp.up_proj": 852.9985961914062,
    "model.layers.5.mlp.down_proj": 837.1096801757812,
    "model.layers.6.self_attn.q_proj": 796.6995239257812,
    "model.layers.6.self_attn.k_proj": 807.08447265625,
    "model.layers.6.self_attn.v_proj": 822.0568237304688,
    "model.layers.6.self_attn.o_proj": 814.9306640625,
    "model.layers.6.mlp.gate_proj": 794.31298828125,
    "model.layers.6.mlp.up_proj": 805.5195922851562,
    "model.layers.6.mlp.down_proj": 820.0712890625,
    "model.layers.7.self_attn.q_proj": 808.254638671875,
    "model.layers.7.self_attn.k_proj": 836.850830078125,
    "model.layers.7.self_attn.v_proj": 847.4550170898438,
    "model.layers.7.self_attn.o_proj": 794.9121704101562,
    "model.layers.7.mlp.gate_proj": 829.0807495117188,
    "model.layers.7.mlp.up_proj": 830.8045654296875,
    "model.layers.7.mlp.down_proj": 824.3899536132812,
    "model.layers.8.self_attn.q_proj": 811.3548583984375,
    "model.layers.8.self_attn.k_proj": 832.9025268554688,
    "model.layers.8.self_attn.v_proj": 837.1532592773438,
    "model.layers.8.self_attn.o_proj": 809.0274658203125,
    "model.layers.8.mlp.gate_proj": 820.3133544921875,
    "model.layers.8.mlp.up_proj": 828.2879028320312,
    "model.layers.8.mlp.down_proj": 840.2322998046875,
    "model.layers.9.self_attn.q_proj": 809.1177978515625,
    "model.layers.9.self_attn.k_proj": 832.0774536132812,
    "model.layers.9.self_attn.v_proj": 838.262939453125,
    "model.layers.9.self_attn.o_proj": 835.17578125,
    "model.layers.9.mlp.gate_proj": 837.9383544921875,
    "model.layers.9.mlp.up_proj": 831.4217529296875,
    "model.layers.9.mlp.down_proj": 816.8914794921875,
    "model.layers.10.self_attn.q_proj": 828.6174926757812,
    "model.layers.10.self_attn.k_proj": 836.4443969726562,
    "model.layers.10.self_attn.v_proj": 820.7753295898438,
    "model.layers.10.self_attn.o_proj": 803.702880859375,
    "model.layers.10.mlp.gate_proj": 821.2174072265625,
    "model.layers.10.mlp.up_proj": 809.4696044921875,
    "model.layers.10.mlp.down_proj": 850.3320922851562,
    "model.layers.11.self_attn.q_proj": 798.6007080078125,
    "model.layers.11.self_attn.k_proj": 798.2081298828125,
    "model.layers.11.self_attn.v_proj": 848.962890625,
    "model.layers.11.self_attn.o_proj": 800.3281860351562,
    "model.layers.11.mlp.gate_proj": 830.0383911132812,
    "model.layers.11.mlp.up_proj": 834.8803100585938,
    "model.layers.11.mlp.down_proj": 816.3067016601562,
    "model.layers.12.self_attn.q_proj": 805.4113159179688,
    "model.layers.12.self_attn.k_proj": 812.9642944335938,
    "model.layers.12.self_attn.v_proj": 815.1382446289062,
    "model.layers.12.self_attn.o_proj": 806.2810668945312,
    "model.layers.12.mlp.gate_proj": 831.0239868164062,
    "model.layers.12.mlp.up_proj": 821.7584228515625,
    "model.layers.12.mlp.down_proj": 820.0081176757812,
    "model.layers.13.self_attn.q_proj": 824.363525390625,
    "model.layers.13.self_attn.k_proj": 813.0692138671875,
    "model.layers.13.self_attn.v_proj": 813.54443359375,
    "model.layers.13.self_attn.o_proj": 803.763916015625,
    "model.layers.13.mlp.gate_proj": 825.9783935546875,
    "model.layers.13.mlp.up_proj": 820.588134765625,
    "model.layers.13.mlp.down_proj": 833.9093017578125,
    "model.layers.14.self_attn.q_proj": 816.9583740234375,
    "model.layers.14.self_attn.k_proj": 827.2684326171875,
    "model.layers.14.self_attn.v_proj": 859.8795776367188,
    "model.layers.14.self_attn.o_proj": 817.2909545898438,
    "model.layers.14.mlp.gate_proj": 818.28466796875,
    "model.layers.14.mlp.up_proj": 834.17626953125,
    "model.layers.14.mlp.down_proj": 834.7428588867188,
    "model.layers.15.self_attn.q_proj": 802.4828491210938,
    "model.layers.15.self_attn.k_proj": 809.3995361328125,
    "model.layers.15.self_attn.v_proj": 830.4564819335938,
    "model.layers.15.self_attn.o_proj": 794.5824584960938,
    "model.layers.15.mlp.gate_proj": 817.4765014648438,
    "model.layers.15.mlp.up_proj": 822.2572631835938,
    "model.layers.15.mlp.down_proj": 825.9156494140625,
    "model.layers.16.self_attn.q_proj": 802.1227416992188,
    "model.layers.16.self_attn.k_proj": 803.0598754882812,
    "model.layers.16.self_attn.v_proj": 832.6270141601562,
    "model.layers.16.self_attn.o_proj": 809.2557983398438,
    "model.layers.16.mlp.gate_proj": 830.7775268554688,
    "model.layers.16.mlp.up_proj": 812.838623046875,
    "model.layers.16.mlp.down_proj": 818.8169555664062,
    "model.layers.17.self_attn.q_proj": 821.4271850585938,
    "model.layers.17.self_attn.k_proj": 809.2599487304688,
    "model.layers.17.self_attn.v_proj": 825.6958618164062,
    "model.layers.17.self_attn.o_proj": 804.3800048828125,
    "model.layers.17.mlp.gate_proj": 837.6769409179688,
    "model.layers.17.mlp.up_proj": 810.8528442382812,
    "model.layers.17.mlp.down_proj": 830.7216186523438,
    "model.layers.18.self_attn.q_proj": 821.9776611328125,
    "model.layers.18.self_attn.k_proj": 806.3997192382812,
    "model.layers.18.self_attn.v_proj": 820.4341430664062,
    "model.layers.18.self_attn.o_proj": 792.0027465820312,
    "model.layers.18.mlp.gate_proj": 823.292236328125,
    "model.layers.18.mlp.up_proj": 818.4442749023438,
    "model.layers.18.mlp.down_proj": 826.2678833007812,
    "model.layers.19.self_attn.q_proj": 803.8395385742188,
    "model.layers.19.self_attn.k_proj": 829.2278442382812,
    "model.layers.19.self_attn.v_proj": 823.5252075195312,
    "model.layers.19.self_attn.o_proj": 769.1468505859375,
    "model.layers.19.mlp.gate_proj": 821.5450439453125,
    "model.layers.19.mlp.up_proj": 824.2025146484375,
    "model.layers.19.mlp.down_proj": 817.1687622070312,
    "model.layers.20.self_attn.q_proj": 807.1041870117188,