{
    "model.layers.0.self_attn.q_proj": 796.2266235351562,
    "model.layers.0.self_attn.k_proj": 796.4086303710938,
    "model.layers.0.self_attn.v_proj": 797.2716064453125,
    "model.layers.0.self_attn.o_proj": 816.5496826171875,
    "model.layers.0.mlp.gate_proj": 821.8258056640625,
    "model.layers.0.mlp.up_proj": 812.1273803710938,
    "model.layers.0.mlp.down_proj": 808.6553344726562,
    "model.layers.1.self_attn.q_proj": 813.054443359375,
    "model.layers.1.self_attn.k_proj": 750.927978515625,
    "model.layers.1.self_attn.v_proj": 795.8616943359375,
    "model.layers.1.self_attn.o_proj": 855.521240234375,
    "model.layers.1.mlp.gate_proj": 806.1358642578125,
    "model.layers.1.mlp.up_proj": 804.1417236328125,
    "model.layers.1.mlp.down_proj": 844.7999267578125,
    "model.layers.2.self_attn.q_proj": 796.9567260742188,
    "model.layers.2.self_attn.k_proj": 816.3970947265625,
    "model.layers.2.self_attn.v_proj": 854.0322265625,
    "model.layers.2.self_attn.o_proj": 830.1658935546875,
    "model.layers.2.mlp.gate_proj": 808.699951171875,
    "model.layers.2.mlp.up_proj": 803.9697265625,
    "model.layers.2.mlp.down_proj": 867.4724731445312,
    "model.layers.3.self_attn.q_proj": 803.740478515625,
    "model.layers.3.self_attn.k_proj": 794.0171508789062,
    "model.layers.3.self_attn.v_proj": 770.6666259765625,
    "model.layers.3.self_attn.o_proj": 807.0758056640625,
    "model.layers.3.mlp.gate_proj": 823.3792724609375,
    "model.layers.3.mlp.up_proj": 820.6411743164062,
    "model.layers.3.mlp.down_proj": 870.006591796875,
    "model.layers.4.self_attn.q_proj": 814.0517578125,
    "model.layers.4.self_attn.k_proj": 806.5284423828125,
    "model.layers.4.self_attn.v_proj": 879.1407470703125,
    "model.layers.4.self_attn.o_proj": 791.89697265625,
    "model.layers.4.mlp.gate_proj": 805.1058349609375,
    "model.layers.4.mlp.up_proj": 811.9934692382812,
    "model.layers.4.mlp.down_proj": 837.2385864257812,
    "model.layers.5.self_attn.q_proj": 812.2626953125,
    "model.layers.5.self_attn.k_proj": 788.7413330078125,
    "model.layers.5.self_attn.v_proj": 863.7633666992188,
    "model.layers.5.self_attn.o_proj": 802.4903564453125,
    "model.layers.5.mlp.gate_proj": 850.9962158203125,
    "model.layers.5.mlp.up_proj": 881.717529296875,
    "model.layers.5.mlp.down_proj": 856.6656494140625,
    "model.layers.6.self_attn.q_proj": 797.0574340820312,
    "model.layers.6.self_attn.k_proj": 766.2667846679688,
    "model.layers.6.self_attn.v_proj": 806.9751586914062,
    "model.layers.6.self_attn.o_proj": 794.6162109375,
    "model.layers.6.mlp.gate_proj": 781.1782836914062,
    "model.layers.6.mlp.up_proj": 821.4706420898438,
    "model.layers.6.mlp.down_proj": 863.9894409179688,
    "model.layers.7.self_attn.q_proj": 810.9984741210938,
    "model.layers.7.self_attn.k_proj": 843.4096069335938,
    "model.layers.7.self_attn.v_proj": 901.4131469726562,
    "model.layers.7.self_attn.o_proj": 775.8209228515625,
    "model.layers.7.mlp.gate_proj": 829.36962890625,
    "model.layers.7.mlp.up_proj": 854.8601684570312,
    "model.layers.7.mlp.down_proj": 817.5425415039062,
    "model.layers.8.self_attn.q_proj": 785.6220092773438,
    "model.layers.8.self_attn.k_proj": 826.1560668945312,
    "model.layers.8.self_attn.v_proj": 859.334228515625,
    "model.layers.8.self_attn.o_proj": 791.1321411132812,
    "model.layers.8.mlp.gate_proj": 824.2786254882812,
    "model.layers.8.mlp.up_proj": 827.4258422851562,
    "model.layers.8.mlp.down_proj": 865.8303833007812,
    "model.layers.9.self_attn.q_proj": 788.604736328125,
    "model.layers.9.self_attn.k_proj": 810.6100463867188,
    "model.layers.9.self_attn.v_proj": 855.2742919921875,
    "model.layers.9.self_attn.o_proj": 830.279052734375,
    "model.layers.9.mlp.gate_proj": 840.835693359375,
    "model.layers.9.mlp.up_proj": 814.4229125976562,
    "model.layers.9.mlp.down_proj": 839.0292358398438,
    "model.layers.10.self_attn.q_proj": 822.2259521484375,
    "model.layers.10.self_attn.k_proj": 852.1806030273438,
    "model.layers.10.self_attn.v_proj": 820.8585815429688,
    "model.layers.10.self_attn.o_proj": 762.1560668945312,
    "model.layers.10.mlp.gate_proj": 824.05908203125,
    "model.layers.10.mlp.up_proj": 799.9549560546875,
    "model.layers.10.mlp.down_proj": 863.037109375,
    "model.layers.11.self_attn.q_proj": 767.5870971679688,
    "model.layers.11.self_attn.k_proj": 781.7421264648438,
    "model.layers.11.self_attn.v_proj": 896.67822265625,
    "model.layers.11.self_attn.o_proj": 757.2470092773438,
    "model.layers.11.mlp.gate_proj": 853.4268188476562,
    "model.layers.11.mlp.up_proj": 850.0927734375,
    "model.layers.11.mlp.down_proj": 828.56103515625,
    "model.layers.12.self_attn.q_proj": 757.9176635742188,
    "model.layers.12.self_attn.k_proj": 789.5924682617188,
    "model.layers.12.self_attn.v_proj": 818.9649658203125,
    "model.layers.12.self_attn.o_proj": 741.1629638671875,
    "model.layers.12.mlp.gate_proj": 833.565185546875,
    "model.layers.12.mlp.up_proj": 821.438232421875,
    "model.layers.12.mlp.down_proj": 837.9071044921875,
    "model.layers.13.self_attn.q_proj": 813.3917236328125,
    "model.layers.13.self_attn.k_proj": 777.1168823242188,
    "model.layers.13.self_attn.v_proj": 902.4005737304688,
    "model.layers.13.self_attn.o_proj": 785.0509033203125,
    "model.layers.13.mlp.gate_proj": 825.7728881835938,
    "model.layers.13.mlp.up_proj": 824.445556640625,
    "model.layers.13.mlp.down_proj": 875.6105346679688,
    "model.layers.14.self_attn.q_proj": 798.9483642578125,
    "model.layers.14.self_attn.k_proj": 838.8566284179688,
    "model.layers.14.self_attn.v_proj": 881.3703002929688,
    "model.layers.14.self_attn.o_proj": 801.2515869140625,
    "model.layers.14.mlp.gate_proj": 842.4017944335938,
    "model.layers.14.mlp.up_proj": 853.3486938476562,
    "model.layers.14.mlp.down_proj": 843.8856811523438,
    "model.layers.15.self_attn.q_proj": 780.9750366210938,
    "model.layers.15.self_attn.k_proj": 799.37255859375,
    "model.layers.15.self_attn.v_proj": 866.3751831054688,
    "model.layers.15.self_attn.o_proj": 701.1199951171875,
    "model.layers.15.mlp.gate_proj": 816.0728759765625,
    "model.layers.15.mlp.up_proj": 813.44970703125,
    "model.layers.15.mlp.down_proj": 847.6201171875,
    "model.layers.16.self_attn.q_proj": 782.990966796875,
    "model.layers.16.self_attn.k_proj": 791.2901000976562,
    "model.layers.16.self_attn.v_proj": 840.9757690429688,
    "model.layers.16.self_attn.o_proj": 765.2517700195312,
    "model.layers.16.mlp.gate_proj": 830.1901245117188,
    "model.layers.16.mlp.up_proj": 803.811279296875,
    "model.layers.16.mlp.down_proj": 817.075439453125,
    "model.layers.17.self_attn.q_proj": 801.932373046875,
    "model.layers.17.self_attn.k_proj": 821.9024047851562,
    "model.layers.17.self_attn.v_proj": 833.9759521484375,
    "model.layers.17.self_attn.o_proj": 761.7994995117188,
    "model.layers.17.mlp.gate_proj": 832.73486328125,
    "model.layers.17.mlp.up_proj": 809.8341674804688,
    "model.layers.17.mlp.down_proj": 857.5419311523438,
    "model.layers.18.self_attn.q_proj": 801.3516845703125,
    "model.layers.18.self_attn.k_proj": 770.2293090820312,
    "model.layers.18.self_attn.v_proj": 826.8137817382812,
    "model.layers.18.self_attn.o_proj": 739.18798828125,
    "model.layers.18.mlp.gate_proj": 824.9501953125,
    "model.layers.18.mlp.up_proj": 806.3865356445312,
    "model.layers.18.mlp.down_proj": 841.7093505859375,
    "model.layers.19.self_attn.q_proj": 793.1802978515625,
    "model.layers.19.self_attn.k_proj": 812.1924438476562,
    "model.layers.19.self_attn.v_proj": 821.3900146484375,
    "model.layers.19.self_attn.o_proj": 702.2557373046875,
    "model.layers.19.mlp.gate_proj": 826.2412719726562,
    "model.layers.19.mlp.up_proj": 828.556640625,
    "model.layers.19.mlp.down_proj": 835.1421508789062,
    "model.layers.20.self_attn.q_proj": 792.0575561523438,