{
    "model.layers.0.self_attn.q_proj": 806.1760864257812,
    "model.layers.0.self_attn.k_proj": 806.27880859375,
    "model.layers.0.self_attn.v_proj": 805.8622436523438,
    "model.layers.0.self_attn.o_proj": 799.1780395507812,
    "model.layers.0.mlp.gate_proj": 820.4017333984375,
    "model.layers.0.mlp.up_proj": 821.2109985351562,
    "model.layers.0.mlp.down_proj": 799.5504150390625,
    "model.layers.1.self_attn.q_proj": 826.2568969726562,
    "model.layers.1.self_attn.k_proj": 785.2509155273438,
    "model.layers.1.self_attn.v_proj": 801.728515625,
    "model.layers.1.self_attn.o_proj": 830.49072265625,
    "model.layers.1.mlp.gate_proj": 831.4651489257812,
    "model.layers.1.mlp.up_proj": 789.8394775390625,
    "model.layers.1.mlp.down_proj": 816.2368774414062,
    "model.layers.2.self_attn.q_proj": 802.7594604492188,
    "model.layers.2.self_attn.k_proj": 810.2474975585938,
    "model.layers.2.self_attn.v_proj": 838.0687255859375,
    "model.layers.2.self_attn.o_proj": 846.7938842773438,
    "model.layers.2.mlp.gate_proj": 809.884521484375,
    "model.layers.2.mlp.up_proj": 817.6939086914062,
    "model.layers.2.mlp.down_proj": 834.8687133789062,
    "model.layers.3.self_attn.q_proj": 794.989501953125,
    "model.layers.3.self_attn.k_proj": 805.7994384765625,
    "model.layers.3.self_attn.v_proj": 792.7496337890625,
    "model.layers.3.self_attn.o_proj": 837.5183715820312,
    "model.layers.3.mlp.gate_proj": 825.4561157226562,
    "model.layers.3.mlp.up_proj": 823.7255249023438,
    "model.layers.3.mlp.down_proj": 843.2200927734375,
    "model.layers.4.self_attn.q_proj": 825.4481201171875,
    "model.layers.4.self_attn.k_proj": 809.2708740234375,
    "model.layers.4.self_attn.v_proj": 868.2763671875,
    "model.layers.4.self_attn.o_proj": 793.7813110351562,
    "model.layers.4.mlp.gate_proj": 822.2982177734375,
    "model.layers.4.mlp.up_proj": 828.7200927734375,
    "model.layers.4.mlp.down_proj": 816.4320678710938,
    "model.layers.5.self_attn.q_proj": 844.0598754882812,
    "model.layers.5.self_attn.k_proj": 805.8890380859375,
    "model.layers.5.self_attn.v_proj": 812.102783203125,
    "model.layers.5.self_attn.o_proj": 819.2055053710938,
    "model.layers.5.mlp.gate_proj": 834.9511108398438,
    "model.layers.5.mlp.up_proj": 866.32080078125,
    "model.layers.5.mlp.down_proj": 851.8198852539062,
    "model.layers.6.self_attn.q_proj": 782.2989501953125,
    "model.layers.6.self_attn.k_proj": 770.673095703125,
    "model.layers.6.self_attn.v_proj": 823.7708129882812,
    "model.layers.6.self_attn.o_proj": 799.9747314453125,
    "model.layers.6.mlp.gate_proj": 774.752685546875,
    "model.layers.6.mlp.up_proj": 798.7440185546875,
    "model.layers.6.mlp.down_proj": 825.3056640625,
    "model.layers.7.self_attn.q_proj": 804.953125,
    "model.layers.7.self_attn.k_proj": 846.3341674804688,
    "model.layers.7.self_attn.v_proj": 882.59765625,
    "model.layers.7.self_attn.o_proj": 793.2750854492188,
    "model.layers.7.mlp.gate_proj": 822.3905639648438,
    "model.layers.7.mlp.up_proj": 834.8346557617188,
    "model.layers.7.mlp.down_proj": 819.9010620117188,
    "model.layers.8.self_attn.q_proj": 803.74462890625,
    "model.layers.8.self_attn.k_proj": 831.6267700195312,
    "model.layers.8.self_attn.v_proj": 844.4678344726562,
    "model.layers.8.self_attn.o_proj": 805.6966552734375,
    "model.layers.8.mlp.gate_proj": 829.0457153320312,
    "model.layers.8.mlp.up_proj": 834.4463500976562,
    "model.layers.8.mlp.down_proj": 851.9193115234375,
    "model.layers.9.self_attn.q_proj": 799.1170043945312,
    "model.layers.9.self_attn.k_proj": 826.0912475585938,
    "model.layers.9.self_attn.v_proj": 845.2008666992188,
    "model.layers.9.self_attn.o_proj": 840.32861328125,
    "model.layers.9.mlp.gate_proj": 838.1209106445312,
    "model.layers.9.mlp.up_proj": 829.3997802734375,
    "model.layers.9.mlp.down_proj": 823.7810668945312,
    "model.layers.10.self_attn.q_proj": 830.2363891601562,
    "model.layers.10.self_attn.k_proj": 839.0001220703125,
    "model.layers.10.self_attn.v_proj": 827.1094360351562,
    "model.layers.10.self_attn.o_proj": 788.1453247070312,
    "model.layers.10.mlp.gate_proj": 820.9022216796875,
    "model.layers.10.mlp.up_proj": 798.16650390625,
    "model.layers.10.mlp.down_proj": 855.6412963867188,
    "model.layers.11.self_attn.q_proj": 784.232421875,
    "model.layers.11.self_attn.k_proj": 787.12744140625,
    "model.layers.11.self_attn.v_proj": 880.5050659179688,
    "model.layers.11.self_attn.o_proj": 786.1128540039062,
    "model.layers.11.mlp.gate_proj": 842.8155517578125,
    "model.layers.11.mlp.up_proj": 846.0184326171875,
    "model.layers.11.mlp.down_proj": 819.568359375,
    "model.layers.12.self_attn.q_proj": 776.8814697265625,
    "model.layers.12.self_attn.k_proj": 804.45166015625,
    "model.layers.12.self_attn.v_proj": 813.7479248046875,
    "model.layers.12.self_attn.o_proj": 781.5410766601562,
    "model.layers.12.mlp.gate_proj": 832.0201416015625,
    "model.layers.12.mlp.up_proj": 819.7379150390625,
    "model.layers.12.mlp.down_proj": 830.412841796875,
    "model.layers.13.self_attn.q_proj": 824.3158569335938,
    "model.layers.13.self_attn.k_proj": 797.8820190429688,
    "model.layers.13.self_attn.v_proj": 853.9392700195312,
    "model.layers.13.self_attn.o_proj": 790.7123413085938,
    "model.layers.13.mlp.gate_proj": 826.1056518554688,
    "model.layers.13.mlp.up_proj": 821.7849731445312,
    "model.layers.13.mlp.down_proj": 855.1322021484375,
    "model.layers.14.self_attn.q_proj": 813.271728515625,
    "model.layers.14.self_attn.k_proj": 840.3302001953125,
    "model.layers.14.self_attn.v_proj": 872.6588134765625,
    "model.layers.14.self_attn.o_proj": 801.1669311523438,
    "model.layers.14.mlp.gate_proj": 824.9762573242188,
    "model.layers.14.mlp.up_proj": 839.1832885742188,
    "model.layers.14.mlp.down_proj": 842.6168212890625,
    "model.layers.15.self_attn.q_proj": 793.6740112304688,
    "model.layers.15.self_attn.k_proj": 802.9107666015625,
    "model.layers.15.self_attn.v_proj": 850.8688354492188,
    "model.layers.15.self_attn.o_proj": 760.1030883789062,
    "model.layers.15.mlp.gate_proj": 819.6205444335938,
    "model.layers.15.mlp.up_proj": 815.7410888671875,
    "model.layers.15.mlp.down_proj": 834.1455078125,
    "model.layers.16.self_attn.q_proj": 787.3207397460938,
    "model.layers.16.self_attn.k_proj": 788.366455078125,
    "model.layers.16.self_attn.v_proj": 834.4495849609375,
    "model.layers.16.self_attn.o_proj": 790.0958251953125,
    "model.layers.16.mlp.gate_proj": 835.134033203125,
    "model.layers.16.mlp.up_proj": 803.4199829101562,
    "model.layers.16.mlp.down_proj": 815.3263549804688,
    "model.layers.17.self_attn.q_proj": 808.9236450195312,
    "model.layers.17.self_attn.k_proj": 817.1820678710938,
    "model.layers.17.self_attn.v_proj": 827.4437866210938,
    "model.layers.17.self_attn.o_proj": 788.2125244140625,
    "model.layers.17.mlp.gate_proj": 832.4608154296875,
    "model.layers.17.mlp.up_proj": 806.883544921875,
    "model.layers.17.mlp.down_proj": 850.3013916015625,
    "model.layers.18.self_attn.q_proj": 816.0562744140625,
    "model.layers.18.self_attn.k_proj": 788.4873657226562,
    "model.layers.18.self_attn.v_proj": 820.427734375,
    "model.layers.18.self_attn.o_proj": 771.211181640625,
    "model.layers.18.mlp.gate_proj": 824.7605590820312,
    "model.layers.18.mlp.up_proj": 810.3911743164062,
    "model.layers.18.mlp.down_proj": 837.4227905273438,
    "model.layers.19.self_attn.q_proj": 798.4844360351562,
    "model.layers.19.self_attn.k_proj": 823.384521484375,
    "model.layers.19.self_attn.v_proj": 828.2129516601562,
    "model.layers.19.self_attn.o_proj": 729.1633911132812,
    "model.layers.19.mlp.gate_proj": 826.5693359375,
    "model.layers.19.mlp.up_proj": 825.7771606445312,
    "model.layers.19.mlp.down_proj": 827.651123046875,
    "model.layers.20.self_attn.q_proj": 799.0510864257812,