{
    "model.layers.0.self_attn.q_proj": 809.8629760742188,
    "model.layers.0.self_attn.k_proj": 809.9392700195312,
    "model.layers.0.self_attn.v_proj": 809.5665283203125,
    "model.layers.0.self_attn.o_proj": 802.3240356445312,
    "model.layers.0.mlp.gate_proj": 822.1456298828125,
    "model.layers.0.mlp.up_proj": 821.551513671875,
    "model.layers.0.mlp.down_proj": 805.5044555664062,
    "model.layers.1.self_attn.q_proj": 829.8053588867188,
    "model.layers.1.self_attn.k_proj": 787.7548828125,
    "model.layers.1.self_attn.v_proj": 802.6294555664062,
    "model.layers.1.self_attn.o_proj": 826.9754028320312,
    "model.layers.1.mlp.gate_proj": 832.44384765625,
    "model.layers.1.mlp.up_proj": 800.16064453125,
    "model.layers.1.mlp.down_proj": 813.6885986328125,
    "model.layers.2.self_attn.q_proj": 803.30908203125,
    "model.layers.2.self_attn.k_proj": 812.5079956054688,
    "model.layers.2.self_attn.v_proj": 840.625732421875,
    "model.layers.2.self_attn.o_proj": 848.0032958984375,
    "model.layers.2.mlp.gate_proj": 810.32958984375,
    "model.layers.2.mlp.up_proj": 816.3660888671875,
    "model.layers.2.mlp.down_proj": 826.1575927734375,
    "model.layers.3.self_attn.q_proj": 799.3978881835938,
    "model.layers.3.self_attn.k_proj": 810.0803833007812,
    "model.layers.3.self_attn.v_proj": 804.2276000976562,
    "model.layers.3.self_attn.o_proj": 832.0745849609375,
    "model.layers.3.mlp.gate_proj": 825.6640625,
    "model.layers.3.mlp.up_proj": 819.2728881835938,
    "model.layers.3.mlp.down_proj": 829.0735473632812,
    "model.layers.4.self_attn.q_proj": 825.9951782226562,
    "model.layers.4.self_attn.k_proj": 812.23876953125,
    "model.layers.4.self_attn.v_proj": 859.69482421875,
    "model.layers.4.self_attn.o_proj": 796.35595703125,
    "model.layers.4.mlp.gate_proj": 820.7184448242188,
    "model.layers.4.mlp.up_proj": 821.9786987304688,
    "model.layers.4.mlp.down_proj": 816.8826904296875,
    "model.layers.5.self_attn.q_proj": 839.4768676757812,
    "model.layers.5.self_attn.k_proj": 810.597412109375,
    "model.layers.5.self_attn.v_proj": 816.54833984375,
    "model.layers.5.self_attn.o_proj": 814.2312622070312,
    "model.layers.5.mlp.gate_proj": 831.6190795898438,
    "model.layers.5.mlp.up_proj": 865.5146484375,
    "model.layers.5.mlp.down_proj": 847.2764282226562,
    "model.layers.6.self_attn.q_proj": 783.9900512695312,
    "model.layers.6.self_attn.k_proj": 781.11279296875,
    "model.layers.6.self_attn.v_proj": 824.5228271484375,
    "model.layers.6.self_attn.o_proj": 808.4168701171875,
    "model.layers.6.mlp.gate_proj": 783.1116943359375,
    "model.layers.6.mlp.up_proj": 805.1328125,
    "model.layers.6.mlp.down_proj": 820.9622192382812,
    "model.layers.7.self_attn.q_proj": 802.7337036132812,
    "model.layers.7.self_attn.k_proj": 845.7220458984375,
    "model.layers.7.self_attn.v_proj": 868.3263549804688,
    "model.layers.7.self_attn.o_proj": 793.7144165039062,
    "model.layers.7.mlp.gate_proj": 825.2340698242188,
    "model.layers.7.mlp.up_proj": 831.0433349609375,
    "model.layers.7.mlp.down_proj": 821.4173583984375,
    "model.layers.8.self_attn.q_proj": 807.9239501953125,
    "model.layers.8.self_attn.k_proj": 832.7352294921875,
    "model.layers.8.self_attn.v_proj": 837.463134765625,
    "model.layers.8.self_attn.o_proj": 806.8935546875,
    "model.layers.8.mlp.gate_proj": 823.99609375,
    "model.layers.8.mlp.up_proj": 829.5621337890625,
    "model.layers.8.mlp.down_proj": 846.3258056640625,
    "model.layers.9.self_attn.q_proj": 805.052978515625,
    "model.layers.9.self_attn.k_proj": 827.3670654296875,
    "model.layers.9.self_attn.v_proj": 845.1001586914062,
    "model.layers.9.self_attn.o_proj": 840.2733764648438,
    "model.layers.9.mlp.gate_proj": 839.8245849609375,
    "model.layers.9.mlp.up_proj": 830.0694580078125,
    "model.layers.9.mlp.down_proj": 818.0875244140625,
    "model.layers.10.self_attn.q_proj": 827.776123046875,
    "model.layers.10.self_attn.k_proj": 840.7142944335938,
    "model.layers.10.self_attn.v_proj": 824.3178100585938,
    "model.layers.10.self_attn.o_proj": 795.7528076171875,
    "model.layers.10.mlp.gate_proj": 818.9647827148438,
    "model.layers.10.mlp.up_proj": 797.7021484375,
    "model.layers.10.mlp.down_proj": 853.8497924804688,
    "model.layers.11.self_attn.q_proj": 792.4959106445312,
    "model.layers.11.self_attn.k_proj": 790.9906005859375,
    "model.layers.11.self_attn.v_proj": 869.9801025390625,
    "model.layers.11.self_attn.o_proj": 790.2305908203125,
    "model.layers.11.mlp.gate_proj": 836.8311157226562,
    "model.layers.11.mlp.up_proj": 842.09814453125,
    "model.layers.11.mlp.down_proj": 817.8211669921875,
    "model.layers.12.self_attn.q_proj": 791.5838623046875,
    "model.layers.12.self_attn.k_proj": 809.2410278320312,
    "model.layers.12.self_attn.v_proj": 816.9874877929688,
    "model.layers.12.self_attn.o_proj": 791.0777587890625,
    "model.layers.12.mlp.gate_proj": 832.4898071289062,
    "model.layers.12.mlp.up_proj": 820.968994140625,
    "model.layers.12.mlp.down_proj": 821.9407958984375,
    "model.layers.13.self_attn.q_proj": 825.9395751953125,
    "model.layers.13.self_attn.k_proj": 807.3292846679688,
    "model.layers.13.self_attn.v_proj": 825.9789428710938,
    "model.layers.13.self_attn.o_proj": 796.2551879882812,
    "model.layers.13.mlp.gate_proj": 826.5369873046875,
    "model.layers.13.mlp.up_proj": 818.227783203125,
    "model.layers.13.mlp.down_proj": 843.0331420898438,
    "model.layers.14.self_attn.q_proj": 817.5073852539062,
    "model.layers.14.self_attn.k_proj": 835.2396240234375,
    "model.layers.14.self_attn.v_proj": 863.97802734375,
    "model.layers.14.self_attn.o_proj": 809.4515380859375,
    "model.layers.14.mlp.gate_proj": 819.8909301757812,
    "model.layers.14.mlp.up_proj": 835.1098022460938,
    "model.layers.14.mlp.down_proj": 840.0270385742188,
    "model.layers.15.self_attn.q_proj": 800.994140625,
    "model.layers.15.self_attn.k_proj": 803.571533203125,
    "model.layers.15.self_attn.v_proj": 845.291748046875,
    "model.layers.15.self_attn.o_proj": 781.6064453125,
    "model.layers.15.mlp.gate_proj": 821.5070190429688,
    "model.layers.15.mlp.up_proj": 818.1473999023438,
    "model.layers.15.mlp.down_proj": 835.310546875,
    "model.layers.16.self_attn.q_proj": 794.0285034179688,
    "model.layers.16.self_attn.k_proj": 796.2550048828125,
    "model.layers.16.self_attn.v_proj": 839.9488525390625,
    "model.layers.16.self_attn.o_proj": 798.3369140625,
    "model.layers.16.mlp.gate_proj": 833.5403442382812,
    "model.layers.16.mlp.up_proj": 807.8258666992188,
    "model.layers.16.mlp.down_proj": 817.34375,
    "model.layers.17.self_attn.q_proj": 816.9793090820312,
    "model.layers.17.self_attn.k_proj": 811.259521484375,
    "model.layers.17.self_attn.v_proj": 822.3917846679688,
    "model.layers.17.self_attn.o_proj": 794.0194702148438,
    "model.layers.17.mlp.gate_proj": 835.9369506835938,
    "model.layers.17.mlp.up_proj": 808.7888793945312,
    "model.layers.17.mlp.down_proj": 837.6388549804688,
    "model.layers.18.self_attn.q_proj": 819.878662109375,
    "model.layers.18.self_attn.k_proj": 801.4974975585938,
    "model.layers.18.self_attn.v_proj": 816.5592651367188,
    "model.layers.18.self_attn.o_proj": 780.3623657226562,
    "model.layers.18.mlp.gate_proj": 826.0081787109375,
    "model.layers.18.mlp.up_proj": 816.07861328125,
    "model.layers.18.mlp.down_proj": 835.4539794921875,
    "model.layers.19.self_attn.q_proj": 800.8407592773438,
    "model.layers.19.self_attn.k_proj": 827.1141357421875,
    "model.layers.19.self_attn.v_proj": 824.419189453125,
    "model.layers.19.self_attn.o_proj": 747.7228393554688,
    "model.layers.19.mlp.gate_proj": 821.9647827148438,
    "model.layers.19.mlp.up_proj": 827.3910522460938,
    "model.layers.19.mlp.down_proj": 825.1663208007812,
    "model.layers.20.self_attn.q_proj": 804.905517578125,
    "model.layers.20.self_attn.k_proj": 801.7833862304688,