{
    "model.layers.0.self_attn.q_proj": 815.3142700195312,
    "model.layers.0.self_attn.k_proj": 815.3583984375,
    "model.layers.0.self_attn.v_proj": 815.0253295898438,
    "model.layers.0.self_attn.o_proj": 808.5430908203125,
    "model.layers.0.mlp.gate_proj": 821.5781860351562,
    "model.layers.0.mlp.up_proj": 829.248291015625,
    "model.layers.0.mlp.down_proj": 817.4202880859375,
    "model.layers.1.self_attn.q_proj": 829.0653076171875,
    "model.layers.1.self_attn.k_proj": 798.0847778320312,
    "model.layers.1.self_attn.v_proj": 800.00830078125,
    "model.layers.1.self_attn.o_proj": 820.1025390625,
    "model.layers.1.mlp.gate_proj": 830.2437133789062,
    "model.layers.1.mlp.up_proj": 803.6588134765625,
    "model.layers.1.mlp.down_proj": 823.7415771484375,
    "model.layers.2.self_attn.q_proj": 797.0748291015625,
    "model.layers.2.self_attn.k_proj": 812.2411499023438,
    "model.layers.2.self_attn.v_proj": 836.2063598632812,
    "model.layers.2.self_attn.o_proj": 832.5050048828125,
    "model.layers.2.mlp.gate_proj": 815.3524169921875,
    "model.layers.2.mlp.up_proj": 812.1022338867188,
    "model.layers.2.mlp.down_proj": 815.9402465820312,
    "model.layers.3.self_attn.q_proj": 806.99658203125,
    "model.layers.3.self_attn.k_proj": 810.5513305664062,
    "model.layers.3.self_attn.v_proj": 819.525634765625,
    "model.layers.3.self_attn.o_proj": 819.9808349609375,
    "model.layers.3.mlp.gate_proj": 821.0560913085938,
    "model.layers.3.mlp.up_proj": 817.4775390625,
    "model.layers.3.mlp.down_proj": 828.5227661132812,
    "model.layers.4.self_attn.q_proj": 820.7661743164062,
    "model.layers.4.self_attn.k_proj": 810.9130859375,
    "model.layers.4.self_attn.v_proj": 843.2609252929688,
    "model.layers.4.self_attn.o_proj": 799.1693725585938,
    "model.layers.4.mlp.gate_proj": 812.51025390625,
    "model.layers.4.mlp.up_proj": 822.1531982421875,
    "model.layers.4.mlp.down_proj": 819.2086791992188,
    "model.layers.5.self_attn.q_proj": 835.541748046875,
    "model.layers.5.self_attn.k_proj": 820.1233520507812,
    "model.layers.5.self_attn.v_proj": 814.1572875976562,
    "model.layers.5.self_attn.o_proj": 804.2066040039062,
    "model.layers.5.mlp.gate_proj": 829.5436401367188,
    "model.layers.5.mlp.up_proj": 845.438720703125,
    "model.layers.5.mlp.down_proj": 831.1972045898438,
    "model.layers.6.self_attn.q_proj": 799.7951049804688,
    "model.layers.6.self_attn.k_proj": 809.3670654296875,
    "model.layers.6.self_attn.v_proj": 821.23974609375,
    "model.layers.6.self_attn.o_proj": 812.3907470703125,
    "model.layers.6.mlp.gate_proj": 801.5729370117188,
    "model.layers.6.mlp.up_proj": 808.3211669921875,
    "model.layers.6.mlp.down_proj": 818.4105224609375,
    "model.layers.7.self_attn.q_proj": 810.1940307617188,
    "model.layers.7.self_attn.k_proj": 835.4933471679688,
    "model.layers.7.self_attn.v_proj": 834.244873046875,
    "model.layers.7.self_attn.o_proj": 801.134521484375,
    "model.layers.7.mlp.gate_proj": 829.3402709960938,
    "model.layers.7.mlp.up_proj": 831.1784057617188,
    "model.layers.7.mlp.down_proj": 824.9426879882812,
    "model.layers.8.self_attn.q_proj": 815.0656127929688,
    "model.layers.8.self_attn.k_proj": 828.93212890625,
    "model.layers.8.self_attn.v_proj": 834.3560180664062,
    "model.layers.8.self_attn.o_proj": 810.845703125,
    "model.layers.8.mlp.gate_proj": 817.1862182617188,
    "model.layers.8.mlp.up_proj": 829.3189086914062,
    "model.layers.8.mlp.down_proj": 834.04736328125,
    "model.layers.9.self_attn.q_proj": 811.7307739257812,
    "model.layers.9.self_attn.k_proj": 834.6023559570312,
    "model.layers.9.self_attn.v_proj": 831.254150390625,
    "model.layers.9.self_attn.o_proj": 833.8385009765625,
    "model.layers.9.mlp.gate_proj": 837.0860595703125,
    "model.layers.9.mlp.up_proj": 831.3116455078125,
    "model.layers.9.mlp.down_proj": 813.3544921875,
    "model.layers.10.self_attn.q_proj": 827.749267578125,
    "model.layers.10.self_attn.k_proj": 833.8817138671875,
    "model.layers.10.self_attn.v_proj": 818.4395751953125,
    "model.layers.10.self_attn.o_proj": 806.3736572265625,
    "model.layers.10.mlp.gate_proj": 821.13427734375,
    "model.layers.10.mlp.up_proj": 812.5553588867188,
    "model.layers.10.mlp.down_proj": 843.3383178710938,
    "model.layers.11.self_attn.q_proj": 804.6944580078125,
    "model.layers.11.self_attn.k_proj": 803.9745483398438,
    "model.layers.11.self_attn.v_proj": 837.0185546875,
    "model.layers.11.self_attn.o_proj": 804.4553833007812,
    "model.layers.11.mlp.gate_proj": 827.687255859375,
    "model.layers.11.mlp.up_proj": 830.84423828125,
    "model.layers.11.mlp.down_proj": 815.3882446289062,
    "model.layers.12.self_attn.q_proj": 807.8685913085938,
    "model.layers.12.self_attn.k_proj": 814.5224609375,
    "model.layers.12.self_attn.v_proj": 816.1722412109375,
    "model.layers.12.self_attn.o_proj": 813.8433227539062,
    "model.layers.12.mlp.gate_proj": 831.3347778320312,
    "model.layers.12.mlp.up_proj": 822.3118286132812,
    "model.layers.12.mlp.down_proj": 822.695068359375,
    "model.layers.13.self_attn.q_proj": 820.5084228515625,
    "model.layers.13.self_attn.k_proj": 810.632568359375,
    "model.layers.13.self_attn.v_proj": 809.118896484375,
    "model.layers.13.self_attn.o_proj": 807.8877563476562,
    "model.layers.13.mlp.gate_proj": 822.2493896484375,
    "model.layers.13.mlp.up_proj": 822.3101196289062,
    "model.layers.13.mlp.down_proj": 830.3439331054688,
    "model.layers.14.self_attn.q_proj": 819.6671752929688,
    "model.layers.14.self_attn.k_proj": 828.0760498046875,
    "model.layers.14.self_attn.v_proj": 852.969482421875,
    "model.layers.14.self_attn.o_proj": 819.1853637695312,
    "model.layers.14.mlp.gate_proj": 820.642578125,
    "model.layers.14.mlp.up_proj": 832.9013671875,
    "model.layers.14.mlp.down_proj": 831.1904907226562,
    "model.layers.15.self_attn.q_proj": 806.0797729492188,
    "model.layers.15.self_attn.k_proj": 812.320068359375,
    "model.layers.15.self_attn.v_proj": 823.9642944335938,
    "model.layers.15.self_attn.o_proj": 801.2359619140625,
    "model.layers.15.mlp.gate_proj": 814.209228515625,
    "model.layers.15.mlp.up_proj": 823.044921875,
    "model.layers.15.mlp.down_proj": 825.1770629882812,
    "model.layers.16.self_attn.q_proj": 806.2723999023438,
    "model.layers.16.self_attn.k_proj": 804.5133666992188,
    "model.layers.16.self_attn.v_proj": 826.0765991210938,
    "model.layers.16.self_attn.o_proj": 812.8616333007812,
    "model.layers.16.mlp.gate_proj": 829.6478271484375,
    "model.layers.16.mlp.up_proj": 814.327392578125,
    "model.layers.16.mlp.down_proj": 821.650634765625,
    "model.layers.17.self_attn.q_proj": 822.39599609375,
    "model.layers.17.self_attn.k_proj": 811.6654663085938,
    "model.layers.17.self_attn.v_proj": 824.1669921875,
    "model.layers.17.self_attn.o_proj": 808.47021484375,
    "model.layers.17.mlp.gate_proj": 836.4293212890625,
    "model.layers.17.mlp.up_proj": 811.0123291015625,
    "model.layers.17.mlp.down_proj": 827.76171875,
    "model.layers.18.self_attn.q_proj": 822.2335205078125,
    "model.layers.18.self_attn.k_proj": 807.0633544921875,
    "model.layers.18.self_attn.v_proj": 822.4481201171875,
    "model.layers.18.self_attn.o_proj": 799.0137939453125,
    "model.layers.18.mlp.gate_proj": 825.0775756835938,
    "model.layers.18.mlp.up_proj": 820.7080078125,
    "model.layers.18.mlp.down_proj": 822.6176147460938,
    "model.layers.19.self_attn.q_proj": 806.7676391601562,
    "model.layers.19.self_attn.k_proj": 830.5291137695312,
    "model.layers.19.self_attn.v_proj": 823.0138549804688,
    "model.layers.19.self_attn.o_proj": 777.354736328125,
    "model.layers.19.mlp.gate_proj": 821.76123046875,
    "model.layers.19.mlp.up_proj": 823.7789306640625,
    "model.layers.19.mlp.down_proj": 816.3291015625,
    "model.layers.20.self_attn.q_proj": 809.6339111328125,
    "model.layers.20.self_attn.k_proj": 805.7021484375,