{
    "model.layers.0.self_attn.q_proj": 1638.322509765625,
    "model.layers.0.self_attn.k_proj": 1638.322509765625,
    "model.layers.0.self_attn.v_proj": 1638.322509765625,
    "model.layers.0.self_attn.o_proj": 1637.1722412109375,
    "model.layers.0.mlp.gate_proj": 1638.808837890625,
    "model.layers.0.mlp.up_proj": 1638.587158203125,
    "model.layers.0.mlp.down_proj": 1639.6820068359375,
    "model.layers.1.self_attn.q_proj": 1638.86767578125,
    "model.layers.1.self_attn.k_proj": 1638.027099609375,
    "model.layers.1.self_attn.v_proj": 1637.5792236328125,
    "model.layers.1.self_attn.o_proj": 1643.607666015625,
    "model.layers.1.mlp.gate_proj": 1642.73681640625,
    "model.layers.1.mlp.up_proj": 1634.3519287109375,
    "model.layers.1.mlp.down_proj": 1637.96435546875,
    "model.layers.2.self_attn.q_proj": 1637.9903564453125,
    "model.layers.2.self_attn.k_proj": 1637.577392578125,
    "model.layers.2.self_attn.v_proj": 1646.3009033203125,
    "model.layers.2.self_attn.o_proj": 1625.33740234375,
    "model.layers.2.mlp.gate_proj": 1634.0616455078125,
    "model.layers.2.mlp.up_proj": 1637.889892578125,
    "model.layers.2.mlp.down_proj": 1641.51513671875,
    "model.layers.3.self_attn.q_proj": 1636.9654541015625,
    "model.layers.3.self_attn.k_proj": 1650.3917236328125,
    "model.layers.3.self_attn.v_proj": 1631.4703369140625,
    "model.layers.3.self_attn.o_proj": 1625.32666015625,
    "model.layers.3.mlp.gate_proj": 1640.26611328125,
    "model.layers.3.mlp.up_proj": 1634.849853515625,
    "model.layers.3.mlp.down_proj": 1643.614013671875,
    "model.layers.4.self_attn.q_proj": 1638.48828125,
    "model.layers.4.self_attn.k_proj": 1642.743896484375,
    "model.layers.4.self_attn.v_proj": 1649.129150390625,
    "model.layers.4.self_attn.o_proj": 1611.9149169921875,
    "model.layers.4.mlp.gate_proj": 1632.5726318359375,
    "model.layers.4.mlp.up_proj": 1631.5980224609375,
    "model.layers.4.mlp.down_proj": 1619.40234375,
    "model.layers.5.self_attn.q_proj": 1627.30029296875,
    "model.layers.5.self_attn.k_proj": 1625.7833251953125,
    "model.layers.5.self_attn.v_proj": 1653.2115478515625,
    "model.layers.5.self_attn.o_proj": 1643.7586669921875,
    "model.layers.5.mlp.gate_proj": 1623.3770751953125,
    "model.layers.5.mlp.up_proj": 1642.92919921875,
    "model.layers.5.mlp.down_proj": 1662.523193359375,
    "model.layers.6.self_attn.q_proj": 1631.038330078125,
    "model.layers.6.self_attn.k_proj": 1645.4366455078125,
    "model.layers.6.self_attn.v_proj": 1663.7049560546875,
    "model.layers.6.self_attn.o_proj": 1642.302001953125,
    "model.layers.6.mlp.gate_proj": 1626.2568359375,
    "model.layers.6.mlp.up_proj": 1636.6064453125,
    "model.layers.6.mlp.down_proj": 1621.22265625,
    "model.layers.7.self_attn.q_proj": 1635.9229736328125,
    "model.layers.7.self_attn.k_proj": 1640.2459716796875,
    "model.layers.7.self_attn.v_proj": 1635.3516845703125,
    "model.layers.7.self_attn.o_proj": 1619.011474609375,
    "model.layers.7.mlp.gate_proj": 1643.933837890625,
    "model.layers.7.mlp.up_proj": 1627.197265625,
    "model.layers.7.mlp.down_proj": 1628.8858642578125,
    "model.layers.8.self_attn.q_proj": 1635.7919921875,
    "model.layers.8.self_attn.k_proj": 1642.0731201171875,
    "model.layers.8.self_attn.v_proj": 1657.9910888671875,
    "model.layers.8.self_attn.o_proj": 1626.744384765625,
    "model.layers.8.mlp.gate_proj": 1632.53515625,
    "model.layers.8.mlp.up_proj": 1627.502197265625,
    "model.layers.8.mlp.down_proj": 1646.1490478515625,
    "model.layers.9.self_attn.q_proj": 1645.76708984375,
    "model.layers.9.self_attn.k_proj": 1658.12890625,
    "model.layers.9.self_attn.v_proj": 1678.026123046875,
    "model.layers.9.self_attn.o_proj": 1639.8973388671875,
    "model.layers.9.mlp.gate_proj": 1654.71923828125,
    "model.layers.9.mlp.up_proj": 1635.0191650390625,
    "model.layers.9.mlp.down_proj": 1640.7283935546875,
    "model.layers.10.self_attn.q_proj": 1652.8087158203125,
    "model.layers.10.self_attn.k_proj": 1635.9039306640625,
    "model.layers.10.self_attn.v_proj": 1682.859375,
    "model.layers.10.self_attn.o_proj": 1625.2579345703125,
    "model.layers.10.mlp.gate_proj": 1621.9207763671875,
    "model.layers.10.mlp.up_proj": 1626.5467529296875,
    "model.layers.10.mlp.down_proj": 1610.54833984375,
    "model.layers.11.self_attn.q_proj": 1643.670166015625,
    "model.layers.11.self_attn.k_proj": 1635.909423828125,
    "model.layers.11.self_attn.v_proj": 1659.86083984375,
    "model.layers.11.self_attn.o_proj": 1631.4737548828125,
    "model.layers.11.mlp.gate_proj": 1630.9068603515625,
    "model.layers.11.mlp.up_proj": 1641.7279052734375,
    "model.layers.11.mlp.down_proj": 1653.7308349609375,
    "model.layers.12.self_attn.q_proj": 1640.495361328125,
    "model.layers.12.self_attn.k_proj": 1642.2991943359375,
    "model.layers.12.self_attn.v_proj": 1662.05078125,
    "model.layers.12.self_attn.o_proj": 1633.2569580078125,
    "model.layers.12.mlp.gate_proj": 1644.78271484375,
    "model.layers.12.mlp.up_proj": 1626.65185546875,
    "model.layers.12.mlp.down_proj": 1632.8265380859375,
    "model.layers.13.self_attn.q_proj": 1647.877685546875,
    "model.layers.13.self_attn.k_proj": 1644.4776611328125,
    "model.layers.13.self_attn.v_proj": 1667.1690673828125,
    "model.layers.13.self_attn.o_proj": 1635.764892578125,
    "model.layers.13.mlp.gate_proj": 1613.98486328125,
    "model.layers.13.mlp.up_proj": 1629.896728515625,
    "model.layers.13.mlp.down_proj": 1630.29443359375,
    "model.layers.14.self_attn.q_proj": 1637.4180908203125,
    "model.layers.14.self_attn.k_proj": 1643.511474609375,
    "model.layers.14.self_attn.v_proj": 1683.4158935546875,
    "model.layers.14.self_attn.o_proj": 1637.1068115234375,
    "model.layers.14.mlp.gate_proj": 1636.89990234375,
    "model.layers.14.mlp.up_proj": 1629.0355224609375,
    "model.layers.14.mlp.down_proj": 1644.8790283203125,
    "model.layers.15.self_attn.q_proj": 1633.4134521484375,
    "model.layers.15.self_attn.k_proj": 1623.68896484375,
    "model.layers.15.self_attn.v_proj": 1667.8140869140625,
    "model.layers.15.self_attn.o_proj": 1629.6015625,
    "model.layers.15.mlp.gate_proj": 1635.8292236328125,
    "model.layers.15.mlp.up_proj": 1651.6845703125,
    "model.layers.15.mlp.down_proj": 1651.5831298828125,
    "model.layers.16.self_attn.q_proj": 1631.2691650390625,
    "model.layers.16.self_attn.k_proj": 1635.090576171875,
    "model.layers.16.self_attn.v_proj": 1662.693359375,
    "model.layers.16.self_attn.o_proj": 1637.1815185546875,
    "model.layers.16.mlp.gate_proj": 1632.62548828125,
    "model.layers.16.mlp.up_proj": 1649.5821533203125,
    "model.layers.16.mlp.down_proj": 1643.364013671875,
    "model.layers.17.self_attn.q_proj": 1649.7220458984375,
    "model.layers.17.self_attn.k_proj": 1632.046142578125,
    "model.layers.17.self_attn.v_proj": 1653.1854248046875,
    "model.layers.17.self_attn.o_proj": 1643.503662109375,
    "model.layers.17.mlp.gate_proj": 1632.420166015625,
    "model.layers.17.mlp.up_proj": 1630.3656005859375,
    "model.layers.17.mlp.down_proj": 1637.8106689453125,
    "model.layers.18.self_attn.q_proj": 1626.2344970703125,
    "model.layers.18.self_attn.k_proj": 1632.0218505859375,
    "model.layers.18.self_attn.v_proj": 1670.8519287109375,
    "model.layers.18.self_attn.o_proj": 1642.17578125,
    "model.layers.18.mlp.gate_proj": 1632.2373046875,
    "model.layers.18.mlp.up_proj": 1632.74267578125,
    "model.layers.18.mlp.down_proj": 1655.4097900390625,
    "model.layers.19.self_attn.q_proj": 1645.72509765625,
    "model.layers.19.self_attn.k_proj": 1637.98486328125,
    "model.layers.19.self_attn.v_proj": 1658.7474365234375,
    "model.layers.19.self_attn.o_proj": 1633.1383056640625,
    "model.layers.19.mlp.gate_proj": 1629.307373046875,
    "model.layers.19.mlp.up_proj": 1644.550048828125,
    "model.layers.19.mlp.down_proj": 1651.4534912109375,