{
    "model.layers.0.self_attn.q_proj": 1640.180419921875,
    "model.layers.0.self_attn.k_proj": 1640.180419921875,
    "model.layers.0.self_attn.v_proj": 1640.180419921875,
    "model.layers.0.self_attn.o_proj": 1639.4190673828125,
    "model.layers.0.mlp.gate_proj": 1640.6822509765625,
    "model.layers.0.mlp.up_proj": 1640.4339599609375,
    "model.layers.0.mlp.down_proj": 1642.101318359375,
    "model.layers.1.self_attn.q_proj": 1640.8511962890625,
    "model.layers.1.self_attn.k_proj": 1639.94091796875,
    "model.layers.1.self_attn.v_proj": 1639.736328125,
    "model.layers.1.self_attn.o_proj": 1644.0777587890625,
    "model.layers.1.mlp.gate_proj": 1643.8778076171875,
    "model.layers.1.mlp.up_proj": 1636.0264892578125,
    "model.layers.1.mlp.down_proj": 1636.7625732421875,
    "model.layers.2.self_attn.q_proj": 1639.8218994140625,
    "model.layers.2.self_attn.k_proj": 1640.32763671875,
    "model.layers.2.self_attn.v_proj": 1646.2578125,
    "model.layers.2.self_attn.o_proj": 1631.281494140625,
    "model.layers.2.mlp.gate_proj": 1636.583251953125,
    "model.layers.2.mlp.up_proj": 1637.486328125,
    "model.layers.2.mlp.down_proj": 1644.7210693359375,
    "model.layers.3.self_attn.q_proj": 1637.552001953125,
    "model.layers.3.self_attn.k_proj": 1647.1893310546875,
    "model.layers.3.self_attn.v_proj": 1636.1790771484375,
    "model.layers.3.self_attn.o_proj": 1631.898681640625,
    "model.layers.3.mlp.gate_proj": 1636.8131103515625,
    "model.layers.3.mlp.up_proj": 1636.1680908203125,
    "model.layers.3.mlp.down_proj": 1641.9305419921875,
    "model.layers.4.self_attn.q_proj": 1640.890625,
    "model.layers.4.self_attn.k_proj": 1642.7982177734375,
    "model.layers.4.self_attn.v_proj": 1647.7283935546875,
    "model.layers.4.self_attn.o_proj": 1628.681884765625,
    "model.layers.4.mlp.gate_proj": 1632.2181396484375,
    "model.layers.4.mlp.up_proj": 1633.47119140625,
    "model.layers.4.mlp.down_proj": 1626.40185546875,
    "model.layers.5.self_attn.q_proj": 1633.47021484375,
    "model.layers.5.self_attn.k_proj": 1635.6785888671875,
    "model.layers.5.self_attn.v_proj": 1652.9886474609375,
    "model.layers.5.self_attn.o_proj": 1639.6641845703125,
    "model.layers.5.mlp.gate_proj": 1624.6741943359375,
    "model.layers.5.mlp.up_proj": 1639.06591796875,
    "model.layers.5.mlp.down_proj": 1658.6856689453125,
    "model.layers.6.self_attn.q_proj": 1641.035400390625,
    "model.layers.6.self_attn.k_proj": 1644.73291015625,
    "model.layers.6.self_attn.v_proj": 1652.8131103515625,
    "model.layers.6.self_attn.o_proj": 1644.14892578125,
    "model.layers.6.mlp.gate_proj": 1634.0433349609375,
    "model.layers.6.mlp.up_proj": 1645.971435546875,
    "model.layers.6.mlp.down_proj": 1632.194580078125,
    "model.layers.7.self_attn.q_proj": 1636.6546630859375,
    "model.layers.7.self_attn.k_proj": 1644.1114501953125,
    "model.layers.7.self_attn.v_proj": 1634.2017822265625,
    "model.layers.7.self_attn.o_proj": 1631.1927490234375,
    "model.layers.7.mlp.gate_proj": 1639.1302490234375,
    "model.layers.7.mlp.up_proj": 1628.553466796875,
    "model.layers.7.mlp.down_proj": 1634.801513671875,
    "model.layers.8.self_attn.q_proj": 1635.58154296875,
    "model.layers.8.self_attn.k_proj": 1636.9112548828125,
    "model.layers.8.self_attn.v_proj": 1650.5697021484375,
    "model.layers.8.self_attn.o_proj": 1635.864990234375,
    "model.layers.8.mlp.gate_proj": 1635.615478515625,
    "model.layers.8.mlp.up_proj": 1634.9007568359375,
    "model.layers.8.mlp.down_proj": 1650.0927734375,
    "model.layers.9.self_attn.q_proj": 1648.8946533203125,
    "model.layers.9.self_attn.k_proj": 1656.43212890625,
    "model.layers.9.self_attn.v_proj": 1663.7235107421875,
    "model.layers.9.self_attn.o_proj": 1642.5537109375,
    "model.layers.9.mlp.gate_proj": 1649.248046875,
    "model.layers.9.mlp.up_proj": 1636.629150390625,
    "model.layers.9.mlp.down_proj": 1642.58740234375,
    "model.layers.10.self_attn.q_proj": 1647.486328125,
    "model.layers.10.self_attn.k_proj": 1626.472412109375,
    "model.layers.10.self_attn.v_proj": 1668.51025390625,
    "model.layers.10.self_attn.o_proj": 1632.2960205078125,
    "model.layers.10.mlp.gate_proj": 1630.165771484375,
    "model.layers.10.mlp.up_proj": 1632.51904296875,
    "model.layers.10.mlp.down_proj": 1628.924560546875,
    "model.layers.11.self_attn.q_proj": 1646.2979736328125,
    "model.layers.11.self_attn.k_proj": 1635.4598388671875,
    "model.layers.11.self_attn.v_proj": 1645.10791015625,
    "model.layers.11.self_attn.o_proj": 1632.964599609375,
    "model.layers.11.mlp.gate_proj": 1629.809814453125,
    "model.layers.11.mlp.up_proj": 1635.727783203125,
    "model.layers.11.mlp.down_proj": 1654.2564697265625,
    "model.layers.12.self_attn.q_proj": 1640.318603515625,
    "model.layers.12.self_attn.k_proj": 1645.4376220703125,
    "model.layers.12.self_attn.v_proj": 1648.718017578125,
    "model.layers.12.self_attn.o_proj": 1634.4954833984375,
    "model.layers.12.mlp.gate_proj": 1643.7274169921875,
    "model.layers.12.mlp.up_proj": 1625.7213134765625,
    "model.layers.12.mlp.down_proj": 1633.757568359375,
    "model.layers.13.self_attn.q_proj": 1645.283447265625,
    "model.layers.13.self_attn.k_proj": 1644.5247802734375,
    "model.layers.13.self_attn.v_proj": 1658.602783203125,
    "model.layers.13.self_attn.o_proj": 1642.411865234375,
    "model.layers.13.mlp.gate_proj": 1617.9696044921875,
    "model.layers.13.mlp.up_proj": 1635.1162109375,
    "model.layers.13.mlp.down_proj": 1632.4368896484375,
    "model.layers.14.self_attn.q_proj": 1639.6044921875,
    "model.layers.14.self_attn.k_proj": 1640.3436279296875,
    "model.layers.14.self_attn.v_proj": 1666.6524658203125,
    "model.layers.14.self_attn.o_proj": 1639.78955078125,
    "model.layers.14.mlp.gate_proj": 1636.78662109375,
    "model.layers.14.mlp.up_proj": 1631.7822265625,
    "model.layers.14.mlp.down_proj": 1640.2762451171875,
    "model.layers.15.self_attn.q_proj": 1636.7161865234375,
    "model.layers.15.self_attn.k_proj": 1624.8021240234375,
    "model.layers.15.self_attn.v_proj": 1652.6885986328125,
    "model.layers.15.self_attn.o_proj": 1633.629150390625,
    "model.layers.15.mlp.gate_proj": 1635.1619873046875,
    "model.layers.15.mlp.up_proj": 1647.8468017578125,
    "model.layers.15.mlp.down_proj": 1649.5496826171875,
    "model.layers.16.self_attn.q_proj": 1635.5374755859375,
    "model.layers.16.self_attn.k_proj": 1636.4156494140625,
    "model.layers.16.self_attn.v_proj": 1654.2218017578125,
    "model.layers.16.self_attn.o_proj": 1645.039794921875,
    "model.layers.16.mlp.gate_proj": 1639.6116943359375,
    "model.layers.16.mlp.up_proj": 1646.1492919921875,
    "model.layers.16.mlp.down_proj": 1643.2781982421875,
    "model.layers.17.self_attn.q_proj": 1651.6416015625,
    "model.layers.17.self_attn.k_proj": 1634.272705078125,
    "model.layers.17.self_attn.v_proj": 1644.4130859375,
    "model.layers.17.self_attn.o_proj": 1644.765869140625,
    "model.layers.17.mlp.gate_proj": 1636.39892578125,
    "model.layers.17.mlp.up_proj": 1636.548828125,
    "model.layers.17.mlp.down_proj": 1637.8743896484375,
    "model.layers.18.self_attn.q_proj": 1633.376220703125,
    "model.layers.18.self_attn.k_proj": 1638.764404296875,
    "model.layers.18.self_attn.v_proj": 1651.5797119140625,
    "model.layers.18.self_attn.o_proj": 1640.0433349609375,
    "model.layers.18.mlp.gate_proj": 1636.3145751953125,
    "model.layers.18.mlp.up_proj": 1638.640380859375,
    "model.layers.18.mlp.down_proj": 1652.46044921875,
    "model.layers.19.self_attn.q_proj": 1643.7349853515625,
    "model.layers.19.self_attn.k_proj": 1643.264892578125,
    "model.layers.19.self_attn.v_proj": 1656.517822265625,
    "model.layers.19.self_attn.o_proj": 1638.4774169921875,
    "model.layers.19.mlp.gate_proj": 1636.083984375,
    "model.layers.19.mlp.up_proj": 1646.09619140625,
    "model.layers.19.mlp.down_proj": 1658.4307861328125,