{
    "model.layers.0.self_attn.q_proj": 816.3599853515625,
    "model.layers.0.self_attn.k_proj": 816.3745727539062,
    "model.layers.0.self_attn.v_proj": 816.4678955078125,
    "model.layers.0.self_attn.o_proj": 816.7532348632812,
    "model.layers.0.mlp.gate_proj": 1191.2724609375,
    "model.layers.0.mlp.up_proj": 1191.126220703125,
    "model.layers.0.mlp.down_proj": 1190.136474609375,
    "model.layers.1.self_attn.q_proj": 809.7459106445312,
    "model.layers.1.self_attn.k_proj": 816.6625366210938,
    "model.layers.1.self_attn.v_proj": 814.8858032226562,
    "model.layers.1.self_attn.o_proj": 801.2921142578125,
    "model.layers.1.mlp.gate_proj": 1195.1116943359375,
    "model.layers.1.mlp.up_proj": 1195.75537109375,
    "model.layers.1.mlp.down_proj": 1179.905029296875,
    "model.layers.2.self_attn.q_proj": 824.6281127929688,
    "model.layers.2.self_attn.k_proj": 829.5880126953125,
    "model.layers.2.self_attn.v_proj": 885.5380859375,
    "model.layers.2.self_attn.o_proj": 805.9521484375,
    "model.layers.2.mlp.gate_proj": 1197.6680908203125,
    "model.layers.2.mlp.up_proj": 1177.6427001953125,
    "model.layers.2.mlp.down_proj": 1158.5147705078125,
    "model.layers.3.self_attn.q_proj": 796.8604125976562,
    "model.layers.3.self_attn.k_proj": 780.4288330078125,
    "model.layers.3.self_attn.v_proj": 813.923828125,
    "model.layers.3.self_attn.o_proj": 802.3579711914062,
    "model.layers.3.mlp.gate_proj": 1201.07080078125,
    "model.layers.3.mlp.up_proj": 1176.636474609375,
    "model.layers.3.mlp.down_proj": 1192.617919921875,
    "model.layers.4.self_attn.q_proj": 796.6522216796875,
    "model.layers.4.self_attn.k_proj": 827.7185668945312,
    "model.layers.4.self_attn.v_proj": 885.9362182617188,
    "model.layers.4.self_attn.o_proj": 773.1209106445312,
    "model.layers.4.mlp.gate_proj": 1178.7789306640625,
    "model.layers.4.mlp.up_proj": 1202.919677734375,
    "model.layers.4.mlp.down_proj": 1179.83837890625,
    "model.layers.5.self_attn.q_proj": 804.5714111328125,
    "model.layers.5.self_attn.k_proj": 878.489013671875,
    "model.layers.5.self_attn.v_proj": 862.887939453125,
    "model.layers.5.self_attn.o_proj": 801.0040283203125,
    "model.layers.5.mlp.gate_proj": 1190.0535888671875,
    "model.layers.5.mlp.up_proj": 1152.27490234375,
    "model.layers.5.mlp.down_proj": 1188.3359375,
    "model.layers.6.self_attn.q_proj": 805.2030029296875,
    "model.layers.6.self_attn.k_proj": 817.6699829101562,
    "model.layers.6.self_attn.v_proj": 865.7378540039062,
    "model.layers.6.self_attn.o_proj": 802.9389038085938,
    "model.layers.6.mlp.gate_proj": 1176.8785400390625,
    "model.layers.6.mlp.up_proj": 1203.122802734375,
    "model.layers.6.mlp.down_proj": 1218.498046875,
    "model.layers.7.self_attn.q_proj": 799.7719116210938,
    "model.layers.7.self_attn.k_proj": 871.3449096679688,
    "model.layers.7.self_attn.v_proj": 887.92236328125,
    "model.layers.7.self_attn.o_proj": 813.3134765625,
    "model.layers.7.mlp.gate_proj": 1195.2237548828125,
    "model.layers.7.mlp.up_proj": 1193.799072265625,
    "model.layers.7.mlp.down_proj": 1208.83056640625,
    "model.layers.8.self_attn.q_proj": 818.4028930664062,
    "model.layers.8.self_attn.k_proj": 848.6121826171875,
    "model.layers.8.self_attn.v_proj": 871.1865844726562,
    "model.layers.8.self_attn.o_proj": 849.7289428710938,
    "model.layers.8.mlp.gate_proj": 1186.142578125,
    "model.layers.8.mlp.up_proj": 1193.593994140625,
    "model.layers.8.mlp.down_proj": 1202.7332763671875,
    "model.layers.9.self_attn.q_proj": 820.4588012695312,
    "model.layers.9.self_attn.k_proj": 849.634033203125,
    "model.layers.9.self_attn.v_proj": 819.1029052734375,
    "model.layers.9.self_attn.o_proj": 802.525146484375,
    "model.layers.9.mlp.gate_proj": 1188.970703125,
    "model.layers.9.mlp.up_proj": 1189.7879638671875,
    "model.layers.9.mlp.down_proj": 1211.224853515625,
    "model.layers.10.self_attn.q_proj": 819.541259765625,
    "model.layers.10.self_attn.k_proj": 868.16357421875,
    "model.layers.10.self_attn.v_proj": 854.5155029296875,
    "model.layers.10.self_attn.o_proj": 758.0819702148438,
    "model.layers.10.mlp.gate_proj": 1173.747314453125,
    "model.layers.10.mlp.up_proj": 1181.248046875,
    "model.layers.10.mlp.down_proj": 1195.483154296875,
    "model.layers.11.self_attn.q_proj": 798.06591796875,
    "model.layers.11.self_attn.k_proj": 855.7416381835938,
    "model.layers.11.self_attn.v_proj": 859.0438842773438,
    "model.layers.11.self_attn.o_proj": 801.3993530273438,
    "model.layers.11.mlp.gate_proj": 1210.609619140625,
    "model.layers.11.mlp.up_proj": 1173.2147216796875,
    "model.layers.11.mlp.down_proj": 1217.073974609375,
    "model.layers.12.self_attn.q_proj": 790.9212646484375,
    "model.layers.12.self_attn.k_proj": 862.3068237304688,
    "model.layers.12.self_attn.v_proj": 851.9554443359375,
    "model.layers.12.self_attn.o_proj": 794.7504272460938,
    "model.layers.12.mlp.gate_proj": 1165.453125,
    "model.layers.12.mlp.up_proj": 1197.97021484375,
    "model.layers.12.mlp.down_proj": 1201.16650390625,
    "model.layers.13.self_attn.q_proj": 800.5077514648438,
    "model.layers.13.self_attn.k_proj": 826.0258178710938,
    "model.layers.13.self_attn.v_proj": 895.5929565429688,
    "model.layers.13.self_attn.o_proj": 837.0358276367188,
    "model.layers.13.mlp.gate_proj": 1168.8133544921875,
    "model.layers.13.mlp.up_proj": 1185.143798828125,
    "model.layers.13.mlp.down_proj": 1161.2799072265625,
    "model.layers.14.self_attn.q_proj": 792.9439697265625,
    "model.layers.14.self_attn.k_proj": 812.246826171875,
    "model.layers.14.self_attn.v_proj": 883.8504028320312,
    "model.layers.14.self_attn.o_proj": 780.6254272460938,
    "model.layers.14.mlp.gate_proj": 1182.4073486328125,
    "model.layers.14.mlp.up_proj": 1200.25537109375,
    "model.layers.14.mlp.down_proj": 1198.683349609375,
    "model.layers.15.self_attn.q_proj": 811.1661987304688,
    "model.layers.15.self_attn.k_proj": 853.16357421875,
    "model.layers.15.self_attn.v_proj": 851.2817993164062,
    "model.layers.15.self_attn.o_proj": 789.0894775390625,
    "model.layers.15.mlp.gate_proj": 1183.111572265625,
    "model.layers.15.mlp.up_proj": 1205.6959228515625,
    "model.layers.15.mlp.down_proj": 1181.8692626953125,
    "model.layers.16.self_attn.q_proj": 802.0277099609375,
    "model.layers.16.self_attn.k_proj": 827.5429077148438,
    "model.layers.16.self_attn.v_proj": 850.8060302734375,
    "model.layers.16.self_attn.o_proj": 740.4694213867188,
    "model.layers.16.mlp.gate_proj": 1184.0458984375,
    "model.layers.16.mlp.up_proj": 1166.6077880859375,
    "model.layers.16.mlp.down_proj": 1200.54931640625,
    "model.layers.17.self_attn.q_proj": 807.71044921875,
    "model.layers.17.self_attn.k_proj": 822.8228759765625,
    "model.layers.17.self_attn.v_proj": 846.688232421875,
    "model.layers.17.self_attn.o_proj": 781.3397827148438,
    "model.layers.17.mlp.gate_proj": 1183.218994140625,
    "model.layers.17.mlp.up_proj": 1192.7686767578125,
    "model.layers.17.mlp.down_proj": 1179.531005859375,
    "model.layers.18.self_attn.q_proj": 802.9747924804688,
    "model.layers.18.self_attn.k_proj": 834.6376342773438,
    "model.layers.18.self_attn.v_proj": 869.8253173828125,
    "model.layers.18.self_attn.o_proj": 801.7418212890625,
    "model.layers.18.mlp.gate_proj": 1186.84326171875,
    "model.layers.18.mlp.up_proj": 1186.975830078125,
    "model.layers.18.mlp.down_proj": 1207.1551513671875,
    "model.layers.19.self_attn.q_proj": 826.621826171875,
    "model.layers.19.self_attn.k_proj": 817.5244750976562,
    "model.layers.19.self_attn.v_proj": 878.2974243164062,
    "model.layers.19.self_attn.o_proj": 790.880126953125,
    "model.layers.19.mlp.gate_proj": 1217.592529296875,
    "model.layers.19.mlp.up_proj": 1216.7103271484375,
    "model.layers.19.mlp.down_proj": 1187.349609375,
    "model.layers.20.self_attn.q_proj": 813.0127563476562,