{
    "model.layers.0.self_attn.q_proj": 817.3651733398438,
    "model.layers.0.self_attn.k_proj": 817.38330078125,
    "model.layers.0.self_attn.v_proj": 817.4891357421875,
    "model.layers.0.self_attn.o_proj": 817.8519287109375,
    "model.layers.0.mlp.gate_proj": 1192.30908203125,
    "model.layers.0.mlp.up_proj": 1192.1263427734375,
    "model.layers.0.mlp.down_proj": 1191.187255859375,
    "model.layers.1.self_attn.q_proj": 810.8707885742188,
    "model.layers.1.self_attn.k_proj": 818.25732421875,
    "model.layers.1.self_attn.v_proj": 818.52001953125,
    "model.layers.1.self_attn.o_proj": 803.2363891601562,
    "model.layers.1.mlp.gate_proj": 1195.613525390625,
    "model.layers.1.mlp.up_proj": 1196.3792724609375,
    "model.layers.1.mlp.down_proj": 1182.7083740234375,
    "model.layers.2.self_attn.q_proj": 826.6873779296875,
    "model.layers.2.self_attn.k_proj": 825.5773315429688,
    "model.layers.2.self_attn.v_proj": 885.3728637695312,
    "model.layers.2.self_attn.o_proj": 801.8267211914062,
    "model.layers.2.mlp.gate_proj": 1201.35693359375,
    "model.layers.2.mlp.up_proj": 1177.4698486328125,
    "model.layers.2.mlp.down_proj": 1161.7132568359375,
    "model.layers.3.self_attn.q_proj": 794.9024047851562,
    "model.layers.3.self_attn.k_proj": 774.3096923828125,
    "model.layers.3.self_attn.v_proj": 820.1009521484375,
    "model.layers.3.self_attn.o_proj": 808.833740234375,
    "model.layers.3.mlp.gate_proj": 1204.655517578125,
    "model.layers.3.mlp.up_proj": 1175.9635009765625,
    "model.layers.3.mlp.down_proj": 1188.728271484375,
    "model.layers.4.self_attn.q_proj": 796.1943359375,
    "model.layers.4.self_attn.k_proj": 835.8958129882812,
    "model.layers.4.self_attn.v_proj": 906.7000122070312,
    "model.layers.4.self_attn.o_proj": 772.548583984375,
    "model.layers.4.mlp.gate_proj": 1182.4422607421875,
    "model.layers.4.mlp.up_proj": 1204.22607421875,
    "model.layers.4.mlp.down_proj": 1182.5535888671875,
    "model.layers.5.self_attn.q_proj": 805.256591796875,
    "model.layers.5.self_attn.k_proj": 889.1097412109375,
    "model.layers.5.self_attn.v_proj": 882.817626953125,
    "model.layers.5.self_attn.o_proj": 797.4320068359375,
    "model.layers.5.mlp.gate_proj": 1188.866943359375,
    "model.layers.5.mlp.up_proj": 1152.5693359375,
    "model.layers.5.mlp.down_proj": 1189.057373046875,
    "model.layers.6.self_attn.q_proj": 801.1666259765625,
    "model.layers.6.self_attn.k_proj": 816.870361328125,
    "model.layers.6.self_attn.v_proj": 870.8267822265625,
    "model.layers.6.self_attn.o_proj": 793.9271240234375,
    "model.layers.6.mlp.gate_proj": 1176.6015625,
    "model.layers.6.mlp.up_proj": 1206.48828125,
    "model.layers.6.mlp.down_proj": 1218.6976318359375,
    "model.layers.7.self_attn.q_proj": 798.779296875,
    "model.layers.7.self_attn.k_proj": 881.319580078125,
    "model.layers.7.self_attn.v_proj": 895.6273803710938,
    "model.layers.7.self_attn.o_proj": 815.658203125,
    "model.layers.7.mlp.gate_proj": 1199.1138916015625,
    "model.layers.7.mlp.up_proj": 1189.5645751953125,
    "model.layers.7.mlp.down_proj": 1212.6015625,
    "model.layers.8.self_attn.q_proj": 818.1077270507812,
    "model.layers.8.self_attn.k_proj": 854.6188354492188,
    "model.layers.8.self_attn.v_proj": 880.5177612304688,
    "model.layers.8.self_attn.o_proj": 853.8641967773438,
    "model.layers.8.mlp.gate_proj": 1182.4017333984375,
    "model.layers.8.mlp.up_proj": 1200.6578369140625,
    "model.layers.8.mlp.down_proj": 1203.3856201171875,
    "model.layers.9.self_attn.q_proj": 823.094482421875,
    "model.layers.9.self_attn.k_proj": 854.109619140625,
    "model.layers.9.self_attn.v_proj": 824.9148559570312,
    "model.layers.9.self_attn.o_proj": 797.8829956054688,
    "model.layers.9.mlp.gate_proj": 1193.4183349609375,
    "model.layers.9.mlp.up_proj": 1196.06005859375,
    "model.layers.9.mlp.down_proj": 1216.7603759765625,
    "model.layers.10.self_attn.q_proj": 826.7389526367188,
    "model.layers.10.self_attn.k_proj": 877.2611083984375,
    "model.layers.10.self_attn.v_proj": 861.680419921875,
    "model.layers.10.self_attn.o_proj": 755.8353271484375,
    "model.layers.10.mlp.gate_proj": 1169.3707275390625,
    "model.layers.10.mlp.up_proj": 1182.9039306640625,
    "model.layers.10.mlp.down_proj": 1198.2908935546875,
    "model.layers.11.self_attn.q_proj": 794.0114135742188,
    "model.layers.11.self_attn.k_proj": 859.7180786132812,
    "model.layers.11.self_attn.v_proj": 867.6554565429688,
    "model.layers.11.self_attn.o_proj": 795.379638671875,
    "model.layers.11.mlp.gate_proj": 1212.1043701171875,
    "model.layers.11.mlp.up_proj": 1172.24560546875,
    "model.layers.11.mlp.down_proj": 1223.3310546875,
    "model.layers.12.self_attn.q_proj": 788.7179565429688,
    "model.layers.12.self_attn.k_proj": 866.420654296875,
    "model.layers.12.self_attn.v_proj": 857.481201171875,
    "model.layers.12.self_attn.o_proj": 789.0567626953125,
    "model.layers.12.mlp.gate_proj": 1164.0074462890625,
    "model.layers.12.mlp.up_proj": 1196.5087890625,
    "model.layers.12.mlp.down_proj": 1197.05224609375,
    "model.layers.13.self_attn.q_proj": 801.183349609375,
    "model.layers.13.self_attn.k_proj": 828.7012939453125,
    "model.layers.13.self_attn.v_proj": 907.5377197265625,
    "model.layers.13.self_attn.o_proj": 836.1759643554688,
    "model.layers.13.mlp.gate_proj": 1168.7645263671875,
    "model.layers.13.mlp.up_proj": 1183.7786865234375,
    "model.layers.13.mlp.down_proj": 1159.1881103515625,
    "model.layers.14.self_attn.q_proj": 790.8602294921875,
    "model.layers.14.self_attn.k_proj": 811.4356689453125,
    "model.layers.14.self_attn.v_proj": 889.1687622070312,
    "model.layers.14.self_attn.o_proj": 778.807373046875,
    "model.layers.14.mlp.gate_proj": 1183.0433349609375,
    "model.layers.14.mlp.up_proj": 1202.3702392578125,
    "model.layers.14.mlp.down_proj": 1196.09423828125,
    "model.layers.15.self_attn.q_proj": 808.7640991210938,
    "model.layers.15.self_attn.k_proj": 864.1571044921875,
    "model.layers.15.self_attn.v_proj": 859.002197265625,
    "model.layers.15.self_attn.o_proj": 784.9830932617188,
    "model.layers.15.mlp.gate_proj": 1186.36767578125,
    "model.layers.15.mlp.up_proj": 1207.3812255859375,
    "model.layers.15.mlp.down_proj": 1183.2503662109375,
    "model.layers.16.self_attn.q_proj": 799.8200073242188,
    "model.layers.16.self_attn.k_proj": 827.382568359375,
    "model.layers.16.self_attn.v_proj": 859.0797729492188,
    "model.layers.16.self_attn.o_proj": 729.272705078125,
    "model.layers.16.mlp.gate_proj": 1185.1895751953125,
    "model.layers.16.mlp.up_proj": 1165.971923828125,
    "model.layers.16.mlp.down_proj": 1201.615966796875,
    "model.layers.17.self_attn.q_proj": 809.3328247070312,
    "model.layers.17.self_attn.k_proj": 822.1512451171875,
    "model.layers.17.self_attn.v_proj": 860.3740234375,
    "model.layers.17.self_attn.o_proj": 780.3850708007812,
    "model.layers.17.mlp.gate_proj": 1180.5780029296875,
    "model.layers.17.mlp.up_proj": 1194.16259765625,
    "model.layers.17.mlp.down_proj": 1182.4013671875,
    "model.layers.18.self_attn.q_proj": 804.0506591796875,
    "model.layers.18.self_attn.k_proj": 837.3995361328125,
    "model.layers.18.self_attn.v_proj": 878.6586303710938,
    "model.layers.18.self_attn.o_proj": 800.188720703125,
    "model.layers.18.mlp.gate_proj": 1186.7701416015625,
    "model.layers.18.mlp.up_proj": 1186.1629638671875,
    "model.layers.18.mlp.down_proj": 1214.658935546875,
    "model.layers.19.self_attn.q_proj": 828.0868530273438,
    "model.layers.19.self_attn.k_proj": 818.7139282226562,
    "model.layers.19.self_attn.v_proj": 881.4811401367188,
    "model.layers.19.self_attn.o_proj": 786.98779296875,
    "model.layers.19.mlp.gate_proj": 1224.4644775390625,
    "model.layers.19.mlp.up_proj": 1221.1949462890625,
    "model.layers.19.mlp.down_proj": 1187.928955078125,
    "model.layers.20.self_attn.q_proj": 816.7177734375,