{
    "model.layers.0.self_attn.q_proj": 816.0952758789062,
    "model.layers.0.self_attn.k_proj": 816.1099243164062,
    "model.layers.0.self_attn.v_proj": 816.1910400390625,
    "model.layers.0.self_attn.o_proj": 816.466552734375,
    "model.layers.0.mlp.gate_proj": 1190.9788818359375,
    "model.layers.0.mlp.up_proj": 1190.864501953125,
    "model.layers.0.mlp.down_proj": 1189.6761474609375,
    "model.layers.1.self_attn.q_proj": 809.457763671875,
    "model.layers.1.self_attn.k_proj": 815.9666137695312,
    "model.layers.1.self_attn.v_proj": 815.7310791015625,
    "model.layers.1.self_attn.o_proj": 800.6340942382812,
    "model.layers.1.mlp.gate_proj": 1194.7642822265625,
    "model.layers.1.mlp.up_proj": 1195.883544921875,
    "model.layers.1.mlp.down_proj": 1178.3154296875,
    "model.layers.2.self_attn.q_proj": 824.6959838867188,
    "model.layers.2.self_attn.k_proj": 833.7405395507812,
    "model.layers.2.self_attn.v_proj": 885.968505859375,
    "model.layers.2.self_attn.o_proj": 806.7330322265625,
    "model.layers.2.mlp.gate_proj": 1195.6805419921875,
    "model.layers.2.mlp.up_proj": 1177.684814453125,
    "model.layers.2.mlp.down_proj": 1159.2772216796875,
    "model.layers.3.self_attn.q_proj": 798.4085083007812,
    "model.layers.3.self_attn.k_proj": 781.7749633789062,
    "model.layers.3.self_attn.v_proj": 808.0653076171875,
    "model.layers.3.self_attn.o_proj": 800.4495849609375,
    "model.layers.3.mlp.gate_proj": 1200.4290771484375,
    "model.layers.3.mlp.up_proj": 1179.06640625,
    "model.layers.3.mlp.down_proj": 1194.149169921875,
    "model.layers.4.self_attn.q_proj": 797.2645263671875,
    "model.layers.4.self_attn.k_proj": 827.916015625,
    "model.layers.4.self_attn.v_proj": 874.361083984375,
    "model.layers.4.self_attn.o_proj": 776.8568725585938,
    "model.layers.4.mlp.gate_proj": 1174.9969482421875,
    "model.layers.4.mlp.up_proj": 1201.0604248046875,
    "model.layers.4.mlp.down_proj": 1180.7010498046875,
    "model.layers.5.self_attn.q_proj": 804.7512817382812,
    "model.layers.5.self_attn.k_proj": 871.7052001953125,
    "model.layers.5.self_attn.v_proj": 858.4832153320312,
    "model.layers.5.self_attn.o_proj": 800.4598388671875,
    "model.layers.5.mlp.gate_proj": 1189.3736572265625,
    "model.layers.5.mlp.up_proj": 1153.8656005859375,
    "model.layers.5.mlp.down_proj": 1187.117919921875,
    "model.layers.6.self_attn.q_proj": 808.8253173828125,
    "model.layers.6.self_attn.k_proj": 816.05859375,
    "model.layers.6.self_attn.v_proj": 863.9541625976562,
    "model.layers.6.self_attn.o_proj": 806.8338012695312,
    "model.layers.6.mlp.gate_proj": 1177.5655517578125,
    "model.layers.6.mlp.up_proj": 1200.7095947265625,
    "model.layers.6.mlp.down_proj": 1215.753173828125,
    "model.layers.7.self_attn.q_proj": 797.62451171875,
    "model.layers.7.self_attn.k_proj": 867.3770141601562,
    "model.layers.7.self_attn.v_proj": 883.15087890625,
    "model.layers.7.self_attn.o_proj": 812.2180786132812,
    "model.layers.7.mlp.gate_proj": 1193.90673828125,
    "model.layers.7.mlp.up_proj": 1191.6378173828125,
    "model.layers.7.mlp.down_proj": 1205.34765625,
    "model.layers.8.self_attn.q_proj": 818.5223388671875,
    "model.layers.8.self_attn.k_proj": 846.2230224609375,
    "model.layers.8.self_attn.v_proj": 867.12548828125,
    "model.layers.8.self_attn.o_proj": 849.2747802734375,
    "model.layers.8.mlp.gate_proj": 1188.9190673828125,
    "model.layers.8.mlp.up_proj": 1191.512939453125,
    "model.layers.8.mlp.down_proj": 1202.244384765625,
    "model.layers.9.self_attn.q_proj": 819.8692016601562,
    "model.layers.9.self_attn.k_proj": 846.2633056640625,
    "model.layers.9.self_attn.v_proj": 815.7496337890625,
    "model.layers.9.self_attn.o_proj": 805.8238525390625,
    "model.layers.9.mlp.gate_proj": 1187.271484375,
    "model.layers.9.mlp.up_proj": 1182.859130859375,
    "model.layers.9.mlp.down_proj": 1205.370849609375,
    "model.layers.10.self_attn.q_proj": 819.5616455078125,
    "model.layers.10.self_attn.k_proj": 864.2161865234375,
    "model.layers.10.self_attn.v_proj": 851.8143920898438,
    "model.layers.10.self_attn.o_proj": 765.9676513671875,
    "model.layers.10.mlp.gate_proj": 1176.8038330078125,
    "model.layers.10.mlp.up_proj": 1181.5050048828125,
    "model.layers.10.mlp.down_proj": 1192.2989501953125,
    "model.layers.11.self_attn.q_proj": 798.8232421875,
    "model.layers.11.self_attn.k_proj": 853.1452026367188,
    "model.layers.11.self_attn.v_proj": 857.3311767578125,
    "model.layers.11.self_attn.o_proj": 805.9146118164062,
    "model.layers.11.mlp.gate_proj": 1210.6622314453125,
    "model.layers.11.mlp.up_proj": 1172.104736328125,
    "model.layers.11.mlp.down_proj": 1215.552978515625,
    "model.layers.12.self_attn.q_proj": 792.6858520507812,
    "model.layers.12.self_attn.k_proj": 859.4923706054688,
    "model.layers.12.self_attn.v_proj": 846.8455200195312,
    "model.layers.12.self_attn.o_proj": 796.497314453125,
    "model.layers.12.mlp.gate_proj": 1165.4969482421875,
    "model.layers.12.mlp.up_proj": 1197.5760498046875,
    "model.layers.12.mlp.down_proj": 1204.0902099609375,
    "model.layers.13.self_attn.q_proj": 800.5217895507812,
    "model.layers.13.self_attn.k_proj": 825.3563232421875,
    "model.layers.13.self_attn.v_proj": 885.955322265625,
    "model.layers.13.self_attn.o_proj": 837.4325561523438,
    "model.layers.13.mlp.gate_proj": 1169.466796875,
    "model.layers.13.mlp.up_proj": 1186.5401611328125,
    "model.layers.13.mlp.down_proj": 1163.3472900390625,
    "model.layers.14.self_attn.q_proj": 793.6553955078125,
    "model.layers.14.self_attn.k_proj": 814.1795654296875,
    "model.layers.14.self_attn.v_proj": 880.3458862304688,
    "model.layers.14.self_attn.o_proj": 782.4473876953125,
    "model.layers.14.mlp.gate_proj": 1182.5194091796875,
    "model.layers.14.mlp.up_proj": 1199.070556640625,
    "model.layers.14.mlp.down_proj": 1201.5897216796875,
    "model.layers.15.self_attn.q_proj": 810.9151000976562,
    "model.layers.15.self_attn.k_proj": 849.4842529296875,
    "model.layers.15.self_attn.v_proj": 844.6041259765625,
    "model.layers.15.self_attn.o_proj": 791.51708984375,
    "model.layers.15.mlp.gate_proj": 1182.341552734375,
    "model.layers.15.mlp.up_proj": 1204.1402587890625,
    "model.layers.15.mlp.down_proj": 1182.75439453125,
    "model.layers.16.self_attn.q_proj": 802.4451904296875,
    "model.layers.16.self_attn.k_proj": 828.2946166992188,
    "model.layers.16.self_attn.v_proj": 845.9725341796875,
    "model.layers.16.self_attn.o_proj": 749.0303344726562,
    "model.layers.16.mlp.gate_proj": 1184.317138671875,
    "model.layers.16.mlp.up_proj": 1167.1502685546875,
    "model.layers.16.mlp.down_proj": 1199.38818359375,
    "model.layers.17.self_attn.q_proj": 806.9370727539062,
    "model.layers.17.self_attn.k_proj": 822.298828125,
    "model.layers.17.self_attn.v_proj": 839.4651489257812,
    "model.layers.17.self_attn.o_proj": 783.8824462890625,
    "model.layers.17.mlp.gate_proj": 1183.2030029296875,
    "model.layers.17.mlp.up_proj": 1192.5386962890625,
    "model.layers.17.mlp.down_proj": 1179.74462890625,
    "model.layers.18.self_attn.q_proj": 803.3377685546875,
    "model.layers.18.self_attn.k_proj": 833.6027221679688,
    "model.layers.18.self_attn.v_proj": 863.6773681640625,
    "model.layers.18.self_attn.o_proj": 802.6122436523438,
    "model.layers.18.mlp.gate_proj": 1186.53662109375,
    "model.layers.18.mlp.up_proj": 1186.70068359375,
    "model.layers.18.mlp.down_proj": 1203.2696533203125,
    "model.layers.19.self_attn.q_proj": 826.7706298828125,
    "model.layers.19.self_attn.k_proj": 817.4109497070312,
    "model.layers.19.self_attn.v_proj": 875.878662109375,
    "model.layers.19.self_attn.o_proj": 792.3961181640625,
    "model.layers.19.mlp.gate_proj": 1213.6817626953125,
    "model.layers.19.mlp.up_proj": 1214.668701171875,
    "model.layers.19.mlp.down_proj": 1186.9786376953125,