{
    "model.layers.0.self_attn.q_proj": 601.754150390625,
    "model.layers.0.self_attn.k_proj": 602.4032592773438,
    "model.layers.0.self_attn.v_proj": 646.4205322265625,
    "model.layers.0.self_attn.o_proj": 602.9583740234375,
    "model.layers.0.mlp.gate_proj": 886.9053955078125,
    "model.layers.0.mlp.up_proj": 888.4987182617188,
    "model.layers.0.mlp.down_proj": 902.4107055664062,
    "model.layers.1.self_attn.q_proj": 596.0946655273438,
    "model.layers.1.self_attn.k_proj": 601.8953247070312,
    "model.layers.1.self_attn.v_proj": 620.8048095703125,
    "model.layers.1.self_attn.o_proj": 584.568115234375,
    "model.layers.1.mlp.gate_proj": 903.1558227539062,
    "model.layers.1.mlp.up_proj": 908.9940185546875,
    "model.layers.1.mlp.down_proj": 903.756103515625,
    "model.layers.2.self_attn.q_proj": 564.794677734375,
    "model.layers.2.self_attn.k_proj": 632.7739868164062,
    "model.layers.2.self_attn.v_proj": 664.7606811523438,
    "model.layers.2.self_attn.o_proj": 620.7195434570312,
    "model.layers.2.mlp.gate_proj": 909.6884765625,
    "model.layers.2.mlp.up_proj": 892.694091796875,
    "model.layers.2.mlp.down_proj": 979.9444580078125,
    "model.layers.3.self_attn.q_proj": 610.1676635742188,
    "model.layers.3.self_attn.k_proj": 564.8604125976562,
    "model.layers.3.self_attn.v_proj": 649.253173828125,
    "model.layers.3.self_attn.o_proj": 671.6231689453125,
    "model.layers.3.mlp.gate_proj": 903.0996704101562,
    "model.layers.3.mlp.up_proj": 906.7439575195312,
    "model.layers.3.mlp.down_proj": 945.83837890625,
    "model.layers.4.self_attn.q_proj": 646.4105834960938,
    "model.layers.4.self_attn.k_proj": 596.474609375,
    "model.layers.4.self_attn.v_proj": 685.2206420898438,
    "model.layers.4.self_attn.o_proj": 646.8417358398438,
    "model.layers.4.mlp.gate_proj": 858.814697265625,
    "model.layers.4.mlp.up_proj": 925.3524780273438,
    "model.layers.4.mlp.down_proj": 882.8897094726562,
    "model.layers.5.self_attn.q_proj": 563.7919311523438,
    "model.layers.5.self_attn.k_proj": 642.98193359375,
    "model.layers.5.self_attn.v_proj": 700.4436645507812,
    "model.layers.5.self_attn.o_proj": 644.9859008789062,
    "model.layers.5.mlp.gate_proj": 935.6053466796875,
    "model.layers.5.mlp.up_proj": 868.8861083984375,
    "model.layers.5.mlp.down_proj": 886.6945190429688,
    "model.layers.6.self_attn.q_proj": 528.6505126953125,
    "model.layers.6.self_attn.k_proj": 637.6331787109375,
    "model.layers.6.self_attn.v_proj": 707.4558715820312,
    "model.layers.6.self_attn.o_proj": 617.222900390625,
    "model.layers.6.mlp.gate_proj": 864.723388671875,
    "model.layers.6.mlp.up_proj": 922.5360107421875,
    "model.layers.6.mlp.down_proj": 905.9525756835938,
    "model.layers.7.self_attn.q_proj": 636.0446166992188,
    "model.layers.7.self_attn.k_proj": 691.3512573242188,
    "model.layers.7.self_attn.v_proj": 759.8412475585938,
    "model.layers.7.self_attn.o_proj": 605.7081298828125,
    "model.layers.7.mlp.gate_proj": 876.8045043945312,
    "model.layers.7.mlp.up_proj": 879.9556884765625,
    "model.layers.7.mlp.down_proj": 918.2194213867188,
    "model.layers.8.self_attn.q_proj": 641.089599609375,
    "model.layers.8.self_attn.k_proj": 634.4097900390625,
    "model.layers.8.self_attn.v_proj": 728.3023071289062,
    "model.layers.8.self_attn.o_proj": 638.742919921875,
    "model.layers.8.mlp.gate_proj": 907.03955078125,
    "model.layers.8.mlp.up_proj": 850.7542724609375,
    "model.layers.8.mlp.down_proj": 870.8787231445312,
    "model.layers.9.self_attn.q_proj": 632.560302734375,
    "model.layers.9.self_attn.k_proj": 652.379638671875,
    "model.layers.9.self_attn.v_proj": 612.9463500976562,
    "model.layers.9.self_attn.o_proj": 569.8583374023438,
    "model.layers.9.mlp.gate_proj": 889.759521484375,
    "model.layers.9.mlp.up_proj": 898.7140502929688,
    "model.layers.9.mlp.down_proj": 877.0789794921875,
    "model.layers.10.self_attn.q_proj": 595.0301513671875,
    "model.layers.10.self_attn.k_proj": 697.17822265625,
    "model.layers.10.self_attn.v_proj": 590.8759155273438,
    "model.layers.10.self_attn.o_proj": 590.5615844726562,
    "model.layers.10.mlp.gate_proj": 915.9224243164062,
    "model.layers.10.mlp.up_proj": 856.2300415039062,
    "model.layers.10.mlp.down_proj": 914.4160766601562,
    "model.layers.11.self_attn.q_proj": 599.01953125,
    "model.layers.11.self_attn.k_proj": 669.6809692382812,
    "model.layers.11.self_attn.v_proj": 637.218505859375,
    "model.layers.11.self_attn.o_proj": 546.4942016601562,
    "model.layers.11.mlp.gate_proj": 895.11767578125,
    "model.layers.11.mlp.up_proj": 892.1654052734375,
    "model.layers.11.mlp.down_proj": 877.1784057617188,
    "model.layers.12.self_attn.q_proj": 587.4185180664062,
    "model.layers.12.self_attn.k_proj": 620.9138793945312,
    "model.layers.12.self_attn.v_proj": 646.52490234375,
    "model.layers.12.self_attn.o_proj": 562.7954711914062,
    "model.layers.12.mlp.gate_proj": 909.4983520507812,
    "model.layers.12.mlp.up_proj": 843.4051513671875,
    "model.layers.12.mlp.down_proj": 891.8273315429688,
    "model.layers.13.self_attn.q_proj": 636.7560424804688,
    "model.layers.13.self_attn.k_proj": 622.1314697265625,
    "model.layers.13.self_attn.v_proj": 655.2163696289062,
    "model.layers.13.self_attn.o_proj": 594.1211547851562,
    "model.layers.13.mlp.gate_proj": 894.0631713867188,
    "model.layers.13.mlp.up_proj": 889.4812622070312,
    "model.layers.13.mlp.down_proj": 931.1915893554688,
    "model.layers.14.self_attn.q_proj": 590.3598022460938,
    "model.layers.14.self_attn.k_proj": 591.4511108398438,
    "model.layers.14.self_attn.v_proj": 631.44921875,
    "model.layers.14.self_attn.o_proj": 539.7344360351562,
    "model.layers.14.mlp.gate_proj": 881.6858520507812,
    "model.layers.14.mlp.up_proj": 891.0349731445312,
    "model.layers.14.mlp.down_proj": 905.9197387695312,
    "model.layers.15.self_attn.q_proj": 605.6378784179688,
    "model.layers.15.self_attn.k_proj": 650.66357421875,
    "model.layers.15.self_attn.v_proj": 685.563232421875,
    "model.layers.15.self_attn.o_proj": 604.4840698242188,
    "model.layers.15.mlp.gate_proj": 900.4970092773438,
    "model.layers.15.mlp.up_proj": 888.7066040039062,
    "model.layers.15.mlp.down_proj": 926.4380493164062,
    "model.layers.16.self_attn.q_proj": 617.8152465820312,
    "model.layers.16.self_attn.k_proj": 597.9117431640625,
    "model.layers.16.self_attn.v_proj": 676.2427978515625,
    "model.layers.16.self_attn.o_proj": 507.65875244140625,
    "model.layers.16.mlp.gate_proj": 886.1797485351562,
    "model.layers.16.mlp.up_proj": 897.9639282226562,
    "model.layers.16.mlp.down_proj": 920.8312377929688,
    "model.layers.17.self_attn.q_proj": 599.7815551757812,
    "model.layers.17.self_attn.k_proj": 617.839111328125,
    "model.layers.17.self_attn.v_proj": 655.3138427734375,
    "model.layers.17.self_attn.o_proj": 567.7684936523438,
    "model.layers.17.mlp.gate_proj": 893.16259765625,
    "model.layers.17.mlp.up_proj": 893.8738403320312,
    "model.layers.17.mlp.down_proj": 896.4476318359375,
    "model.layers.18.self_attn.q_proj": 603.054443359375,
    "model.layers.18.self_attn.k_proj": 613.6411743164062,
    "model.layers.18.self_attn.v_proj": 658.7628784179688,
    "model.layers.18.self_attn.o_proj": 572.374755859375,
    "model.layers.18.mlp.gate_proj": 881.6791381835938,
    "model.layers.18.mlp.up_proj": 897.5399169921875,
    "model.layers.18.mlp.down_proj": 925.644287109375,
    "model.layers.19.self_attn.q_proj": 607.3195190429688,
    "model.layers.19.self_attn.k_proj": 591.8895874023438,
    "model.layers.19.self_attn.v_proj": 652.1730346679688,
    "model.layers.19.self_attn.o_proj": 596.1838989257812,
    "model.layers.19.mlp.gate_proj": 901.8466796875,
    "model.layers.19.mlp.up_proj": 893.6934204101562,
    "model.layers.19.mlp.down_proj": 910.7821044921875,
    "model.layers.20.self_attn.q_proj": 603.0443725585938,