{
    "model.layers.0.self_attn.q_proj": 606.9669799804688,
    "model.layers.0.self_attn.k_proj": 607.5691528320312,
    "model.layers.0.self_attn.v_proj": 619.4235229492188,
    "model.layers.0.self_attn.o_proj": 608.2001953125,
    "model.layers.0.mlp.gate_proj": 889.1023559570312,
    "model.layers.0.mlp.up_proj": 889.529541015625,
    "model.layers.0.mlp.down_proj": 902.148193359375,
    "model.layers.1.self_attn.q_proj": 604.74755859375,
    "model.layers.1.self_attn.k_proj": 603.1903686523438,
    "model.layers.1.self_attn.v_proj": 619.1380615234375,
    "model.layers.1.self_attn.o_proj": 597.6431274414062,
    "model.layers.1.mlp.gate_proj": 902.27490234375,
    "model.layers.1.mlp.up_proj": 885.0822143554688,
    "model.layers.1.mlp.down_proj": 901.5457763671875,
    "model.layers.2.self_attn.q_proj": 602.104248046875,
    "model.layers.2.self_attn.k_proj": 618.4251708984375,
    "model.layers.2.self_attn.v_proj": 647.8892211914062,
    "model.layers.2.self_attn.o_proj": 601.144775390625,
    "model.layers.2.mlp.gate_proj": 902.3375244140625,
    "model.layers.2.mlp.up_proj": 899.54833984375,
    "model.layers.2.mlp.down_proj": 936.5686645507812,
    "model.layers.3.self_attn.q_proj": 635.420654296875,
    "model.layers.3.self_attn.k_proj": 596.2748413085938,
    "model.layers.3.self_attn.v_proj": 630.746826171875,
    "model.layers.3.self_attn.o_proj": 661.607421875,
    "model.layers.3.mlp.gate_proj": 899.1207885742188,
    "model.layers.3.mlp.up_proj": 918.6586303710938,
    "model.layers.3.mlp.down_proj": 954.7814331054688,
    "model.layers.4.self_attn.q_proj": 630.9705200195312,
    "model.layers.4.self_attn.k_proj": 602.5392456054688,
    "model.layers.4.self_attn.v_proj": 708.288330078125,
    "model.layers.4.self_attn.o_proj": 610.2047119140625,
    "model.layers.4.mlp.gate_proj": 896.55419921875,
    "model.layers.4.mlp.up_proj": 896.9783935546875,
    "model.layers.4.mlp.down_proj": 844.753173828125,
    "model.layers.5.self_attn.q_proj": 604.2903442382812,
    "model.layers.5.self_attn.k_proj": 620.0671997070312,
    "model.layers.5.self_attn.v_proj": 666.5208129882812,
    "model.layers.5.self_attn.o_proj": 645.031494140625,
    "model.layers.5.mlp.gate_proj": 921.1619262695312,
    "model.layers.5.mlp.up_proj": 847.8966064453125,
    "model.layers.5.mlp.down_proj": 863.6431884765625,
    "model.layers.6.self_attn.q_proj": 576.8475341796875,
    "model.layers.6.self_attn.k_proj": 625.1395263671875,
    "model.layers.6.self_attn.v_proj": 684.3563232421875,
    "model.layers.6.self_attn.o_proj": 600.2101440429688,
    "model.layers.6.mlp.gate_proj": 873.9804077148438,
    "model.layers.6.mlp.up_proj": 905.2361450195312,
    "model.layers.6.mlp.down_proj": 883.5784301757812,
    "model.layers.7.self_attn.q_proj": 607.244384765625,
    "model.layers.7.self_attn.k_proj": 665.7501831054688,
    "model.layers.7.self_attn.v_proj": 686.1534423828125,
    "model.layers.7.self_attn.o_proj": 623.6192016601562,
    "model.layers.7.mlp.gate_proj": 883.7359008789062,
    "model.layers.7.mlp.up_proj": 864.925537109375,
    "model.layers.7.mlp.down_proj": 909.4432983398438,
    "model.layers.8.self_attn.q_proj": 602.7813110351562,
    "model.layers.8.self_attn.k_proj": 636.1127319335938,
    "model.layers.8.self_attn.v_proj": 695.5341796875,
    "model.layers.8.self_attn.o_proj": 622.7024536132812,
    "model.layers.8.mlp.gate_proj": 903.4518432617188,
    "model.layers.8.mlp.up_proj": 865.3932495117188,
    "model.layers.8.mlp.down_proj": 860.6719970703125,
    "model.layers.9.self_attn.q_proj": 606.39111328125,
    "model.layers.9.self_attn.k_proj": 630.6056518554688,
    "model.layers.9.self_attn.v_proj": 634.3475952148438,
    "model.layers.9.self_attn.o_proj": 595.1396484375,
    "model.layers.9.mlp.gate_proj": 902.8427124023438,
    "model.layers.9.mlp.up_proj": 888.528564453125,
    "model.layers.9.mlp.down_proj": 875.7409057617188,
    "model.layers.10.self_attn.q_proj": 598.1347045898438,
    "model.layers.10.self_attn.k_proj": 647.4083251953125,
    "model.layers.10.self_attn.v_proj": 588.4962768554688,
    "model.layers.10.self_attn.o_proj": 592.8526611328125,
    "model.layers.10.mlp.gate_proj": 908.6032104492188,
    "model.layers.10.mlp.up_proj": 866.5726928710938,
    "model.layers.10.mlp.down_proj": 915.554931640625,
    "model.layers.11.self_attn.q_proj": 608.0504760742188,
    "model.layers.11.self_attn.k_proj": 651.9013061523438,
    "model.layers.11.self_attn.v_proj": 612.4375610351562,
    "model.layers.11.self_attn.o_proj": 567.2191772460938,
    "model.layers.11.mlp.gate_proj": 889.8170776367188,
    "model.layers.11.mlp.up_proj": 900.1265869140625,
    "model.layers.11.mlp.down_proj": 882.2120361328125,
    "model.layers.12.self_attn.q_proj": 605.0558471679688,
    "model.layers.12.self_attn.k_proj": 614.8932495117188,
    "model.layers.12.self_attn.v_proj": 623.188720703125,
    "model.layers.12.self_attn.o_proj": 593.6482543945312,
    "model.layers.12.mlp.gate_proj": 909.4786987304688,
    "model.layers.12.mlp.up_proj": 871.9938354492188,
    "model.layers.12.mlp.down_proj": 893.0049438476562,
    "model.layers.13.self_attn.q_proj": 640.5039672851562,
    "model.layers.13.self_attn.k_proj": 628.1737060546875,
    "model.layers.13.self_attn.v_proj": 642.52001953125,
    "model.layers.13.self_attn.o_proj": 608.3366088867188,
    "model.layers.13.mlp.gate_proj": 897.0650024414062,
    "model.layers.13.mlp.up_proj": 897.3931884765625,
    "model.layers.13.mlp.down_proj": 914.2764892578125,
    "model.layers.14.self_attn.q_proj": 604.5999755859375,
    "model.layers.14.self_attn.k_proj": 593.58740234375,
    "model.layers.14.self_attn.v_proj": 616.0126342773438,
    "model.layers.14.self_attn.o_proj": 574.3907470703125,
    "model.layers.14.mlp.gate_proj": 882.2371215820312,
    "model.layers.14.mlp.up_proj": 882.3602905273438,
    "model.layers.14.mlp.down_proj": 903.4492797851562,
    "model.layers.15.self_attn.q_proj": 611.04443359375,
    "model.layers.15.self_attn.k_proj": 633.5503540039062,
    "model.layers.15.self_attn.v_proj": 661.484375,
    "model.layers.15.self_attn.o_proj": 618.6627197265625,
    "model.layers.15.mlp.gate_proj": 899.0330200195312,
    "model.layers.15.mlp.up_proj": 892.2847900390625,
    "model.layers.15.mlp.down_proj": 902.28076171875,
    "model.layers.16.self_attn.q_proj": 618.8694458007812,
    "model.layers.16.self_attn.k_proj": 602.0830688476562,
    "model.layers.16.self_attn.v_proj": 644.7593383789062,
    "model.layers.16.self_attn.o_proj": 560.77783203125,
    "model.layers.16.mlp.gate_proj": 889.60205078125,
    "model.layers.16.mlp.up_proj": 893.4863891601562,
    "model.layers.16.mlp.down_proj": 921.0904541015625,
    "model.layers.17.self_attn.q_proj": 606.128662109375,
    "model.layers.17.self_attn.k_proj": 615.4351806640625,
    "model.layers.17.self_attn.v_proj": 644.6265869140625,
    "model.layers.17.self_attn.o_proj": 588.1636962890625,
    "model.layers.17.mlp.gate_proj": 892.9769287109375,
    "model.layers.17.mlp.up_proj": 898.4588623046875,
    "model.layers.17.mlp.down_proj": 891.0078735351562,
    "model.layers.18.self_attn.q_proj": 608.2680053710938,
    "model.layers.18.self_attn.k_proj": 611.2611694335938,
    "model.layers.18.self_attn.v_proj": 626.3439331054688,
    "model.layers.18.self_attn.o_proj": 589.2381591796875,
    "model.layers.18.mlp.gate_proj": 887.7880249023438,
    "model.layers.18.mlp.up_proj": 895.7955932617188,
    "model.layers.18.mlp.down_proj": 907.9584350585938,
    "model.layers.19.self_attn.q_proj": 612.8628540039062,
    "model.layers.19.self_attn.k_proj": 598.7510986328125,
    "model.layers.19.self_attn.v_proj": 627.9194946289062,
    "model.layers.19.self_attn.o_proj": 606.9788208007812,
    "model.layers.19.mlp.gate_proj": 893.631103515625,
    "model.layers.19.mlp.up_proj": 893.2232666015625,
    "model.layers.19.mlp.down_proj": 901.0958251953125,
    "model.layers.20.self_attn.q_proj": 607.81884765625,