{
    "model.layers.0.self_attn.q_proj": 612.9589233398438,
    "model.layers.0.self_attn.k_proj": 612.968994140625,
    "model.layers.0.self_attn.v_proj": 613.859619140625,
    "model.layers.0.self_attn.o_proj": 612.9010620117188,
    "model.layers.0.mlp.gate_proj": 892.8319702148438,
    "model.layers.0.mlp.up_proj": 895.3690795898438,
    "model.layers.0.mlp.down_proj": 897.6798706054688,
    "model.layers.1.self_attn.q_proj": 611.7671508789062,
    "model.layers.1.self_attn.k_proj": 610.618896484375,
    "model.layers.1.self_attn.v_proj": 627.9292602539062,
    "model.layers.1.self_attn.o_proj": 606.369140625,
    "model.layers.1.mlp.gate_proj": 900.0859375,
    "model.layers.1.mlp.up_proj": 894.2260131835938,
    "model.layers.1.mlp.down_proj": 903.2750854492188,
    "model.layers.2.self_attn.q_proj": 611.87109375,
    "model.layers.2.self_attn.k_proj": 613.020263671875,
    "model.layers.2.self_attn.v_proj": 624.7178344726562,
    "model.layers.2.self_attn.o_proj": 603.8609008789062,
    "model.layers.2.mlp.gate_proj": 903.2161254882812,
    "model.layers.2.mlp.up_proj": 900.3449096679688,
    "model.layers.2.mlp.down_proj": 909.090576171875,
    "model.layers.3.self_attn.q_proj": 620.0286254882812,
    "model.layers.3.self_attn.k_proj": 600.9163208007812,
    "model.layers.3.self_attn.v_proj": 623.3805541992188,
    "model.layers.3.self_attn.o_proj": 634.0971069335938,
    "model.layers.3.mlp.gate_proj": 903.2498168945312,
    "model.layers.3.mlp.up_proj": 905.4203491210938,
    "model.layers.3.mlp.down_proj": 925.62353515625,
    "model.layers.4.self_attn.q_proj": 633.4822387695312,
    "model.layers.4.self_attn.k_proj": 598.6493530273438,
    "model.layers.4.self_attn.v_proj": 668.2337646484375,
    "model.layers.4.self_attn.o_proj": 609.8016357421875,
    "model.layers.4.mlp.gate_proj": 905.1843872070312,
    "model.layers.4.mlp.up_proj": 907.2651977539062,
    "model.layers.4.mlp.down_proj": 864.4224853515625,
    "model.layers.5.self_attn.q_proj": 621.377685546875,
    "model.layers.5.self_attn.k_proj": 612.2728271484375,
    "model.layers.5.self_attn.v_proj": 674.3893432617188,
    "model.layers.5.self_attn.o_proj": 640.3322143554688,
    "model.layers.5.mlp.gate_proj": 896.6840209960938,
    "model.layers.5.mlp.up_proj": 865.8726806640625,
    "model.layers.5.mlp.down_proj": 872.000244140625,
    "model.layers.6.self_attn.q_proj": 619.5390625,
    "model.layers.6.self_attn.k_proj": 623.2503051757812,
    "model.layers.6.self_attn.v_proj": 649.52490234375,
    "model.layers.6.self_attn.o_proj": 605.5508422851562,
    "model.layers.6.mlp.gate_proj": 868.2199096679688,
    "model.layers.6.mlp.up_proj": 895.108642578125,
    "model.layers.6.mlp.down_proj": 888.0325317382812,
    "model.layers.7.self_attn.q_proj": 615.056396484375,
    "model.layers.7.self_attn.k_proj": 633.9949340820312,
    "model.layers.7.self_attn.v_proj": 653.3944702148438,
    "model.layers.7.self_attn.o_proj": 634.5990600585938,
    "model.layers.7.mlp.gate_proj": 894.034423828125,
    "model.layers.7.mlp.up_proj": 863.49951171875,
    "model.layers.7.mlp.down_proj": 891.7874755859375,
    "model.layers.8.self_attn.q_proj": 606.800048828125,
    "model.layers.8.self_attn.k_proj": 625.3875732421875,
    "model.layers.8.self_attn.v_proj": 647.0817260742188,
    "model.layers.8.self_attn.o_proj": 618.8422241210938,
    "model.layers.8.mlp.gate_proj": 896.4500732421875,
    "model.layers.8.mlp.up_proj": 871.665283203125,
    "model.layers.8.mlp.down_proj": 865.1785278320312,
    "model.layers.9.self_attn.q_proj": 606.7913208007812,
    "model.layers.9.self_attn.k_proj": 624.7205810546875,
    "model.layers.9.self_attn.v_proj": 636.097412109375,
    "model.layers.9.self_attn.o_proj": 636.2432861328125,
    "model.layers.9.mlp.gate_proj": 905.555419921875,
    "model.layers.9.mlp.up_proj": 900.71630859375,
    "model.layers.9.mlp.down_proj": 885.2337646484375,
    "model.layers.10.self_attn.q_proj": 608.5431518554688,
    "model.layers.10.self_attn.k_proj": 641.600341796875,
    "model.layers.10.self_attn.v_proj": 596.7814331054688,
    "model.layers.10.self_attn.o_proj": 607.5420532226562,
    "model.layers.10.mlp.gate_proj": 905.259521484375,
    "model.layers.10.mlp.up_proj": 886.1151733398438,
    "model.layers.10.mlp.down_proj": 892.2493286132812,
    "model.layers.11.self_attn.q_proj": 609.0509033203125,
    "model.layers.11.self_attn.k_proj": 635.2734985351562,
    "model.layers.11.self_attn.v_proj": 615.6866455078125,
    "model.layers.11.self_attn.o_proj": 597.54541015625,
    "model.layers.11.mlp.gate_proj": 895.1835327148438,
    "model.layers.11.mlp.up_proj": 901.7160034179688,
    "model.layers.11.mlp.down_proj": 894.1582641601562,
    "model.layers.12.self_attn.q_proj": 613.5003662109375,
    "model.layers.12.self_attn.k_proj": 619.561279296875,
    "model.layers.12.self_attn.v_proj": 624.6796875,
    "model.layers.12.self_attn.o_proj": 603.3358764648438,
    "model.layers.12.mlp.gate_proj": 912.0021362304688,
    "model.layers.12.mlp.up_proj": 881.3198852539062,
    "model.layers.12.mlp.down_proj": 891.9490356445312,
    "model.layers.13.self_attn.q_proj": 638.142333984375,
    "model.layers.13.self_attn.k_proj": 625.4747924804688,
    "model.layers.13.self_attn.v_proj": 638.4429931640625,
    "model.layers.13.self_attn.o_proj": 611.4409790039062,
    "model.layers.13.mlp.gate_proj": 900.2515258789062,
    "model.layers.13.mlp.up_proj": 898.99951171875,
    "model.layers.13.mlp.down_proj": 906.82958984375,
    "model.layers.14.self_attn.q_proj": 613.4057006835938,
    "model.layers.14.self_attn.k_proj": 612.9762573242188,
    "model.layers.14.self_attn.v_proj": 617.4044799804688,
    "model.layers.14.self_attn.o_proj": 610.1408081054688,
    "model.layers.14.mlp.gate_proj": 888.8504028320312,
    "model.layers.14.mlp.up_proj": 889.03515625,
    "model.layers.14.mlp.down_proj": 901.816650390625,
    "model.layers.15.self_attn.q_proj": 614.921630859375,
    "model.layers.15.self_attn.k_proj": 621.9000244140625,
    "model.layers.15.self_attn.v_proj": 649.8377685546875,
    "model.layers.15.self_attn.o_proj": 616.1256713867188,
    "model.layers.15.mlp.gate_proj": 902.0103759765625,
    "model.layers.15.mlp.up_proj": 897.0875854492188,
    "model.layers.15.mlp.down_proj": 902.5562133789062,
    "model.layers.16.self_attn.q_proj": 613.9861450195312,
    "model.layers.16.self_attn.k_proj": 608.115966796875,
    "model.layers.16.self_attn.v_proj": 631.4190673828125,
    "model.layers.16.self_attn.o_proj": 597.76708984375,
    "model.layers.16.mlp.gate_proj": 894.2594604492188,
    "model.layers.16.mlp.up_proj": 893.5836791992188,
    "model.layers.16.mlp.down_proj": 910.597900390625,
    "model.layers.17.self_attn.q_proj": 614.4044799804688,
    "model.layers.17.self_attn.k_proj": 619.2769165039062,
    "model.layers.17.self_attn.v_proj": 619.2843017578125,
    "model.layers.17.self_attn.o_proj": 600.8826293945312,
    "model.layers.17.mlp.gate_proj": 897.283935546875,
    "model.layers.17.mlp.up_proj": 897.7879028320312,
    "model.layers.17.mlp.down_proj": 891.7315063476562,
    "model.layers.18.self_attn.q_proj": 615.0994873046875,
    "model.layers.18.self_attn.k_proj": 614.1685180664062,
    "model.layers.18.self_attn.v_proj": 620.08349609375,
    "model.layers.18.self_attn.o_proj": 606.8384399414062,
    "model.layers.18.mlp.gate_proj": 893.1370239257812,
    "model.layers.18.mlp.up_proj": 902.8333129882812,
    "model.layers.18.mlp.down_proj": 902.0249633789062,
    "model.layers.19.self_attn.q_proj": 617.32568359375,
    "model.layers.19.self_attn.k_proj": 609.8289794921875,
    "model.layers.19.self_attn.v_proj": 616.9763793945312,
    "model.layers.19.self_attn.o_proj": 611.9400024414062,
    "model.layers.19.mlp.gate_proj": 895.46875,
    "model.layers.19.mlp.up_proj": 893.7612915039062,
    "model.layers.19.mlp.down_proj": 899.321044921875,
    "model.layers.20.self_attn.q_proj": 614.6265258789062,