{
    "model.layers.0.self_attn.q_proj": 603.158447265625,
    "model.layers.0.self_attn.k_proj": 603.849853515625,
    "model.layers.0.self_attn.v_proj": 644.258544921875,
    "model.layers.0.self_attn.o_proj": 604.5797729492188,
    "model.layers.0.mlp.gate_proj": 887.8955688476562,
    "model.layers.0.mlp.up_proj": 889.0183715820312,
    "model.layers.0.mlp.down_proj": 903.7822265625,
    "model.layers.1.self_attn.q_proj": 597.8441162109375,
    "model.layers.1.self_attn.k_proj": 603.2406616210938,
    "model.layers.1.self_attn.v_proj": 617.1637573242188,
    "model.layers.1.self_attn.o_proj": 585.7742919921875,
    "model.layers.1.mlp.gate_proj": 903.355712890625,
    "model.layers.1.mlp.up_proj": 904.8937377929688,
    "model.layers.1.mlp.down_proj": 906.4908447265625,
    "model.layers.2.self_attn.q_proj": 570.8312377929688,
    "model.layers.2.self_attn.k_proj": 628.8287353515625,
    "model.layers.2.self_attn.v_proj": 662.1332397460938,
    "model.layers.2.self_attn.o_proj": 616.6312255859375,
    "model.layers.2.mlp.gate_proj": 909.8914184570312,
    "model.layers.2.mlp.up_proj": 897.0747680664062,
    "model.layers.2.mlp.down_proj": 975.8153686523438,
    "model.layers.3.self_attn.q_proj": 614.7642822265625,
    "model.layers.3.self_attn.k_proj": 577.1326904296875,
    "model.layers.3.self_attn.v_proj": 637.0037231445312,
    "model.layers.3.self_attn.o_proj": 668.8418579101562,
    "model.layers.3.mlp.gate_proj": 903.560302734375,
    "model.layers.3.mlp.up_proj": 911.7326049804688,
    "model.layers.3.mlp.down_proj": 947.7431640625,
    "model.layers.4.self_attn.q_proj": 644.0772094726562,
    "model.layers.4.self_attn.k_proj": 597.9255981445312,
    "model.layers.4.self_attn.v_proj": 688.6370239257812,
    "model.layers.4.self_attn.o_proj": 641.5468139648438,
    "model.layers.4.mlp.gate_proj": 864.695556640625,
    "model.layers.4.mlp.up_proj": 918.6009521484375,
    "model.layers.4.mlp.down_proj": 888.0175170898438,
    "model.layers.5.self_attn.q_proj": 568.5394287109375,
    "model.layers.5.self_attn.k_proj": 636.428955078125,
    "model.layers.5.self_attn.v_proj": 693.6331787109375,
    "model.layers.5.self_attn.o_proj": 651.4561157226562,
    "model.layers.5.mlp.gate_proj": 934.0159301757812,
    "model.layers.5.mlp.up_proj": 866.29443359375,
    "model.layers.5.mlp.down_proj": 885.3646850585938,
    "model.layers.6.self_attn.q_proj": 527.0645751953125,
    "model.layers.6.self_attn.k_proj": 635.1474609375,
    "model.layers.6.self_attn.v_proj": 699.7234497070312,
    "model.layers.6.self_attn.o_proj": 612.0761108398438,
    "model.layers.6.mlp.gate_proj": 862.1414184570312,
    "model.layers.6.mlp.up_proj": 915.592529296875,
    "model.layers.6.mlp.down_proj": 906.514892578125,
    "model.layers.7.self_attn.q_proj": 635.18603515625,
    "model.layers.7.self_attn.k_proj": 684.7422485351562,
    "model.layers.7.self_attn.v_proj": 747.4732055664062,
    "model.layers.7.self_attn.o_proj": 608.9207763671875,
    "model.layers.7.mlp.gate_proj": 877.9468383789062,
    "model.layers.7.mlp.up_proj": 880.6116943359375,
    "model.layers.7.mlp.down_proj": 912.1397705078125,
    "model.layers.8.self_attn.q_proj": 635.3348388671875,
    "model.layers.8.self_attn.k_proj": 636.1605224609375,
    "model.layers.8.self_attn.v_proj": 722.658935546875,
    "model.layers.8.self_attn.o_proj": 632.7225341796875,
    "model.layers.8.mlp.gate_proj": 907.7513427734375,
    "model.layers.8.mlp.up_proj": 853.1132202148438,
    "model.layers.8.mlp.down_proj": 862.733154296875,
    "model.layers.9.self_attn.q_proj": 632.0835571289062,
    "model.layers.9.self_attn.k_proj": 650.8024291992188,
    "model.layers.9.self_attn.v_proj": 614.959228515625,
    "model.layers.9.self_attn.o_proj": 570.6021728515625,
    "model.layers.9.mlp.gate_proj": 896.5560302734375,
    "model.layers.9.mlp.up_proj": 895.4969482421875,
    "model.layers.9.mlp.down_proj": 877.7070922851562,
    "model.layers.10.self_attn.q_proj": 595.3772583007812,
    "model.layers.10.self_attn.k_proj": 684.087158203125,
    "model.layers.10.self_attn.v_proj": 579.8663940429688,
    "model.layers.10.self_attn.o_proj": 591.1724853515625,
    "model.layers.10.mlp.gate_proj": 916.7701416015625,
    "model.layers.10.mlp.up_proj": 851.2962036132812,
    "model.layers.10.mlp.down_proj": 918.9983520507812,
    "model.layers.11.self_attn.q_proj": 600.894775390625,
    "model.layers.11.self_attn.k_proj": 667.7523193359375,
    "model.layers.11.self_attn.v_proj": 631.8048706054688,
    "model.layers.11.self_attn.o_proj": 555.5150146484375,
    "model.layers.11.mlp.gate_proj": 891.9030151367188,
    "model.layers.11.mlp.up_proj": 889.3035888671875,
    "model.layers.11.mlp.down_proj": 873.0541381835938,
    "model.layers.12.self_attn.q_proj": 590.876953125,
    "model.layers.12.self_attn.k_proj": 621.3723754882812,
    "model.layers.12.self_attn.v_proj": 641.49609375,
    "model.layers.12.self_attn.o_proj": 565.64990234375,
    "model.layers.12.mlp.gate_proj": 909.5280151367188,
    "model.layers.12.mlp.up_proj": 846.5814208984375,
    "model.layers.12.mlp.down_proj": 893.5260009765625,
    "model.layers.13.self_attn.q_proj": 638.4590454101562,
    "model.layers.13.self_attn.k_proj": 626.6158447265625,
    "model.layers.13.self_attn.v_proj": 646.4724731445312,
    "model.layers.13.self_attn.o_proj": 600.0377807617188,
    "model.layers.13.mlp.gate_proj": 895.05712890625,
    "model.layers.13.mlp.up_proj": 892.8194580078125,
    "model.layers.13.mlp.down_proj": 928.4944458007812,
    "model.layers.14.self_attn.q_proj": 593.671142578125,
    "model.layers.14.self_attn.k_proj": 590.5964965820312,
    "model.layers.14.self_attn.v_proj": 630.844482421875,
    "model.layers.14.self_attn.o_proj": 548.013916015625,
    "model.layers.14.mlp.gate_proj": 881.504150390625,
    "model.layers.14.mlp.up_proj": 889.4030151367188,
    "model.layers.14.mlp.down_proj": 904.1017456054688,
    "model.layers.15.self_attn.q_proj": 608.269287109375,
    "model.layers.15.self_attn.k_proj": 648.2932739257812,
    "model.layers.15.self_attn.v_proj": 673.7786254882812,
    "model.layers.15.self_attn.o_proj": 610.8526611328125,
    "model.layers.15.mlp.gate_proj": 900.412109375,
    "model.layers.15.mlp.up_proj": 886.3283081054688,
    "model.layers.15.mlp.down_proj": 921.1641235351562,
    "model.layers.16.self_attn.q_proj": 618.2237548828125,
    "model.layers.16.self_attn.k_proj": 600.1007690429688,
    "model.layers.16.self_attn.v_proj": 669.068359375,
    "model.layers.16.self_attn.o_proj": 516.5855712890625,
    "model.layers.16.mlp.gate_proj": 888.9010009765625,
    "model.layers.16.mlp.up_proj": 895.9292602539062,
    "model.layers.16.mlp.down_proj": 924.0300903320312,
    "model.layers.17.self_attn.q_proj": 601.7265625,
    "model.layers.17.self_attn.k_proj": 618.2337646484375,
    "model.layers.17.self_attn.v_proj": 651.1823120117188,
    "model.layers.17.self_attn.o_proj": 569.9391479492188,
    "model.layers.17.mlp.gate_proj": 895.4058837890625,
    "model.layers.17.mlp.up_proj": 895.3025512695312,
    "model.layers.17.mlp.down_proj": 896.3421630859375,
    "model.layers.18.self_attn.q_proj": 604.1822509765625,
    "model.layers.18.self_attn.k_proj": 611.7261962890625,
    "model.layers.18.self_attn.v_proj": 654.4619750976562,
    "model.layers.18.self_attn.o_proj": 579.8433837890625,
    "model.layers.18.mlp.gate_proj": 884.2741088867188,
    "model.layers.18.mlp.up_proj": 897.0205688476562,
    "model.layers.18.mlp.down_proj": 926.5025024414062,
    "model.layers.19.self_attn.q_proj": 610.3707885742188,
    "model.layers.19.self_attn.k_proj": 592.6643676757812,
    "model.layers.19.self_attn.v_proj": 645.6395263671875,
    "model.layers.19.self_attn.o_proj": 599.7621459960938,
    "model.layers.19.mlp.gate_proj": 899.02783203125,
    "model.layers.19.mlp.up_proj": 892.83935546875,
    "model.layers.19.mlp.down_proj": 910.05029296875,
    "model.layers.20.self_attn.q_proj": 605.2402954101562,