{
    "model.layers.0.self_attn.q_proj": 612.0051879882812,
    "model.layers.0.self_attn.k_proj": 612.0182495117188,
    "model.layers.0.self_attn.v_proj": 612.003173828125,
    "model.layers.0.self_attn.o_proj": 612.0415649414062,
    "model.layers.0.mlp.gate_proj": 893.1083374023438,
    "model.layers.0.mlp.up_proj": 893.29248046875,
    "model.layers.0.mlp.down_proj": 895.2694091796875,
    "model.layers.1.self_attn.q_proj": 611.9774780273438,
    "model.layers.1.self_attn.k_proj": 612.0379638671875,
    "model.layers.1.self_attn.v_proj": 616.1010131835938,
    "model.layers.1.self_attn.o_proj": 611.8704223632812,
    "model.layers.1.mlp.gate_proj": 892.7841796875,
    "model.layers.1.mlp.up_proj": 895.2056274414062,
    "model.layers.1.mlp.down_proj": 892.1609497070312,
    "model.layers.2.self_attn.q_proj": 613.0116577148438,
    "model.layers.2.self_attn.k_proj": 609.1698608398438,
    "model.layers.2.self_attn.v_proj": 615.9682006835938,
    "model.layers.2.self_attn.o_proj": 609.4989624023438,
    "model.layers.2.mlp.gate_proj": 892.5077514648438,
    "model.layers.2.mlp.up_proj": 896.26025390625,
    "model.layers.2.mlp.down_proj": 903.6785278320312,
    "model.layers.3.self_attn.q_proj": 610.02587890625,
    "model.layers.3.self_attn.k_proj": 609.3543090820312,
    "model.layers.3.self_attn.v_proj": 619.8768920898438,
    "model.layers.3.self_attn.o_proj": 612.6094970703125,
    "model.layers.3.mlp.gate_proj": 901.043701171875,
    "model.layers.3.mlp.up_proj": 900.5118408203125,
    "model.layers.3.mlp.down_proj": 896.4871826171875,
    "model.layers.4.self_attn.q_proj": 621.7822265625,
    "model.layers.4.self_attn.k_proj": 607.7378540039062,
    "model.layers.4.self_attn.v_proj": 622.8843994140625,
    "model.layers.4.self_attn.o_proj": 607.6203002929688,
    "model.layers.4.mlp.gate_proj": 897.3445434570312,
    "model.layers.4.mlp.up_proj": 904.146728515625,
    "model.layers.4.mlp.down_proj": 879.6162719726562,
    "model.layers.5.self_attn.q_proj": 618.4619750976562,
    "model.layers.5.self_attn.k_proj": 612.9039306640625,
    "model.layers.5.self_attn.v_proj": 633.6346435546875,
    "model.layers.5.self_attn.o_proj": 621.4270629882812,
    "model.layers.5.mlp.gate_proj": 889.0916137695312,
    "model.layers.5.mlp.up_proj": 875.9318237304688,
    "model.layers.5.mlp.down_proj": 873.429443359375,
    "model.layers.6.self_attn.q_proj": 612.101806640625,
    "model.layers.6.self_attn.k_proj": 618.9434204101562,
    "model.layers.6.self_attn.v_proj": 615.365234375,
    "model.layers.6.self_attn.o_proj": 611.9794311523438,
    "model.layers.6.mlp.gate_proj": 871.32666015625,
    "model.layers.6.mlp.up_proj": 892.8646850585938,
    "model.layers.6.mlp.down_proj": 883.849853515625,
    "model.layers.7.self_attn.q_proj": 606.7928466796875,
    "model.layers.7.self_attn.k_proj": 622.9149169921875,
    "model.layers.7.self_attn.v_proj": 620.6721801757812,
    "model.layers.7.self_attn.o_proj": 615.6197509765625,
    "model.layers.7.mlp.gate_proj": 893.5684814453125,
    "model.layers.7.mlp.up_proj": 889.73828125,
    "model.layers.7.mlp.down_proj": 888.7857055664062,
    "model.layers.8.self_attn.q_proj": 611.9942016601562,
    "model.layers.8.self_attn.k_proj": 614.2998657226562,
    "model.layers.8.self_attn.v_proj": 621.7225952148438,
    "model.layers.8.self_attn.o_proj": 616.666748046875,
    "model.layers.8.mlp.gate_proj": 891.0017700195312,
    "model.layers.8.mlp.up_proj": 891.5013427734375,
    "model.layers.8.mlp.down_proj": 873.329833984375,
    "model.layers.9.self_attn.q_proj": 612.9300537109375,
    "model.layers.9.self_attn.k_proj": 611.8892822265625,
    "model.layers.9.self_attn.v_proj": 620.02783203125,
    "model.layers.9.self_attn.o_proj": 621.80078125,
    "model.layers.9.mlp.gate_proj": 893.48779296875,
    "model.layers.9.mlp.up_proj": 896.75146484375,
    "model.layers.9.mlp.down_proj": 890.8989868164062,
    "model.layers.10.self_attn.q_proj": 610.3674926757812,
    "model.layers.10.self_attn.k_proj": 616.1052856445312,
    "model.layers.10.self_attn.v_proj": 613.6365356445312,
    "model.layers.10.self_attn.o_proj": 611.9266357421875,
    "model.layers.10.mlp.gate_proj": 895.6194458007812,
    "model.layers.10.mlp.up_proj": 892.9530029296875,
    "model.layers.10.mlp.down_proj": 889.7740478515625,
    "model.layers.11.self_attn.q_proj": 609.9362182617188,
    "model.layers.11.self_attn.k_proj": 617.35400390625,
    "model.layers.11.self_attn.v_proj": 612.8009643554688,
    "model.layers.11.self_attn.o_proj": 609.294677734375,
    "model.layers.11.mlp.gate_proj": 896.6746826171875,
    "model.layers.11.mlp.up_proj": 896.1450805664062,
    "model.layers.11.mlp.down_proj": 894.2133178710938,
    "model.layers.12.self_attn.q_proj": 613.4968872070312,
    "model.layers.12.self_attn.k_proj": 613.3638916015625,
    "model.layers.12.self_attn.v_proj": 610.9505004882812,
    "model.layers.12.self_attn.o_proj": 612.892822265625,
    "model.layers.12.mlp.gate_proj": 894.6786499023438,
    "model.layers.12.mlp.up_proj": 891.5546264648438,
    "model.layers.12.mlp.down_proj": 892.8941650390625,
    "model.layers.13.self_attn.q_proj": 618.4564819335938,
    "model.layers.13.self_attn.k_proj": 613.0574340820312,
    "model.layers.13.self_attn.v_proj": 618.3711547851562,
    "model.layers.13.self_attn.o_proj": 612.2791748046875,
    "model.layers.13.mlp.gate_proj": 893.0910034179688,
    "model.layers.13.mlp.up_proj": 892.8189697265625,
    "model.layers.13.mlp.down_proj": 893.9459228515625,
    "model.layers.14.self_attn.q_proj": 612.0365600585938,
    "model.layers.14.self_attn.k_proj": 613.3259887695312,
    "model.layers.14.self_attn.v_proj": 611.761474609375,
    "model.layers.14.self_attn.o_proj": 612.1187133789062,
    "model.layers.14.mlp.gate_proj": 893.7513427734375,
    "model.layers.14.mlp.up_proj": 893.8148803710938,
    "model.layers.14.mlp.down_proj": 895.0503540039062,
    "model.layers.15.self_attn.q_proj": 612.2732543945312,
    "model.layers.15.self_attn.k_proj": 613.0220336914062,
    "model.layers.15.self_attn.v_proj": 616.9349975585938,
    "model.layers.15.self_attn.o_proj": 612.0021362304688,
    "model.layers.15.mlp.gate_proj": 893.9422607421875,
    "model.layers.15.mlp.up_proj": 893.894775390625,
    "model.layers.15.mlp.down_proj": 896.2742919921875,
    "model.layers.16.self_attn.q_proj": 612.112548828125,
    "model.layers.16.self_attn.k_proj": 611.5162353515625,
    "model.layers.16.self_attn.v_proj": 612.9443359375,
    "model.layers.16.self_attn.o_proj": 611.6028442382812,
    "model.layers.16.mlp.gate_proj": 893.0501708984375,
    "model.layers.16.mlp.up_proj": 893.2661743164062,
    "model.layers.16.mlp.down_proj": 894.1860961914062,
    "model.layers.17.self_attn.q_proj": 612.00048828125,
    "model.layers.17.self_attn.k_proj": 613.0408325195312,
    "model.layers.17.self_attn.v_proj": 611.8764038085938,
    "model.layers.17.self_attn.o_proj": 612.0316162109375,
    "model.layers.17.mlp.gate_proj": 892.9148559570312,
    "model.layers.17.mlp.up_proj": 892.7637329101562,
    "model.layers.17.mlp.down_proj": 893.9331665039062,
    "model.layers.18.self_attn.q_proj": 611.9039916992188,
    "model.layers.18.self_attn.k_proj": 611.87353515625,
    "model.layers.18.self_attn.v_proj": 611.932861328125,
    "model.layers.18.self_attn.o_proj": 612.0570068359375,
    "model.layers.18.mlp.gate_proj": 892.8946533203125,
    "model.layers.18.mlp.up_proj": 896.8135986328125,
    "model.layers.18.mlp.down_proj": 894.4998779296875,
    "model.layers.19.self_attn.q_proj": 613.0277099609375,
    "model.layers.19.self_attn.k_proj": 612.005859375,
    "model.layers.19.self_attn.v_proj": 611.9658203125,
    "model.layers.19.self_attn.o_proj": 611.5065307617188,
    "model.layers.19.mlp.gate_proj": 893.4583129882812,
    "model.layers.19.mlp.up_proj": 893.6959228515625,
    "model.layers.19.mlp.down_proj": 894.0028686523438,
    "model.layers.20.self_attn.q_proj": 611.8757934570312,