{
    "model.layers.0.self_attn.q_proj": 609.9765625,
    "model.layers.0.self_attn.k_proj": 610.2194213867188,
    "model.layers.0.self_attn.v_proj": 620.6531372070312,
    "model.layers.0.self_attn.o_proj": 610.5169677734375,
    "model.layers.0.mlp.gate_proj": 890.9879150390625,
    "model.layers.0.mlp.up_proj": 892.3877563476562,
    "model.layers.0.mlp.down_proj": 895.2493286132812,
    "model.layers.1.self_attn.q_proj": 607.240966796875,
    "model.layers.1.self_attn.k_proj": 606.833251953125,
    "model.layers.1.self_attn.v_proj": 625.2051391601562,
    "model.layers.1.self_attn.o_proj": 605.3795166015625,
    "model.layers.1.mlp.gate_proj": 902.1385498046875,
    "model.layers.1.mlp.up_proj": 890.9692993164062,
    "model.layers.1.mlp.down_proj": 903.1194458007812,
    "model.layers.2.self_attn.q_proj": 607.5584106445312,
    "model.layers.2.self_attn.k_proj": 612.6552734375,
    "model.layers.2.self_attn.v_proj": 624.5592041015625,
    "model.layers.2.self_attn.o_proj": 595.29736328125,
    "model.layers.2.mlp.gate_proj": 904.4542236328125,
    "model.layers.2.mlp.up_proj": 894.2449951171875,
    "model.layers.2.mlp.down_proj": 928.5033569335938,
    "model.layers.3.self_attn.q_proj": 631.5380249023438,
    "model.layers.3.self_attn.k_proj": 602.4806518554688,
    "model.layers.3.self_attn.v_proj": 629.2258911132812,
    "model.layers.3.self_attn.o_proj": 654.4290161132812,
    "model.layers.3.mlp.gate_proj": 899.332763671875,
    "model.layers.3.mlp.up_proj": 906.7467651367188,
    "model.layers.3.mlp.down_proj": 945.9219360351562,
    "model.layers.4.self_attn.q_proj": 626.95068359375,
    "model.layers.4.self_attn.k_proj": 596.9360961914062,
    "model.layers.4.self_attn.v_proj": 689.321044921875,
    "model.layers.4.self_attn.o_proj": 611.3712158203125,
    "model.layers.4.mlp.gate_proj": 901.4412841796875,
    "model.layers.4.mlp.up_proj": 906.844482421875,
    "model.layers.4.mlp.down_proj": 854.4172973632812,
    "model.layers.5.self_attn.q_proj": 617.9441528320312,
    "model.layers.5.self_attn.k_proj": 613.803955078125,
    "model.layers.5.self_attn.v_proj": 675.7424926757812,
    "model.layers.5.self_attn.o_proj": 640.9345703125,
    "model.layers.5.mlp.gate_proj": 912.6209106445312,
    "model.layers.5.mlp.up_proj": 856.284912109375,
    "model.layers.5.mlp.down_proj": 864.1401977539062,
    "model.layers.6.self_attn.q_proj": 601.7792358398438,
    "model.layers.6.self_attn.k_proj": 621.744140625,
    "model.layers.6.self_attn.v_proj": 672.8500366210938,
    "model.layers.6.self_attn.o_proj": 611.2098999023438,
    "model.layers.6.mlp.gate_proj": 876.04736328125,
    "model.layers.6.mlp.up_proj": 900.8059692382812,
    "model.layers.6.mlp.down_proj": 883.4857788085938,
    "model.layers.7.self_attn.q_proj": 612.3114013671875,
    "model.layers.7.self_attn.k_proj": 639.7593994140625,
    "model.layers.7.self_attn.v_proj": 676.736328125,
    "model.layers.7.self_attn.o_proj": 625.21240234375,
    "model.layers.7.mlp.gate_proj": 889.1934204101562,
    "model.layers.7.mlp.up_proj": 862.223876953125,
    "model.layers.7.mlp.down_proj": 898.8067626953125,
    "model.layers.8.self_attn.q_proj": 606.3388671875,
    "model.layers.8.self_attn.k_proj": 633.4798583984375,
    "model.layers.8.self_attn.v_proj": 677.429931640625,
    "model.layers.8.self_attn.o_proj": 623.7681274414062,
    "model.layers.8.mlp.gate_proj": 898.506103515625,
    "model.layers.8.mlp.up_proj": 862.2481689453125,
    "model.layers.8.mlp.down_proj": 863.8279418945312,
    "model.layers.9.self_attn.q_proj": 609.4736938476562,
    "model.layers.9.self_attn.k_proj": 626.441162109375,
    "model.layers.9.self_attn.v_proj": 642.190673828125,
    "model.layers.9.self_attn.o_proj": 620.6477661132812,
    "model.layers.9.mlp.gate_proj": 907.3053588867188,
    "model.layers.9.mlp.up_proj": 896.602783203125,
    "model.layers.9.mlp.down_proj": 879.2778930664062,
    "model.layers.10.self_attn.q_proj": 602.9478149414062,
    "model.layers.10.self_attn.k_proj": 648.4766235351562,
    "model.layers.10.self_attn.v_proj": 590.8721313476562,
    "model.layers.10.self_attn.o_proj": 600.0422973632812,
    "model.layers.10.mlp.gate_proj": 904.4232788085938,
    "model.layers.10.mlp.up_proj": 877.2269897460938,
    "model.layers.10.mlp.down_proj": 903.5147705078125,
    "model.layers.11.self_attn.q_proj": 608.9927368164062,
    "model.layers.11.self_attn.k_proj": 639.718017578125,
    "model.layers.11.self_attn.v_proj": 619.1744995117188,
    "model.layers.11.self_attn.o_proj": 591.00537109375,
    "model.layers.11.mlp.gate_proj": 893.2280883789062,
    "model.layers.11.mlp.up_proj": 900.0751342773438,
    "model.layers.11.mlp.down_proj": 890.2901000976562,
    "model.layers.12.self_attn.q_proj": 610.4754028320312,
    "model.layers.12.self_attn.k_proj": 615.4960327148438,
    "model.layers.12.self_attn.v_proj": 621.1137084960938,
    "model.layers.12.self_attn.o_proj": 604.2738037109375,
    "model.layers.12.mlp.gate_proj": 911.2203979492188,
    "model.layers.12.mlp.up_proj": 874.8912963867188,
    "model.layers.12.mlp.down_proj": 887.8109741210938,
    "model.layers.13.self_attn.q_proj": 642.27880859375,
    "model.layers.13.self_attn.k_proj": 624.329345703125,
    "model.layers.13.self_attn.v_proj": 643.2139282226562,
    "model.layers.13.self_attn.o_proj": 610.3236083984375,
    "model.layers.13.mlp.gate_proj": 898.7273559570312,
    "model.layers.13.mlp.up_proj": 899.3375244140625,
    "model.layers.13.mlp.down_proj": 909.8687744140625,
    "model.layers.14.self_attn.q_proj": 608.4359741210938,
    "model.layers.14.self_attn.k_proj": 603.7188720703125,
    "model.layers.14.self_attn.v_proj": 613.5759887695312,
    "model.layers.14.self_attn.o_proj": 594.2142944335938,
    "model.layers.14.mlp.gate_proj": 884.338623046875,
    "model.layers.14.mlp.up_proj": 884.4547729492188,
    "model.layers.14.mlp.down_proj": 904.3675537109375,
    "model.layers.15.self_attn.q_proj": 614.189453125,
    "model.layers.15.self_attn.k_proj": 625.292236328125,
    "model.layers.15.self_attn.v_proj": 654.8779296875,
    "model.layers.15.self_attn.o_proj": 615.99755859375,
    "model.layers.15.mlp.gate_proj": 901.7946166992188,
    "model.layers.15.mlp.up_proj": 894.2349243164062,
    "model.layers.15.mlp.down_proj": 901.491455078125,
    "model.layers.16.self_attn.q_proj": 617.4323120117188,
    "model.layers.16.self_attn.k_proj": 608.034912109375,
    "model.layers.16.self_attn.v_proj": 636.6091918945312,
    "model.layers.16.self_attn.o_proj": 578.4409790039062,
    "model.layers.16.mlp.gate_proj": 891.4224243164062,
    "model.layers.16.mlp.up_proj": 892.8292236328125,
    "model.layers.16.mlp.down_proj": 915.906494140625,
    "model.layers.17.self_attn.q_proj": 608.9405517578125,
    "model.layers.17.self_attn.k_proj": 618.2371826171875,
    "model.layers.17.self_attn.v_proj": 631.9398193359375,
    "model.layers.17.self_attn.o_proj": 591.6595458984375,
    "model.layers.17.mlp.gate_proj": 895.1484985351562,
    "model.layers.17.mlp.up_proj": 896.5557250976562,
    "model.layers.17.mlp.down_proj": 895.1082763671875,
    "model.layers.18.self_attn.q_proj": 613.2330322265625,
    "model.layers.18.self_attn.k_proj": 613.1802978515625,
    "model.layers.18.self_attn.v_proj": 619.956298828125,
    "model.layers.18.self_attn.o_proj": 596.1854248046875,
    "model.layers.18.mlp.gate_proj": 890.3158569335938,
    "model.layers.18.mlp.up_proj": 899.76611328125,
    "model.layers.18.mlp.down_proj": 904.2025146484375,
    "model.layers.19.self_attn.q_proj": 614.19873046875,
    "model.layers.19.self_attn.k_proj": 605.4165649414062,
    "model.layers.19.self_attn.v_proj": 620.724609375,
    "model.layers.19.self_attn.o_proj": 608.2493286132812,
    "model.layers.19.mlp.gate_proj": 894.3367309570312,
    "model.layers.19.mlp.up_proj": 893.022216796875,
    "model.layers.19.mlp.down_proj": 899.0087890625,
    "model.layers.20.self_attn.q_proj": 610.1402587890625,