{
    "model.layers.0.self_attn.q_proj": 618.577880859375,
    "model.layers.0.self_attn.k_proj": 618.5792236328125,
    "model.layers.0.self_attn.v_proj": 618.5799560546875,
    "model.layers.0.self_attn.o_proj": 618.5787353515625,
    "model.layers.0.mlp.gate_proj": 899.7708129882812,
    "model.layers.0.mlp.up_proj": 899.7821044921875,
    "model.layers.0.mlp.down_proj": 900.4439086914062,
    "model.layers.1.self_attn.q_proj": 618.5640258789062,
    "model.layers.1.self_attn.k_proj": 618.5884399414062,
    "model.layers.1.self_attn.v_proj": 618.5878295898438,
    "model.layers.1.self_attn.o_proj": 618.6774291992188,
    "model.layers.1.mlp.gate_proj": 899.47900390625,
    "model.layers.1.mlp.up_proj": 901.0505981445312,
    "model.layers.1.mlp.down_proj": 897.1630859375,
    "model.layers.2.self_attn.q_proj": 618.684814453125,
    "model.layers.2.self_attn.k_proj": 617.5488891601562,
    "model.layers.2.self_attn.v_proj": 617.8252563476562,
    "model.layers.2.self_attn.o_proj": 617.100830078125,
    "model.layers.2.mlp.gate_proj": 894.99462890625,
    "model.layers.2.mlp.up_proj": 901.0563354492188,
    "model.layers.2.mlp.down_proj": 901.1715087890625,
    "model.layers.3.self_attn.q_proj": 616.4933471679688,
    "model.layers.3.self_attn.k_proj": 618.8811645507812,
    "model.layers.3.self_attn.v_proj": 620.4808959960938,
    "model.layers.3.self_attn.o_proj": 617.4137573242188,
    "model.layers.3.mlp.gate_proj": 901.3333740234375,
    "model.layers.3.mlp.up_proj": 900.32275390625,
    "model.layers.3.mlp.down_proj": 900.8966064453125,
    "model.layers.4.self_attn.q_proj": 618.6715087890625,
    "model.layers.4.self_attn.k_proj": 618.8372802734375,
    "model.layers.4.self_attn.v_proj": 618.6966552734375,
    "model.layers.4.self_attn.o_proj": 617.3304443359375,
    "model.layers.4.mlp.gate_proj": 900.8698120117188,
    "model.layers.4.mlp.up_proj": 899.9329833984375,
    "model.layers.4.mlp.down_proj": 888.6373291015625,
    "model.layers.5.self_attn.q_proj": 620.2716674804688,
    "model.layers.5.self_attn.k_proj": 618.487548828125,
    "model.layers.5.self_attn.v_proj": 617.9351806640625,
    "model.layers.5.self_attn.o_proj": 619.344970703125,
    "model.layers.5.mlp.gate_proj": 893.966796875,
    "model.layers.5.mlp.up_proj": 886.711669921875,
    "model.layers.5.mlp.down_proj": 882.85498046875,
    "model.layers.6.self_attn.q_proj": 618.7102661132812,
    "model.layers.6.self_attn.k_proj": 620.3505859375,
    "model.layers.6.self_attn.v_proj": 617.5133666992188,
    "model.layers.6.self_attn.o_proj": 618.7011108398438,
    "model.layers.6.mlp.gate_proj": 886.33642578125,
    "model.layers.6.mlp.up_proj": 899.8722534179688,
    "model.layers.6.mlp.down_proj": 894.0321044921875,
    "model.layers.7.self_attn.q_proj": 616.8078002929688,
    "model.layers.7.self_attn.k_proj": 619.09326171875,
    "model.layers.7.self_attn.v_proj": 618.884765625,
    "model.layers.7.self_attn.o_proj": 618.6806640625,
    "model.layers.7.mlp.gate_proj": 899.7095336914062,
    "model.layers.7.mlp.up_proj": 898.4985961914062,
    "model.layers.7.mlp.down_proj": 897.4373779296875,
    "model.layers.8.self_attn.q_proj": 618.5196533203125,
    "model.layers.8.self_attn.k_proj": 618.6525268554688,
    "model.layers.8.self_attn.v_proj": 618.8616333007812,
    "model.layers.8.self_attn.o_proj": 618.753662109375,
    "model.layers.8.mlp.gate_proj": 899.635009765625,
    "model.layers.8.mlp.up_proj": 899.5791015625,
    "model.layers.8.mlp.down_proj": 889.7816772460938,
    "model.layers.9.self_attn.q_proj": 618.7185668945312,
    "model.layers.9.self_attn.k_proj": 618.666259765625,
    "model.layers.9.self_attn.v_proj": 618.7156982421875,
    "model.layers.9.self_attn.o_proj": 618.7353515625,
    "model.layers.9.mlp.gate_proj": 898.19140625,
    "model.layers.9.mlp.up_proj": 900.101318359375,
    "model.layers.9.mlp.down_proj": 899.061767578125,
    "model.layers.10.self_attn.q_proj": 618.6277465820312,
    "model.layers.10.self_attn.k_proj": 618.6430053710938,
    "model.layers.10.self_attn.v_proj": 618.8114624023438,
    "model.layers.10.self_attn.o_proj": 618.5611572265625,
    "model.layers.10.mlp.gate_proj": 900.1375122070312,
    "model.layers.10.mlp.up_proj": 899.6661987304688,
    "model.layers.10.mlp.down_proj": 898.5047607421875,
    "model.layers.11.self_attn.q_proj": 618.645263671875,
    "model.layers.11.self_attn.k_proj": 618.663818359375,
    "model.layers.11.self_attn.v_proj": 618.6295166015625,
    "model.layers.11.self_attn.o_proj": 618.489501953125,
    "model.layers.11.mlp.gate_proj": 899.9818115234375,
    "model.layers.11.mlp.up_proj": 900.1646728515625,
    "model.layers.11.mlp.down_proj": 899.9957275390625,
    "model.layers.12.self_attn.q_proj": 618.614013671875,
    "model.layers.12.self_attn.k_proj": 618.5980834960938,
    "model.layers.12.self_attn.v_proj": 618.7498779296875,
    "model.layers.12.self_attn.o_proj": 618.56787109375,
    "model.layers.12.mlp.gate_proj": 899.4366455078125,
    "model.layers.12.mlp.up_proj": 899.4866943359375,
    "model.layers.12.mlp.down_proj": 899.6458740234375,
    "model.layers.13.self_attn.q_proj": 618.5809326171875,
    "model.layers.13.self_attn.k_proj": 618.6282348632812,
    "model.layers.13.self_attn.v_proj": 618.6571044921875,
    "model.layers.13.self_attn.o_proj": 618.5936279296875,
    "model.layers.13.mlp.gate_proj": 899.7623291015625,
    "model.layers.13.mlp.up_proj": 899.606689453125,
    "model.layers.13.mlp.down_proj": 899.7825317382812,
    "model.layers.14.self_attn.q_proj": 618.6103515625,
    "model.layers.14.self_attn.k_proj": 618.6096801757812,
    "model.layers.14.self_attn.v_proj": 618.6211547851562,
    "model.layers.14.self_attn.o_proj": 618.5615844726562,
    "model.layers.14.mlp.gate_proj": 899.824951171875,
    "model.layers.14.mlp.up_proj": 900.0394897460938,
    "model.layers.14.mlp.down_proj": 900.096435546875,
    "model.layers.15.self_attn.q_proj": 618.6019287109375,
    "model.layers.15.self_attn.k_proj": 618.6116943359375,
    "model.layers.15.self_attn.v_proj": 618.6852416992188,
    "model.layers.15.self_attn.o_proj": 618.5621948242188,
    "model.layers.15.mlp.gate_proj": 899.8002319335938,
    "model.layers.15.mlp.up_proj": 899.7913208007812,
    "model.layers.15.mlp.down_proj": 900.6604614257812,
    "model.layers.16.self_attn.q_proj": 618.5806274414062,
    "model.layers.16.self_attn.k_proj": 618.5908203125,
    "model.layers.16.self_attn.v_proj": 618.5991821289062,
    "model.layers.16.self_attn.o_proj": 618.429443359375,
    "model.layers.16.mlp.gate_proj": 899.8237915039062,
    "model.layers.16.mlp.up_proj": 899.8046264648438,
    "model.layers.16.mlp.down_proj": 899.8240966796875,
    "model.layers.17.self_attn.q_proj": 618.572998046875,
    "model.layers.17.self_attn.k_proj": 618.5790405273438,
    "model.layers.17.self_attn.v_proj": 618.5719604492188,
    "model.layers.17.self_attn.o_proj": 618.5580444335938,
    "model.layers.17.mlp.gate_proj": 899.7288818359375,
    "model.layers.17.mlp.up_proj": 899.611572265625,
    "model.layers.17.mlp.down_proj": 899.7247924804688,
    "model.layers.18.self_attn.q_proj": 618.5671997070312,
    "model.layers.18.self_attn.k_proj": 618.5984497070312,
    "model.layers.18.self_attn.v_proj": 618.60302734375,
    "model.layers.18.self_attn.o_proj": 618.5484619140625,
    "model.layers.18.mlp.gate_proj": 899.5147094726562,
    "model.layers.18.mlp.up_proj": 899.7612915039062,
    "model.layers.18.mlp.down_proj": 899.7274780273438,
    "model.layers.19.self_attn.q_proj": 618.5979614257812,
    "model.layers.19.self_attn.k_proj": 618.5699462890625,
    "model.layers.19.self_attn.v_proj": 618.6156005859375,
    "model.layers.19.self_attn.o_proj": 618.5050659179688,
    "model.layers.19.mlp.gate_proj": 899.8557739257812,
    "model.layers.19.mlp.up_proj": 899.9349975585938,
    "model.layers.19.mlp.down_proj": 899.8534545898438,
    "model.layers.20.self_attn.q_proj": 618.58251953125,