{
    "model.layers.0.self_attn.q_proj": 613.5564575195312,
    "model.layers.0.self_attn.k_proj": 613.5745849609375,
    "model.layers.0.self_attn.v_proj": 614.0352783203125,
    "model.layers.0.self_attn.o_proj": 613.4953002929688,
    "model.layers.0.mlp.gate_proj": 894.0592041015625,
    "model.layers.0.mlp.up_proj": 895.0426635742188,
    "model.layers.0.mlp.down_proj": 897.5451049804688,
    "model.layers.1.self_attn.q_proj": 612.2824096679688,
    "model.layers.1.self_attn.k_proj": 612.3447875976562,
    "model.layers.1.self_attn.v_proj": 625.8704833984375,
    "model.layers.1.self_attn.o_proj": 607.0186157226562,
    "model.layers.1.mlp.gate_proj": 896.4059448242188,
    "model.layers.1.mlp.up_proj": 896.6500244140625,
    "model.layers.1.mlp.down_proj": 898.4421997070312,
    "model.layers.2.self_attn.q_proj": 614.3553466796875,
    "model.layers.2.self_attn.k_proj": 611.1774291992188,
    "model.layers.2.self_attn.v_proj": 627.2294311523438,
    "model.layers.2.self_attn.o_proj": 606.7582397460938,
    "model.layers.2.mlp.gate_proj": 900.1089477539062,
    "model.layers.2.mlp.up_proj": 899.5510864257812,
    "model.layers.2.mlp.down_proj": 909.1907958984375,
    "model.layers.3.self_attn.q_proj": 612.2509155273438,
    "model.layers.3.self_attn.k_proj": 605.250732421875,
    "model.layers.3.self_attn.v_proj": 624.0982666015625,
    "model.layers.3.self_attn.o_proj": 626.6273193359375,
    "model.layers.3.mlp.gate_proj": 905.2229614257812,
    "model.layers.3.mlp.up_proj": 903.3289184570312,
    "model.layers.3.mlp.down_proj": 906.083740234375,
    "model.layers.4.self_attn.q_proj": 632.39892578125,
    "model.layers.4.self_attn.k_proj": 601.9053955078125,
    "model.layers.4.self_attn.v_proj": 646.4620971679688,
    "model.layers.4.self_attn.o_proj": 607.6062622070312,
    "model.layers.4.mlp.gate_proj": 902.888427734375,
    "model.layers.4.mlp.up_proj": 907.1032104492188,
    "model.layers.4.mlp.down_proj": 876.6596069335938,
    "model.layers.5.self_attn.q_proj": 621.1483154296875,
    "model.layers.5.self_attn.k_proj": 612.3917236328125,
    "model.layers.5.self_attn.v_proj": 658.0838623046875,
    "model.layers.5.self_attn.o_proj": 631.15478515625,
    "model.layers.5.mlp.gate_proj": 891.2882690429688,
    "model.layers.5.mlp.up_proj": 872.0385131835938,
    "model.layers.5.mlp.down_proj": 872.729248046875,
    "model.layers.6.self_attn.q_proj": 617.1324462890625,
    "model.layers.6.self_attn.k_proj": 622.2494506835938,
    "model.layers.6.self_attn.v_proj": 639.74609375,
    "model.layers.6.self_attn.o_proj": 613.3284301757812,
    "model.layers.6.mlp.gate_proj": 866.7525024414062,
    "model.layers.6.mlp.up_proj": 893.4583129882812,
    "model.layers.6.mlp.down_proj": 888.2516479492188,
    "model.layers.7.self_attn.q_proj": 613.468017578125,
    "model.layers.7.self_attn.k_proj": 636.1590576171875,
    "model.layers.7.self_attn.v_proj": 631.4053955078125,
    "model.layers.7.self_attn.o_proj": 626.646240234375,
    "model.layers.7.mlp.gate_proj": 894.5818481445312,
    "model.layers.7.mlp.up_proj": 880.8990478515625,
    "model.layers.7.mlp.down_proj": 888.1901245117188,
    "model.layers.8.self_attn.q_proj": 610.01123046875,
    "model.layers.8.self_attn.k_proj": 617.175048828125,
    "model.layers.8.self_attn.v_proj": 638.2406616210938,
    "model.layers.8.self_attn.o_proj": 615.946533203125,
    "model.layers.8.mlp.gate_proj": 895.549560546875,
    "model.layers.8.mlp.up_proj": 881.4615478515625,
    "model.layers.8.mlp.down_proj": 865.5884399414062,
    "model.layers.9.self_attn.q_proj": 607.474609375,
    "model.layers.9.self_attn.k_proj": 616.7523803710938,
    "model.layers.9.self_attn.v_proj": 634.0482788085938,
    "model.layers.9.self_attn.o_proj": 634.9614868164062,
    "model.layers.9.mlp.gate_proj": 899.721923828125,
    "model.layers.9.mlp.up_proj": 900.7100219726562,
    "model.layers.9.mlp.down_proj": 886.3104248046875,
    "model.layers.10.self_attn.q_proj": 608.0187377929688,
    "model.layers.10.self_attn.k_proj": 632.5120849609375,
    "model.layers.10.self_attn.v_proj": 609.1140747070312,
    "model.layers.10.self_attn.o_proj": 612.130859375,
    "model.layers.10.mlp.gate_proj": 900.9384155273438,
    "model.layers.10.mlp.up_proj": 891.4058837890625,
    "model.layers.10.mlp.down_proj": 890.5678100585938,
    "model.layers.11.self_attn.q_proj": 609.9570922851562,
    "model.layers.11.self_attn.k_proj": 629.1175537109375,
    "model.layers.11.self_attn.v_proj": 611.2648315429688,
    "model.layers.11.self_attn.o_proj": 603.9468383789062,
    "model.layers.11.mlp.gate_proj": 897.20068359375,
    "model.layers.11.mlp.up_proj": 901.83740234375,
    "model.layers.11.mlp.down_proj": 895.2073364257812,
    "model.layers.12.self_attn.q_proj": 615.6883544921875,
    "model.layers.12.self_attn.k_proj": 617.62451171875,
    "model.layers.12.self_attn.v_proj": 622.4636840820312,
    "model.layers.12.self_attn.o_proj": 608.2101440429688,
    "model.layers.12.mlp.gate_proj": 905.7886962890625,
    "model.layers.12.mlp.up_proj": 888.3361206054688,
    "model.layers.12.mlp.down_proj": 895.9351196289062,
    "model.layers.13.self_attn.q_proj": 632.0706787109375,
    "model.layers.13.self_attn.k_proj": 620.9326782226562,
    "model.layers.13.self_attn.v_proj": 629.05029296875,
    "model.layers.13.self_attn.o_proj": 614.1026611328125,
    "model.layers.13.mlp.gate_proj": 896.9935302734375,
    "model.layers.13.mlp.up_proj": 895.6530151367188,
    "model.layers.13.mlp.down_proj": 898.9921264648438,
    "model.layers.14.self_attn.q_proj": 615.5841674804688,
    "model.layers.14.self_attn.k_proj": 615.8935546875,
    "model.layers.14.self_attn.v_proj": 616.4986572265625,
    "model.layers.14.self_attn.o_proj": 611.297119140625,
    "model.layers.14.mlp.gate_proj": 894.8063354492188,
    "model.layers.14.mlp.up_proj": 894.0505981445312,
    "model.layers.14.mlp.down_proj": 901.7405395507812,
    "model.layers.15.self_attn.q_proj": 614.8374633789062,
    "model.layers.15.self_attn.k_proj": 616.2965698242188,
    "model.layers.15.self_attn.v_proj": 635.201416015625,
    "model.layers.15.self_attn.o_proj": 614.8721923828125,
    "model.layers.15.mlp.gate_proj": 899.2778930664062,
    "model.layers.15.mlp.up_proj": 896.78515625,
    "model.layers.15.mlp.down_proj": 899.6260375976562,
    "model.layers.16.self_attn.q_proj": 612.6278686523438,
    "model.layers.16.self_attn.k_proj": 612.994140625,
    "model.layers.16.self_attn.v_proj": 625.9886474609375,
    "model.layers.16.self_attn.o_proj": 607.910400390625,
    "model.layers.16.mlp.gate_proj": 895.4419555664062,
    "model.layers.16.mlp.up_proj": 894.5338134765625,
    "model.layers.16.mlp.down_proj": 902.7891235351562,
    "model.layers.17.self_attn.q_proj": 615.9754638671875,
    "model.layers.17.self_attn.k_proj": 617.8208618164062,
    "model.layers.17.self_attn.v_proj": 614.9782104492188,
    "model.layers.17.self_attn.o_proj": 610.3912353515625,
    "model.layers.17.mlp.gate_proj": 896.47119140625,
    "model.layers.17.mlp.up_proj": 897.15380859375,
    "model.layers.17.mlp.down_proj": 892.96142578125,
    "model.layers.18.self_attn.q_proj": 614.4003295898438,
    "model.layers.18.self_attn.k_proj": 613.9791259765625,
    "model.layers.18.self_attn.v_proj": 617.79296875,
    "model.layers.18.self_attn.o_proj": 609.5390014648438,
    "model.layers.18.mlp.gate_proj": 893.2973022460938,
    "model.layers.18.mlp.up_proj": 902.6238403320312,
    "model.layers.18.mlp.down_proj": 901.2919311523438,
    "model.layers.19.self_attn.q_proj": 617.7344970703125,
    "model.layers.19.self_attn.k_proj": 611.6342163085938,
    "model.layers.19.self_attn.v_proj": 614.7623291015625,
    "model.layers.19.self_attn.o_proj": 612.51611328125,
    "model.layers.19.mlp.gate_proj": 894.6627197265625,
    "model.layers.19.mlp.up_proj": 895.2594604492188,
    "model.layers.19.mlp.down_proj": 898.4232177734375,
    "model.layers.20.self_attn.q_proj": 614.705322265625,