{
    "model.layers.0.self_attn.q_proj": 602.6649780273438,
    "model.layers.0.self_attn.k_proj": 603.3197021484375,
    "model.layers.0.self_attn.v_proj": 646.1817626953125,
    "model.layers.0.self_attn.o_proj": 603.9956665039062,
    "model.layers.0.mlp.gate_proj": 887.6882934570312,
    "model.layers.0.mlp.up_proj": 889.045654296875,
    "model.layers.0.mlp.down_proj": 903.0577392578125,
    "model.layers.1.self_attn.q_proj": 597.370849609375,
    "model.layers.1.self_attn.k_proj": 602.8406982421875,
    "model.layers.1.self_attn.v_proj": 619.7719116210938,
    "model.layers.1.self_attn.o_proj": 585.4918212890625,
    "model.layers.1.mlp.gate_proj": 903.4856567382812,
    "model.layers.1.mlp.up_proj": 907.4410400390625,
    "model.layers.1.mlp.down_proj": 904.807373046875,
    "model.layers.2.self_attn.q_proj": 566.6280517578125,
    "model.layers.2.self_attn.k_proj": 632.4375610351562,
    "model.layers.2.self_attn.v_proj": 664.2474975585938,
    "model.layers.2.self_attn.o_proj": 619.5972900390625,
    "model.layers.2.mlp.gate_proj": 910.8790893554688,
    "model.layers.2.mlp.up_proj": 893.5357666015625,
    "model.layers.2.mlp.down_proj": 978.8374633789062,
    "model.layers.3.self_attn.q_proj": 611.367431640625,
    "model.layers.3.self_attn.k_proj": 570.9378662109375,
    "model.layers.3.self_attn.v_proj": 642.9317626953125,
    "model.layers.3.self_attn.o_proj": 670.6987915039062,
    "model.layers.3.mlp.gate_proj": 903.6837768554688,
    "model.layers.3.mlp.up_proj": 910.5999145507812,
    "model.layers.3.mlp.down_proj": 947.00830078125,
    "model.layers.4.self_attn.q_proj": 644.8554077148438,
    "model.layers.4.self_attn.k_proj": 599.0408935546875,
    "model.layers.4.self_attn.v_proj": 685.8886108398438,
    "model.layers.4.self_attn.o_proj": 645.3255004882812,
    "model.layers.4.mlp.gate_proj": 861.0250854492188,
    "model.layers.4.mlp.up_proj": 923.5355834960938,
    "model.layers.4.mlp.down_proj": 884.3353271484375,
    "model.layers.5.self_attn.q_proj": 565.6513671875,
    "model.layers.5.self_attn.k_proj": 639.8150024414062,
    "model.layers.5.self_attn.v_proj": 697.8063354492188,
    "model.layers.5.self_attn.o_proj": 646.8197021484375,
    "model.layers.5.mlp.gate_proj": 935.27294921875,
    "model.layers.5.mlp.up_proj": 868.1744995117188,
    "model.layers.5.mlp.down_proj": 886.635498046875,
    "model.layers.6.self_attn.q_proj": 527.8724365234375,
    "model.layers.6.self_attn.k_proj": 637.1084594726562,
    "model.layers.6.self_attn.v_proj": 704.4074096679688,
    "model.layers.6.self_attn.o_proj": 615.7964477539062,
    "model.layers.6.mlp.gate_proj": 862.163330078125,
    "model.layers.6.mlp.up_proj": 920.5408935546875,
    "model.layers.6.mlp.down_proj": 906.762451171875,
    "model.layers.7.self_attn.q_proj": 635.9335327148438,
    "model.layers.7.self_attn.k_proj": 688.9686279296875,
    "model.layers.7.self_attn.v_proj": 754.4522094726562,
    "model.layers.7.self_attn.o_proj": 606.507568359375,
    "model.layers.7.mlp.gate_proj": 877.3969116210938,
    "model.layers.7.mlp.up_proj": 880.3688354492188,
    "model.layers.7.mlp.down_proj": 916.1287841796875,
    "model.layers.8.self_attn.q_proj": 639.8720703125,
    "model.layers.8.self_attn.k_proj": 635.2706909179688,
    "model.layers.8.self_attn.v_proj": 726.1074829101562,
    "model.layers.8.self_attn.o_proj": 637.3753051757812,
    "model.layers.8.mlp.gate_proj": 906.9509887695312,
    "model.layers.8.mlp.up_proj": 851.86767578125,
    "model.layers.8.mlp.down_proj": 868.0230102539062,
    "model.layers.9.self_attn.q_proj": 632.9481201171875,
    "model.layers.9.self_attn.k_proj": 652.0036010742188,
    "model.layers.9.self_attn.v_proj": 612.3212890625,
    "model.layers.9.self_attn.o_proj": 571.0440063476562,
    "model.layers.9.mlp.gate_proj": 892.9164428710938,
    "model.layers.9.mlp.up_proj": 896.9029541015625,
    "model.layers.9.mlp.down_proj": 877.4058227539062,
    "model.layers.10.self_attn.q_proj": 595.7357788085938,
    "model.layers.10.self_attn.k_proj": 693.1868896484375,
    "model.layers.10.self_attn.v_proj": 585.4674072265625,
    "model.layers.10.self_attn.o_proj": 591.6116333007812,
    "model.layers.10.mlp.gate_proj": 916.4454345703125,
    "model.layers.10.mlp.up_proj": 855.669921875,
    "model.layers.10.mlp.down_proj": 917.2445678710938,
    "model.layers.11.self_attn.q_proj": 599.876708984375,
    "model.layers.11.self_attn.k_proj": 669.342529296875,
    "model.layers.11.self_attn.v_proj": 635.16943359375,
    "model.layers.11.self_attn.o_proj": 550.529541015625,
    "model.layers.11.mlp.gate_proj": 894.8638305664062,
    "model.layers.11.mlp.up_proj": 890.5718383789062,
    "model.layers.11.mlp.down_proj": 875.9163818359375,
    "model.layers.12.self_attn.q_proj": 588.9608154296875,
    "model.layers.12.self_attn.k_proj": 621.4393920898438,
    "model.layers.12.self_attn.v_proj": 643.4849243164062,
    "model.layers.12.self_attn.o_proj": 563.8757934570312,
    "model.layers.12.mlp.gate_proj": 909.654296875,
    "model.layers.12.mlp.up_proj": 845.500244140625,
    "model.layers.12.mlp.down_proj": 892.67626953125,
    "model.layers.13.self_attn.q_proj": 637.5953369140625,
    "model.layers.13.self_attn.k_proj": 625.0787963867188,
    "model.layers.13.self_attn.v_proj": 649.47998046875,
    "model.layers.13.self_attn.o_proj": 597.6602783203125,
    "model.layers.13.mlp.gate_proj": 894.7125244140625,
    "model.layers.13.mlp.up_proj": 890.9267578125,
    "model.layers.13.mlp.down_proj": 930.6376342773438,
    "model.layers.14.self_attn.q_proj": 591.8129272460938,
    "model.layers.14.self_attn.k_proj": 592.6105346679688,
    "model.layers.14.self_attn.v_proj": 632.7555541992188,
    "model.layers.14.self_attn.o_proj": 543.2667236328125,
    "model.layers.14.mlp.gate_proj": 881.6932373046875,
    "model.layers.14.mlp.up_proj": 891.2094116210938,
    "model.layers.14.mlp.down_proj": 905.004150390625,
    "model.layers.15.self_attn.q_proj": 607.0997314453125,
    "model.layers.15.self_attn.k_proj": 650.1873779296875,
    "model.layers.15.self_attn.v_proj": 680.4771118164062,
    "model.layers.15.self_attn.o_proj": 607.0972900390625,
    "model.layers.15.mlp.gate_proj": 901.1134033203125,
    "model.layers.15.mlp.up_proj": 886.8291015625,
    "model.layers.15.mlp.down_proj": 925.007080078125,
    "model.layers.16.self_attn.q_proj": 618.8519287109375,
    "model.layers.16.self_attn.k_proj": 598.9031982421875,
    "model.layers.16.self_attn.v_proj": 674.2931518554688,
    "model.layers.16.self_attn.o_proj": 512.8168334960938,
    "model.layers.16.mlp.gate_proj": 887.2758178710938,
    "model.layers.16.mlp.up_proj": 897.0226440429688,
    "model.layers.16.mlp.down_proj": 922.3758544921875,
    "model.layers.17.self_attn.q_proj": 601.1488037109375,
    "model.layers.17.self_attn.k_proj": 618.3380126953125,
    "model.layers.17.self_attn.v_proj": 653.0706176757812,
    "model.layers.17.self_attn.o_proj": 568.89990234375,
    "model.layers.17.mlp.gate_proj": 894.4599609375,
    "model.layers.17.mlp.up_proj": 894.2853393554688,
    "model.layers.17.mlp.down_proj": 896.2618408203125,
    "model.layers.18.self_attn.q_proj": 604.1143188476562,
    "model.layers.18.self_attn.k_proj": 612.5340576171875,
    "model.layers.18.self_attn.v_proj": 658.1504516601562,
    "model.layers.18.self_attn.o_proj": 576.75048828125,
    "model.layers.18.mlp.gate_proj": 882.67626953125,
    "model.layers.18.mlp.up_proj": 897.6860961914062,
    "model.layers.18.mlp.down_proj": 926.292236328125,
    "model.layers.19.self_attn.q_proj": 609.1455688476562,
    "model.layers.19.self_attn.k_proj": 592.6851196289062,
    "model.layers.19.self_attn.v_proj": 647.6923828125,
    "model.layers.19.self_attn.o_proj": 598.37646484375,
    "model.layers.19.mlp.gate_proj": 900.71484375,
    "model.layers.19.mlp.up_proj": 893.8101196289062,
    "model.layers.19.mlp.down_proj": 911.0034790039062,
    "model.layers.20.self_attn.q_proj": 604.5053100585938,