{
    "model.layers.0.self_attn.q_proj": 603.975341796875,
    "model.layers.0.self_attn.k_proj": 604.8096313476562,
    "model.layers.0.self_attn.v_proj": 633.5020751953125,
    "model.layers.0.self_attn.o_proj": 605.4544067382812,
    "model.layers.0.mlp.gate_proj": 888.4575805664062,
    "model.layers.0.mlp.up_proj": 888.4678344726562,
    "model.layers.0.mlp.down_proj": 904.2168579101562,
    "model.layers.1.self_attn.q_proj": 598.8568725585938,
    "model.layers.1.self_attn.k_proj": 602.285400390625,
    "model.layers.1.self_attn.v_proj": 617.3101196289062,
    "model.layers.1.self_attn.o_proj": 587.2135620117188,
    "model.layers.1.mlp.gate_proj": 903.26416015625,
    "model.layers.1.mlp.up_proj": 895.018798828125,
    "model.layers.1.mlp.down_proj": 906.8048095703125,
    "model.layers.2.self_attn.q_proj": 588.4183349609375,
    "model.layers.2.self_attn.k_proj": 618.0635375976562,
    "model.layers.2.self_attn.v_proj": 656.2789916992188,
    "model.layers.2.self_attn.o_proj": 610.416015625,
    "model.layers.2.mlp.gate_proj": 903.8582763671875,
    "model.layers.2.mlp.up_proj": 900.9483032226562,
    "model.layers.2.mlp.down_proj": 959.4041748046875,
    "model.layers.3.self_attn.q_proj": 631.9384155273438,
    "model.layers.3.self_attn.k_proj": 584.9638671875,
    "model.layers.3.self_attn.v_proj": 632.6976318359375,
    "model.layers.3.self_attn.o_proj": 659.8313598632812,
    "model.layers.3.mlp.gate_proj": 904.5621948242188,
    "model.layers.3.mlp.up_proj": 916.6627197265625,
    "model.layers.3.mlp.down_proj": 948.34130859375,
    "model.layers.4.self_attn.q_proj": 638.24609375,
    "model.layers.4.self_attn.k_proj": 603.66357421875,
    "model.layers.4.self_attn.v_proj": 705.7722778320312,
    "model.layers.4.self_attn.o_proj": 622.6973876953125,
    "model.layers.4.mlp.gate_proj": 880.7197875976562,
    "model.layers.4.mlp.up_proj": 908.5216064453125,
    "model.layers.4.mlp.down_proj": 890.1217041015625,
    "model.layers.5.self_attn.q_proj": 578.5576782226562,
    "model.layers.5.self_attn.k_proj": 630.3944702148438,
    "model.layers.5.self_attn.v_proj": 677.9663696289062,
    "model.layers.5.self_attn.o_proj": 652.5188598632812,
    "model.layers.5.mlp.gate_proj": 929.0523681640625,
    "model.layers.5.mlp.up_proj": 860.1815795898438,
    "model.layers.5.mlp.down_proj": 877.0276489257812,
    "model.layers.6.self_attn.q_proj": 537.7109375,
    "model.layers.6.self_attn.k_proj": 625.8812866210938,
    "model.layers.6.self_attn.v_proj": 693.7039794921875,
    "model.layers.6.self_attn.o_proj": 601.7396240234375,
    "model.layers.6.mlp.gate_proj": 866.49072265625,
    "model.layers.6.mlp.up_proj": 914.0371704101562,
    "model.layers.6.mlp.down_proj": 900.9149169921875,
    "model.layers.7.self_attn.q_proj": 624.5751342773438,
    "model.layers.7.self_attn.k_proj": 676.8885498046875,
    "model.layers.7.self_attn.v_proj": 728.9273071289062,
    "model.layers.7.self_attn.o_proj": 620.466796875,
    "model.layers.7.mlp.gate_proj": 881.9393920898438,
    "model.layers.7.mlp.up_proj": 881.4327392578125,
    "model.layers.7.mlp.down_proj": 910.6798095703125,
    "model.layers.8.self_attn.q_proj": 619.1785278320312,
    "model.layers.8.self_attn.k_proj": 635.9700317382812,
    "model.layers.8.self_attn.v_proj": 712.6339721679688,
    "model.layers.8.self_attn.o_proj": 627.6395263671875,
    "model.layers.8.mlp.gate_proj": 909.2710571289062,
    "model.layers.8.mlp.up_proj": 855.0043334960938,
    "model.layers.8.mlp.down_proj": 858.9133911132812,
    "model.layers.9.self_attn.q_proj": 617.8255004882812,
    "model.layers.9.self_attn.k_proj": 643.7525634765625,
    "model.layers.9.self_attn.v_proj": 615.7213134765625,
    "model.layers.9.self_attn.o_proj": 569.15576171875,
    "model.layers.9.mlp.gate_proj": 903.6883544921875,
    "model.layers.9.mlp.up_proj": 893.5121459960938,
    "model.layers.9.mlp.down_proj": 876.2154541015625,
    "model.layers.10.self_attn.q_proj": 594.0169677734375,
    "model.layers.10.self_attn.k_proj": 668.488037109375,
    "model.layers.10.self_attn.v_proj": 577.7627563476562,
    "model.layers.10.self_attn.o_proj": 589.9114379882812,
    "model.layers.10.mlp.gate_proj": 913.2220458984375,
    "model.layers.10.mlp.up_proj": 852.3431396484375,
    "model.layers.10.mlp.down_proj": 920.5408325195312,
    "model.layers.11.self_attn.q_proj": 605.4871826171875,
    "model.layers.11.self_attn.k_proj": 663.55126953125,
    "model.layers.11.self_attn.v_proj": 621.4954833984375,
    "model.layers.11.self_attn.o_proj": 557.3941650390625,
    "model.layers.11.mlp.gate_proj": 888.0922241210938,
    "model.layers.11.mlp.up_proj": 891.6644287109375,
    "model.layers.11.mlp.down_proj": 870.4734497070312,
    "model.layers.12.self_attn.q_proj": 595.1755981445312,
    "model.layers.12.self_attn.k_proj": 621.8558349609375,
    "model.layers.12.self_attn.v_proj": 636.963623046875,
    "model.layers.12.self_attn.o_proj": 572.2420654296875,
    "model.layers.12.mlp.gate_proj": 909.7886352539062,
    "model.layers.12.mlp.up_proj": 855.3922729492188,
    "model.layers.12.mlp.down_proj": 896.5986328125,
    "model.layers.13.self_attn.q_proj": 637.9263305664062,
    "model.layers.13.self_attn.k_proj": 625.7498168945312,
    "model.layers.13.self_attn.v_proj": 650.9326782226562,
    "model.layers.13.self_attn.o_proj": 601.8416137695312,
    "model.layers.13.mlp.gate_proj": 896.6309204101562,
    "model.layers.13.mlp.up_proj": 894.7757568359375,
    "model.layers.13.mlp.down_proj": 923.8186645507812,
    "model.layers.14.self_attn.q_proj": 597.1702880859375,
    "model.layers.14.self_attn.k_proj": 588.4423217773438,
    "model.layers.14.self_attn.v_proj": 631.6016235351562,
    "model.layers.14.self_attn.o_proj": 555.4857788085938,
    "model.layers.14.mlp.gate_proj": 881.4052734375,
    "model.layers.14.mlp.up_proj": 885.064208984375,
    "model.layers.14.mlp.down_proj": 904.7713623046875,
    "model.layers.15.self_attn.q_proj": 610.1631469726562,
    "model.layers.15.self_attn.k_proj": 645.40087890625,
    "model.layers.15.self_attn.v_proj": 664.2778930664062,
    "model.layers.15.self_attn.o_proj": 614.9815063476562,
    "model.layers.15.mlp.gate_proj": 899.1397094726562,
    "model.layers.15.mlp.up_proj": 887.1495971679688,
    "model.layers.15.mlp.down_proj": 913.7689208984375,
    "model.layers.16.self_attn.q_proj": 615.8856811523438,
    "model.layers.16.self_attn.k_proj": 601.259033203125,
    "model.layers.16.self_attn.v_proj": 661.1908569335938,
    "model.layers.16.self_attn.o_proj": 529.3240356445312,
    "model.layers.16.mlp.gate_proj": 888.3395385742188,
    "model.layers.16.mlp.up_proj": 895.5696411132812,
    "model.layers.16.mlp.down_proj": 926.0093383789062,
    "model.layers.17.self_attn.q_proj": 602.36669921875,
    "model.layers.17.self_attn.k_proj": 616.6126708984375,
    "model.layers.17.self_attn.v_proj": 649.7861328125,
    "model.layers.17.self_attn.o_proj": 573.957275390625,
    "model.layers.17.mlp.gate_proj": 896.4878540039062,
    "model.layers.17.mlp.up_proj": 897.3013916015625,
    "model.layers.17.mlp.down_proj": 894.0929565429688,
    "model.layers.18.self_attn.q_proj": 604.5943603515625,
    "model.layers.18.self_attn.k_proj": 610.880615234375,
    "model.layers.18.self_attn.v_proj": 642.2432250976562,
    "model.layers.18.self_attn.o_proj": 582.1939697265625,
    "model.layers.18.mlp.gate_proj": 884.8368530273438,
    "model.layers.18.mlp.up_proj": 897.2646484375,
    "model.layers.18.mlp.down_proj": 921.9534912109375,
    "model.layers.19.self_attn.q_proj": 611.2774047851562,
    "model.layers.19.self_attn.k_proj": 593.029052734375,
    "model.layers.19.self_attn.v_proj": 641.0872802734375,
    "model.layers.19.self_attn.o_proj": 603.7704467773438,
    "model.layers.19.mlp.gate_proj": 895.54150390625,
    "model.layers.19.mlp.up_proj": 894.2024536132812,
    "model.layers.19.mlp.down_proj": 905.9985961914062,
    "model.layers.20.self_attn.q_proj": 606.4321899414062,