{
    "model.layers.0.self_attn.q_proj": 610.0001220703125,
    "model.layers.0.self_attn.k_proj": 610.3817138671875,
    "model.layers.0.self_attn.v_proj": 621.7167358398438,
    "model.layers.0.self_attn.o_proj": 610.9152221679688,
    "model.layers.0.mlp.gate_proj": 891.44677734375,
    "model.layers.0.mlp.up_proj": 892.4403686523438,
    "model.layers.0.mlp.down_proj": 901.6692504882812,
    "model.layers.1.self_attn.q_proj": 607.6276245117188,
    "model.layers.1.self_attn.k_proj": 606.3121948242188,
    "model.layers.1.self_attn.v_proj": 622.414794921875,
    "model.layers.1.self_attn.o_proj": 602.92333984375,
    "model.layers.1.mlp.gate_proj": 904.1849365234375,
    "model.layers.1.mlp.up_proj": 887.1123657226562,
    "model.layers.1.mlp.down_proj": 905.0711669921875,
    "model.layers.2.self_attn.q_proj": 604.7582397460938,
    "model.layers.2.self_attn.k_proj": 616.113525390625,
    "model.layers.2.self_attn.v_proj": 639.733642578125,
    "model.layers.2.self_attn.o_proj": 598.9060668945312,
    "model.layers.2.mlp.gate_proj": 905.1090698242188,
    "model.layers.2.mlp.up_proj": 898.7216796875,
    "model.layers.2.mlp.down_proj": 934.8502807617188,
    "model.layers.3.self_attn.q_proj": 636.4139404296875,
    "model.layers.3.self_attn.k_proj": 600.3766479492188,
    "model.layers.3.self_attn.v_proj": 631.5648803710938,
    "model.layers.3.self_attn.o_proj": 663.862060546875,
    "model.layers.3.mlp.gate_proj": 900.9251708984375,
    "model.layers.3.mlp.up_proj": 916.9251708984375,
    "model.layers.3.mlp.down_proj": 953.2575073242188,
    "model.layers.4.self_attn.q_proj": 632.2913818359375,
    "model.layers.4.self_attn.k_proj": 598.0626831054688,
    "model.layers.4.self_attn.v_proj": 702.1329345703125,
    "model.layers.4.self_attn.o_proj": 613.3782958984375,
    "model.layers.4.mlp.gate_proj": 897.460205078125,
    "model.layers.4.mlp.up_proj": 904.241455078125,
    "model.layers.4.mlp.down_proj": 850.0552368164062,
    "model.layers.5.self_attn.q_proj": 609.3385620117188,
    "model.layers.5.self_attn.k_proj": 620.5042724609375,
    "model.layers.5.self_attn.v_proj": 668.3796997070312,
    "model.layers.5.self_attn.o_proj": 645.0824584960938,
    "model.layers.5.mlp.gate_proj": 920.96337890625,
    "model.layers.5.mlp.up_proj": 851.3392333984375,
    "model.layers.5.mlp.down_proj": 860.9852905273438,
    "model.layers.6.self_attn.q_proj": 590.0305786132812,
    "model.layers.6.self_attn.k_proj": 624.664794921875,
    "model.layers.6.self_attn.v_proj": 683.4033203125,
    "model.layers.6.self_attn.o_proj": 608.2916870117188,
    "model.layers.6.mlp.gate_proj": 877.8572998046875,
    "model.layers.6.mlp.up_proj": 906.86865234375,
    "model.layers.6.mlp.down_proj": 884.4097900390625,
    "model.layers.7.self_attn.q_proj": 610.5762329101562,
    "model.layers.7.self_attn.k_proj": 659.47705078125,
    "model.layers.7.self_attn.v_proj": 684.6925048828125,
    "model.layers.7.self_attn.o_proj": 627.5070190429688,
    "model.layers.7.mlp.gate_proj": 887.9841918945312,
    "model.layers.7.mlp.up_proj": 865.2280883789062,
    "model.layers.7.mlp.down_proj": 906.8930053710938,
    "model.layers.8.self_attn.q_proj": 607.4800415039062,
    "model.layers.8.self_attn.k_proj": 634.810791015625,
    "model.layers.8.self_attn.v_proj": 691.67919921875,
    "model.layers.8.self_attn.o_proj": 624.4345703125,
    "model.layers.8.mlp.gate_proj": 904.501220703125,
    "model.layers.8.mlp.up_proj": 865.466552734375,
    "model.layers.8.mlp.down_proj": 864.5560913085938,
    "model.layers.9.self_attn.q_proj": 610.3299560546875,
    "model.layers.9.self_attn.k_proj": 631.2040405273438,
    "model.layers.9.self_attn.v_proj": 636.4550170898438,
    "model.layers.9.self_attn.o_proj": 605.4359741210938,
    "model.layers.9.mlp.gate_proj": 906.4188232421875,
    "model.layers.9.mlp.up_proj": 892.2267456054688,
    "model.layers.9.mlp.down_proj": 877.6587524414062,
    "model.layers.10.self_attn.q_proj": 601.2191162109375,
    "model.layers.10.self_attn.k_proj": 649.71875,
    "model.layers.10.self_attn.v_proj": 592.167724609375,
    "model.layers.10.self_attn.o_proj": 596.3900146484375,
    "model.layers.10.mlp.gate_proj": 909.7002563476562,
    "model.layers.10.mlp.up_proj": 873.0768432617188,
    "model.layers.10.mlp.down_proj": 912.0955810546875,
    "model.layers.11.self_attn.q_proj": 610.7053833007812,
    "model.layers.11.self_attn.k_proj": 650.3580322265625,
    "model.layers.11.self_attn.v_proj": 616.3845825195312,
    "model.layers.11.self_attn.o_proj": 574.6487426757812,
    "model.layers.11.mlp.gate_proj": 892.8148193359375,
    "model.layers.11.mlp.up_proj": 904.3405151367188,
    "model.layers.11.mlp.down_proj": 886.082275390625,
    "model.layers.12.self_attn.q_proj": 608.555419921875,
    "model.layers.12.self_attn.k_proj": 616.5646362304688,
    "model.layers.12.self_attn.v_proj": 624.5259399414062,
    "model.layers.12.self_attn.o_proj": 600.1370239257812,
    "model.layers.12.mlp.gate_proj": 911.8908081054688,
    "model.layers.12.mlp.up_proj": 876.4169921875,
    "model.layers.12.mlp.down_proj": 892.6266479492188,
    "model.layers.13.self_attn.q_proj": 644.6526489257812,
    "model.layers.13.self_attn.k_proj": 628.8755493164062,
    "model.layers.13.self_attn.v_proj": 644.762939453125,
    "model.layers.13.self_attn.o_proj": 610.8706665039062,
    "model.layers.13.mlp.gate_proj": 899.7042236328125,
    "model.layers.13.mlp.up_proj": 900.0279541015625,
    "model.layers.13.mlp.down_proj": 913.365478515625,
    "model.layers.14.self_attn.q_proj": 607.190673828125,
    "model.layers.14.self_attn.k_proj": 599.3096923828125,
    "model.layers.14.self_attn.v_proj": 614.8980102539062,
    "model.layers.14.self_attn.o_proj": 583.3883666992188,
    "model.layers.14.mlp.gate_proj": 884.6563110351562,
    "model.layers.14.mlp.up_proj": 883.984619140625,
    "model.layers.14.mlp.down_proj": 905.3751831054688,
    "model.layers.15.self_attn.q_proj": 614.4182739257812,
    "model.layers.15.self_attn.k_proj": 631.5436401367188,
    "model.layers.15.self_attn.v_proj": 660.549072265625,
    "model.layers.15.self_attn.o_proj": 619.404541015625,
    "model.layers.15.mlp.gate_proj": 902.1126708984375,
    "model.layers.15.mlp.up_proj": 893.9527587890625,
    "model.layers.15.mlp.down_proj": 904.30224609375,
    "model.layers.16.self_attn.q_proj": 620.3382568359375,
    "model.layers.16.self_attn.k_proj": 604.81298828125,
    "model.layers.16.self_attn.v_proj": 642.8472290039062,
    "model.layers.16.self_attn.o_proj": 569.545654296875,
    "model.layers.16.mlp.gate_proj": 892.1575317382812,
    "model.layers.16.mlp.up_proj": 895.8736572265625,
    "model.layers.16.mlp.down_proj": 921.4559326171875,
    "model.layers.17.self_attn.q_proj": 608.6917724609375,
    "model.layers.17.self_attn.k_proj": 618.7352905273438,
    "model.layers.17.self_attn.v_proj": 640.0430297851562,
    "model.layers.17.self_attn.o_proj": 592.6270141601562,
    "model.layers.17.mlp.gate_proj": 895.9407348632812,
    "model.layers.17.mlp.up_proj": 898.6778564453125,
    "model.layers.17.mlp.down_proj": 894.610107421875,
    "model.layers.18.self_attn.q_proj": 612.0371704101562,
    "model.layers.18.self_attn.k_proj": 613.9447021484375,
    "model.layers.18.self_attn.v_proj": 625.58251953125,
    "model.layers.18.self_attn.o_proj": 593.5950927734375,
    "model.layers.18.mlp.gate_proj": 890.9144897460938,
    "model.layers.18.mlp.up_proj": 898.8692626953125,
    "model.layers.18.mlp.down_proj": 908.1913452148438,
    "model.layers.19.self_attn.q_proj": 614.9169921875,
    "model.layers.19.self_attn.k_proj": 603.2777099609375,
    "model.layers.19.self_attn.v_proj": 628.2041015625,
    "model.layers.19.self_attn.o_proj": 609.318115234375,
    "model.layers.19.mlp.gate_proj": 895.2056274414062,
    "model.layers.19.mlp.up_proj": 895.3684692382812,
    "model.layers.19.mlp.down_proj": 902.2789916992188,
    "model.layers.20.self_attn.q_proj": 609.6134033203125,