{
    "model.layers.0.self_attn.q_proj": 610.1046752929688,
    "model.layers.0.self_attn.k_proj": 610.2339477539062,
    "model.layers.0.self_attn.v_proj": 619.6306762695312,
    "model.layers.0.self_attn.o_proj": 610.3731689453125,
    "model.layers.0.mlp.gate_proj": 889.969970703125,
    "model.layers.0.mlp.up_proj": 892.5966186523438,
    "model.layers.0.mlp.down_proj": 894.0225830078125,
    "model.layers.1.self_attn.q_proj": 607.6060791015625,
    "model.layers.1.self_attn.k_proj": 607.2042236328125,
    "model.layers.1.self_attn.v_proj": 628.01416015625,
    "model.layers.1.self_attn.o_proj": 603.8778686523438,
    "model.layers.1.mlp.gate_proj": 900.8819580078125,
    "model.layers.1.mlp.up_proj": 891.2547607421875,
    "model.layers.1.mlp.down_proj": 901.8521118164062,
    "model.layers.2.self_attn.q_proj": 609.03369140625,
    "model.layers.2.self_attn.k_proj": 613.4385375976562,
    "model.layers.2.self_attn.v_proj": 621.753662109375,
    "model.layers.2.self_attn.o_proj": 596.0753173828125,
    "model.layers.2.mlp.gate_proj": 903.6861572265625,
    "model.layers.2.mlp.up_proj": 893.6807861328125,
    "model.layers.2.mlp.down_proj": 924.440673828125,
    "model.layers.3.self_attn.q_proj": 628.123779296875,
    "model.layers.3.self_attn.k_proj": 602.5252685546875,
    "model.layers.3.self_attn.v_proj": 628.6472778320312,
    "model.layers.3.self_attn.o_proj": 647.3827514648438,
    "model.layers.3.mlp.gate_proj": 901.757080078125,
    "model.layers.3.mlp.up_proj": 906.1202392578125,
    "model.layers.3.mlp.down_proj": 941.5392456054688,
    "model.layers.4.self_attn.q_proj": 630.0299682617188,
    "model.layers.4.self_attn.k_proj": 595.0557250976562,
    "model.layers.4.self_attn.v_proj": 678.9528198242188,
    "model.layers.4.self_attn.o_proj": 609.6937866210938,
    "model.layers.4.mlp.gate_proj": 904.6107177734375,
    "model.layers.4.mlp.up_proj": 906.1129150390625,
    "model.layers.4.mlp.down_proj": 855.474609375,
    "model.layers.5.self_attn.q_proj": 620.0877075195312,
    "model.layers.5.self_attn.k_proj": 611.827392578125,
    "model.layers.5.self_attn.v_proj": 680.7841796875,
    "model.layers.5.self_attn.o_proj": 639.0022583007812,
    "model.layers.5.mlp.gate_proj": 907.6871948242188,
    "model.layers.5.mlp.up_proj": 859.5181884765625,
    "model.layers.5.mlp.down_proj": 867.3098754882812,
    "model.layers.6.self_attn.q_proj": 608.3334350585938,
    "model.layers.6.self_attn.k_proj": 622.9588623046875,
    "model.layers.6.self_attn.v_proj": 665.0951538085938,
    "model.layers.6.self_attn.o_proj": 606.7081909179688,
    "model.layers.6.mlp.gate_proj": 872.1810302734375,
    "model.layers.6.mlp.up_proj": 894.3624877929688,
    "model.layers.6.mlp.down_proj": 883.454345703125,
    "model.layers.7.self_attn.q_proj": 613.8723754882812,
    "model.layers.7.self_attn.k_proj": 635.2484130859375,
    "model.layers.7.self_attn.v_proj": 669.324951171875,
    "model.layers.7.self_attn.o_proj": 627.0422973632812,
    "model.layers.7.mlp.gate_proj": 888.8299560546875,
    "model.layers.7.mlp.up_proj": 856.9431762695312,
    "model.layers.7.mlp.down_proj": 895.2455444335938,
    "model.layers.8.self_attn.q_proj": 605.5114135742188,
    "model.layers.8.self_attn.k_proj": 636.0265502929688,
    "model.layers.8.self_attn.v_proj": 664.2112426757812,
    "model.layers.8.self_attn.o_proj": 622.6527099609375,
    "model.layers.8.mlp.gate_proj": 893.8427734375,
    "model.layers.8.mlp.up_proj": 863.6734619140625,
    "model.layers.8.mlp.down_proj": 862.638427734375,
    "model.layers.9.self_attn.q_proj": 607.3424682617188,
    "model.layers.9.self_attn.k_proj": 625.395751953125,
    "model.layers.9.self_attn.v_proj": 650.2110595703125,
    "model.layers.9.self_attn.o_proj": 626.7955932617188,
    "model.layers.9.mlp.gate_proj": 906.7444458007812,
    "model.layers.9.mlp.up_proj": 901.7220458984375,
    "model.layers.9.mlp.down_proj": 881.2422485351562,
    "model.layers.10.self_attn.q_proj": 604.66650390625,
    "model.layers.10.self_attn.k_proj": 647.3946533203125,
    "model.layers.10.self_attn.v_proj": 591.6619873046875,
    "model.layers.10.self_attn.o_proj": 600.0831298828125,
    "model.layers.10.mlp.gate_proj": 901.6629028320312,
    "model.layers.10.mlp.up_proj": 881.2569580078125,
    "model.layers.10.mlp.down_proj": 897.4708862304688,
    "model.layers.11.self_attn.q_proj": 607.4346923828125,
    "model.layers.11.self_attn.k_proj": 637.1666870117188,
    "model.layers.11.self_attn.v_proj": 620.9697875976562,
    "model.layers.11.self_attn.o_proj": 591.8085327148438,
    "model.layers.11.mlp.gate_proj": 892.7545776367188,
    "model.layers.11.mlp.up_proj": 898.39111328125,
    "model.layers.11.mlp.down_proj": 891.6470336914062,
    "model.layers.12.self_attn.q_proj": 611.9249877929688,
    "model.layers.12.self_attn.k_proj": 616.67236328125,
    "model.layers.12.self_attn.v_proj": 620.7467651367188,
    "model.layers.12.self_attn.o_proj": 603.8036499023438,
    "model.layers.12.mlp.gate_proj": 911.0772094726562,
    "model.layers.12.mlp.up_proj": 875.6073608398438,
    "model.layers.12.mlp.down_proj": 886.2879638671875,
    "model.layers.13.self_attn.q_proj": 640.4859008789062,
    "model.layers.13.self_attn.k_proj": 621.7332153320312,
    "model.layers.13.self_attn.v_proj": 641.3795166015625,
    "model.layers.13.self_attn.o_proj": 609.0696411132812,
    "model.layers.13.mlp.gate_proj": 898.1632690429688,
    "model.layers.13.mlp.up_proj": 899.27294921875,
    "model.layers.13.mlp.down_proj": 907.8738403320312,
    "model.layers.14.self_attn.q_proj": 609.8095092773438,
    "model.layers.14.self_attn.k_proj": 606.2615356445312,
    "model.layers.14.self_attn.v_proj": 614.8059692382812,
    "model.layers.14.self_attn.o_proj": 601.0272216796875,
    "model.layers.14.mlp.gate_proj": 884.6221923828125,
    "model.layers.14.mlp.up_proj": 884.958984375,
    "model.layers.14.mlp.down_proj": 902.7216796875,
    "model.layers.15.self_attn.q_proj": 613.5906372070312,
    "model.layers.15.self_attn.k_proj": 623.3124389648438,
    "model.layers.15.self_attn.v_proj": 653.5758056640625,
    "model.layers.15.self_attn.o_proj": 614.6448974609375,
    "model.layers.15.mlp.gate_proj": 900.8785400390625,
    "model.layers.15.mlp.up_proj": 894.7510375976562,
    "model.layers.15.mlp.down_proj": 898.9232788085938,
    "model.layers.16.self_attn.q_proj": 616.586669921875,
    "model.layers.16.self_attn.k_proj": 606.6103515625,
    "model.layers.16.self_attn.v_proj": 633.4766845703125,
    "model.layers.16.self_attn.o_proj": 583.52490234375,
    "model.layers.16.mlp.gate_proj": 891.30419921875,
    "model.layers.16.mlp.up_proj": 891.9165649414062,
    "model.layers.16.mlp.down_proj": 912.1968383789062,
    "model.layers.17.self_attn.q_proj": 610.2860717773438,
    "model.layers.17.self_attn.k_proj": 618.27880859375,
    "model.layers.17.self_attn.v_proj": 627.4951782226562,
    "model.layers.17.self_attn.o_proj": 591.029541015625,
    "model.layers.17.mlp.gate_proj": 894.8712768554688,
    "model.layers.17.mlp.up_proj": 897.0740356445312,
    "model.layers.17.mlp.down_proj": 893.546630859375,
    "model.layers.18.self_attn.q_proj": 613.4136352539062,
    "model.layers.18.self_attn.k_proj": 612.8676147460938,
    "model.layers.18.self_attn.v_proj": 619.31201171875,
    "model.layers.18.self_attn.o_proj": 599.08935546875,
    "model.layers.18.mlp.gate_proj": 890.3259887695312,
    "model.layers.18.mlp.up_proj": 900.6412353515625,
    "model.layers.18.mlp.down_proj": 902.8494873046875,
    "model.layers.19.self_attn.q_proj": 613.8443603515625,
    "model.layers.19.self_attn.k_proj": 605.8158569335938,
    "model.layers.19.self_attn.v_proj": 619.444091796875,
    "model.layers.19.self_attn.o_proj": 607.801513671875,
    "model.layers.19.mlp.gate_proj": 894.0139770507812,
    "model.layers.19.mlp.up_proj": 892.7806396484375,
    "model.layers.19.mlp.down_proj": 897.57373046875,
    "model.layers.20.self_attn.q_proj": 610.7952270507812,