{
    "model.layers.0.self_attn.q_proj": 606.0735473632812,
    "model.layers.0.self_attn.k_proj": 606.9296875,
    "model.layers.0.self_attn.v_proj": 623.2403564453125,
    "model.layers.0.self_attn.o_proj": 607.5745239257812,
    "model.layers.0.mlp.gate_proj": 890.344970703125,
    "model.layers.0.mlp.up_proj": 888.9435424804688,
    "model.layers.0.mlp.down_proj": 906.1394653320312,
    "model.layers.1.self_attn.q_proj": 601.1331176757812,
    "model.layers.1.self_attn.k_proj": 602.9780883789062,
    "model.layers.1.self_attn.v_proj": 619.3106079101562,
    "model.layers.1.self_attn.o_proj": 594.5391235351562,
    "model.layers.1.mlp.gate_proj": 904.189697265625,
    "model.layers.1.mlp.up_proj": 887.764404296875,
    "model.layers.1.mlp.down_proj": 907.5493774414062,
    "model.layers.2.self_attn.q_proj": 604.1300048828125,
    "model.layers.2.self_attn.k_proj": 618.0309448242188,
    "model.layers.2.self_attn.v_proj": 658.2197265625,
    "model.layers.2.self_attn.o_proj": 605.8952026367188,
    "model.layers.2.mlp.gate_proj": 902.544189453125,
    "model.layers.2.mlp.up_proj": 905.62890625,
    "model.layers.2.mlp.down_proj": 942.1593627929688,
    "model.layers.3.self_attn.q_proj": 649.8533325195312,
    "model.layers.3.self_attn.k_proj": 589.702392578125,
    "model.layers.3.self_attn.v_proj": 633.452392578125,
    "model.layers.3.self_attn.o_proj": 650.3282470703125,
    "model.layers.3.mlp.gate_proj": 905.422607421875,
    "model.layers.3.mlp.up_proj": 917.933349609375,
    "model.layers.3.mlp.down_proj": 950.81103515625,
    "model.layers.4.self_attn.q_proj": 631.3207397460938,
    "model.layers.4.self_attn.k_proj": 610.825927734375,
    "model.layers.4.self_attn.v_proj": 723.739990234375,
    "model.layers.4.self_attn.o_proj": 604.0123901367188,
    "model.layers.4.mlp.gate_proj": 897.3590698242188,
    "model.layers.4.mlp.up_proj": 896.4744873046875,
    "model.layers.4.mlp.down_proj": 887.3147583007812,
    "model.layers.5.self_attn.q_proj": 593.7529907226562,
    "model.layers.5.self_attn.k_proj": 627.1920776367188,
    "model.layers.5.self_attn.v_proj": 672.7910766601562,
    "model.layers.5.self_attn.o_proj": 660.5090942382812,
    "model.layers.5.mlp.gate_proj": 926.872802734375,
    "model.layers.5.mlp.up_proj": 854.8180541992188,
    "model.layers.5.mlp.down_proj": 868.5662231445312,
    "model.layers.6.self_attn.q_proj": 551.5250244140625,
    "model.layers.6.self_attn.k_proj": 624.9578857421875,
    "model.layers.6.self_attn.v_proj": 694.1949462890625,
    "model.layers.6.self_attn.o_proj": 595.3365478515625,
    "model.layers.6.mlp.gate_proj": 871.732666015625,
    "model.layers.6.mlp.up_proj": 914.4229736328125,
    "model.layers.6.mlp.down_proj": 896.1114501953125,
    "model.layers.7.self_attn.q_proj": 612.4176025390625,
    "model.layers.7.self_attn.k_proj": 675.5712890625,
    "model.layers.7.self_attn.v_proj": 717.4315185546875,
    "model.layers.7.self_attn.o_proj": 626.0963745117188,
    "model.layers.7.mlp.gate_proj": 883.5492553710938,
    "model.layers.7.mlp.up_proj": 881.3434448242188,
    "model.layers.7.mlp.down_proj": 911.9707641601562,
    "model.layers.8.self_attn.q_proj": 604.8831176757812,
    "model.layers.8.self_attn.k_proj": 637.6522827148438,
    "model.layers.8.self_attn.v_proj": 711.8161010742188,
    "model.layers.8.self_attn.o_proj": 627.9098510742188,
    "model.layers.8.mlp.gate_proj": 910.1920776367188,
    "model.layers.8.mlp.up_proj": 857.6907348632812,
    "model.layers.8.mlp.down_proj": 857.5531616210938,
    "model.layers.9.self_attn.q_proj": 605.5309448242188,
    "model.layers.9.self_attn.k_proj": 635.781494140625,
    "model.layers.9.self_attn.v_proj": 625.2747802734375,
    "model.layers.9.self_attn.o_proj": 571.7492065429688,
    "model.layers.9.mlp.gate_proj": 906.2705688476562,
    "model.layers.9.mlp.up_proj": 893.7284545898438,
    "model.layers.9.mlp.down_proj": 874.4605102539062,
    "model.layers.10.self_attn.q_proj": 596.680908203125,
    "model.layers.10.self_attn.k_proj": 662.5010375976562,
    "model.layers.10.self_attn.v_proj": 579.6844482421875,
    "model.layers.10.self_attn.o_proj": 588.4617309570312,
    "model.layers.10.mlp.gate_proj": 910.689208984375,
    "model.layers.10.mlp.up_proj": 857.7508544921875,
    "model.layers.10.mlp.down_proj": 924.3838500976562,
    "model.layers.11.self_attn.q_proj": 609.1915283203125,
    "model.layers.11.self_attn.k_proj": 664.7252807617188,
    "model.layers.11.self_attn.v_proj": 617.0771484375,
    "model.layers.11.self_attn.o_proj": 558.2353515625,
    "model.layers.11.mlp.gate_proj": 889.5509643554688,
    "model.layers.11.mlp.up_proj": 895.0685424804688,
    "model.layers.11.mlp.down_proj": 870.8141479492188,
    "model.layers.12.self_attn.q_proj": 599.7169799804688,
    "model.layers.12.self_attn.k_proj": 623.4131469726562,
    "model.layers.12.self_attn.v_proj": 636.6468505859375,
    "model.layers.12.self_attn.o_proj": 581.097412109375,
    "model.layers.12.mlp.gate_proj": 911.4407958984375,
    "model.layers.12.mlp.up_proj": 862.9703979492188,
    "model.layers.12.mlp.down_proj": 899.456298828125,
    "model.layers.13.self_attn.q_proj": 638.1522216796875,
    "model.layers.13.self_attn.k_proj": 627.868896484375,
    "model.layers.13.self_attn.v_proj": 653.5194091796875,
    "model.layers.13.self_attn.o_proj": 604.705810546875,
    "model.layers.13.mlp.gate_proj": 899.4603881835938,
    "model.layers.13.mlp.up_proj": 897.1460571289062,
    "model.layers.13.mlp.down_proj": 922.307373046875,
    "model.layers.14.self_attn.q_proj": 599.0798950195312,
    "model.layers.14.self_attn.k_proj": 589.7091674804688,
    "model.layers.14.self_attn.v_proj": 632.3309936523438,
    "model.layers.14.self_attn.o_proj": 560.0143432617188,
    "model.layers.14.mlp.gate_proj": 882.8928833007812,
    "model.layers.14.mlp.up_proj": 886.3250732421875,
    "model.layers.14.mlp.down_proj": 907.5270385742188,
    "model.layers.15.self_attn.q_proj": 612.943603515625,
    "model.layers.15.self_attn.k_proj": 645.6177978515625,
    "model.layers.15.self_attn.v_proj": 662.6150512695312,
    "model.layers.15.self_attn.o_proj": 619.0538940429688,
    "model.layers.15.mlp.gate_proj": 900.8308715820312,
    "model.layers.15.mlp.up_proj": 889.2440795898438,
    "model.layers.15.mlp.down_proj": 912.5101318359375,
    "model.layers.16.self_attn.q_proj": 617.404541015625,
    "model.layers.16.self_attn.k_proj": 603.3240966796875,
    "model.layers.16.self_attn.v_proj": 655.9743041992188,
    "model.layers.16.self_attn.o_proj": 537.319580078125,
    "model.layers.16.mlp.gate_proj": 889.8462524414062,
    "model.layers.16.mlp.up_proj": 897.2286987304688,
    "model.layers.16.mlp.down_proj": 927.6138305664062,
    "model.layers.17.self_attn.q_proj": 604.5540771484375,
    "model.layers.17.self_attn.k_proj": 616.452392578125,
    "model.layers.17.self_attn.v_proj": 651.4375,
    "model.layers.17.self_attn.o_proj": 577.1643676757812,
    "model.layers.17.mlp.gate_proj": 897.9231567382812,
    "model.layers.17.mlp.up_proj": 899.4931030273438,
    "model.layers.17.mlp.down_proj": 894.8668823242188,
    "model.layers.18.self_attn.q_proj": 606.6921997070312,
    "model.layers.18.self_attn.k_proj": 612.5313720703125,
    "model.layers.18.self_attn.v_proj": 639.87841796875,
    "model.layers.18.self_attn.o_proj": 583.98779296875,
    "model.layers.18.mlp.gate_proj": 886.802734375,
    "model.layers.18.mlp.up_proj": 898.8960571289062,
    "model.layers.18.mlp.down_proj": 921.193359375,
    "model.layers.19.self_attn.q_proj": 613.4378051757812,
    "model.layers.19.self_attn.k_proj": 595.3034057617188,
    "model.layers.19.self_attn.v_proj": 640.3978881835938,
    "model.layers.19.self_attn.o_proj": 606.4228515625,
    "model.layers.19.mlp.gate_proj": 895.6018676757812,
    "model.layers.19.mlp.up_proj": 896.36279296875,
    "model.layers.19.mlp.down_proj": 907.2131958007812,
    "model.layers.20.self_attn.q_proj": 608.6065673828125,