{
    "model.layers.0.self_attn.q_proj": 1221.180908203125,
    "model.layers.0.self_attn.k_proj": 1221.180908203125,
    "model.layers.0.self_attn.v_proj": 1221.180908203125,
    "model.layers.0.self_attn.o_proj": 1219.736083984375,
    "model.layers.0.mlp.gate_proj": 1217.39111328125,
    "model.layers.0.mlp.up_proj": 1224.9512939453125,
    "model.layers.0.mlp.down_proj": 1218.1484375,
    "model.layers.1.self_attn.q_proj": 1216.565673828125,
    "model.layers.1.self_attn.k_proj": 1226.1536865234375,
    "model.layers.1.self_attn.v_proj": 1227.1739501953125,
    "model.layers.1.self_attn.o_proj": 1215.937255859375,
    "model.layers.1.mlp.gate_proj": 1227.3123779296875,
    "model.layers.1.mlp.up_proj": 1219.91162109375,
    "model.layers.1.mlp.down_proj": 1225.421875,
    "model.layers.2.self_attn.q_proj": 1213.3790283203125,
    "model.layers.2.self_attn.k_proj": 1217.3594970703125,
    "model.layers.2.self_attn.v_proj": 1359.0579833984375,
    "model.layers.2.self_attn.o_proj": 1198.962158203125,
    "model.layers.2.mlp.gate_proj": 1227.2562255859375,
    "model.layers.2.mlp.up_proj": 1204.1680908203125,
    "model.layers.2.mlp.down_proj": 1208.8624267578125,
    "model.layers.3.self_attn.q_proj": 1190.0084228515625,
    "model.layers.3.self_attn.k_proj": 1227.464599609375,
    "model.layers.3.self_attn.v_proj": 1430.823486328125,
    "model.layers.3.self_attn.o_proj": 1227.3349609375,
    "model.layers.3.mlp.gate_proj": 1241.2476806640625,
    "model.layers.3.mlp.up_proj": 1212.198974609375,
    "model.layers.3.mlp.down_proj": 1220.7127685546875,
    "model.layers.4.self_attn.q_proj": 1257.541015625,
    "model.layers.4.self_attn.k_proj": 1259.63037109375,
    "model.layers.4.self_attn.v_proj": 1302.52490234375,
    "model.layers.4.self_attn.o_proj": 1174.5794677734375,
    "model.layers.4.mlp.gate_proj": 1194.366943359375,
    "model.layers.4.mlp.up_proj": 1223.237060546875,
    "model.layers.4.mlp.down_proj": 1243.1424560546875,
    "model.layers.5.self_attn.q_proj": 1243.5478515625,
    "model.layers.5.self_attn.k_proj": 1201.9100341796875,
    "model.layers.5.self_attn.v_proj": 1278.24072265625,
    "model.layers.5.self_attn.o_proj": 1205.83544921875,
    "model.layers.5.mlp.gate_proj": 1231.287353515625,
    "model.layers.5.mlp.up_proj": 1221.1268310546875,
    "model.layers.5.mlp.down_proj": 1234.1234130859375,
    "model.layers.6.self_attn.q_proj": 1200.8543701171875,
    "model.layers.6.self_attn.k_proj": 1235.65625,
    "model.layers.6.self_attn.v_proj": 1290.711669921875,
    "model.layers.6.self_attn.o_proj": 1231.825927734375,
    "model.layers.6.mlp.gate_proj": 1244.3585205078125,
    "model.layers.6.mlp.up_proj": 1224.7496337890625,
    "model.layers.6.mlp.down_proj": 1215.298583984375,
    "model.layers.7.self_attn.q_proj": 1226.9356689453125,
    "model.layers.7.self_attn.k_proj": 1237.7025146484375,
    "model.layers.7.self_attn.v_proj": 1290.2486572265625,
    "model.layers.7.self_attn.o_proj": 1176.0159912109375,
    "model.layers.7.mlp.gate_proj": 1236.210693359375,
    "model.layers.7.mlp.up_proj": 1234.0250244140625,
    "model.layers.7.mlp.down_proj": 1175.5269775390625,
    "model.layers.8.self_attn.q_proj": 1184.1541748046875,
    "model.layers.8.self_attn.k_proj": 1247.9044189453125,
    "model.layers.8.self_attn.v_proj": 1337.8751220703125,
    "model.layers.8.self_attn.o_proj": 1231.6202392578125,
    "model.layers.8.mlp.gate_proj": 1213.8504638671875,
    "model.layers.8.mlp.up_proj": 1211.7552490234375,
    "model.layers.8.mlp.down_proj": 1244.72705078125,
    "model.layers.9.self_attn.q_proj": 1230.1898193359375,
    "model.layers.9.self_attn.k_proj": 1297.00146484375,
    "model.layers.9.self_attn.v_proj": 1278.5340576171875,
    "model.layers.9.self_attn.o_proj": 1216.2108154296875,
    "model.layers.9.mlp.gate_proj": 1229.8204345703125,
    "model.layers.9.mlp.up_proj": 1246.730224609375,
    "model.layers.9.mlp.down_proj": 1185.6348876953125,
    "model.layers.10.self_attn.q_proj": 1181.0634765625,
    "model.layers.10.self_attn.k_proj": 1236.7017822265625,
    "model.layers.10.self_attn.v_proj": 1229.8603515625,
    "model.layers.10.self_attn.o_proj": 1167.1534423828125,
    "model.layers.10.mlp.gate_proj": 1218.8338623046875,
    "model.layers.10.mlp.up_proj": 1238.3388671875,
    "model.layers.10.mlp.down_proj": 1187.6514892578125,
    "model.layers.11.self_attn.q_proj": 1250.01123046875,
    "model.layers.11.self_attn.k_proj": 1246.1102294921875,
    "model.layers.11.self_attn.v_proj": 1290.470947265625,
    "model.layers.11.self_attn.o_proj": 1164.905517578125,
    "model.layers.11.mlp.gate_proj": 1230.822265625,
    "model.layers.11.mlp.up_proj": 1246.43701171875,
    "model.layers.11.mlp.down_proj": 1250.041259765625,
    "model.layers.12.self_attn.q_proj": 1239.1031494140625,
    "model.layers.12.self_attn.k_proj": 1213.661865234375,
    "model.layers.12.self_attn.v_proj": 1237.5675048828125,
    "model.layers.12.self_attn.o_proj": 1201.3900146484375,
    "model.layers.12.mlp.gate_proj": 1213.5382080078125,
    "model.layers.12.mlp.up_proj": 1248.98193359375,
    "model.layers.12.mlp.down_proj": 1209.9716796875,
    "model.layers.13.self_attn.q_proj": 1250.45166015625,
    "model.layers.13.self_attn.k_proj": 1254.200927734375,
    "model.layers.13.self_attn.v_proj": 1275.735107421875,
    "model.layers.13.self_attn.o_proj": 1143.7547607421875,
    "model.layers.13.mlp.gate_proj": 1225.6553955078125,
    "model.layers.13.mlp.up_proj": 1231.572998046875,
    "model.layers.13.mlp.down_proj": 1208.6240234375,
    "model.layers.14.self_attn.q_proj": 1217.4971923828125,
    "model.layers.14.self_attn.k_proj": 1212.119140625,
    "model.layers.14.self_attn.v_proj": 1228.154052734375,
    "model.layers.14.self_attn.o_proj": 1211.5523681640625,
    "model.layers.14.mlp.gate_proj": 1249.2078857421875,
    "model.layers.14.mlp.up_proj": 1209.493408203125,
    "model.layers.14.mlp.down_proj": 1193.9395751953125,
    "model.layers.15.self_attn.q_proj": 1192.3255615234375,
    "model.layers.15.self_attn.k_proj": 1195.9715576171875,
    "model.layers.15.self_attn.v_proj": 1287.184814453125,
    "model.layers.15.self_attn.o_proj": 1188.4122314453125,
    "model.layers.15.mlp.gate_proj": 1216.5584716796875,
    "model.layers.15.mlp.up_proj": 1228.9564208984375,
    "model.layers.15.mlp.down_proj": 1244.6824951171875,
    "model.layers.16.self_attn.q_proj": 1188.3131103515625,
    "model.layers.16.self_attn.k_proj": 1259.15087890625,
    "model.layers.16.self_attn.v_proj": 1292.67041015625,
    "model.layers.16.self_attn.o_proj": 1148.5003662109375,
    "model.layers.16.mlp.gate_proj": 1215.8004150390625,
    "model.layers.16.mlp.up_proj": 1267.39990234375,
    "model.layers.16.mlp.down_proj": 1193.2928466796875,
    "model.layers.17.self_attn.q_proj": 1211.804443359375,
    "model.layers.17.self_attn.k_proj": 1208.1732177734375,
    "model.layers.17.self_attn.v_proj": 1234.0146484375,
    "model.layers.17.self_attn.o_proj": 1226.02001953125,
    "model.layers.17.mlp.gate_proj": 1204.770751953125,
    "model.layers.17.mlp.up_proj": 1195.359375,
    "model.layers.17.mlp.down_proj": 1222.158203125,
    "model.layers.18.self_attn.q_proj": 1189.929443359375,
    "model.layers.18.self_attn.k_proj": 1239.56689453125,
    "model.layers.18.self_attn.v_proj": 1235.8663330078125,
    "model.layers.18.self_attn.o_proj": 1121.740966796875,
    "model.layers.18.mlp.gate_proj": 1228.7950439453125,
    "model.layers.18.mlp.up_proj": 1195.028076171875,
    "model.layers.18.mlp.down_proj": 1232.3272705078125,
    "model.layers.19.self_attn.q_proj": 1243.7628173828125,
    "model.layers.19.self_attn.k_proj": 1226.8304443359375,
    "model.layers.19.self_attn.v_proj": 1255.4542236328125,
    "model.layers.19.self_attn.o_proj": 1193.1983642578125,
    "model.layers.19.mlp.gate_proj": 1279.5823974609375,
    "model.layers.19.mlp.up_proj": 1263.959716796875,
    "model.layers.19.mlp.down_proj": 1246.5487060546875,