{
    "model.layers.0.self_attn.q_proj": 1223.71826171875,
    "model.layers.0.self_attn.k_proj": 1223.71826171875,
    "model.layers.0.self_attn.v_proj": 1223.71826171875,
    "model.layers.0.self_attn.o_proj": 1222.260986328125,
    "model.layers.0.mlp.gate_proj": 1219.953857421875,
    "model.layers.0.mlp.up_proj": 1227.544677734375,
    "model.layers.0.mlp.down_proj": 1219.88330078125,
    "model.layers.1.self_attn.q_proj": 1219.0843505859375,
    "model.layers.1.self_attn.k_proj": 1228.4593505859375,
    "model.layers.1.self_attn.v_proj": 1229.5211181640625,
    "model.layers.1.self_attn.o_proj": 1219.404296875,
    "model.layers.1.mlp.gate_proj": 1231.54052734375,
    "model.layers.1.mlp.up_proj": 1223.722412109375,
    "model.layers.1.mlp.down_proj": 1225.85498046875,
    "model.layers.2.self_attn.q_proj": 1216.34716796875,
    "model.layers.2.self_attn.k_proj": 1218.9136962890625,
    "model.layers.2.self_attn.v_proj": 1309.322509765625,
    "model.layers.2.self_attn.o_proj": 1213.098388671875,
    "model.layers.2.mlp.gate_proj": 1230.82958984375,
    "model.layers.2.mlp.up_proj": 1213.1719970703125,
    "model.layers.2.mlp.down_proj": 1214.5572509765625,
    "model.layers.3.self_attn.q_proj": 1197.238525390625,
    "model.layers.3.self_attn.k_proj": 1229.6983642578125,
    "model.layers.3.self_attn.v_proj": 1404.079345703125,
    "model.layers.3.self_attn.o_proj": 1234.0224609375,
    "model.layers.3.mlp.gate_proj": 1241.626953125,
    "model.layers.3.mlp.up_proj": 1217.220703125,
    "model.layers.3.mlp.down_proj": 1219.663330078125,
    "model.layers.4.self_attn.q_proj": 1259.2218017578125,
    "model.layers.4.self_attn.k_proj": 1266.056396484375,
    "model.layers.4.self_attn.v_proj": 1298.6390380859375,
    "model.layers.4.self_attn.o_proj": 1188.33544921875,
    "model.layers.4.mlp.gate_proj": 1203.5738525390625,
    "model.layers.4.mlp.up_proj": 1226.023193359375,
    "model.layers.4.mlp.down_proj": 1251.4310302734375,
    "model.layers.5.self_attn.q_proj": 1244.5804443359375,
    "model.layers.5.self_attn.k_proj": 1202.4912109375,
    "model.layers.5.self_attn.v_proj": 1274.9969482421875,
    "model.layers.5.self_attn.o_proj": 1213.794921875,
    "model.layers.5.mlp.gate_proj": 1233.96484375,
    "model.layers.5.mlp.up_proj": 1228.2017822265625,
    "model.layers.5.mlp.down_proj": 1230.08544921875,
    "model.layers.6.self_attn.q_proj": 1202.628173828125,
    "model.layers.6.self_attn.k_proj": 1236.5863037109375,
    "model.layers.6.self_attn.v_proj": 1279.845458984375,
    "model.layers.6.self_attn.o_proj": 1231.8502197265625,
    "model.layers.6.mlp.gate_proj": 1247.6610107421875,
    "model.layers.6.mlp.up_proj": 1226.8475341796875,
    "model.layers.6.mlp.down_proj": 1214.7266845703125,
    "model.layers.7.self_attn.q_proj": 1228.3114013671875,
    "model.layers.7.self_attn.k_proj": 1234.5118408203125,
    "model.layers.7.self_attn.v_proj": 1280.3062744140625,
    "model.layers.7.self_attn.o_proj": 1174.111572265625,
    "model.layers.7.mlp.gate_proj": 1238.3692626953125,
    "model.layers.7.mlp.up_proj": 1242.978759765625,
    "model.layers.7.mlp.down_proj": 1180.684814453125,
    "model.layers.8.self_attn.q_proj": 1190.0047607421875,
    "model.layers.8.self_attn.k_proj": 1242.5975341796875,
    "model.layers.8.self_attn.v_proj": 1319.8798828125,
    "model.layers.8.self_attn.o_proj": 1230.833740234375,
    "model.layers.8.mlp.gate_proj": 1214.7703857421875,
    "model.layers.8.mlp.up_proj": 1215.586669921875,
    "model.layers.8.mlp.down_proj": 1251.47900390625,
    "model.layers.9.self_attn.q_proj": 1228.906494140625,
    "model.layers.9.self_attn.k_proj": 1286.64990234375,
    "model.layers.9.self_attn.v_proj": 1282.5181884765625,
    "model.layers.9.self_attn.o_proj": 1222.509765625,
    "model.layers.9.mlp.gate_proj": 1227.9554443359375,
    "model.layers.9.mlp.up_proj": 1242.595458984375,
    "model.layers.9.mlp.down_proj": 1188.6375732421875,
    "model.layers.10.self_attn.q_proj": 1181.85791015625,
    "model.layers.10.self_attn.k_proj": 1232.036376953125,
    "model.layers.10.self_attn.v_proj": 1232.50390625,
    "model.layers.10.self_attn.o_proj": 1168.2412109375,
    "model.layers.10.mlp.gate_proj": 1221.868896484375,
    "model.layers.10.mlp.up_proj": 1242.560546875,
    "model.layers.10.mlp.down_proj": 1190.7247314453125,
    "model.layers.11.self_attn.q_proj": 1242.931884765625,
    "model.layers.11.self_attn.k_proj": 1237.219482421875,
    "model.layers.11.self_attn.v_proj": 1271.3458251953125,
    "model.layers.11.self_attn.o_proj": 1168.9095458984375,
    "model.layers.11.mlp.gate_proj": 1221.7159423828125,
    "model.layers.11.mlp.up_proj": 1242.85546875,
    "model.layers.11.mlp.down_proj": 1239.265869140625,
    "model.layers.12.self_attn.q_proj": 1238.328125,
    "model.layers.12.self_attn.k_proj": 1216.914794921875,
    "model.layers.12.self_attn.v_proj": 1240.135009765625,
    "model.layers.12.self_attn.o_proj": 1203.5958251953125,
    "model.layers.12.mlp.gate_proj": 1219.0341796875,
    "model.layers.12.mlp.up_proj": 1247.760498046875,
    "model.layers.12.mlp.down_proj": 1207.8570556640625,
    "model.layers.13.self_attn.q_proj": 1252.6038818359375,
    "model.layers.13.self_attn.k_proj": 1245.4822998046875,
    "model.layers.13.self_attn.v_proj": 1269.7994384765625,
    "model.layers.13.self_attn.o_proj": 1152.55078125,
    "model.layers.13.mlp.gate_proj": 1227.606201171875,
    "model.layers.13.mlp.up_proj": 1230.78271484375,
    "model.layers.13.mlp.down_proj": 1214.1705322265625,
    "model.layers.14.self_attn.q_proj": 1216.0972900390625,
    "model.layers.14.self_attn.k_proj": 1209.85009765625,
    "model.layers.14.self_attn.v_proj": 1233.9029541015625,
    "model.layers.14.self_attn.o_proj": 1219.2364501953125,
    "model.layers.14.mlp.gate_proj": 1253.0941162109375,
    "model.layers.14.mlp.up_proj": 1203.81494140625,
    "model.layers.14.mlp.down_proj": 1193.03515625,
    "model.layers.15.self_attn.q_proj": 1201.4427490234375,
    "model.layers.15.self_attn.k_proj": 1197.3424072265625,
    "model.layers.15.self_attn.v_proj": 1280.1961669921875,
    "model.layers.15.self_attn.o_proj": 1194.656982421875,
    "model.layers.15.mlp.gate_proj": 1223.222412109375,
    "model.layers.15.mlp.up_proj": 1225.588623046875,
    "model.layers.15.mlp.down_proj": 1247.2431640625,
    "model.layers.16.self_attn.q_proj": 1198.637939453125,
    "model.layers.16.self_attn.k_proj": 1254.729248046875,
    "model.layers.16.self_attn.v_proj": 1284.0372314453125,
    "model.layers.16.self_attn.o_proj": 1160.283203125,
    "model.layers.16.mlp.gate_proj": 1217.6363525390625,
    "model.layers.16.mlp.up_proj": 1268.01220703125,
    "model.layers.16.mlp.down_proj": 1202.537353515625,
    "model.layers.17.self_attn.q_proj": 1211.712158203125,
    "model.layers.17.self_attn.k_proj": 1208.708251953125,
    "model.layers.17.self_attn.v_proj": 1233.3470458984375,
    "model.layers.17.self_attn.o_proj": 1235.2476806640625,
    "model.layers.17.mlp.gate_proj": 1210.6741943359375,
    "model.layers.17.mlp.up_proj": 1198.2381591796875,
    "model.layers.17.mlp.down_proj": 1226.5272216796875,
    "model.layers.18.self_attn.q_proj": 1200.2281494140625,
    "model.layers.18.self_attn.k_proj": 1232.832275390625,
    "model.layers.18.self_attn.v_proj": 1234.31982421875,
    "model.layers.18.self_attn.o_proj": 1136.9437255859375,
    "model.layers.18.mlp.gate_proj": 1232.482666015625,
    "model.layers.18.mlp.up_proj": 1205.4832763671875,
    "model.layers.18.mlp.down_proj": 1232.90087890625,
    "model.layers.19.self_attn.q_proj": 1243.484619140625,
    "model.layers.19.self_attn.k_proj": 1227.3372802734375,
    "model.layers.19.self_attn.v_proj": 1260.3004150390625,
    "model.layers.19.self_attn.o_proj": 1209.4842529296875,
    "model.layers.19.mlp.gate_proj": 1281.2445068359375,
    "model.layers.19.mlp.up_proj": 1262.2752685546875,
    "model.layers.19.mlp.down_proj": 1248.957763671875,