{
    "model.layers.0.self_attn.q_proj": 1226.185546875,
    "model.layers.0.self_attn.k_proj": 1226.185546875,
    "model.layers.0.self_attn.v_proj": 1226.185546875,
    "model.layers.0.self_attn.o_proj": 1224.664794921875,
    "model.layers.0.mlp.gate_proj": 1222.482421875,
    "model.layers.0.mlp.up_proj": 1230.055908203125,
    "model.layers.0.mlp.down_proj": 1222.3912353515625,
    "model.layers.1.self_attn.q_proj": 1221.3544921875,
    "model.layers.1.self_attn.k_proj": 1230.7147216796875,
    "model.layers.1.self_attn.v_proj": 1233.2518310546875,
    "model.layers.1.self_attn.o_proj": 1218.293212890625,
    "model.layers.1.mlp.gate_proj": 1233.755615234375,
    "model.layers.1.mlp.up_proj": 1227.0440673828125,
    "model.layers.1.mlp.down_proj": 1232.867919921875,
    "model.layers.2.self_attn.q_proj": 1218.3798828125,
    "model.layers.2.self_attn.k_proj": 1222.276611328125,
    "model.layers.2.self_attn.v_proj": 1264.00830078125,
    "model.layers.2.self_attn.o_proj": 1223.936279296875,
    "model.layers.2.mlp.gate_proj": 1233.8001708984375,
    "model.layers.2.mlp.up_proj": 1227.296875,
    "model.layers.2.mlp.down_proj": 1216.12109375,
    "model.layers.3.self_attn.q_proj": 1209.2994384765625,
    "model.layers.3.self_attn.k_proj": 1233.302490234375,
    "model.layers.3.self_attn.v_proj": 1349.602783203125,
    "model.layers.3.self_attn.o_proj": 1236.0181884765625,
    "model.layers.3.mlp.gate_proj": 1236.153076171875,
    "model.layers.3.mlp.up_proj": 1218.789306640625,
    "model.layers.3.mlp.down_proj": 1224.826416015625,
    "model.layers.4.self_attn.q_proj": 1243.31689453125,
    "model.layers.4.self_attn.k_proj": 1263.803955078125,
    "model.layers.4.self_attn.v_proj": 1262.0867919921875,
    "model.layers.4.self_attn.o_proj": 1191.0301513671875,
    "model.layers.4.mlp.gate_proj": 1211.92578125,
    "model.layers.4.mlp.up_proj": 1236.0125732421875,
    "model.layers.4.mlp.down_proj": 1249.7850341796875,
    "model.layers.5.self_attn.q_proj": 1238.537353515625,
    "model.layers.5.self_attn.k_proj": 1215.5576171875,
    "model.layers.5.self_attn.v_proj": 1267.512451171875,
    "model.layers.5.self_attn.o_proj": 1211.218505859375,
    "model.layers.5.mlp.gate_proj": 1233.47412109375,
    "model.layers.5.mlp.up_proj": 1232.4644775390625,
    "model.layers.5.mlp.down_proj": 1240.864990234375,
    "model.layers.6.self_attn.q_proj": 1214.89013671875,
    "model.layers.6.self_attn.k_proj": 1230.7894287109375,
    "model.layers.6.self_attn.v_proj": 1258.2354736328125,
    "model.layers.6.self_attn.o_proj": 1231.107177734375,
    "model.layers.6.mlp.gate_proj": 1225.941162109375,
    "model.layers.6.mlp.up_proj": 1239.205322265625,
    "model.layers.6.mlp.down_proj": 1227.3245849609375,
    "model.layers.7.self_attn.q_proj": 1232.654296875,
    "model.layers.7.self_attn.k_proj": 1234.5823974609375,
    "model.layers.7.self_attn.v_proj": 1256.394287109375,
    "model.layers.7.self_attn.o_proj": 1188.21728515625,
    "model.layers.7.mlp.gate_proj": 1235.4495849609375,
    "model.layers.7.mlp.up_proj": 1239.2027587890625,
    "model.layers.7.mlp.down_proj": 1205.49951171875,
    "model.layers.8.self_attn.q_proj": 1198.0108642578125,
    "model.layers.8.self_attn.k_proj": 1234.0848388671875,
    "model.layers.8.self_attn.v_proj": 1278.207275390625,
    "model.layers.8.self_attn.o_proj": 1226.550048828125,
    "model.layers.8.mlp.gate_proj": 1216.102783203125,
    "model.layers.8.mlp.up_proj": 1239.86669921875,
    "model.layers.8.mlp.down_proj": 1254.3917236328125,
    "model.layers.9.self_attn.q_proj": 1236.8836669921875,
    "model.layers.9.self_attn.k_proj": 1261.5179443359375,
    "model.layers.9.self_attn.v_proj": 1265.92724609375,
    "model.layers.9.self_attn.o_proj": 1213.416748046875,
    "model.layers.9.mlp.gate_proj": 1220.861083984375,
    "model.layers.9.mlp.up_proj": 1227.15771484375,
    "model.layers.9.mlp.down_proj": 1207.9622802734375,
    "model.layers.10.self_attn.q_proj": 1192.959228515625,
    "model.layers.10.self_attn.k_proj": 1233.8231201171875,
    "model.layers.10.self_attn.v_proj": 1238.418212890625,
    "model.layers.10.self_attn.o_proj": 1193.229248046875,
    "model.layers.10.mlp.gate_proj": 1208.92333984375,
    "model.layers.10.mlp.up_proj": 1245.2620849609375,
    "model.layers.10.mlp.down_proj": 1206.2059326171875,
    "model.layers.11.self_attn.q_proj": 1236.9332275390625,
    "model.layers.11.self_attn.k_proj": 1238.7822265625,
    "model.layers.11.self_attn.v_proj": 1274.302734375,
    "model.layers.11.self_attn.o_proj": 1187.621337890625,
    "model.layers.11.mlp.gate_proj": 1217.7137451171875,
    "model.layers.11.mlp.up_proj": 1229.21923828125,
    "model.layers.11.mlp.down_proj": 1230.858154296875,
    "model.layers.12.self_attn.q_proj": 1219.998779296875,
    "model.layers.12.self_attn.k_proj": 1222.2384033203125,
    "model.layers.12.self_attn.v_proj": 1230.2491455078125,
    "model.layers.12.self_attn.o_proj": 1218.410400390625,
    "model.layers.12.mlp.gate_proj": 1228.10009765625,
    "model.layers.12.mlp.up_proj": 1242.9310302734375,
    "model.layers.12.mlp.down_proj": 1218.209228515625,
    "model.layers.13.self_attn.q_proj": 1246.5792236328125,
    "model.layers.13.self_attn.k_proj": 1237.3455810546875,
    "model.layers.13.self_attn.v_proj": 1258.4857177734375,
    "model.layers.13.self_attn.o_proj": 1180.650146484375,
    "model.layers.13.mlp.gate_proj": 1231.76611328125,
    "model.layers.13.mlp.up_proj": 1228.3369140625,
    "model.layers.13.mlp.down_proj": 1219.339111328125,
    "model.layers.14.self_attn.q_proj": 1224.122802734375,
    "model.layers.14.self_attn.k_proj": 1229.5914306640625,
    "model.layers.14.self_attn.v_proj": 1249.5574951171875,
    "model.layers.14.self_attn.o_proj": 1220.7037353515625,
    "model.layers.14.mlp.gate_proj": 1242.765380859375,
    "model.layers.14.mlp.up_proj": 1207.5179443359375,
    "model.layers.14.mlp.down_proj": 1205.5738525390625,
    "model.layers.15.self_attn.q_proj": 1207.3779296875,
    "model.layers.15.self_attn.k_proj": 1208.73779296875,
    "model.layers.15.self_attn.v_proj": 1261.842041015625,
    "model.layers.15.self_attn.o_proj": 1204.0186767578125,
    "model.layers.15.mlp.gate_proj": 1225.529052734375,
    "model.layers.15.mlp.up_proj": 1227.811767578125,
    "model.layers.15.mlp.down_proj": 1260.732177734375,
    "model.layers.16.self_attn.q_proj": 1212.8341064453125,
    "model.layers.16.self_attn.k_proj": 1244.5054931640625,
    "model.layers.16.self_attn.v_proj": 1264.3133544921875,
    "model.layers.16.self_attn.o_proj": 1184.4727783203125,
    "model.layers.16.mlp.gate_proj": 1220.7440185546875,
    "model.layers.16.mlp.up_proj": 1251.892333984375,
    "model.layers.16.mlp.down_proj": 1216.516845703125,
    "model.layers.17.self_attn.q_proj": 1210.724853515625,
    "model.layers.17.self_attn.k_proj": 1215.1070556640625,
    "model.layers.17.self_attn.v_proj": 1254.30419921875,
    "model.layers.17.self_attn.o_proj": 1234.9129638671875,
    "model.layers.17.mlp.gate_proj": 1218.239013671875,
    "model.layers.17.mlp.up_proj": 1206.2994384765625,
    "model.layers.17.mlp.down_proj": 1240.00537109375,
    "model.layers.18.self_attn.q_proj": 1222.910888671875,
    "model.layers.18.self_attn.k_proj": 1224.9500732421875,
    "model.layers.18.self_attn.v_proj": 1237.1798095703125,
    "model.layers.18.self_attn.o_proj": 1174.052978515625,
    "model.layers.18.mlp.gate_proj": 1234.2542724609375,
    "model.layers.18.mlp.up_proj": 1217.9873046875,
    "model.layers.18.mlp.down_proj": 1241.8177490234375,
    "model.layers.19.self_attn.q_proj": 1237.4659423828125,
    "model.layers.19.self_attn.k_proj": 1227.6741943359375,
    "model.layers.19.self_attn.v_proj": 1272.4095458984375,
    "model.layers.19.self_attn.o_proj": 1224.2421875,
    "model.layers.19.mlp.gate_proj": 1266.5133056640625,
    "model.layers.19.mlp.up_proj": 1243.5714111328125,
    "model.layers.19.mlp.down_proj": 1250.4263916015625,