{
    "model.layers.0.self_attn.q_proj": 1229.0526123046875,
    "model.layers.0.self_attn.k_proj": 1229.0526123046875,
    "model.layers.0.self_attn.v_proj": 1229.0526123046875,
    "model.layers.0.self_attn.o_proj": 1227.5338134765625,
    "model.layers.0.mlp.gate_proj": 1225.36669921875,
    "model.layers.0.mlp.up_proj": 1232.90283203125,
    "model.layers.0.mlp.down_proj": 1224.9649658203125,
    "model.layers.1.self_attn.q_proj": 1224.59033203125,
    "model.layers.1.self_attn.k_proj": 1233.5594482421875,
    "model.layers.1.self_attn.v_proj": 1234.6451416015625,
    "model.layers.1.self_attn.o_proj": 1223.1114501953125,
    "model.layers.1.mlp.gate_proj": 1234.357421875,
    "model.layers.1.mlp.up_proj": 1234.475341796875,
    "model.layers.1.mlp.down_proj": 1230.804443359375,
    "model.layers.2.self_attn.q_proj": 1224.947021484375,
    "model.layers.2.self_attn.k_proj": 1224.482177734375,
    "model.layers.2.self_attn.v_proj": 1208.5855712890625,
    "model.layers.2.self_attn.o_proj": 1227.56494140625,
    "model.layers.2.mlp.gate_proj": 1235.444580078125,
    "model.layers.2.mlp.up_proj": 1235.02001953125,
    "model.layers.2.mlp.down_proj": 1226.533203125,
    "model.layers.3.self_attn.q_proj": 1220.1995849609375,
    "model.layers.3.self_attn.k_proj": 1237.2271728515625,
    "model.layers.3.self_attn.v_proj": 1254.8583984375,
    "model.layers.3.self_attn.o_proj": 1234.841796875,
    "model.layers.3.mlp.gate_proj": 1235.3994140625,
    "model.layers.3.mlp.up_proj": 1225.751953125,
    "model.layers.3.mlp.down_proj": 1230.0621337890625,
    "model.layers.4.self_attn.q_proj": 1234.25,
    "model.layers.4.self_attn.k_proj": 1233.4935302734375,
    "model.layers.4.self_attn.v_proj": 1236.18115234375,
    "model.layers.4.self_attn.o_proj": 1223.0225830078125,
    "model.layers.4.mlp.gate_proj": 1215.4217529296875,
    "model.layers.4.mlp.up_proj": 1227.1290283203125,
    "model.layers.4.mlp.down_proj": 1237.9991455078125,
    "model.layers.5.self_attn.q_proj": 1233.4515380859375,
    "model.layers.5.self_attn.k_proj": 1234.284423828125,
    "model.layers.5.self_attn.v_proj": 1237.70458984375,
    "model.layers.5.self_attn.o_proj": 1221.763671875,
    "model.layers.5.mlp.gate_proj": 1234.2967529296875,
    "model.layers.5.mlp.up_proj": 1235.739013671875,
    "model.layers.5.mlp.down_proj": 1238.9342041015625,
    "model.layers.6.self_attn.q_proj": 1227.79833984375,
    "model.layers.6.self_attn.k_proj": 1235.88330078125,
    "model.layers.6.self_attn.v_proj": 1242.2850341796875,
    "model.layers.6.self_attn.o_proj": 1242.846435546875,
    "model.layers.6.mlp.gate_proj": 1233.5966796875,
    "model.layers.6.mlp.up_proj": 1237.9305419921875,
    "model.layers.6.mlp.down_proj": 1226.35498046875,
    "model.layers.7.self_attn.q_proj": 1234.123291015625,
    "model.layers.7.self_attn.k_proj": 1236.1910400390625,
    "model.layers.7.self_attn.v_proj": 1245.3421630859375,
    "model.layers.7.self_attn.o_proj": 1217.7896728515625,
    "model.layers.7.mlp.gate_proj": 1233.9951171875,
    "model.layers.7.mlp.up_proj": 1234.5833740234375,
    "model.layers.7.mlp.down_proj": 1223.5477294921875,
    "model.layers.8.self_attn.q_proj": 1219.3978271484375,
    "model.layers.8.self_attn.k_proj": 1234.2174072265625,
    "model.layers.8.self_attn.v_proj": 1241.356689453125,
    "model.layers.8.self_attn.o_proj": 1236.548583984375,
    "model.layers.8.mlp.gate_proj": 1224.702392578125,
    "model.layers.8.mlp.up_proj": 1237.498779296875,
    "model.layers.8.mlp.down_proj": 1225.46923828125,
    "model.layers.9.self_attn.q_proj": 1228.334228515625,
    "model.layers.9.self_attn.k_proj": 1236.1904296875,
    "model.layers.9.self_attn.v_proj": 1225.1998291015625,
    "model.layers.9.self_attn.o_proj": 1224.9686279296875,
    "model.layers.9.mlp.gate_proj": 1224.5247802734375,
    "model.layers.9.mlp.up_proj": 1234.340576171875,
    "model.layers.9.mlp.down_proj": 1217.3238525390625,
    "model.layers.10.self_attn.q_proj": 1219.3284912109375,
    "model.layers.10.self_attn.k_proj": 1230.70361328125,
    "model.layers.10.self_attn.v_proj": 1227.3175048828125,
    "model.layers.10.self_attn.o_proj": 1223.36474609375,
    "model.layers.10.mlp.gate_proj": 1222.6927490234375,
    "model.layers.10.mlp.up_proj": 1230.9788818359375,
    "model.layers.10.mlp.down_proj": 1227.3529052734375,
    "model.layers.11.self_attn.q_proj": 1234.0435791015625,
    "model.layers.11.self_attn.k_proj": 1227.7484130859375,
    "model.layers.11.self_attn.v_proj": 1246.247802734375,
    "model.layers.11.self_attn.o_proj": 1217.094970703125,
    "model.layers.11.mlp.gate_proj": 1232.089111328125,
    "model.layers.11.mlp.up_proj": 1221.190185546875,
    "model.layers.11.mlp.down_proj": 1223.146484375,
    "model.layers.12.self_attn.q_proj": 1225.1236572265625,
    "model.layers.12.self_attn.k_proj": 1236.08837890625,
    "model.layers.12.self_attn.v_proj": 1220.6817626953125,
    "model.layers.12.self_attn.o_proj": 1235.7984619140625,
    "model.layers.12.mlp.gate_proj": 1223.873291015625,
    "model.layers.12.mlp.up_proj": 1234.457763671875,
    "model.layers.12.mlp.down_proj": 1226.4298095703125,
    "model.layers.13.self_attn.q_proj": 1234.8323974609375,
    "model.layers.13.self_attn.k_proj": 1226.84912109375,
    "model.layers.13.self_attn.v_proj": 1236.1622314453125,
    "model.layers.13.self_attn.o_proj": 1208.0096435546875,
    "model.layers.13.mlp.gate_proj": 1237.5936279296875,
    "model.layers.13.mlp.up_proj": 1227.9442138671875,
    "model.layers.13.mlp.down_proj": 1223.775390625,
    "model.layers.14.self_attn.q_proj": 1231.2381591796875,
    "model.layers.14.self_attn.k_proj": 1235.506591796875,
    "model.layers.14.self_attn.v_proj": 1237.698486328125,
    "model.layers.14.self_attn.o_proj": 1222.1971435546875,
    "model.layers.14.mlp.gate_proj": 1235.3153076171875,
    "model.layers.14.mlp.up_proj": 1219.954833984375,
    "model.layers.14.mlp.down_proj": 1214.8890380859375,
    "model.layers.15.self_attn.q_proj": 1223.6990966796875,
    "model.layers.15.self_attn.k_proj": 1221.5526123046875,
    "model.layers.15.self_attn.v_proj": 1225.477783203125,
    "model.layers.15.self_attn.o_proj": 1224.35107421875,
    "model.layers.15.mlp.gate_proj": 1225.23583984375,
    "model.layers.15.mlp.up_proj": 1225.2012939453125,
    "model.layers.15.mlp.down_proj": 1237.09326171875,
    "model.layers.16.self_attn.q_proj": 1224.41748046875,
    "model.layers.16.self_attn.k_proj": 1233.7928466796875,
    "model.layers.16.self_attn.v_proj": 1237.7923583984375,
    "model.layers.16.self_attn.o_proj": 1210.2344970703125,
    "model.layers.16.mlp.gate_proj": 1234.0557861328125,
    "model.layers.16.mlp.up_proj": 1230.6407470703125,
    "model.layers.16.mlp.down_proj": 1221.8634033203125,
    "model.layers.17.self_attn.q_proj": 1217.16015625,
    "model.layers.17.self_attn.k_proj": 1223.4814453125,
    "model.layers.17.self_attn.v_proj": 1241.8323974609375,
    "model.layers.17.self_attn.o_proj": 1236.99853515625,
    "model.layers.17.mlp.gate_proj": 1221.594482421875,
    "model.layers.17.mlp.up_proj": 1220.49365234375,
    "model.layers.17.mlp.down_proj": 1227.195556640625,
    "model.layers.18.self_attn.q_proj": 1223.6461181640625,
    "model.layers.18.self_attn.k_proj": 1233.6793212890625,
    "model.layers.18.self_attn.v_proj": 1239.4967041015625,
    "model.layers.18.self_attn.o_proj": 1215.1749267578125,
    "model.layers.18.mlp.gate_proj": 1233.6063232421875,
    "model.layers.18.mlp.up_proj": 1225.5279541015625,
    "model.layers.18.mlp.down_proj": 1241.00634765625,
    "model.layers.19.self_attn.q_proj": 1234.74560546875,
    "model.layers.19.self_attn.k_proj": 1235.931640625,
    "model.layers.19.self_attn.v_proj": 1235.8944091796875,
    "model.layers.19.self_attn.o_proj": 1234.24951171875,
    "model.layers.19.mlp.gate_proj": 1236.1868896484375,
    "model.layers.19.mlp.up_proj": 1233.2769775390625,
    "model.layers.19.mlp.down_proj": 1236.4359130859375,