{
    "model.layers.0.self_attn.q_proj": 1222.575927734375,
    "model.layers.0.self_attn.k_proj": 1222.575927734375,
    "model.layers.0.self_attn.v_proj": 1222.575927734375,
    "model.layers.0.self_attn.o_proj": 1221.13720703125,
    "model.layers.0.mlp.gate_proj": 1218.789306640625,
    "model.layers.0.mlp.up_proj": 1226.39208984375,
    "model.layers.0.mlp.down_proj": 1219.2344970703125,
    "model.layers.1.self_attn.q_proj": 1217.98095703125,
    "model.layers.1.self_attn.k_proj": 1227.4930419921875,
    "model.layers.1.self_attn.v_proj": 1227.7420654296875,
    "model.layers.1.self_attn.o_proj": 1217.3360595703125,
    "model.layers.1.mlp.gate_proj": 1229.1539306640625,
    "model.layers.1.mlp.up_proj": 1221.4530029296875,
    "model.layers.1.mlp.down_proj": 1226.4281005859375,
    "model.layers.2.self_attn.q_proj": 1214.8082275390625,
    "model.layers.2.self_attn.k_proj": 1217.9141845703125,
    "model.layers.2.self_attn.v_proj": 1335.6033935546875,
    "model.layers.2.self_attn.o_proj": 1204.7540283203125,
    "model.layers.2.mlp.gate_proj": 1229.4666748046875,
    "model.layers.2.mlp.up_proj": 1207.107666015625,
    "model.layers.2.mlp.down_proj": 1208.6038818359375,
    "model.layers.3.self_attn.q_proj": 1193.110595703125,
    "model.layers.3.self_attn.k_proj": 1228.702392578125,
    "model.layers.3.self_attn.v_proj": 1416.92333984375,
    "model.layers.3.self_attn.o_proj": 1229.3321533203125,
    "model.layers.3.mlp.gate_proj": 1242.3358154296875,
    "model.layers.3.mlp.up_proj": 1215.7401123046875,
    "model.layers.3.mlp.down_proj": 1220.41015625,
    "model.layers.4.self_attn.q_proj": 1259.1365966796875,
    "model.layers.4.self_attn.k_proj": 1262.163330078125,
    "model.layers.4.self_attn.v_proj": 1297.7650146484375,
    "model.layers.4.self_attn.o_proj": 1179.7445068359375,
    "model.layers.4.mlp.gate_proj": 1200.039794921875,
    "model.layers.4.mlp.up_proj": 1223.503662109375,
    "model.layers.4.mlp.down_proj": 1243.8135986328125,
    "model.layers.5.self_attn.q_proj": 1243.5296630859375,
    "model.layers.5.self_attn.k_proj": 1201.8150634765625,
    "model.layers.5.self_attn.v_proj": 1275.71142578125,
    "model.layers.5.self_attn.o_proj": 1210.0015869140625,
    "model.layers.5.mlp.gate_proj": 1232.666015625,
    "model.layers.5.mlp.up_proj": 1225.4718017578125,
    "model.layers.5.mlp.down_proj": 1231.3272705078125,
    "model.layers.6.self_attn.q_proj": 1200.927001953125,
    "model.layers.6.self_attn.k_proj": 1236.8900146484375,
    "model.layers.6.self_attn.v_proj": 1281.76708984375,
    "model.layers.6.self_attn.o_proj": 1229.3951416015625,
    "model.layers.6.mlp.gate_proj": 1248.2642822265625,
    "model.layers.6.mlp.up_proj": 1224.797607421875,
    "model.layers.6.mlp.down_proj": 1215.412841796875,
    "model.layers.7.self_attn.q_proj": 1226.11474609375,
    "model.layers.7.self_attn.k_proj": 1235.2733154296875,
    "model.layers.7.self_attn.v_proj": 1286.1651611328125,
    "model.layers.7.self_attn.o_proj": 1174.7574462890625,
    "model.layers.7.mlp.gate_proj": 1237.53759765625,
    "model.layers.7.mlp.up_proj": 1239.2491455078125,
    "model.layers.7.mlp.down_proj": 1174.40478515625,
    "model.layers.8.self_attn.q_proj": 1184.107666015625,
    "model.layers.8.self_attn.k_proj": 1244.164306640625,
    "model.layers.8.self_attn.v_proj": 1326.56103515625,
    "model.layers.8.self_attn.o_proj": 1231.0,
    "model.layers.8.mlp.gate_proj": 1214.3701171875,
    "model.layers.8.mlp.up_proj": 1213.1387939453125,
    "model.layers.8.mlp.down_proj": 1248.332763671875,
    "model.layers.9.self_attn.q_proj": 1228.0780029296875,
    "model.layers.9.self_attn.k_proj": 1293.410400390625,
    "model.layers.9.self_attn.v_proj": 1282.027587890625,
    "model.layers.9.self_attn.o_proj": 1219.13818359375,
    "model.layers.9.mlp.gate_proj": 1227.688720703125,
    "model.layers.9.mlp.up_proj": 1246.786376953125,
    "model.layers.9.mlp.down_proj": 1189.2930908203125,
    "model.layers.10.self_attn.q_proj": 1181.6148681640625,
    "model.layers.10.self_attn.k_proj": 1239.8642578125,
    "model.layers.10.self_attn.v_proj": 1229.7181396484375,
    "model.layers.10.self_attn.o_proj": 1166.624267578125,
    "model.layers.10.mlp.gate_proj": 1221.6278076171875,
    "model.layers.10.mlp.up_proj": 1241.4718017578125,
    "model.layers.10.mlp.down_proj": 1189.48291015625,
    "model.layers.11.self_attn.q_proj": 1247.753173828125,
    "model.layers.11.self_attn.k_proj": 1244.3150634765625,
    "model.layers.11.self_attn.v_proj": 1279.6396484375,
    "model.layers.11.self_attn.o_proj": 1167.3203125,
    "model.layers.11.mlp.gate_proj": 1227.887451171875,
    "model.layers.11.mlp.up_proj": 1246.7613525390625,
    "model.layers.11.mlp.down_proj": 1241.72216796875,
    "model.layers.12.self_attn.q_proj": 1238.871826171875,
    "model.layers.12.self_attn.k_proj": 1212.6131591796875,
    "model.layers.12.self_attn.v_proj": 1239.16015625,
    "model.layers.12.self_attn.o_proj": 1201.225341796875,
    "model.layers.12.mlp.gate_proj": 1217.4918212890625,
    "model.layers.12.mlp.up_proj": 1248.45849609375,
    "model.layers.12.mlp.down_proj": 1201.8504638671875,
    "model.layers.13.self_attn.q_proj": 1252.7508544921875,
    "model.layers.13.self_attn.k_proj": 1253.4349365234375,
    "model.layers.13.self_attn.v_proj": 1271.9320068359375,
    "model.layers.13.self_attn.o_proj": 1148.1048583984375,
    "model.layers.13.mlp.gate_proj": 1226.2579345703125,
    "model.layers.13.mlp.up_proj": 1231.3128662109375,
    "model.layers.13.mlp.down_proj": 1211.57275390625,
    "model.layers.14.self_attn.q_proj": 1217.4451904296875,
    "model.layers.14.self_attn.k_proj": 1208.8160400390625,
    "model.layers.14.self_attn.v_proj": 1230.205078125,
    "model.layers.14.self_attn.o_proj": 1215.517578125,
    "model.layers.14.mlp.gate_proj": 1252.0079345703125,
    "model.layers.14.mlp.up_proj": 1206.4619140625,
    "model.layers.14.mlp.down_proj": 1194.50146484375,
    "model.layers.15.self_attn.q_proj": 1196.470947265625,
    "model.layers.15.self_attn.k_proj": 1195.26953125,
    "model.layers.15.self_attn.v_proj": 1283.0626220703125,
    "model.layers.15.self_attn.o_proj": 1192.798828125,
    "model.layers.15.mlp.gate_proj": 1220.615234375,
    "model.layers.15.mlp.up_proj": 1225.72119140625,
    "model.layers.15.mlp.down_proj": 1245.9237060546875,
    "model.layers.16.self_attn.q_proj": 1193.52197265625,
    "model.layers.16.self_attn.k_proj": 1255.582763671875,
    "model.layers.16.self_attn.v_proj": 1287.8404541015625,
    "model.layers.16.self_attn.o_proj": 1155.318359375,
    "model.layers.16.mlp.gate_proj": 1216.3104248046875,
    "model.layers.16.mlp.up_proj": 1267.7889404296875,
    "model.layers.16.mlp.down_proj": 1192.044189453125,
    "model.layers.17.self_attn.q_proj": 1212.4002685546875,
    "model.layers.17.self_attn.k_proj": 1207.867919921875,
    "model.layers.17.self_attn.v_proj": 1233.071044921875,
    "model.layers.17.self_attn.o_proj": 1231.642578125,
    "model.layers.17.mlp.gate_proj": 1207.6832275390625,
    "model.layers.17.mlp.up_proj": 1195.6151123046875,
    "model.layers.17.mlp.down_proj": 1224.298095703125,
    "model.layers.18.self_attn.q_proj": 1193.2607421875,
    "model.layers.18.self_attn.k_proj": 1237.8345947265625,
    "model.layers.18.self_attn.v_proj": 1235.23828125,
    "model.layers.18.self_attn.o_proj": 1126.4051513671875,
    "model.layers.18.mlp.gate_proj": 1230.6009521484375,
    "model.layers.18.mlp.up_proj": 1202.51025390625,
    "model.layers.18.mlp.down_proj": 1231.6964111328125,
    "model.layers.19.self_attn.q_proj": 1244.450927734375,
    "model.layers.19.self_attn.k_proj": 1227.4501953125,
    "model.layers.19.self_attn.v_proj": 1257.0582275390625,
    "model.layers.19.self_attn.o_proj": 1201.8297119140625,
    "model.layers.19.mlp.gate_proj": 1281.3262939453125,
    "model.layers.19.mlp.up_proj": 1264.1036376953125,
    "model.layers.19.mlp.down_proj": 1246.7919921875,