{
    "model.layers.0.self_attn.q_proj": 1226.731201171875,
    "model.layers.0.self_attn.k_proj": 1226.731201171875,
    "model.layers.0.self_attn.v_proj": 1226.731201171875,
    "model.layers.0.self_attn.o_proj": 1225.1328125,
    "model.layers.0.mlp.gate_proj": 1223.0421142578125,
    "model.layers.0.mlp.up_proj": 1230.5782470703125,
    "model.layers.0.mlp.down_proj": 1223.315673828125,
    "model.layers.1.self_attn.q_proj": 1222.1466064453125,
    "model.layers.1.self_attn.k_proj": 1231.249755859375,
    "model.layers.1.self_attn.v_proj": 1232.7733154296875,
    "model.layers.1.self_attn.o_proj": 1221.95166015625,
    "model.layers.1.mlp.gate_proj": 1232.4371337890625,
    "model.layers.1.mlp.up_proj": 1230.5211181640625,
    "model.layers.1.mlp.down_proj": 1228.769287109375,
    "model.layers.2.self_attn.q_proj": 1222.152099609375,
    "model.layers.2.self_attn.k_proj": 1222.85595703125,
    "model.layers.2.self_attn.v_proj": 1217.66064453125,
    "model.layers.2.self_attn.o_proj": 1225.9691162109375,
    "model.layers.2.mlp.gate_proj": 1233.8515625,
    "model.layers.2.mlp.up_proj": 1234.4698486328125,
    "model.layers.2.mlp.down_proj": 1229.8768310546875,
    "model.layers.3.self_attn.q_proj": 1216.82421875,
    "model.layers.3.self_attn.k_proj": 1234.997314453125,
    "model.layers.3.self_attn.v_proj": 1277.369140625,
    "model.layers.3.self_attn.o_proj": 1234.087646484375,
    "model.layers.3.mlp.gate_proj": 1234.0509033203125,
    "model.layers.3.mlp.up_proj": 1224.16650390625,
    "model.layers.3.mlp.down_proj": 1222.6964111328125,
    "model.layers.4.self_attn.q_proj": 1233.423095703125,
    "model.layers.4.self_attn.k_proj": 1242.3824462890625,
    "model.layers.4.self_attn.v_proj": 1239.8494873046875,
    "model.layers.4.self_attn.o_proj": 1211.5589599609375,
    "model.layers.4.mlp.gate_proj": 1210.733642578125,
    "model.layers.4.mlp.up_proj": 1232.5767822265625,
    "model.layers.4.mlp.down_proj": 1234.94580078125,
    "model.layers.5.self_attn.q_proj": 1233.481689453125,
    "model.layers.5.self_attn.k_proj": 1225.9090576171875,
    "model.layers.5.self_attn.v_proj": 1239.340087890625,
    "model.layers.5.self_attn.o_proj": 1218.6302490234375,
    "model.layers.5.mlp.gate_proj": 1230.81689453125,
    "model.layers.5.mlp.up_proj": 1231.47021484375,
    "model.layers.5.mlp.down_proj": 1241.385009765625,
    "model.layers.6.self_attn.q_proj": 1228.123046875,
    "model.layers.6.self_attn.k_proj": 1232.396484375,
    "model.layers.6.self_attn.v_proj": 1243.30322265625,
    "model.layers.6.self_attn.o_proj": 1244.55712890625,
    "model.layers.6.mlp.gate_proj": 1221.992919921875,
    "model.layers.6.mlp.up_proj": 1247.3983154296875,
    "model.layers.6.mlp.down_proj": 1224.0513916015625,
    "model.layers.7.self_attn.q_proj": 1230.832763671875,
    "model.layers.7.self_attn.k_proj": 1236.2257080078125,
    "model.layers.7.self_attn.v_proj": 1251.6220703125,
    "model.layers.7.self_attn.o_proj": 1214.9593505859375,
    "model.layers.7.mlp.gate_proj": 1239.7513427734375,
    "model.layers.7.mlp.up_proj": 1232.280517578125,
    "model.layers.7.mlp.down_proj": 1215.443603515625,
    "model.layers.8.self_attn.q_proj": 1211.8585205078125,
    "model.layers.8.self_attn.k_proj": 1235.423583984375,
    "model.layers.8.self_attn.v_proj": 1250.368408203125,
    "model.layers.8.self_attn.o_proj": 1228.2945556640625,
    "model.layers.8.mlp.gate_proj": 1222.0582275390625,
    "model.layers.8.mlp.up_proj": 1239.6220703125,
    "model.layers.8.mlp.down_proj": 1224.0098876953125,
    "model.layers.9.self_attn.q_proj": 1235.561279296875,
    "model.layers.9.self_attn.k_proj": 1236.9859619140625,
    "model.layers.9.self_attn.v_proj": 1233.631591796875,
    "model.layers.9.self_attn.o_proj": 1217.322998046875,
    "model.layers.9.mlp.gate_proj": 1222.4532470703125,
    "model.layers.9.mlp.up_proj": 1229.634765625,
    "model.layers.9.mlp.down_proj": 1211.41064453125,
    "model.layers.10.self_attn.q_proj": 1216.1431884765625,
    "model.layers.10.self_attn.k_proj": 1234.728515625,
    "model.layers.10.self_attn.v_proj": 1231.0020751953125,
    "model.layers.10.self_attn.o_proj": 1222.979736328125,
    "model.layers.10.mlp.gate_proj": 1219.11767578125,
    "model.layers.10.mlp.up_proj": 1232.4942626953125,
    "model.layers.10.mlp.down_proj": 1225.94873046875,
    "model.layers.11.self_attn.q_proj": 1236.136962890625,
    "model.layers.11.self_attn.k_proj": 1230.1763916015625,
    "model.layers.11.self_attn.v_proj": 1254.98876953125,
    "model.layers.11.self_attn.o_proj": 1205.6904296875,
    "model.layers.11.mlp.gate_proj": 1226.7744140625,
    "model.layers.11.mlp.up_proj": 1217.85791015625,
    "model.layers.11.mlp.down_proj": 1217.5748291015625,
    "model.layers.12.self_attn.q_proj": 1221.602294921875,
    "model.layers.12.self_attn.k_proj": 1232.3858642578125,
    "model.layers.12.self_attn.v_proj": 1218.7001953125,
    "model.layers.12.self_attn.o_proj": 1232.6876220703125,
    "model.layers.12.mlp.gate_proj": 1226.16845703125,
    "model.layers.12.mlp.up_proj": 1232.1661376953125,
    "model.layers.12.mlp.down_proj": 1225.194091796875,
    "model.layers.13.self_attn.q_proj": 1236.9141845703125,
    "model.layers.13.self_attn.k_proj": 1227.596435546875,
    "model.layers.13.self_attn.v_proj": 1241.7540283203125,
    "model.layers.13.self_attn.o_proj": 1201.335205078125,
    "model.layers.13.mlp.gate_proj": 1236.84326171875,
    "model.layers.13.mlp.up_proj": 1223.93505859375,
    "model.layers.13.mlp.down_proj": 1225.189208984375,
    "model.layers.14.self_attn.q_proj": 1230.4967041015625,
    "model.layers.14.self_attn.k_proj": 1237.479248046875,
    "model.layers.14.self_attn.v_proj": 1239.9468994140625,
    "model.layers.14.self_attn.o_proj": 1220.4383544921875,
    "model.layers.14.mlp.gate_proj": 1235.462890625,
    "model.layers.14.mlp.up_proj": 1211.19580078125,
    "model.layers.14.mlp.down_proj": 1213.690673828125,
    "model.layers.15.self_attn.q_proj": 1216.268310546875,
    "model.layers.15.self_attn.k_proj": 1218.455322265625,
    "model.layers.15.self_attn.v_proj": 1234.85986328125,
    "model.layers.15.self_attn.o_proj": 1214.021484375,
    "model.layers.15.mlp.gate_proj": 1223.7979736328125,
    "model.layers.15.mlp.up_proj": 1222.008056640625,
    "model.layers.15.mlp.down_proj": 1245.4810791015625,
    "model.layers.16.self_attn.q_proj": 1216.925537109375,
    "model.layers.16.self_attn.k_proj": 1234.850830078125,
    "model.layers.16.self_attn.v_proj": 1239.116455078125,
    "model.layers.16.self_attn.o_proj": 1202.9322509765625,
    "model.layers.16.mlp.gate_proj": 1230.180419921875,
    "model.layers.16.mlp.up_proj": 1233.2071533203125,
    "model.layers.16.mlp.down_proj": 1217.4720458984375,
    "model.layers.17.self_attn.q_proj": 1212.3077392578125,
    "model.layers.17.self_attn.k_proj": 1217.5487060546875,
    "model.layers.17.self_attn.v_proj": 1245.8922119140625,
    "model.layers.17.self_attn.o_proj": 1237.537841796875,
    "model.layers.17.mlp.gate_proj": 1218.8966064453125,
    "model.layers.17.mlp.up_proj": 1216.4517822265625,
    "model.layers.17.mlp.down_proj": 1228.9742431640625,
    "model.layers.18.self_attn.q_proj": 1224.4718017578125,
    "model.layers.18.self_attn.k_proj": 1226.5914306640625,
    "model.layers.18.self_attn.v_proj": 1242.18359375,
    "model.layers.18.self_attn.o_proj": 1202.232177734375,
    "model.layers.18.mlp.gate_proj": 1231.2139892578125,
    "model.layers.18.mlp.up_proj": 1223.614990234375,
    "model.layers.18.mlp.down_proj": 1244.639404296875,
    "model.layers.19.self_attn.q_proj": 1232.3463134765625,
    "model.layers.19.self_attn.k_proj": 1235.331787109375,
    "model.layers.19.self_attn.v_proj": 1242.017822265625,
    "model.layers.19.self_attn.o_proj": 1228.3023681640625,
    "model.layers.19.mlp.gate_proj": 1245.1258544921875,
    "model.layers.19.mlp.up_proj": 1231.5628662109375,
    "model.layers.19.mlp.down_proj": 1238.5849609375,