{
    "model.layers.0.self_attn.q_proj": 1226.609619140625,
    "model.layers.0.self_attn.k_proj": 1226.609619140625,
    "model.layers.0.self_attn.v_proj": 1226.609619140625,
    "model.layers.0.self_attn.o_proj": 1224.9791259765625,
    "model.layers.0.mlp.gate_proj": 1222.9019775390625,
    "model.layers.0.mlp.up_proj": 1230.4638671875,
    "model.layers.0.mlp.down_proj": 1223.4256591796875,
    "model.layers.1.self_attn.q_proj": 1221.9278564453125,
    "model.layers.1.self_attn.k_proj": 1231.1318359375,
    "model.layers.1.self_attn.v_proj": 1233.6761474609375,
    "model.layers.1.self_attn.o_proj": 1220.861572265625,
    "model.layers.1.mlp.gate_proj": 1233.0177001953125,
    "model.layers.1.mlp.up_proj": 1229.1326904296875,
    "model.layers.1.mlp.down_proj": 1230.7559814453125,
    "model.layers.2.self_attn.q_proj": 1221.0015869140625,
    "model.layers.2.self_attn.k_proj": 1223.1787109375,
    "model.layers.2.self_attn.v_proj": 1236.226806640625,
    "model.layers.2.self_attn.o_proj": 1227.4857177734375,
    "model.layers.2.mlp.gate_proj": 1232.829833984375,
    "model.layers.2.mlp.up_proj": 1235.0687255859375,
    "model.layers.2.mlp.down_proj": 1228.59765625,
    "model.layers.3.self_attn.q_proj": 1215.35888671875,
    "model.layers.3.self_attn.k_proj": 1233.8651123046875,
    "model.layers.3.self_attn.v_proj": 1298.5133056640625,
    "model.layers.3.self_attn.o_proj": 1234.7906494140625,
    "model.layers.3.mlp.gate_proj": 1233.0830078125,
    "model.layers.3.mlp.up_proj": 1222.9375,
    "model.layers.3.mlp.down_proj": 1216.3551025390625,
    "model.layers.4.self_attn.q_proj": 1236.963134765625,
    "model.layers.4.self_attn.k_proj": 1247.131103515625,
    "model.layers.4.self_attn.v_proj": 1247.0853271484375,
    "model.layers.4.self_attn.o_proj": 1207.748779296875,
    "model.layers.4.mlp.gate_proj": 1212.056396484375,
    "model.layers.4.mlp.up_proj": 1234.6397705078125,
    "model.layers.4.mlp.down_proj": 1232.727294921875,
    "model.layers.5.self_attn.q_proj": 1235.34814453125,
    "model.layers.5.self_attn.k_proj": 1219.374755859375,
    "model.layers.5.self_attn.v_proj": 1254.4517822265625,
    "model.layers.5.self_attn.o_proj": 1217.14697265625,
    "model.layers.5.mlp.gate_proj": 1229.9847412109375,
    "model.layers.5.mlp.up_proj": 1229.9755859375,
    "model.layers.5.mlp.down_proj": 1240.5272216796875,
    "model.layers.6.self_attn.q_proj": 1226.96435546875,
    "model.layers.6.self_attn.k_proj": 1231.5517578125,
    "model.layers.6.self_attn.v_proj": 1253.47021484375,
    "model.layers.6.self_attn.o_proj": 1242.51611328125,
    "model.layers.6.mlp.gate_proj": 1219.3492431640625,
    "model.layers.6.mlp.up_proj": 1249.2257080078125,
    "model.layers.6.mlp.down_proj": 1225.3509521484375,
    "model.layers.7.self_attn.q_proj": 1232.3116455078125,
    "model.layers.7.self_attn.k_proj": 1242.2681884765625,
    "model.layers.7.self_attn.v_proj": 1256.177001953125,
    "model.layers.7.self_attn.o_proj": 1208.1529541015625,
    "model.layers.7.mlp.gate_proj": 1242.47802734375,
    "model.layers.7.mlp.up_proj": 1232.8638916015625,
    "model.layers.7.mlp.down_proj": 1216.91357421875,
    "model.layers.8.self_attn.q_proj": 1209.33544921875,
    "model.layers.8.self_attn.k_proj": 1237.0836181640625,
    "model.layers.8.self_attn.v_proj": 1263.534423828125,
    "model.layers.8.self_attn.o_proj": 1222.119384765625,
    "model.layers.8.mlp.gate_proj": 1219.6416015625,
    "model.layers.8.mlp.up_proj": 1243.743408203125,
    "model.layers.8.mlp.down_proj": 1239.5069580078125,
    "model.layers.9.self_attn.q_proj": 1242.571044921875,
    "model.layers.9.self_attn.k_proj": 1247.1798095703125,
    "model.layers.9.self_attn.v_proj": 1245.0335693359375,
    "model.layers.9.self_attn.o_proj": 1217.0850830078125,
    "model.layers.9.mlp.gate_proj": 1220.58740234375,
    "model.layers.9.mlp.up_proj": 1227.607666015625,
    "model.layers.9.mlp.down_proj": 1210.8558349609375,
    "model.layers.10.self_attn.q_proj": 1211.1427001953125,
    "model.layers.10.self_attn.k_proj": 1237.3194580078125,
    "model.layers.10.self_attn.v_proj": 1238.4281005859375,
    "model.layers.10.self_attn.o_proj": 1210.1656494140625,
    "model.layers.10.mlp.gate_proj": 1212.287353515625,
    "model.layers.10.mlp.up_proj": 1237.5908203125,
    "model.layers.10.mlp.down_proj": 1224.318603515625,
    "model.layers.11.self_attn.q_proj": 1237.3531494140625,
    "model.layers.11.self_attn.k_proj": 1230.9141845703125,
    "model.layers.11.self_attn.v_proj": 1266.7205810546875,
    "model.layers.11.self_attn.o_proj": 1198.060546875,
    "model.layers.11.mlp.gate_proj": 1224.2811279296875,
    "model.layers.11.mlp.up_proj": 1216.799560546875,
    "model.layers.11.mlp.down_proj": 1218.54443359375,
    "model.layers.12.self_attn.q_proj": 1220.60546875,
    "model.layers.12.self_attn.k_proj": 1226.90771484375,
    "model.layers.12.self_attn.v_proj": 1216.95654296875,
    "model.layers.12.self_attn.o_proj": 1231.817626953125,
    "model.layers.12.mlp.gate_proj": 1231.246337890625,
    "model.layers.12.mlp.up_proj": 1235.130126953125,
    "model.layers.12.mlp.down_proj": 1220.5660400390625,
    "model.layers.13.self_attn.q_proj": 1238.2293701171875,
    "model.layers.13.self_attn.k_proj": 1232.5682373046875,
    "model.layers.13.self_attn.v_proj": 1249.2735595703125,
    "model.layers.13.self_attn.o_proj": 1198.5068359375,
    "model.layers.13.mlp.gate_proj": 1237.0797119140625,
    "model.layers.13.mlp.up_proj": 1225.571533203125,
    "model.layers.13.mlp.down_proj": 1222.7098388671875,
    "model.layers.14.self_attn.q_proj": 1231.0614013671875,
    "model.layers.14.self_attn.k_proj": 1238.8267822265625,
    "model.layers.14.self_attn.v_proj": 1249.4996337890625,
    "model.layers.14.self_attn.o_proj": 1220.8768310546875,
    "model.layers.14.mlp.gate_proj": 1235.9969482421875,
    "model.layers.14.mlp.up_proj": 1209.314453125,
    "model.layers.14.mlp.down_proj": 1208.68017578125,
    "model.layers.15.self_attn.q_proj": 1212.5682373046875,
    "model.layers.15.self_attn.k_proj": 1213.6270751953125,
    "model.layers.15.self_attn.v_proj": 1248.464599609375,
    "model.layers.15.self_attn.o_proj": 1206.29150390625,
    "model.layers.15.mlp.gate_proj": 1223.9495849609375,
    "model.layers.15.mlp.up_proj": 1223.198974609375,
    "model.layers.15.mlp.down_proj": 1253.653564453125,
    "model.layers.16.self_attn.q_proj": 1215.0919189453125,
    "model.layers.16.self_attn.k_proj": 1238.117431640625,
    "model.layers.16.self_attn.v_proj": 1245.6536865234375,
    "model.layers.16.self_attn.o_proj": 1195.396728515625,
    "model.layers.16.mlp.gate_proj": 1228.929931640625,
    "model.layers.16.mlp.up_proj": 1235.3665771484375,
    "model.layers.16.mlp.down_proj": 1215.857421875,
    "model.layers.17.self_attn.q_proj": 1212.5849609375,
    "model.layers.17.self_attn.k_proj": 1211.8060302734375,
    "model.layers.17.self_attn.v_proj": 1252.0362548828125,
    "model.layers.17.self_attn.o_proj": 1235.18701171875,
    "model.layers.17.mlp.gate_proj": 1218.501708984375,
    "model.layers.17.mlp.up_proj": 1213.721435546875,
    "model.layers.17.mlp.down_proj": 1238.3275146484375,
    "model.layers.18.self_attn.q_proj": 1225.647705078125,
    "model.layers.18.self_attn.k_proj": 1225.2613525390625,
    "model.layers.18.self_attn.v_proj": 1244.8074951171875,
    "model.layers.18.self_attn.o_proj": 1191.3603515625,
    "model.layers.18.mlp.gate_proj": 1231.081298828125,
    "model.layers.18.mlp.up_proj": 1220.2874755859375,
    "model.layers.18.mlp.down_proj": 1244.2042236328125,
    "model.layers.19.self_attn.q_proj": 1232.2816162109375,
    "model.layers.19.self_attn.k_proj": 1235.7520751953125,
    "model.layers.19.self_attn.v_proj": 1252.9124755859375,
    "model.layers.19.self_attn.o_proj": 1227.561279296875,
    "model.layers.19.mlp.gate_proj": 1255.6888427734375,
    "model.layers.19.mlp.up_proj": 1232.6175537109375,
    "model.layers.19.mlp.down_proj": 1243.155029296875,