{
    "model.layers.0.self_attn.q_proj": 1226.0953369140625,
    "model.layers.0.self_attn.k_proj": 1226.0953369140625,
    "model.layers.0.self_attn.v_proj": 1226.0953369140625,
    "model.layers.0.self_attn.o_proj": 1224.537353515625,
    "model.layers.0.mlp.gate_proj": 1222.3973388671875,
    "model.layers.0.mlp.up_proj": 1229.9615478515625,
    "model.layers.0.mlp.down_proj": 1222.7952880859375,
    "model.layers.1.self_attn.q_proj": 1221.3212890625,
    "model.layers.1.self_attn.k_proj": 1230.592041015625,
    "model.layers.1.self_attn.v_proj": 1233.2001953125,
    "model.layers.1.self_attn.o_proj": 1218.5887451171875,
    "model.layers.1.mlp.gate_proj": 1233.3187255859375,
    "model.layers.1.mlp.up_proj": 1227.4345703125,
    "model.layers.1.mlp.down_proj": 1232.3653564453125,
    "model.layers.2.self_attn.q_proj": 1218.5977783203125,
    "model.layers.2.self_attn.k_proj": 1222.318115234375,
    "model.layers.2.self_attn.v_proj": 1248.458740234375,
    "model.layers.2.self_attn.o_proj": 1226.505859375,
    "model.layers.2.mlp.gate_proj": 1231.9342041015625,
    "model.layers.2.mlp.up_proj": 1230.93798828125,
    "model.layers.2.mlp.down_proj": 1224.2720947265625,
    "model.layers.3.self_attn.q_proj": 1213.0716552734375,
    "model.layers.3.self_attn.k_proj": 1233.37841796875,
    "model.layers.3.self_attn.v_proj": 1321.5679931640625,
    "model.layers.3.self_attn.o_proj": 1234.128662109375,
    "model.layers.3.mlp.gate_proj": 1233.204345703125,
    "model.layers.3.mlp.up_proj": 1221.31201171875,
    "model.layers.3.mlp.down_proj": 1220.1805419921875,
    "model.layers.4.self_attn.q_proj": 1238.463623046875,
    "model.layers.4.self_attn.k_proj": 1257.5601806640625,
    "model.layers.4.self_attn.v_proj": 1255.1259765625,
    "model.layers.4.self_attn.o_proj": 1203.5665283203125,
    "model.layers.4.mlp.gate_proj": 1212.1895751953125,
    "model.layers.4.mlp.up_proj": 1235.5328369140625,
    "model.layers.4.mlp.down_proj": 1241.2276611328125,
    "model.layers.5.self_attn.q_proj": 1235.8612060546875,
    "model.layers.5.self_attn.k_proj": 1218.3323974609375,
    "model.layers.5.self_attn.v_proj": 1265.1939697265625,
    "model.layers.5.self_attn.o_proj": 1214.4678955078125,
    "model.layers.5.mlp.gate_proj": 1232.263671875,
    "model.layers.5.mlp.up_proj": 1230.4271240234375,
    "model.layers.5.mlp.down_proj": 1240.13330078125,
    "model.layers.6.self_attn.q_proj": 1224.15234375,
    "model.layers.6.self_attn.k_proj": 1231.1639404296875,
    "model.layers.6.self_attn.v_proj": 1255.665283203125,
    "model.layers.6.self_attn.o_proj": 1234.34912109375,
    "model.layers.6.mlp.gate_proj": 1220.5960693359375,
    "model.layers.6.mlp.up_proj": 1245.2279052734375,
    "model.layers.6.mlp.down_proj": 1225.113037109375,
    "model.layers.7.self_attn.q_proj": 1232.0927734375,
    "model.layers.7.self_attn.k_proj": 1240.8392333984375,
    "model.layers.7.self_attn.v_proj": 1254.8590087890625,
    "model.layers.7.self_attn.o_proj": 1201.3729248046875,
    "model.layers.7.mlp.gate_proj": 1238.2333984375,
    "model.layers.7.mlp.up_proj": 1236.779052734375,
    "model.layers.7.mlp.down_proj": 1212.489990234375,
    "model.layers.8.self_attn.q_proj": 1204.2364501953125,
    "model.layers.8.self_attn.k_proj": 1236.008056640625,
    "model.layers.8.self_attn.v_proj": 1268.45947265625,
    "model.layers.8.self_attn.o_proj": 1218.06640625,
    "model.layers.8.mlp.gate_proj": 1214.4466552734375,
    "model.layers.8.mlp.up_proj": 1248.281005859375,
    "model.layers.8.mlp.down_proj": 1249.13427734375,
    "model.layers.9.self_attn.q_proj": 1244.2940673828125,
    "model.layers.9.self_attn.k_proj": 1254.153076171875,
    "model.layers.9.self_attn.v_proj": 1256.6639404296875,
    "model.layers.9.self_attn.o_proj": 1213.840087890625,
    "model.layers.9.mlp.gate_proj": 1220.346923828125,
    "model.layers.9.mlp.up_proj": 1227.7091064453125,
    "model.layers.9.mlp.down_proj": 1212.8946533203125,
    "model.layers.10.self_attn.q_proj": 1202.7054443359375,
    "model.layers.10.self_attn.k_proj": 1235.480712890625,
    "model.layers.10.self_attn.v_proj": 1237.859375,
    "model.layers.10.self_attn.o_proj": 1205.0501708984375,
    "model.layers.10.mlp.gate_proj": 1207.1544189453125,
    "model.layers.10.mlp.up_proj": 1241.4625244140625,
    "model.layers.10.mlp.down_proj": 1217.83154296875,
    "model.layers.11.self_attn.q_proj": 1237.4110107421875,
    "model.layers.11.self_attn.k_proj": 1234.4019775390625,
    "model.layers.11.self_attn.v_proj": 1272.0880126953125,
    "model.layers.11.self_attn.o_proj": 1198.5443115234375,
    "model.layers.11.mlp.gate_proj": 1218.3304443359375,
    "model.layers.11.mlp.up_proj": 1223.313232421875,
    "model.layers.11.mlp.down_proj": 1221.3675537109375,
    "model.layers.12.self_attn.q_proj": 1214.4512939453125,
    "model.layers.12.self_attn.k_proj": 1225.9627685546875,
    "model.layers.12.self_attn.v_proj": 1215.050537109375,
    "model.layers.12.self_attn.o_proj": 1226.2044677734375,
    "model.layers.12.mlp.gate_proj": 1231.79345703125,
    "model.layers.12.mlp.up_proj": 1238.5491943359375,
    "model.layers.12.mlp.down_proj": 1218.434814453125,
    "model.layers.13.self_attn.q_proj": 1240.1192626953125,
    "model.layers.13.self_attn.k_proj": 1235.36572265625,
    "model.layers.13.self_attn.v_proj": 1258.4725341796875,
    "model.layers.13.self_attn.o_proj": 1193.419189453125,
    "model.layers.13.mlp.gate_proj": 1234.5789794921875,
    "model.layers.13.mlp.up_proj": 1226.9542236328125,
    "model.layers.13.mlp.down_proj": 1218.76318359375,
    "model.layers.14.self_attn.q_proj": 1226.3985595703125,
    "model.layers.14.self_attn.k_proj": 1235.065185546875,
    "model.layers.14.self_attn.v_proj": 1254.125,
    "model.layers.14.self_attn.o_proj": 1221.4268798828125,
    "model.layers.14.mlp.gate_proj": 1236.3099365234375,
    "model.layers.14.mlp.up_proj": 1209.284423828125,
    "model.layers.14.mlp.down_proj": 1208.3060302734375,
    "model.layers.15.self_attn.q_proj": 1208.9056396484375,
    "model.layers.15.self_attn.k_proj": 1210.0982666015625,
    "model.layers.15.self_attn.v_proj": 1252.7066650390625,
    "model.layers.15.self_attn.o_proj": 1204.6165771484375,
    "model.layers.15.mlp.gate_proj": 1224.476318359375,
    "model.layers.15.mlp.up_proj": 1225.802001953125,
    "model.layers.15.mlp.down_proj": 1259.5576171875,
    "model.layers.16.self_attn.q_proj": 1215.153564453125,
    "model.layers.16.self_attn.k_proj": 1241.5582275390625,
    "model.layers.16.self_attn.v_proj": 1252.373779296875,
    "model.layers.16.self_attn.o_proj": 1192.3648681640625,
    "model.layers.16.mlp.gate_proj": 1223.762451171875,
    "model.layers.16.mlp.up_proj": 1239.1009521484375,
    "model.layers.16.mlp.down_proj": 1214.974853515625,
    "model.layers.17.self_attn.q_proj": 1211.3199462890625,
    "model.layers.17.self_attn.k_proj": 1211.7496337890625,
    "model.layers.17.self_attn.v_proj": 1261.0811767578125,
    "model.layers.17.self_attn.o_proj": 1232.843994140625,
    "model.layers.17.mlp.gate_proj": 1218.29052734375,
    "model.layers.17.mlp.up_proj": 1211.890869140625,
    "model.layers.17.mlp.down_proj": 1241.825927734375,
    "model.layers.18.self_attn.q_proj": 1225.1776123046875,
    "model.layers.18.self_attn.k_proj": 1224.58837890625,
    "model.layers.18.self_attn.v_proj": 1243.2852783203125,
    "model.layers.18.self_attn.o_proj": 1184.88671875,
    "model.layers.18.mlp.gate_proj": 1232.4390869140625,
    "model.layers.18.mlp.up_proj": 1218.02783203125,
    "model.layers.18.mlp.down_proj": 1243.3193359375,
    "model.layers.19.self_attn.q_proj": 1234.4639892578125,
    "model.layers.19.self_attn.k_proj": 1234.1856689453125,
    "model.layers.19.self_attn.v_proj": 1265.1168212890625,
    "model.layers.19.self_attn.o_proj": 1226.2919921875,
    "model.layers.19.mlp.gate_proj": 1260.7333984375,
    "model.layers.19.mlp.up_proj": 1235.0843505859375,
    "model.layers.19.mlp.down_proj": 1246.8685302734375,