{
    "model.layers.0.self_attn.q_proj": 1224.7564697265625,
    "model.layers.0.self_attn.k_proj": 1224.7564697265625,
    "model.layers.0.self_attn.v_proj": 1224.7564697265625,
    "model.layers.0.self_attn.o_proj": 1223.2540283203125,
    "model.layers.0.mlp.gate_proj": 1221.0311279296875,
    "model.layers.0.mlp.up_proj": 1228.607421875,
    "model.layers.0.mlp.down_proj": 1221.39306640625,
    "model.layers.1.self_attn.q_proj": 1219.928955078125,
    "model.layers.1.self_attn.k_proj": 1229.26416015625,
    "model.layers.1.self_attn.v_proj": 1232.069091796875,
    "model.layers.1.self_attn.o_proj": 1218.5960693359375,
    "model.layers.1.mlp.gate_proj": 1232.410888671875,
    "model.layers.1.mlp.up_proj": 1225.59033203125,
    "model.layers.1.mlp.down_proj": 1227.9195556640625,
    "model.layers.2.self_attn.q_proj": 1217.219482421875,
    "model.layers.2.self_attn.k_proj": 1220.3662109375,
    "model.layers.2.self_attn.v_proj": 1275.6688232421875,
    "model.layers.2.self_attn.o_proj": 1221.7794189453125,
    "model.layers.2.mlp.gate_proj": 1231.2947998046875,
    "model.layers.2.mlp.up_proj": 1223.4329833984375,
    "model.layers.2.mlp.down_proj": 1211.1033935546875,
    "model.layers.3.self_attn.q_proj": 1204.3211669921875,
    "model.layers.3.self_attn.k_proj": 1231.533935546875,
    "model.layers.3.self_attn.v_proj": 1368.4971923828125,
    "model.layers.3.self_attn.o_proj": 1238.2987060546875,
    "model.layers.3.mlp.gate_proj": 1238.331787109375,
    "model.layers.3.mlp.up_proj": 1217.0362548828125,
    "model.layers.3.mlp.down_proj": 1223.3507080078125,
    "model.layers.4.self_attn.q_proj": 1247.715087890625,
    "model.layers.4.self_attn.k_proj": 1265.2408447265625,
    "model.layers.4.self_attn.v_proj": 1280.665771484375,
    "model.layers.4.self_attn.o_proj": 1189.7720947265625,
    "model.layers.4.mlp.gate_proj": 1209.2198486328125,
    "model.layers.4.mlp.up_proj": 1229.46240234375,
    "model.layers.4.mlp.down_proj": 1253.958740234375,
    "model.layers.5.self_attn.q_proj": 1240.4296875,
    "model.layers.5.self_attn.k_proj": 1211.994873046875,
    "model.layers.5.self_attn.v_proj": 1268.4901123046875,
    "model.layers.5.self_attn.o_proj": 1208.6356201171875,
    "model.layers.5.mlp.gate_proj": 1233.1796875,
    "model.layers.5.mlp.up_proj": 1236.033447265625,
    "model.layers.5.mlp.down_proj": 1238.903076171875,
    "model.layers.6.self_attn.q_proj": 1208.495361328125,
    "model.layers.6.self_attn.k_proj": 1231.24267578125,
    "model.layers.6.self_attn.v_proj": 1262.834228515625,
    "model.layers.6.self_attn.o_proj": 1233.2593994140625,
    "model.layers.6.mlp.gate_proj": 1234.9132080078125,
    "model.layers.6.mlp.up_proj": 1232.3621826171875,
    "model.layers.6.mlp.down_proj": 1223.499267578125,
    "model.layers.7.self_attn.q_proj": 1231.0880126953125,
    "model.layers.7.self_attn.k_proj": 1230.884033203125,
    "model.layers.7.self_attn.v_proj": 1258.4913330078125,
    "model.layers.7.self_attn.o_proj": 1180.9998779296875,
    "model.layers.7.mlp.gate_proj": 1234.4210205078125,
    "model.layers.7.mlp.up_proj": 1243.7052001953125,
    "model.layers.7.mlp.down_proj": 1199.6612548828125,
    "model.layers.8.self_attn.q_proj": 1196.2535400390625,
    "model.layers.8.self_attn.k_proj": 1235.6922607421875,
    "model.layers.8.self_attn.v_proj": 1289.41650390625,
    "model.layers.8.self_attn.o_proj": 1230.26953125,
    "model.layers.8.mlp.gate_proj": 1214.3626708984375,
    "model.layers.8.mlp.up_proj": 1227.9447021484375,
    "model.layers.8.mlp.down_proj": 1250.98388671875,
    "model.layers.9.self_attn.q_proj": 1232.60498046875,
    "model.layers.9.self_attn.k_proj": 1265.135009765625,
    "model.layers.9.self_attn.v_proj": 1278.449462890625,
    "model.layers.9.self_attn.o_proj": 1217.8009033203125,
    "model.layers.9.mlp.gate_proj": 1224.041748046875,
    "model.layers.9.mlp.up_proj": 1224.0501708984375,
    "model.layers.9.mlp.down_proj": 1197.2252197265625,
    "model.layers.10.self_attn.q_proj": 1187.002685546875,
    "model.layers.10.self_attn.k_proj": 1231.98876953125,
    "model.layers.10.self_attn.v_proj": 1237.5499267578125,
    "model.layers.10.self_attn.o_proj": 1178.6978759765625,
    "model.layers.10.mlp.gate_proj": 1213.5194091796875,
    "model.layers.10.mlp.up_proj": 1244.233642578125,
    "model.layers.10.mlp.down_proj": 1195.9114990234375,
    "model.layers.11.self_attn.q_proj": 1235.49609375,
    "model.layers.11.self_attn.k_proj": 1239.3896484375,
    "model.layers.11.self_attn.v_proj": 1273.76953125,
    "model.layers.11.self_attn.o_proj": 1176.4835205078125,
    "model.layers.11.mlp.gate_proj": 1218.053466796875,
    "model.layers.11.mlp.up_proj": 1229.29541015625,
    "model.layers.11.mlp.down_proj": 1233.04833984375,
    "model.layers.12.self_attn.q_proj": 1230.0594482421875,
    "model.layers.12.self_attn.k_proj": 1220.236572265625,
    "model.layers.12.self_attn.v_proj": 1236.5963134765625,
    "model.layers.12.self_attn.o_proj": 1209.7486572265625,
    "model.layers.12.mlp.gate_proj": 1223.544677734375,
    "model.layers.12.mlp.up_proj": 1244.576904296875,
    "model.layers.12.mlp.down_proj": 1217.60986328125,
    "model.layers.13.self_attn.q_proj": 1248.8629150390625,
    "model.layers.13.self_attn.k_proj": 1236.7935791015625,
    "model.layers.13.self_attn.v_proj": 1262.2171630859375,
    "model.layers.13.self_attn.o_proj": 1167.0721435546875,
    "model.layers.13.mlp.gate_proj": 1228.6043701171875,
    "model.layers.13.mlp.up_proj": 1229.18408203125,
    "model.layers.13.mlp.down_proj": 1222.2470703125,
    "model.layers.14.self_attn.q_proj": 1221.1102294921875,
    "model.layers.14.self_attn.k_proj": 1222.8851318359375,
    "model.layers.14.self_attn.v_proj": 1243.9588623046875,
    "model.layers.14.self_attn.o_proj": 1219.5836181640625,
    "model.layers.14.mlp.gate_proj": 1250.4432373046875,
    "model.layers.14.mlp.up_proj": 1202.1766357421875,
    "model.layers.14.mlp.down_proj": 1198.6220703125,
    "model.layers.15.self_attn.q_proj": 1206.76513671875,
    "model.layers.15.self_attn.k_proj": 1206.5159912109375,
    "model.layers.15.self_attn.v_proj": 1272.212890625,
    "model.layers.15.self_attn.o_proj": 1197.8580322265625,
    "model.layers.15.mlp.gate_proj": 1224.645751953125,
    "model.layers.15.mlp.up_proj": 1225.544189453125,
    "model.layers.15.mlp.down_proj": 1251.0504150390625,
    "model.layers.16.self_attn.q_proj": 1207.417236328125,
    "model.layers.16.self_attn.k_proj": 1246.1038818359375,
    "model.layers.16.self_attn.v_proj": 1272.1239013671875,
    "model.layers.16.self_attn.o_proj": 1173.804443359375,
    "model.layers.16.mlp.gate_proj": 1219.1661376953125,
    "model.layers.16.mlp.up_proj": 1262.8138427734375,
    "model.layers.16.mlp.down_proj": 1213.75390625,
    "model.layers.17.self_attn.q_proj": 1208.6121826171875,
    "model.layers.17.self_attn.k_proj": 1211.576171875,
    "model.layers.17.self_attn.v_proj": 1241.5584716796875,
    "model.layers.17.self_attn.o_proj": 1238.1885986328125,
    "model.layers.17.mlp.gate_proj": 1215.971923828125,
    "model.layers.17.mlp.up_proj": 1200.9735107421875,
    "model.layers.17.mlp.down_proj": 1233.862060546875,
    "model.layers.18.self_attn.q_proj": 1214.9764404296875,
    "model.layers.18.self_attn.k_proj": 1226.2847900390625,
    "model.layers.18.self_attn.v_proj": 1235.2916259765625,
    "model.layers.18.self_attn.o_proj": 1159.7427978515625,
    "model.layers.18.mlp.gate_proj": 1233.945068359375,
    "model.layers.18.mlp.up_proj": 1212.11083984375,
    "model.layers.18.mlp.down_proj": 1236.941650390625,
    "model.layers.19.self_attn.q_proj": 1240.885009765625,
    "model.layers.19.self_attn.k_proj": 1224.5728759765625,
    "model.layers.19.self_attn.v_proj": 1265.0882568359375,
    "model.layers.19.self_attn.o_proj": 1217.46533203125,
    "model.layers.19.mlp.gate_proj": 1274.6748046875,
    "model.layers.19.mlp.up_proj": 1253.46826171875,
    "model.layers.19.mlp.down_proj": 1249.609375,