{
    "model.layers.0.self_attn.q_proj": 1223.823486328125,
    "model.layers.0.self_attn.k_proj": 1223.823486328125,
    "model.layers.0.self_attn.v_proj": 1223.823486328125,
    "model.layers.0.self_attn.o_proj": 1222.3343505859375,
    "model.layers.0.mlp.gate_proj": 1220.075927734375,
    "model.layers.0.mlp.up_proj": 1227.6630859375,
    "model.layers.0.mlp.down_proj": 1220.4039306640625,
    "model.layers.1.self_attn.q_proj": 1219.135498046875,
    "model.layers.1.self_attn.k_proj": 1228.369873046875,
    "model.layers.1.self_attn.v_proj": 1230.666748046875,
    "model.layers.1.self_attn.o_proj": 1219.4066162109375,
    "model.layers.1.mlp.gate_proj": 1231.437744140625,
    "model.layers.1.mlp.up_proj": 1224.173095703125,
    "model.layers.1.mlp.down_proj": 1228.21484375,
    "model.layers.2.self_attn.q_proj": 1216.59033203125,
    "model.layers.2.self_attn.k_proj": 1219.0621337890625,
    "model.layers.2.self_attn.v_proj": 1292.3597412109375,
    "model.layers.2.self_attn.o_proj": 1218.8817138671875,
    "model.layers.2.mlp.gate_proj": 1228.017333984375,
    "model.layers.2.mlp.up_proj": 1219.4593505859375,
    "model.layers.2.mlp.down_proj": 1216.80615234375,
    "model.layers.3.self_attn.q_proj": 1201.1651611328125,
    "model.layers.3.self_attn.k_proj": 1230.194091796875,
    "model.layers.3.self_attn.v_proj": 1387.728759765625,
    "model.layers.3.self_attn.o_proj": 1240.0023193359375,
    "model.layers.3.mlp.gate_proj": 1239.076904296875,
    "model.layers.3.mlp.up_proj": 1217.5079345703125,
    "model.layers.3.mlp.down_proj": 1220.771728515625,
    "model.layers.4.self_attn.q_proj": 1257.014404296875,
    "model.layers.4.self_attn.k_proj": 1263.2115478515625,
    "model.layers.4.self_attn.v_proj": 1293.4205322265625,
    "model.layers.4.self_attn.o_proj": 1191.7197265625,
    "model.layers.4.mlp.gate_proj": 1205.1636962890625,
    "model.layers.4.mlp.up_proj": 1226.025390625,
    "model.layers.4.mlp.down_proj": 1255.9490966796875,
    "model.layers.5.self_attn.q_proj": 1242.879638671875,
    "model.layers.5.self_attn.k_proj": 1203.3988037109375,
    "model.layers.5.self_attn.v_proj": 1272.4754638671875,
    "model.layers.5.self_attn.o_proj": 1211.6162109375,
    "model.layers.5.mlp.gate_proj": 1233.697021484375,
    "model.layers.5.mlp.up_proj": 1230.9532470703125,
    "model.layers.5.mlp.down_proj": 1233.56884765625,
    "model.layers.6.self_attn.q_proj": 1205.878662109375,
    "model.layers.6.self_attn.k_proj": 1231.677001953125,
    "model.layers.6.self_attn.v_proj": 1273.133056640625,
    "model.layers.6.self_attn.o_proj": 1233.53857421875,
    "model.layers.6.mlp.gate_proj": 1244.211669921875,
    "model.layers.6.mlp.up_proj": 1227.4281005859375,
    "model.layers.6.mlp.down_proj": 1217.7813720703125,
    "model.layers.7.self_attn.q_proj": 1230.266845703125,
    "model.layers.7.self_attn.k_proj": 1232.1240234375,
    "model.layers.7.self_attn.v_proj": 1270.70751953125,
    "model.layers.7.self_attn.o_proj": 1176.3486328125,
    "model.layers.7.mlp.gate_proj": 1236.146240234375,
    "model.layers.7.mlp.up_proj": 1245.9459228515625,
    "model.layers.7.mlp.down_proj": 1192.4132080078125,
    "model.layers.8.self_attn.q_proj": 1192.6728515625,
    "model.layers.8.self_attn.k_proj": 1239.7823486328125,
    "model.layers.8.self_attn.v_proj": 1306.5955810546875,
    "model.layers.8.self_attn.o_proj": 1230.432861328125,
    "model.layers.8.mlp.gate_proj": 1212.7933349609375,
    "model.layers.8.mlp.up_proj": 1219.09521484375,
    "model.layers.8.mlp.down_proj": 1249.8726806640625,
    "model.layers.9.self_attn.q_proj": 1230.5806884765625,
    "model.layers.9.self_attn.k_proj": 1273.217041015625,
    "model.layers.9.self_attn.v_proj": 1284.27197265625,
    "model.layers.9.self_attn.o_proj": 1220.691162109375,
    "model.layers.9.mlp.gate_proj": 1228.167724609375,
    "model.layers.9.mlp.up_proj": 1232.1312255859375,
    "model.layers.9.mlp.down_proj": 1190.0615234375,
    "model.layers.10.self_attn.q_proj": 1183.4735107421875,
    "model.layers.10.self_attn.k_proj": 1231.617431640625,
    "model.layers.10.self_attn.v_proj": 1231.4989013671875,
    "model.layers.10.self_attn.o_proj": 1169.875244140625,
    "model.layers.10.mlp.gate_proj": 1218.2850341796875,
    "model.layers.10.mlp.up_proj": 1242.4591064453125,
    "model.layers.10.mlp.down_proj": 1191.844482421875,
    "model.layers.11.self_attn.q_proj": 1238.5810546875,
    "model.layers.11.self_attn.k_proj": 1236.4237060546875,
    "model.layers.11.self_attn.v_proj": 1269.715087890625,
    "model.layers.11.self_attn.o_proj": 1170.8065185546875,
    "model.layers.11.mlp.gate_proj": 1219.1114501953125,
    "model.layers.11.mlp.up_proj": 1231.96044921875,
    "model.layers.11.mlp.down_proj": 1235.5474853515625,
    "model.layers.12.self_attn.q_proj": 1235.4454345703125,
    "model.layers.12.self_attn.k_proj": 1218.35546875,
    "model.layers.12.self_attn.v_proj": 1239.09716796875,
    "model.layers.12.self_attn.o_proj": 1205.8427734375,
    "model.layers.12.mlp.gate_proj": 1220.2147216796875,
    "model.layers.12.mlp.up_proj": 1246.308837890625,
    "model.layers.12.mlp.down_proj": 1212.3157958984375,
    "model.layers.13.self_attn.q_proj": 1250.664794921875,
    "model.layers.13.self_attn.k_proj": 1238.7977294921875,
    "model.layers.13.self_attn.v_proj": 1267.220947265625,
    "model.layers.13.self_attn.o_proj": 1158.14013671875,
    "model.layers.13.mlp.gate_proj": 1227.814208984375,
    "model.layers.13.mlp.up_proj": 1229.995361328125,
    "model.layers.13.mlp.down_proj": 1216.5416259765625,
    "model.layers.14.self_attn.q_proj": 1216.617919921875,
    "model.layers.14.self_attn.k_proj": 1216.6236572265625,
    "model.layers.14.self_attn.v_proj": 1239.5782470703125,
    "model.layers.14.self_attn.o_proj": 1220.8284912109375,
    "model.layers.14.mlp.gate_proj": 1252.674072265625,
    "model.layers.14.mlp.up_proj": 1201.5159912109375,
    "model.layers.14.mlp.down_proj": 1193.90478515625,
    "model.layers.15.self_attn.q_proj": 1205.279296875,
    "model.layers.15.self_attn.k_proj": 1204.0177001953125,
    "model.layers.15.self_attn.v_proj": 1277.4361572265625,
    "model.layers.15.self_attn.o_proj": 1195.29736328125,
    "model.layers.15.mlp.gate_proj": 1223.3995361328125,
    "model.layers.15.mlp.up_proj": 1225.1248779296875,
    "model.layers.15.mlp.down_proj": 1248.3875732421875,
    "model.layers.16.self_attn.q_proj": 1201.883056640625,
    "model.layers.16.self_attn.k_proj": 1251.5738525390625,
    "model.layers.16.self_attn.v_proj": 1283.0704345703125,
    "model.layers.16.self_attn.o_proj": 1165.1866455078125,
    "model.layers.16.mlp.gate_proj": 1218.5657958984375,
    "model.layers.16.mlp.up_proj": 1267.0765380859375,
    "model.layers.16.mlp.down_proj": 1209.843994140625,
    "model.layers.17.self_attn.q_proj": 1208.7960205078125,
    "model.layers.17.self_attn.k_proj": 1209.2620849609375,
    "model.layers.17.self_attn.v_proj": 1235.3046875,
    "model.layers.17.self_attn.o_proj": 1236.1690673828125,
    "model.layers.17.mlp.gate_proj": 1212.6314697265625,
    "model.layers.17.mlp.up_proj": 1201.0179443359375,
    "model.layers.17.mlp.down_proj": 1228.11181640625,
    "model.layers.18.self_attn.q_proj": 1206.34521484375,
    "model.layers.18.self_attn.k_proj": 1227.119384765625,
    "model.layers.18.self_attn.v_proj": 1234.0765380859375,
    "model.layers.18.self_attn.o_proj": 1147.3077392578125,
    "model.layers.18.mlp.gate_proj": 1233.6033935546875,
    "model.layers.18.mlp.up_proj": 1207.7418212890625,
    "model.layers.18.mlp.down_proj": 1233.3145751953125,
    "model.layers.19.self_attn.q_proj": 1242.1917724609375,
    "model.layers.19.self_attn.k_proj": 1226.19873046875,
    "model.layers.19.self_attn.v_proj": 1262.042724609375,
    "model.layers.19.self_attn.o_proj": 1212.6767578125,
    "model.layers.19.mlp.gate_proj": 1279.3760986328125,
    "model.layers.19.mlp.up_proj": 1259.1441650390625,
    "model.layers.19.mlp.down_proj": 1252.9951171875,