{
    "model.layers.0.self_attn.q_proj": 1637.8492431640625,
    "model.layers.0.self_attn.k_proj": 1637.8492431640625,
    "model.layers.0.self_attn.v_proj": 1637.8492431640625,
    "model.layers.0.self_attn.o_proj": 1637.7869873046875,
    "model.layers.0.mlp.gate_proj": 1637.825439453125,
    "model.layers.0.mlp.up_proj": 1637.867919921875,
    "model.layers.0.mlp.down_proj": 1637.5400390625,
    "model.layers.1.self_attn.q_proj": 1637.9195556640625,
    "model.layers.1.self_attn.k_proj": 1637.835205078125,
    "model.layers.1.self_attn.v_proj": 1638.419921875,
    "model.layers.1.self_attn.o_proj": 1637.724609375,
    "model.layers.1.mlp.gate_proj": 1637.9256591796875,
    "model.layers.1.mlp.up_proj": 1640.947998046875,
    "model.layers.1.mlp.down_proj": 1647.4344482421875,
    "model.layers.2.self_attn.q_proj": 1635.3248291015625,
    "model.layers.2.self_attn.k_proj": 1639.6800537109375,
    "model.layers.2.self_attn.v_proj": 1655.0330810546875,
    "model.layers.2.self_attn.o_proj": 1637.2330322265625,
    "model.layers.2.mlp.gate_proj": 1630.3572998046875,
    "model.layers.2.mlp.up_proj": 1636.5023193359375,
    "model.layers.2.mlp.down_proj": 1599.7666015625,
    "model.layers.3.self_attn.q_proj": 1637.9744873046875,
    "model.layers.3.self_attn.k_proj": 1633.701416015625,
    "model.layers.3.self_attn.v_proj": 1684.06689453125,
    "model.layers.3.self_attn.o_proj": 1632.7218017578125,
    "model.layers.3.mlp.gate_proj": 1642.6767578125,
    "model.layers.3.mlp.up_proj": 1645.658935546875,
    "model.layers.3.mlp.down_proj": 1649.711669921875,
    "model.layers.4.self_attn.q_proj": 1643.147705078125,
    "model.layers.4.self_attn.k_proj": 1636.5360107421875,
    "model.layers.4.self_attn.v_proj": 1677.3607177734375,
    "model.layers.4.self_attn.o_proj": 1636.34912109375,
    "model.layers.4.mlp.gate_proj": 1624.26708984375,
    "model.layers.4.mlp.up_proj": 1627.4002685546875,
    "model.layers.4.mlp.down_proj": 1637.9185791015625,
    "model.layers.5.self_attn.q_proj": 1644.645263671875,
    "model.layers.5.self_attn.k_proj": 1631.44580078125,
    "model.layers.5.self_attn.v_proj": 1681.52197265625,
    "model.layers.5.self_attn.o_proj": 1642.552490234375,
    "model.layers.5.mlp.gate_proj": 1631.1461181640625,
    "model.layers.5.mlp.up_proj": 1618.2706298828125,
    "model.layers.5.mlp.down_proj": 1621.578369140625,
    "model.layers.6.self_attn.q_proj": 1640.20263671875,
    "model.layers.6.self_attn.k_proj": 1640.719482421875,
    "model.layers.6.self_attn.v_proj": 1674.5108642578125,
    "model.layers.6.self_attn.o_proj": 1634.1939697265625,
    "model.layers.6.mlp.gate_proj": 1621.336181640625,
    "model.layers.6.mlp.up_proj": 1646.182861328125,
    "model.layers.6.mlp.down_proj": 1630.7659912109375,
    "model.layers.7.self_attn.q_proj": 1634.451171875,
    "model.layers.7.self_attn.k_proj": 1651.007568359375,
    "model.layers.7.self_attn.v_proj": 1667.5970458984375,
    "model.layers.7.self_attn.o_proj": 1613.89794921875,
    "model.layers.7.mlp.gate_proj": 1642.4412841796875,
    "model.layers.7.mlp.up_proj": 1635.1739501953125,
    "model.layers.7.mlp.down_proj": 1629.748046875,
    "model.layers.8.self_attn.q_proj": 1651.0858154296875,
    "model.layers.8.self_attn.k_proj": 1658.4002685546875,
    "model.layers.8.self_attn.v_proj": 1676.958740234375,
    "model.layers.8.self_attn.o_proj": 1627.9544677734375,
    "model.layers.8.mlp.gate_proj": 1643.0150146484375,
    "model.layers.8.mlp.up_proj": 1634.002685546875,
    "model.layers.8.mlp.down_proj": 1619.73486328125,
    "model.layers.9.self_attn.q_proj": 1634.68115234375,
    "model.layers.9.self_attn.k_proj": 1662.54638671875,
    "model.layers.9.self_attn.v_proj": 1681.6563720703125,
    "model.layers.9.self_attn.o_proj": 1620.68310546875,
    "model.layers.9.mlp.gate_proj": 1629.9656982421875,
    "model.layers.9.mlp.up_proj": 1653.38427734375,
    "model.layers.9.mlp.down_proj": 1634.346435546875,
    "model.layers.10.self_attn.q_proj": 1636.64306640625,
    "model.layers.10.self_attn.k_proj": 1650.0848388671875,
    "model.layers.10.self_attn.v_proj": 1670.41162109375,
    "model.layers.10.self_attn.o_proj": 1630.2734375,
    "model.layers.10.mlp.gate_proj": 1629.71533203125,
    "model.layers.10.mlp.up_proj": 1627.076416015625,
    "model.layers.10.mlp.down_proj": 1607.1824951171875,
    "model.layers.11.self_attn.q_proj": 1645.4332275390625,
    "model.layers.11.self_attn.k_proj": 1643.0423583984375,
    "model.layers.11.self_attn.v_proj": 1661.1319580078125,
    "model.layers.11.self_attn.o_proj": 1628.310302734375,
    "model.layers.11.mlp.gate_proj": 1656.66845703125,
    "model.layers.11.mlp.up_proj": 1624.4112548828125,
    "model.layers.11.mlp.down_proj": 1645.30908203125,
    "model.layers.12.self_attn.q_proj": 1628.81884765625,
    "model.layers.12.self_attn.k_proj": 1643.0338134765625,
    "model.layers.12.self_attn.v_proj": 1677.4049072265625,
    "model.layers.12.self_attn.o_proj": 1625.5394287109375,
    "model.layers.12.mlp.gate_proj": 1639.374755859375,
    "model.layers.12.mlp.up_proj": 1655.1595458984375,
    "model.layers.12.mlp.down_proj": 1618.5009765625,
    "model.layers.13.self_attn.q_proj": 1640.815185546875,
    "model.layers.13.self_attn.k_proj": 1626.4359130859375,
    "model.layers.13.self_attn.v_proj": 1673.8643798828125,
    "model.layers.13.self_attn.o_proj": 1630.932373046875,
    "model.layers.13.mlp.gate_proj": 1651.4063720703125,
    "model.layers.13.mlp.up_proj": 1636.862548828125,
    "model.layers.13.mlp.down_proj": 1630.981689453125,
    "model.layers.14.self_attn.q_proj": 1649.577880859375,
    "model.layers.14.self_attn.k_proj": 1639.457275390625,
    "model.layers.14.self_attn.v_proj": 1663.647705078125,
    "model.layers.14.self_attn.o_proj": 1627.6695556640625,
    "model.layers.14.mlp.gate_proj": 1623.1402587890625,
    "model.layers.14.mlp.up_proj": 1642.765380859375,
    "model.layers.14.mlp.down_proj": 1627.082763671875,
    "model.layers.15.self_attn.q_proj": 1639.52392578125,
    "model.layers.15.self_attn.k_proj": 1654.665771484375,
    "model.layers.15.self_attn.v_proj": 1672.637939453125,
    "model.layers.15.self_attn.o_proj": 1633.9034423828125,
    "model.layers.15.mlp.gate_proj": 1628.4041748046875,
    "model.layers.15.mlp.up_proj": 1634.44189453125,
    "model.layers.15.mlp.down_proj": 1640.803466796875,
    "model.layers.16.self_attn.q_proj": 1652.4609375,
    "model.layers.16.self_attn.k_proj": 1641.7607421875,
    "model.layers.16.self_attn.v_proj": 1683.8094482421875,
    "model.layers.16.self_attn.o_proj": 1632.636474609375,
    "model.layers.16.mlp.gate_proj": 1612.9443359375,
    "model.layers.16.mlp.up_proj": 1630.441162109375,
    "model.layers.16.mlp.down_proj": 1627.6627197265625,
    "model.layers.17.self_attn.q_proj": 1639.5579833984375,
    "model.layers.17.self_attn.k_proj": 1658.2012939453125,
    "model.layers.17.self_attn.v_proj": 1672.144775390625,
    "model.layers.17.self_attn.o_proj": 1630.960693359375,
    "model.layers.17.mlp.gate_proj": 1636.75048828125,
    "model.layers.17.mlp.up_proj": 1629.183349609375,
    "model.layers.17.mlp.down_proj": 1631.64404296875,
    "model.layers.18.self_attn.q_proj": 1640.122314453125,
    "model.layers.18.self_attn.k_proj": 1639.857177734375,
    "model.layers.18.self_attn.v_proj": 1678.9635009765625,
    "model.layers.18.self_attn.o_proj": 1625.96875,
    "model.layers.18.mlp.gate_proj": 1639.0242919921875,
    "model.layers.18.mlp.up_proj": 1634.052490234375,
    "model.layers.18.mlp.down_proj": 1628.4200439453125,
    "model.layers.19.self_attn.q_proj": 1645.29150390625,
    "model.layers.19.self_attn.k_proj": 1632.4610595703125,
    "model.layers.19.self_attn.v_proj": 1651.1591796875,
    "model.layers.19.self_attn.o_proj": 1639.9033203125,
    "model.layers.19.mlp.gate_proj": 1632.3936767578125,
    "model.layers.19.mlp.up_proj": 1631.326416015625,
    "model.layers.19.mlp.down_proj": 1630.1427001953125,