{
    "model.layers.0.self_attn.q_proj": 1634.245361328125,
    "model.layers.0.self_attn.k_proj": 1634.245361328125,
    "model.layers.0.self_attn.v_proj": 1634.245361328125,
    "model.layers.0.self_attn.o_proj": 1634.2137451171875,
    "model.layers.0.mlp.gate_proj": 1634.2437744140625,
    "model.layers.0.mlp.up_proj": 1634.2501220703125,
    "model.layers.0.mlp.down_proj": 1634.6656494140625,
    "model.layers.1.self_attn.q_proj": 1634.2586669921875,
    "model.layers.1.self_attn.k_proj": 1634.240966796875,
    "model.layers.1.self_attn.v_proj": 1633.989013671875,
    "model.layers.1.self_attn.o_proj": 1634.7547607421875,
    "model.layers.1.mlp.gate_proj": 1634.4610595703125,
    "model.layers.1.mlp.up_proj": 1634.81396484375,
    "model.layers.1.mlp.down_proj": 1636.9957275390625,
    "model.layers.2.self_attn.q_proj": 1633.5556640625,
    "model.layers.2.self_attn.k_proj": 1634.3480224609375,
    "model.layers.2.self_attn.v_proj": 1640.690185546875,
    "model.layers.2.self_attn.o_proj": 1634.4373779296875,
    "model.layers.2.mlp.gate_proj": 1632.4613037109375,
    "model.layers.2.mlp.up_proj": 1634.221435546875,
    "model.layers.2.mlp.down_proj": 1630.0419921875,
    "model.layers.3.self_attn.q_proj": 1634.7557373046875,
    "model.layers.3.self_attn.k_proj": 1631.909912109375,
    "model.layers.3.self_attn.v_proj": 1655.7310791015625,
    "model.layers.3.self_attn.o_proj": 1631.4290771484375,
    "model.layers.3.mlp.gate_proj": 1635.367431640625,
    "model.layers.3.mlp.up_proj": 1634.8419189453125,
    "model.layers.3.mlp.down_proj": 1637.0628662109375,
    "model.layers.4.self_attn.q_proj": 1636.2181396484375,
    "model.layers.4.self_attn.k_proj": 1636.650146484375,
    "model.layers.4.self_attn.v_proj": 1643.131103515625,
    "model.layers.4.self_attn.o_proj": 1634.0228271484375,
    "model.layers.4.mlp.gate_proj": 1634.988037109375,
    "model.layers.4.mlp.up_proj": 1631.74072265625,
    "model.layers.4.mlp.down_proj": 1643.8048095703125,
    "model.layers.5.self_attn.q_proj": 1634.89306640625,
    "model.layers.5.self_attn.k_proj": 1632.4339599609375,
    "model.layers.5.self_attn.v_proj": 1656.9013671875,
    "model.layers.5.self_attn.o_proj": 1636.12158203125,
    "model.layers.5.mlp.gate_proj": 1636.2625732421875,
    "model.layers.5.mlp.up_proj": 1630.15576171875,
    "model.layers.5.mlp.down_proj": 1630.5384521484375,
    "model.layers.6.self_attn.q_proj": 1633.82470703125,
    "model.layers.6.self_attn.k_proj": 1634.7847900390625,
    "model.layers.6.self_attn.v_proj": 1642.90283203125,
    "model.layers.6.self_attn.o_proj": 1632.7918701171875,
    "model.layers.6.mlp.gate_proj": 1629.69580078125,
    "model.layers.6.mlp.up_proj": 1634.9287109375,
    "model.layers.6.mlp.down_proj": 1631.6732177734375,
    "model.layers.7.self_attn.q_proj": 1633.727294921875,
    "model.layers.7.self_attn.k_proj": 1639.83984375,
    "model.layers.7.self_attn.v_proj": 1649.834716796875,
    "model.layers.7.self_attn.o_proj": 1630.37890625,
    "model.layers.7.mlp.gate_proj": 1637.736328125,
    "model.layers.7.mlp.up_proj": 1635.2459716796875,
    "model.layers.7.mlp.down_proj": 1631.348876953125,
    "model.layers.8.self_attn.q_proj": 1635.5352783203125,
    "model.layers.8.self_attn.k_proj": 1636.003662109375,
    "model.layers.8.self_attn.v_proj": 1646.2449951171875,
    "model.layers.8.self_attn.o_proj": 1632.3800048828125,
    "model.layers.8.mlp.gate_proj": 1634.9818115234375,
    "model.layers.8.mlp.up_proj": 1635.0648193359375,
    "model.layers.8.mlp.down_proj": 1631.2996826171875,
    "model.layers.9.self_attn.q_proj": 1631.114013671875,
    "model.layers.9.self_attn.k_proj": 1642.978515625,
    "model.layers.9.self_attn.v_proj": 1648.3223876953125,
    "model.layers.9.self_attn.o_proj": 1632.997802734375,
    "model.layers.9.mlp.gate_proj": 1631.3123779296875,
    "model.layers.9.mlp.up_proj": 1643.439208984375,
    "model.layers.9.mlp.down_proj": 1631.615478515625,
    "model.layers.10.self_attn.q_proj": 1636.0933837890625,
    "model.layers.10.self_attn.k_proj": 1631.0787353515625,
    "model.layers.10.self_attn.v_proj": 1636.257568359375,
    "model.layers.10.self_attn.o_proj": 1632.872802734375,
    "model.layers.10.mlp.gate_proj": 1632.0054931640625,
    "model.layers.10.mlp.up_proj": 1634.89599609375,
    "model.layers.10.mlp.down_proj": 1628.7408447265625,
    "model.layers.11.self_attn.q_proj": 1634.6632080078125,
    "model.layers.11.self_attn.k_proj": 1642.04833984375,
    "model.layers.11.self_attn.v_proj": 1635.242919921875,
    "model.layers.11.self_attn.o_proj": 1632.3291015625,
    "model.layers.11.mlp.gate_proj": 1640.241455078125,
    "model.layers.11.mlp.up_proj": 1634.7235107421875,
    "model.layers.11.mlp.down_proj": 1632.8436279296875,
    "model.layers.12.self_attn.q_proj": 1633.752685546875,
    "model.layers.12.self_attn.k_proj": 1632.8253173828125,
    "model.layers.12.self_attn.v_proj": 1645.088623046875,
    "model.layers.12.self_attn.o_proj": 1633.8433837890625,
    "model.layers.12.mlp.gate_proj": 1632.824951171875,
    "model.layers.12.mlp.up_proj": 1637.6871337890625,
    "model.layers.12.mlp.down_proj": 1629.2401123046875,
    "model.layers.13.self_attn.q_proj": 1634.6947021484375,
    "model.layers.13.self_attn.k_proj": 1632.258056640625,
    "model.layers.13.self_attn.v_proj": 1648.4013671875,
    "model.layers.13.self_attn.o_proj": 1631.7698974609375,
    "model.layers.13.mlp.gate_proj": 1636.58154296875,
    "model.layers.13.mlp.up_proj": 1634.619873046875,
    "model.layers.13.mlp.down_proj": 1631.249755859375,
    "model.layers.14.self_attn.q_proj": 1632.9461669921875,
    "model.layers.14.self_attn.k_proj": 1634.478515625,
    "model.layers.14.self_attn.v_proj": 1642.313232421875,
    "model.layers.14.self_attn.o_proj": 1632.372802734375,
    "model.layers.14.mlp.gate_proj": 1631.400634765625,
    "model.layers.14.mlp.up_proj": 1633.9637451171875,
    "model.layers.14.mlp.down_proj": 1630.9666748046875,
    "model.layers.15.self_attn.q_proj": 1635.3607177734375,
    "model.layers.15.self_attn.k_proj": 1634.759521484375,
    "model.layers.15.self_attn.v_proj": 1652.60595703125,
    "model.layers.15.self_attn.o_proj": 1630.95166015625,
    "model.layers.15.mlp.gate_proj": 1633.4560546875,
    "model.layers.15.mlp.up_proj": 1633.830322265625,
    "model.layers.15.mlp.down_proj": 1638.8560791015625,
    "model.layers.16.self_attn.q_proj": 1638.1474609375,
    "model.layers.16.self_attn.k_proj": 1638.446044921875,
    "model.layers.16.self_attn.v_proj": 1652.8187255859375,
    "model.layers.16.self_attn.o_proj": 1634.313232421875,
    "model.layers.16.mlp.gate_proj": 1630.16650390625,
    "model.layers.16.mlp.up_proj": 1631.2093505859375,
    "model.layers.16.mlp.down_proj": 1636.4012451171875,
    "model.layers.17.self_attn.q_proj": 1634.8375244140625,
    "model.layers.17.self_attn.k_proj": 1640.8262939453125,
    "model.layers.17.self_attn.v_proj": 1642.0048828125,
    "model.layers.17.self_attn.o_proj": 1632.5614013671875,
    "model.layers.17.mlp.gate_proj": 1634.272216796875,
    "model.layers.17.mlp.up_proj": 1634.2489013671875,
    "model.layers.17.mlp.down_proj": 1632.3948974609375,
    "model.layers.18.self_attn.q_proj": 1635.090087890625,
    "model.layers.18.self_attn.k_proj": 1634.668212890625,
    "model.layers.18.self_attn.v_proj": 1652.9156494140625,
    "model.layers.18.self_attn.o_proj": 1631.6243896484375,
    "model.layers.18.mlp.gate_proj": 1633.6092529296875,
    "model.layers.18.mlp.up_proj": 1634.7076416015625,
    "model.layers.18.mlp.down_proj": 1633.9991455078125,
    "model.layers.19.self_attn.q_proj": 1639.7445068359375,
    "model.layers.19.self_attn.k_proj": 1634.0478515625,
    "model.layers.19.self_attn.v_proj": 1639.4403076171875,
    "model.layers.19.self_attn.o_proj": 1634.14599609375,
    "model.layers.19.mlp.gate_proj": 1631.0203857421875,
    "model.layers.19.mlp.up_proj": 1631.462158203125,
    "model.layers.19.mlp.down_proj": 1632.4644775390625,