{
    "model.layers.0.self_attn.q_proj": 348.7291564941406,
    "model.layers.0.self_attn.k_proj": 412.49652099609375,
    "model.layers.0.self_attn.v_proj": 365.4458312988281,
    "model.layers.0.self_attn.o_proj": 379.2872619628906,
    "model.layers.0.mlp.gate_proj": 689.4188232421875,
    "model.layers.0.mlp.up_proj": 645.184814453125,
    "model.layers.0.mlp.down_proj": 580.849609375,
    "model.layers.1.self_attn.q_proj": 435.49102783203125,
    "model.layers.1.self_attn.k_proj": 397.48394775390625,
    "model.layers.1.self_attn.v_proj": 420.9664001464844,
    "model.layers.1.self_attn.o_proj": 342.2080078125,
    "model.layers.1.mlp.gate_proj": 627.96142578125,
    "model.layers.1.mlp.up_proj": 693.673583984375,
    "model.layers.1.mlp.down_proj": 633.19140625,
    "model.layers.2.self_attn.q_proj": 449.7167663574219,
    "model.layers.2.self_attn.k_proj": 403.1994323730469,
    "model.layers.2.self_attn.v_proj": 402.697509765625,
    "model.layers.2.self_attn.o_proj": 405.31109619140625,
    "model.layers.2.mlp.gate_proj": 671.21240234375,
    "model.layers.2.mlp.up_proj": 682.958740234375,
    "model.layers.2.mlp.down_proj": 574.0003051757812,
    "model.layers.3.self_attn.q_proj": 370.1658935546875,
    "model.layers.3.self_attn.k_proj": 399.3974609375,
    "model.layers.3.self_attn.v_proj": 373.598876953125,
    "model.layers.3.self_attn.o_proj": 438.2626647949219,
    "model.layers.3.mlp.gate_proj": 650.16259765625,
    "model.layers.3.mlp.up_proj": 666.4837646484375,
    "model.layers.3.mlp.down_proj": 620.7127685546875,
    "model.layers.4.self_attn.q_proj": 442.908935546875,
    "model.layers.4.self_attn.k_proj": 417.0901184082031,
    "model.layers.4.self_attn.v_proj": 415.8446350097656,
    "model.layers.4.self_attn.o_proj": 481.8757019042969,
    "model.layers.4.mlp.gate_proj": 696.5523681640625,
    "model.layers.4.mlp.up_proj": 600.4111328125,
    "model.layers.4.mlp.down_proj": 665.5819091796875,
    "model.layers.5.self_attn.q_proj": 372.8581237792969,
    "model.layers.5.self_attn.k_proj": 426.1476745605469,
    "model.layers.5.self_attn.v_proj": 403.5041198730469,
    "model.layers.5.self_attn.o_proj": 395.51263427734375,
    "model.layers.5.mlp.gate_proj": 601.2908935546875,
    "model.layers.5.mlp.up_proj": 580.9747314453125,
    "model.layers.5.mlp.down_proj": 645.6240234375,
    "model.layers.6.self_attn.q_proj": 432.2259216308594,
    "model.layers.6.self_attn.k_proj": 348.4395446777344,
    "model.layers.6.self_attn.v_proj": 486.9591979980469,
    "model.layers.6.self_attn.o_proj": 420.3337707519531,
    "model.layers.6.mlp.gate_proj": 612.6724853515625,
    "model.layers.6.mlp.up_proj": 621.3455810546875,
    "model.layers.6.mlp.down_proj": 583.1453857421875,
    "model.layers.7.self_attn.q_proj": 384.3711242675781,
    "model.layers.7.self_attn.k_proj": 379.2728271484375,
    "model.layers.7.self_attn.v_proj": 482.1387939453125,
    "model.layers.7.self_attn.o_proj": 475.1151123046875,
    "model.layers.7.mlp.gate_proj": 659.4328002929688,
    "model.layers.7.mlp.up_proj": 610.0213623046875,
    "model.layers.7.mlp.down_proj": 633.9464721679688,
    "model.layers.8.self_attn.q_proj": 407.2724304199219,
    "model.layers.8.self_attn.k_proj": 402.5666198730469,
    "model.layers.8.self_attn.v_proj": 460.8970947265625,
    "model.layers.8.self_attn.o_proj": 459.91888427734375,
    "model.layers.8.mlp.gate_proj": 564.0374145507812,
    "model.layers.8.mlp.up_proj": 618.841552734375,
    "model.layers.8.mlp.down_proj": 596.35693359375,
    "model.layers.9.self_attn.q_proj": 426.9768981933594,
    "model.layers.9.self_attn.k_proj": 394.9505310058594,
    "model.layers.9.self_attn.v_proj": 414.8349609375,
    "model.layers.9.self_attn.o_proj": 349.54547119140625,
    "model.layers.9.mlp.gate_proj": 568.5997314453125,
    "model.layers.9.mlp.up_proj": 606.7237548828125,
    "model.layers.9.mlp.down_proj": 583.1591796875,
    "model.layers.10.self_attn.q_proj": 359.8934631347656,
    "model.layers.10.self_attn.k_proj": 417.4896240234375,
    "model.layers.10.self_attn.v_proj": 413.08575439453125,
    "model.layers.10.self_attn.o_proj": 400.34185791015625,
    "model.layers.10.mlp.gate_proj": 612.1476440429688,
    "model.layers.10.mlp.up_proj": 586.0957641601562,
    "model.layers.10.mlp.down_proj": 635.5798950195312,
    "model.layers.11.self_attn.q_proj": 377.123046875,
    "model.layers.11.self_attn.k_proj": 355.5816650390625,
    "model.layers.11.self_attn.v_proj": 423.918701171875,
    "model.layers.11.self_attn.o_proj": 389.7688903808594,
    "model.layers.11.mlp.gate_proj": 607.4464111328125,
    "model.layers.11.mlp.up_proj": 566.90087890625,
    "model.layers.11.mlp.down_proj": 628.4876098632812,
    "model.layers.12.self_attn.q_proj": 425.8241271972656,
    "model.layers.12.self_attn.k_proj": 352.1746520996094,
    "model.layers.12.self_attn.v_proj": 470.97320556640625,
    "model.layers.12.self_attn.o_proj": 378.84527587890625,
    "model.layers.12.mlp.gate_proj": 586.3947143554688,
    "model.layers.12.mlp.up_proj": 594.87109375,
    "model.layers.12.mlp.down_proj": 632.79345703125,
    "model.layers.13.self_attn.q_proj": 424.8677062988281,
    "model.layers.13.self_attn.k_proj": 417.22393798828125,
    "model.layers.13.self_attn.v_proj": 472.4469299316406,
    "model.layers.13.self_attn.o_proj": 357.2686767578125,
    "model.layers.13.mlp.gate_proj": 610.3250732421875,
    "model.layers.13.mlp.up_proj": 614.1510009765625,
    "model.layers.13.mlp.down_proj": 660.1092529296875,
    "model.layers.14.self_attn.q_proj": 418.5876159667969,
    "model.layers.14.self_attn.k_proj": 406.75341796875,
    "model.layers.14.self_attn.v_proj": 443.2627868652344,
    "model.layers.14.self_attn.o_proj": 351.2848815917969,
    "model.layers.14.mlp.gate_proj": 592.605712890625,
    "model.layers.14.mlp.up_proj": 611.6981811523438,
    "model.layers.14.mlp.down_proj": 631.4016723632812,
    "model.layers.15.self_attn.q_proj": 397.2882385253906,
    "model.layers.15.self_attn.k_proj": 414.08575439453125,
    "model.layers.15.self_attn.v_proj": 433.77410888671875,
    "model.layers.15.self_attn.o_proj": 398.2386169433594,
    "model.layers.15.mlp.gate_proj": 621.916015625,
    "model.layers.15.mlp.up_proj": 602.2222290039062,
    "model.layers.15.mlp.down_proj": 629.5269775390625,
    "model.layers.16.self_attn.q_proj": 389.238037109375,
    "model.layers.16.self_attn.k_proj": 379.7159423828125,
    "model.layers.16.self_attn.v_proj": 432.6890563964844,
    "model.layers.16.self_attn.o_proj": 360.79315185546875,
    "model.layers.16.mlp.gate_proj": 598.2447509765625,
    "model.layers.16.mlp.up_proj": 576.6080932617188,
    "model.layers.16.mlp.down_proj": 646.0391845703125,
    "model.layers.17.self_attn.q_proj": 386.0075378417969,
    "model.layers.17.self_attn.k_proj": 396.5794677734375,
    "model.layers.17.self_attn.v_proj": 442.7565002441406,
    "model.layers.17.self_attn.o_proj": 346.57244873046875,
    "model.layers.17.mlp.gate_proj": 615.91064453125,
    "model.layers.17.mlp.up_proj": 608.4872436523438,
    "model.layers.17.mlp.down_proj": 615.9121704101562,
    "model.layers.18.self_attn.q_proj": 392.77789306640625,
    "model.layers.18.self_attn.k_proj": 389.19683837890625,
    "model.layers.18.self_attn.v_proj": 452.7941589355469,
    "model.layers.18.self_attn.o_proj": 432.0982360839844,
    "model.layers.18.mlp.gate_proj": 611.898681640625,
    "model.layers.18.mlp.up_proj": 610.9741821289062,
    "model.layers.18.mlp.down_proj": 615.4779052734375,
    "model.layers.19.self_attn.q_proj": 400.3734130859375,
    "model.layers.19.self_attn.k_proj": 361.1654968261719,
    "model.layers.19.self_attn.v_proj": 429.8355712890625,
    "model.layers.19.self_attn.o_proj": 378.30133056640625,
    "model.layers.19.mlp.gate_proj": 625.4190673828125,
    "model.layers.19.mlp.up_proj": 587.8239135742188,
    "model.layers.19.mlp.down_proj": 636.8966064453125,
    "model.layers.20.self_attn.q_proj": 388.9153747558594,