{
    "model.layers.0.self_attn.q_proj": 351.33917236328125,
    "model.layers.0.self_attn.k_proj": 407.7454528808594,
    "model.layers.0.self_attn.v_proj": 365.1729736328125,
    "model.layers.0.self_attn.o_proj": 377.8976135253906,
    "model.layers.0.mlp.gate_proj": 693.1754760742188,
    "model.layers.0.mlp.up_proj": 647.9697265625,
    "model.layers.0.mlp.down_proj": 588.6251220703125,
    "model.layers.1.self_attn.q_proj": 429.3352966308594,
    "model.layers.1.self_attn.k_proj": 399.050048828125,
    "model.layers.1.self_attn.v_proj": 457.6884765625,
    "model.layers.1.self_attn.o_proj": 344.5429382324219,
    "model.layers.1.mlp.gate_proj": 628.4105834960938,
    "model.layers.1.mlp.up_proj": 693.5972290039062,
    "model.layers.1.mlp.down_proj": 634.87646484375,
    "model.layers.2.self_attn.q_proj": 450.3767395019531,
    "model.layers.2.self_attn.k_proj": 424.18121337890625,
    "model.layers.2.self_attn.v_proj": 408.6103210449219,
    "model.layers.2.self_attn.o_proj": 407.031494140625,
    "model.layers.2.mlp.gate_proj": 680.4683227539062,
    "model.layers.2.mlp.up_proj": 682.3969116210938,
    "model.layers.2.mlp.down_proj": 575.2017211914062,
    "model.layers.3.self_attn.q_proj": 372.4795837402344,
    "model.layers.3.self_attn.k_proj": 394.4806823730469,
    "model.layers.3.self_attn.v_proj": 387.853759765625,
    "model.layers.3.self_attn.o_proj": 447.98297119140625,
    "model.layers.3.mlp.gate_proj": 649.4579467773438,
    "model.layers.3.mlp.up_proj": 663.3474731445312,
    "model.layers.3.mlp.down_proj": 625.2418823242188,
    "model.layers.4.self_attn.q_proj": 444.9475402832031,
    "model.layers.4.self_attn.k_proj": 412.1977844238281,
    "model.layers.4.self_attn.v_proj": 416.0592346191406,
    "model.layers.4.self_attn.o_proj": 489.9956970214844,
    "model.layers.4.mlp.gate_proj": 701.4571533203125,
    "model.layers.4.mlp.up_proj": 594.931640625,
    "model.layers.4.mlp.down_proj": 669.2186889648438,
    "model.layers.5.self_attn.q_proj": 367.5159912109375,
    "model.layers.5.self_attn.k_proj": 462.8363952636719,
    "model.layers.5.self_attn.v_proj": 399.1865539550781,
    "model.layers.5.self_attn.o_proj": 401.28778076171875,
    "model.layers.5.mlp.gate_proj": 613.8484497070312,
    "model.layers.5.mlp.up_proj": 561.142822265625,
    "model.layers.5.mlp.down_proj": 647.6959228515625,
    "model.layers.6.self_attn.q_proj": 420.36932373046875,
    "model.layers.6.self_attn.k_proj": 350.19329833984375,
    "model.layers.6.self_attn.v_proj": 493.6431579589844,
    "model.layers.6.self_attn.o_proj": 400.8561706542969,
    "model.layers.6.mlp.gate_proj": 620.4134521484375,
    "model.layers.6.mlp.up_proj": 625.515380859375,
    "model.layers.6.mlp.down_proj": 583.7715454101562,
    "model.layers.7.self_attn.q_proj": 384.4873962402344,
    "model.layers.7.self_attn.k_proj": 379.0251159667969,
    "model.layers.7.self_attn.v_proj": 475.53204345703125,
    "model.layers.7.self_attn.o_proj": 474.9312744140625,
    "model.layers.7.mlp.gate_proj": 648.6254272460938,
    "model.layers.7.mlp.up_proj": 636.4190673828125,
    "model.layers.7.mlp.down_proj": 640.6433715820312,
    "model.layers.8.self_attn.q_proj": 401.57659912109375,
    "model.layers.8.self_attn.k_proj": 407.3069152832031,
    "model.layers.8.self_attn.v_proj": 499.0374450683594,
    "model.layers.8.self_attn.o_proj": 478.7013244628906,
    "model.layers.8.mlp.gate_proj": 566.4542846679688,
    "model.layers.8.mlp.up_proj": 592.1651611328125,
    "model.layers.8.mlp.down_proj": 595.9746704101562,
    "model.layers.9.self_attn.q_proj": 449.21917724609375,
    "model.layers.9.self_attn.k_proj": 401.3919677734375,
    "model.layers.9.self_attn.v_proj": 413.11767578125,
    "model.layers.9.self_attn.o_proj": 351.2893981933594,
    "model.layers.9.mlp.gate_proj": 565.4474487304688,
    "model.layers.9.mlp.up_proj": 624.9124755859375,
    "model.layers.9.mlp.down_proj": 598.1552734375,
    "model.layers.10.self_attn.q_proj": 367.5229187011719,
    "model.layers.10.self_attn.k_proj": 416.2498779296875,
    "model.layers.10.self_attn.v_proj": 423.7292785644531,
    "model.layers.10.self_attn.o_proj": 385.3998107910156,
    "model.layers.10.mlp.gate_proj": 630.2474365234375,
    "model.layers.10.mlp.up_proj": 591.1737670898438,
    "model.layers.10.mlp.down_proj": 647.6630249023438,
    "model.layers.11.self_attn.q_proj": 400.6299743652344,
    "model.layers.11.self_attn.k_proj": 361.82598876953125,
    "model.layers.11.self_attn.v_proj": 422.91326904296875,
    "model.layers.11.self_attn.o_proj": 402.0824890136719,
    "model.layers.11.mlp.gate_proj": 602.0478515625,
    "model.layers.11.mlp.up_proj": 563.8838500976562,
    "model.layers.11.mlp.down_proj": 630.4340209960938,
    "model.layers.12.self_attn.q_proj": 436.8450622558594,
    "model.layers.12.self_attn.k_proj": 371.0867004394531,
    "model.layers.12.self_attn.v_proj": 504.0377197265625,
    "model.layers.12.self_attn.o_proj": 372.31396484375,
    "model.layers.12.mlp.gate_proj": 589.9852905273438,
    "model.layers.12.mlp.up_proj": 603.3612670898438,
    "model.layers.12.mlp.down_proj": 641.5513305664062,
    "model.layers.13.self_attn.q_proj": 406.3992919921875,
    "model.layers.13.self_attn.k_proj": 413.6380615234375,
    "model.layers.13.self_attn.v_proj": 491.9784851074219,
    "model.layers.13.self_attn.o_proj": 358.1446838378906,
    "model.layers.13.mlp.gate_proj": 612.7996215820312,
    "model.layers.13.mlp.up_proj": 608.6483764648438,
    "model.layers.13.mlp.down_proj": 665.4518432617188,
    "model.layers.14.self_attn.q_proj": 417.9388732910156,
    "model.layers.14.self_attn.k_proj": 397.7370910644531,
    "model.layers.14.self_attn.v_proj": 450.0741271972656,
    "model.layers.14.self_attn.o_proj": 347.5180969238281,
    "model.layers.14.mlp.gate_proj": 594.9021606445312,
    "model.layers.14.mlp.up_proj": 613.7479248046875,
    "model.layers.14.mlp.down_proj": 639.1031494140625,
    "model.layers.15.self_attn.q_proj": 394.7153625488281,
    "model.layers.15.self_attn.k_proj": 411.2431945800781,
    "model.layers.15.self_attn.v_proj": 461.6454772949219,
    "model.layers.15.self_attn.o_proj": 391.7149658203125,
    "model.layers.15.mlp.gate_proj": 626.1141357421875,
    "model.layers.15.mlp.up_proj": 601.9006958007812,
    "model.layers.15.mlp.down_proj": 645.7599487304688,
    "model.layers.16.self_attn.q_proj": 384.6313171386719,
    "model.layers.16.self_attn.k_proj": 373.03173828125,
    "model.layers.16.self_attn.v_proj": 448.9775695800781,
    "model.layers.16.self_attn.o_proj": 348.2752380371094,
    "model.layers.16.mlp.gate_proj": 603.6865234375,
    "model.layers.16.mlp.up_proj": 582.0242309570312,
    "model.layers.16.mlp.down_proj": 664.5504760742188,
    "model.layers.17.self_attn.q_proj": 368.6143798828125,
    "model.layers.17.self_attn.k_proj": 395.75054931640625,
    "model.layers.17.self_attn.v_proj": 456.0343933105469,
    "model.layers.17.self_attn.o_proj": 337.2275695800781,
    "model.layers.17.mlp.gate_proj": 617.8197631835938,
    "model.layers.17.mlp.up_proj": 604.87060546875,
    "model.layers.17.mlp.down_proj": 620.1123046875,
    "model.layers.18.self_attn.q_proj": 387.31280517578125,
    "model.layers.18.self_attn.k_proj": 383.59490966796875,
    "model.layers.18.self_attn.v_proj": 457.9181823730469,
    "model.layers.18.self_attn.o_proj": 428.8496398925781,
    "model.layers.18.mlp.gate_proj": 612.1128540039062,
    "model.layers.18.mlp.up_proj": 611.8203735351562,
    "model.layers.18.mlp.down_proj": 631.482666015625,
    "model.layers.19.self_attn.q_proj": 398.5649719238281,
    "model.layers.19.self_attn.k_proj": 354.27301025390625,
    "model.layers.19.self_attn.v_proj": 439.20452880859375,
    "model.layers.19.self_attn.o_proj": 372.0134582519531,
    "model.layers.19.mlp.gate_proj": 626.8438720703125,
    "model.layers.19.mlp.up_proj": 590.26123046875,
    "model.layers.19.mlp.down_proj": 644.9566650390625,