{
    "model.layers.0.self_attn.q_proj": 349.4626770019531,
    "model.layers.0.self_attn.k_proj": 412.7125244140625,
    "model.layers.0.self_attn.v_proj": 365.2673034667969,
    "model.layers.0.self_attn.o_proj": 379.27032470703125,
    "model.layers.0.mlp.gate_proj": 690.0049438476562,
    "model.layers.0.mlp.up_proj": 645.2548217773438,
    "model.layers.0.mlp.down_proj": 580.5786743164062,
    "model.layers.1.self_attn.q_proj": 435.9343566894531,
    "model.layers.1.self_attn.k_proj": 398.9225769042969,
    "model.layers.1.self_attn.v_proj": 424.84442138671875,
    "model.layers.1.self_attn.o_proj": 342.8998718261719,
    "model.layers.1.mlp.gate_proj": 629.6921997070312,
    "model.layers.1.mlp.up_proj": 693.4541015625,
    "model.layers.1.mlp.down_proj": 633.1212768554688,
    "model.layers.2.self_attn.q_proj": 451.90264892578125,
    "model.layers.2.self_attn.k_proj": 404.2166748046875,
    "model.layers.2.self_attn.v_proj": 404.86248779296875,
    "model.layers.2.self_attn.o_proj": 405.54620361328125,
    "model.layers.2.mlp.gate_proj": 675.0792846679688,
    "model.layers.2.mlp.up_proj": 683.288818359375,
    "model.layers.2.mlp.down_proj": 574.511962890625,
    "model.layers.3.self_attn.q_proj": 370.0275573730469,
    "model.layers.3.self_attn.k_proj": 399.1124267578125,
    "model.layers.3.self_attn.v_proj": 376.9754333496094,
    "model.layers.3.self_attn.o_proj": 439.076904296875,
    "model.layers.3.mlp.gate_proj": 650.641357421875,
    "model.layers.3.mlp.up_proj": 664.8502807617188,
    "model.layers.3.mlp.down_proj": 623.4168090820312,
    "model.layers.4.self_attn.q_proj": 443.7682189941406,
    "model.layers.4.self_attn.k_proj": 418.3644714355469,
    "model.layers.4.self_attn.v_proj": 417.4156188964844,
    "model.layers.4.self_attn.o_proj": 485.9874267578125,
    "model.layers.4.mlp.gate_proj": 696.0654907226562,
    "model.layers.4.mlp.up_proj": 597.3563842773438,
    "model.layers.4.mlp.down_proj": 664.2727661132812,
    "model.layers.5.self_attn.q_proj": 373.07257080078125,
    "model.layers.5.self_attn.k_proj": 432.1296081542969,
    "model.layers.5.self_attn.v_proj": 400.3218688964844,
    "model.layers.5.self_attn.o_proj": 398.0768127441406,
    "model.layers.5.mlp.gate_proj": 604.7481689453125,
    "model.layers.5.mlp.up_proj": 578.5487060546875,
    "model.layers.5.mlp.down_proj": 646.6109008789062,
    "model.layers.6.self_attn.q_proj": 433.10845947265625,
    "model.layers.6.self_attn.k_proj": 345.1367492675781,
    "model.layers.6.self_attn.v_proj": 489.77587890625,
    "model.layers.6.self_attn.o_proj": 420.4493713378906,
    "model.layers.6.mlp.gate_proj": 616.973876953125,
    "model.layers.6.mlp.up_proj": 623.7236328125,
    "model.layers.6.mlp.down_proj": 583.2606811523438,
    "model.layers.7.self_attn.q_proj": 384.60174560546875,
    "model.layers.7.self_attn.k_proj": 379.4051208496094,
    "model.layers.7.self_attn.v_proj": 484.8959655761719,
    "model.layers.7.self_attn.o_proj": 478.8238830566406,
    "model.layers.7.mlp.gate_proj": 660.0963134765625,
    "model.layers.7.mlp.up_proj": 618.462890625,
    "model.layers.7.mlp.down_proj": 638.51806640625,
    "model.layers.8.self_attn.q_proj": 407.1612854003906,
    "model.layers.8.self_attn.k_proj": 408.2294921875,
    "model.layers.8.self_attn.v_proj": 465.3422546386719,
    "model.layers.8.self_attn.o_proj": 464.2210388183594,
    "model.layers.8.mlp.gate_proj": 561.7244873046875,
    "model.layers.8.mlp.up_proj": 617.2946166992188,
    "model.layers.8.mlp.down_proj": 595.8270874023438,
    "model.layers.9.self_attn.q_proj": 433.8038635253906,
    "model.layers.9.self_attn.k_proj": 396.1197814941406,
    "model.layers.9.self_attn.v_proj": 416.88604736328125,
    "model.layers.9.self_attn.o_proj": 349.9411315917969,
    "model.layers.9.mlp.gate_proj": 564.600830078125,
    "model.layers.9.mlp.up_proj": 611.4364013671875,
    "model.layers.9.mlp.down_proj": 583.389404296875,
    "model.layers.10.self_attn.q_proj": 357.7870788574219,
    "model.layers.10.self_attn.k_proj": 418.3375244140625,
    "model.layers.10.self_attn.v_proj": 414.9654541015625,
    "model.layers.10.self_attn.o_proj": 399.74951171875,
    "model.layers.10.mlp.gate_proj": 613.6803588867188,
    "model.layers.10.mlp.up_proj": 589.5850830078125,
    "model.layers.10.mlp.down_proj": 640.7557373046875,
    "model.layers.11.self_attn.q_proj": 375.447021484375,
    "model.layers.11.self_attn.k_proj": 355.12176513671875,
    "model.layers.11.self_attn.v_proj": 420.9237060546875,
    "model.layers.11.self_attn.o_proj": 393.1899719238281,
    "model.layers.11.mlp.gate_proj": 608.642822265625,
    "model.layers.11.mlp.up_proj": 570.1343994140625,
    "model.layers.11.mlp.down_proj": 630.4737548828125,
    "model.layers.12.self_attn.q_proj": 432.34844970703125,
    "model.layers.12.self_attn.k_proj": 351.44439697265625,
    "model.layers.12.self_attn.v_proj": 484.7638854980469,
    "model.layers.12.self_attn.o_proj": 378.15899658203125,
    "model.layers.12.mlp.gate_proj": 589.9512939453125,
    "model.layers.12.mlp.up_proj": 601.0839233398438,
    "model.layers.12.mlp.down_proj": 632.5479125976562,
    "model.layers.13.self_attn.q_proj": 426.6546936035156,
    "model.layers.13.self_attn.k_proj": 417.0926513671875,
    "model.layers.13.self_attn.v_proj": 477.3565673828125,
    "model.layers.13.self_attn.o_proj": 357.5006408691406,
    "model.layers.13.mlp.gate_proj": 611.6205444335938,
    "model.layers.13.mlp.up_proj": 613.2344970703125,
    "model.layers.13.mlp.down_proj": 660.7587280273438,
    "model.layers.14.self_attn.q_proj": 420.32061767578125,
    "model.layers.14.self_attn.k_proj": 404.5803527832031,
    "model.layers.14.self_attn.v_proj": 445.4791259765625,
    "model.layers.14.self_attn.o_proj": 350.94830322265625,
    "model.layers.14.mlp.gate_proj": 594.8603515625,
    "model.layers.14.mlp.up_proj": 610.0817260742188,
    "model.layers.14.mlp.down_proj": 634.85595703125,
    "model.layers.15.self_attn.q_proj": 398.1115417480469,
    "model.layers.15.self_attn.k_proj": 413.7051696777344,
    "model.layers.15.self_attn.v_proj": 442.94781494140625,
    "model.layers.15.self_attn.o_proj": 399.85662841796875,
    "model.layers.15.mlp.gate_proj": 624.740966796875,
    "model.layers.15.mlp.up_proj": 603.5728149414062,
    "model.layers.15.mlp.down_proj": 632.9155883789062,
    "model.layers.16.self_attn.q_proj": 389.5600280761719,
    "model.layers.16.self_attn.k_proj": 380.410400390625,
    "model.layers.16.self_attn.v_proj": 438.184814453125,
    "model.layers.16.self_attn.o_proj": 357.65045166015625,
    "model.layers.16.mlp.gate_proj": 600.470703125,
    "model.layers.16.mlp.up_proj": 578.9212036132812,
    "model.layers.16.mlp.down_proj": 649.9180297851562,
    "model.layers.17.self_attn.q_proj": 380.61016845703125,
    "model.layers.17.self_attn.k_proj": 395.4761657714844,
    "model.layers.17.self_attn.v_proj": 448.0949401855469,
    "model.layers.17.self_attn.o_proj": 345.19073486328125,
    "model.layers.17.mlp.gate_proj": 617.522216796875,
    "model.layers.17.mlp.up_proj": 609.369873046875,
    "model.layers.17.mlp.down_proj": 618.5386962890625,
    "model.layers.18.self_attn.q_proj": 392.9748229980469,
    "model.layers.18.self_attn.k_proj": 389.5771484375,
    "model.layers.18.self_attn.v_proj": 456.2198486328125,
    "model.layers.18.self_attn.o_proj": 433.1315002441406,
    "model.layers.18.mlp.gate_proj": 613.8057861328125,
    "model.layers.18.mlp.up_proj": 613.7255249023438,
    "model.layers.18.mlp.down_proj": 619.8551635742188,
    "model.layers.19.self_attn.q_proj": 400.8834228515625,
    "model.layers.19.self_attn.k_proj": 360.7120056152344,
    "model.layers.19.self_attn.v_proj": 433.7984313964844,
    "model.layers.19.self_attn.o_proj": 377.6061096191406,
    "model.layers.19.mlp.gate_proj": 627.3641357421875,
    "model.layers.19.mlp.up_proj": 590.2186889648438,
    "model.layers.19.mlp.down_proj": 642.7508544921875,