{
    "model.layers.0.self_attn.q_proj": 370.3573303222656,
    "model.layers.0.self_attn.k_proj": 409.6871643066406,
    "model.layers.0.self_attn.v_proj": 381.3616638183594,
    "model.layers.0.self_attn.o_proj": 389.05914306640625,
    "model.layers.0.mlp.gate_proj": 670.4707641601562,
    "model.layers.0.mlp.up_proj": 651.6806030273438,
    "model.layers.0.mlp.down_proj": 585.1522827148438,
    "model.layers.1.self_attn.q_proj": 402.2013244628906,
    "model.layers.1.self_attn.k_proj": 415.3915100097656,
    "model.layers.1.self_attn.v_proj": 427.2459411621094,
    "model.layers.1.self_attn.o_proj": 362.9761047363281,
    "model.layers.1.mlp.gate_proj": 633.5693969726562,
    "model.layers.1.mlp.up_proj": 677.5538940429688,
    "model.layers.1.mlp.down_proj": 619.0650024414062,
    "model.layers.2.self_attn.q_proj": 407.5321044921875,
    "model.layers.2.self_attn.k_proj": 393.4255676269531,
    "model.layers.2.self_attn.v_proj": 373.51617431640625,
    "model.layers.2.self_attn.o_proj": 421.50201416015625,
    "model.layers.2.mlp.gate_proj": 643.4891357421875,
    "model.layers.2.mlp.up_proj": 672.9009399414062,
    "model.layers.2.mlp.down_proj": 573.0527954101562,
    "model.layers.3.self_attn.q_proj": 391.77972412109375,
    "model.layers.3.self_attn.k_proj": 408.9152526855469,
    "model.layers.3.self_attn.v_proj": 387.7745056152344,
    "model.layers.3.self_attn.o_proj": 399.62017822265625,
    "model.layers.3.mlp.gate_proj": 627.7588500976562,
    "model.layers.3.mlp.up_proj": 644.4197998046875,
    "model.layers.3.mlp.down_proj": 597.1324462890625,
    "model.layers.4.self_attn.q_proj": 434.23870849609375,
    "model.layers.4.self_attn.k_proj": 414.13946533203125,
    "model.layers.4.self_attn.v_proj": 414.2102966308594,
    "model.layers.4.self_attn.o_proj": 434.160888671875,
    "model.layers.4.mlp.gate_proj": 681.9287719726562,
    "model.layers.4.mlp.up_proj": 656.5255737304688,
    "model.layers.4.mlp.down_proj": 667.8955078125,
    "model.layers.5.self_attn.q_proj": 389.38360595703125,
    "model.layers.5.self_attn.k_proj": 385.4109191894531,
    "model.layers.5.self_attn.v_proj": 428.6083068847656,
    "model.layers.5.self_attn.o_proj": 392.533203125,
    "model.layers.5.mlp.gate_proj": 579.9180908203125,
    "model.layers.5.mlp.up_proj": 598.7648315429688,
    "model.layers.5.mlp.down_proj": 627.3543701171875,
    "model.layers.6.self_attn.q_proj": 402.1214599609375,
    "model.layers.6.self_attn.k_proj": 397.6361389160156,
    "model.layers.6.self_attn.v_proj": 440.45880126953125,
    "model.layers.6.self_attn.o_proj": 408.56201171875,
    "model.layers.6.mlp.gate_proj": 589.8762817382812,
    "model.layers.6.mlp.up_proj": 592.5723266601562,
    "model.layers.6.mlp.down_proj": 597.64111328125,
    "model.layers.7.self_attn.q_proj": 399.313232421875,
    "model.layers.7.self_attn.k_proj": 393.4715576171875,
    "model.layers.7.self_attn.v_proj": 461.61138916015625,
    "model.layers.7.self_attn.o_proj": 421.2474365234375,
    "model.layers.7.mlp.gate_proj": 641.6934204101562,
    "model.layers.7.mlp.up_proj": 615.7865600585938,
    "model.layers.7.mlp.down_proj": 607.7998046875,
    "model.layers.8.self_attn.q_proj": 398.65899658203125,
    "model.layers.8.self_attn.k_proj": 390.7129821777344,
    "model.layers.8.self_attn.v_proj": 429.9405822753906,
    "model.layers.8.self_attn.o_proj": 433.5035705566406,
    "model.layers.8.mlp.gate_proj": 603.685302734375,
    "model.layers.8.mlp.up_proj": 618.5606079101562,
    "model.layers.8.mlp.down_proj": 626.3978271484375,
    "model.layers.9.self_attn.q_proj": 412.3764343261719,
    "model.layers.9.self_attn.k_proj": 403.4181213378906,
    "model.layers.9.self_attn.v_proj": 407.4072265625,
    "model.layers.9.self_attn.o_proj": 393.4925842285156,
    "model.layers.9.mlp.gate_proj": 593.6914672851562,
    "model.layers.9.mlp.up_proj": 626.5233764648438,
    "model.layers.9.mlp.down_proj": 587.1213989257812,
    "model.layers.10.self_attn.q_proj": 382.4060974121094,
    "model.layers.10.self_attn.k_proj": 429.22991943359375,
    "model.layers.10.self_attn.v_proj": 397.5917663574219,
    "model.layers.10.self_attn.o_proj": 422.3006286621094,
    "model.layers.10.mlp.gate_proj": 599.6835327148438,
    "model.layers.10.mlp.up_proj": 590.7572021484375,
    "model.layers.10.mlp.down_proj": 613.8226928710938,
    "model.layers.11.self_attn.q_proj": 382.7071533203125,
    "model.layers.11.self_attn.k_proj": 384.1495056152344,
    "model.layers.11.self_attn.v_proj": 429.2691345214844,
    "model.layers.11.self_attn.o_proj": 377.2182312011719,
    "model.layers.11.mlp.gate_proj": 597.61962890625,
    "model.layers.11.mlp.up_proj": 572.5864868164062,
    "model.layers.11.mlp.down_proj": 636.6724243164062,
    "model.layers.12.self_attn.q_proj": 400.31304931640625,
    "model.layers.12.self_attn.k_proj": 385.410400390625,
    "model.layers.12.self_attn.v_proj": 428.5028076171875,
    "model.layers.12.self_attn.o_proj": 393.3492736816406,
    "model.layers.12.mlp.gate_proj": 600.426025390625,
    "model.layers.12.mlp.up_proj": 581.2162475585938,
    "model.layers.12.mlp.down_proj": 627.4863891601562,
    "model.layers.13.self_attn.q_proj": 411.4783935546875,
    "model.layers.13.self_attn.k_proj": 416.2168273925781,
    "model.layers.13.self_attn.v_proj": 459.42529296875,
    "model.layers.13.self_attn.o_proj": 378.1319274902344,
    "model.layers.13.mlp.gate_proj": 603.3956909179688,
    "model.layers.13.mlp.up_proj": 610.0775146484375,
    "model.layers.13.mlp.down_proj": 646.6280517578125,
    "model.layers.14.self_attn.q_proj": 403.1278381347656,
    "model.layers.14.self_attn.k_proj": 402.9249572753906,
    "model.layers.14.self_attn.v_proj": 430.49969482421875,
    "model.layers.14.self_attn.o_proj": 370.2718200683594,
    "model.layers.14.mlp.gate_proj": 592.4490966796875,
    "model.layers.14.mlp.up_proj": 607.0702514648438,
    "model.layers.14.mlp.down_proj": 621.8603515625,
    "model.layers.15.self_attn.q_proj": 398.71563720703125,
    "model.layers.15.self_attn.k_proj": 397.352783203125,
    "model.layers.15.self_attn.v_proj": 415.81817626953125,
    "model.layers.15.self_attn.o_proj": 399.39080810546875,
    "model.layers.15.mlp.gate_proj": 619.3954467773438,
    "model.layers.15.mlp.up_proj": 608.1697998046875,
    "model.layers.15.mlp.down_proj": 612.2036743164062,
    "model.layers.16.self_attn.q_proj": 391.93341064453125,
    "model.layers.16.self_attn.k_proj": 390.8085021972656,
    "model.layers.16.self_attn.v_proj": 424.3981628417969,
    "model.layers.16.self_attn.o_proj": 388.0751953125,
    "model.layers.16.mlp.gate_proj": 598.2500610351562,
    "model.layers.16.mlp.up_proj": 582.2138061523438,
    "model.layers.16.mlp.down_proj": 628.8098754882812,
    "model.layers.17.self_attn.q_proj": 391.1799621582031,
    "model.layers.17.self_attn.k_proj": 397.7842102050781,
    "model.layers.17.self_attn.v_proj": 428.8195495605469,
    "model.layers.17.self_attn.o_proj": 370.3328857421875,
    "model.layers.17.mlp.gate_proj": 616.7513427734375,
    "model.layers.17.mlp.up_proj": 612.443603515625,
    "model.layers.17.mlp.down_proj": 620.3336181640625,
    "model.layers.18.self_attn.q_proj": 393.35693359375,
    "model.layers.18.self_attn.k_proj": 396.4103088378906,
    "model.layers.18.self_attn.v_proj": 419.3619689941406,
    "model.layers.18.self_attn.o_proj": 410.29791259765625,
    "model.layers.18.mlp.gate_proj": 609.4521484375,
    "model.layers.18.mlp.up_proj": 601.9596557617188,
    "model.layers.18.mlp.down_proj": 609.16796875,
    "model.layers.19.self_attn.q_proj": 403.5051574707031,
    "model.layers.19.self_attn.k_proj": 379.94378662109375,
    "model.layers.19.self_attn.v_proj": 414.122802734375,
    "model.layers.19.self_attn.o_proj": 382.05499267578125,
    "model.layers.19.mlp.gate_proj": 606.5214233398438,
    "model.layers.19.mlp.up_proj": 586.3143920898438,
    "model.layers.19.mlp.down_proj": 619.5560913085938,