{
    "model.layers.0.self_attn.q_proj": 356.78350830078125,
    "model.layers.0.self_attn.k_proj": 412.9027099609375,
    "model.layers.0.self_attn.v_proj": 367.3853759765625,
    "model.layers.0.self_attn.o_proj": 385.39337158203125,
    "model.layers.0.mlp.gate_proj": 686.1245727539062,
    "model.layers.0.mlp.up_proj": 649.9286499023438,
    "model.layers.0.mlp.down_proj": 581.4592895507812,
    "model.layers.1.self_attn.q_proj": 429.817138671875,
    "model.layers.1.self_attn.k_proj": 400.1647033691406,
    "model.layers.1.self_attn.v_proj": 417.2900085449219,
    "model.layers.1.self_attn.o_proj": 346.4112548828125,
    "model.layers.1.mlp.gate_proj": 636.3568725585938,
    "model.layers.1.mlp.up_proj": 710.8758544921875,
    "model.layers.1.mlp.down_proj": 635.5579223632812,
    "model.layers.2.self_attn.q_proj": 429.3030700683594,
    "model.layers.2.self_attn.k_proj": 409.1159973144531,
    "model.layers.2.self_attn.v_proj": 395.8178405761719,
    "model.layers.2.self_attn.o_proj": 408.36224365234375,
    "model.layers.2.mlp.gate_proj": 651.6638793945312,
    "model.layers.2.mlp.up_proj": 686.0167236328125,
    "model.layers.2.mlp.down_proj": 575.7198486328125,
    "model.layers.3.self_attn.q_proj": 378.22344970703125,
    "model.layers.3.self_attn.k_proj": 396.94964599609375,
    "model.layers.3.self_attn.v_proj": 383.7601623535156,
    "model.layers.3.self_attn.o_proj": 422.90081787109375,
    "model.layers.3.mlp.gate_proj": 643.9494018554688,
    "model.layers.3.mlp.up_proj": 685.1395263671875,
    "model.layers.3.mlp.down_proj": 593.93359375,
    "model.layers.4.self_attn.q_proj": 441.3446044921875,
    "model.layers.4.self_attn.k_proj": 414.9886779785156,
    "model.layers.4.self_attn.v_proj": 418.5955810546875,
    "model.layers.4.self_attn.o_proj": 449.582763671875,
    "model.layers.4.mlp.gate_proj": 709.7971801757812,
    "model.layers.4.mlp.up_proj": 632.2649536132812,
    "model.layers.4.mlp.down_proj": 671.7352905273438,
    "model.layers.5.self_attn.q_proj": 380.2437438964844,
    "model.layers.5.self_attn.k_proj": 380.39501953125,
    "model.layers.5.self_attn.v_proj": 433.626953125,
    "model.layers.5.self_attn.o_proj": 386.97088623046875,
    "model.layers.5.mlp.gate_proj": 571.762939453125,
    "model.layers.5.mlp.up_proj": 597.5319213867188,
    "model.layers.5.mlp.down_proj": 641.3436279296875,
    "model.layers.6.self_attn.q_proj": 417.5290222167969,
    "model.layers.6.self_attn.k_proj": 391.0040588378906,
    "model.layers.6.self_attn.v_proj": 456.92138671875,
    "model.layers.6.self_attn.o_proj": 417.04803466796875,
    "model.layers.6.mlp.gate_proj": 579.5875854492188,
    "model.layers.6.mlp.up_proj": 592.0430297851562,
    "model.layers.6.mlp.down_proj": 584.8372802734375,
    "model.layers.7.self_attn.q_proj": 385.5599060058594,
    "model.layers.7.self_attn.k_proj": 380.45782470703125,
    "model.layers.7.self_attn.v_proj": 470.1202392578125,
    "model.layers.7.self_attn.o_proj": 435.9941711425781,
    "model.layers.7.mlp.gate_proj": 650.9495239257812,
    "model.layers.7.mlp.up_proj": 613.88427734375,
    "model.layers.7.mlp.down_proj": 601.5016479492188,
    "model.layers.8.self_attn.q_proj": 404.8184509277344,
    "model.layers.8.self_attn.k_proj": 396.7789611816406,
    "model.layers.8.self_attn.v_proj": 457.1871643066406,
    "model.layers.8.self_attn.o_proj": 444.2314453125,
    "model.layers.8.mlp.gate_proj": 595.6683349609375,
    "model.layers.8.mlp.up_proj": 623.6254272460938,
    "model.layers.8.mlp.down_proj": 599.740478515625,
    "model.layers.9.self_attn.q_proj": 422.5853271484375,
    "model.layers.9.self_attn.k_proj": 397.7640686035156,
    "model.layers.9.self_attn.v_proj": 408.12042236328125,
    "model.layers.9.self_attn.o_proj": 368.8473815917969,
    "model.layers.9.mlp.gate_proj": 604.193115234375,
    "model.layers.9.mlp.up_proj": 613.8268432617188,
    "model.layers.9.mlp.down_proj": 583.5958251953125,
    "model.layers.10.self_attn.q_proj": 368.3927917480469,
    "model.layers.10.self_attn.k_proj": 419.37420654296875,
    "model.layers.10.self_attn.v_proj": 406.85113525390625,
    "model.layers.10.self_attn.o_proj": 409.29998779296875,
    "model.layers.10.mlp.gate_proj": 609.8236083984375,
    "model.layers.10.mlp.up_proj": 586.044189453125,
    "model.layers.10.mlp.down_proj": 628.1969604492188,
    "model.layers.11.self_attn.q_proj": 404.00750732421875,
    "model.layers.11.self_attn.k_proj": 361.1412353515625,
    "model.layers.11.self_attn.v_proj": 427.3659973144531,
    "model.layers.11.self_attn.o_proj": 378.07269287109375,
    "model.layers.11.mlp.gate_proj": 600.3294067382812,
    "model.layers.11.mlp.up_proj": 562.953369140625,
    "model.layers.11.mlp.down_proj": 627.4409790039062,
    "model.layers.12.self_attn.q_proj": 415.83111572265625,
    "model.layers.12.self_attn.k_proj": 358.0392150878906,
    "model.layers.12.self_attn.v_proj": 456.3453369140625,
    "model.layers.12.self_attn.o_proj": 385.01239013671875,
    "model.layers.12.mlp.gate_proj": 590.4969482421875,
    "model.layers.12.mlp.up_proj": 580.85546875,
    "model.layers.12.mlp.down_proj": 634.5535888671875,
    "model.layers.13.self_attn.q_proj": 425.07025146484375,
    "model.layers.13.self_attn.k_proj": 418.8580627441406,
    "model.layers.13.self_attn.v_proj": 458.30938720703125,
    "model.layers.13.self_attn.o_proj": 366.1627502441406,
    "model.layers.13.mlp.gate_proj": 607.5884399414062,
    "model.layers.13.mlp.up_proj": 614.3975830078125,
    "model.layers.13.mlp.down_proj": 657.6566772460938,
    "model.layers.14.self_attn.q_proj": 409.9686584472656,
    "model.layers.14.self_attn.k_proj": 409.8118591308594,
    "model.layers.14.self_attn.v_proj": 435.6435852050781,
    "model.layers.14.self_attn.o_proj": 356.69683837890625,
    "model.layers.14.mlp.gate_proj": 594.1607055664062,
    "model.layers.14.mlp.up_proj": 612.431640625,
    "model.layers.14.mlp.down_proj": 626.1495971679688,
    "model.layers.15.self_attn.q_proj": 393.974609375,
    "model.layers.15.self_attn.k_proj": 410.4590148925781,
    "model.layers.15.self_attn.v_proj": 423.2408752441406,
    "model.layers.15.self_attn.o_proj": 399.37060546875,
    "model.layers.15.mlp.gate_proj": 619.8037109375,
    "model.layers.15.mlp.up_proj": 603.5814208984375,
    "model.layers.15.mlp.down_proj": 618.3178100585938,
    "model.layers.16.self_attn.q_proj": 392.8371887207031,
    "model.layers.16.self_attn.k_proj": 383.6529541015625,
    "model.layers.16.self_attn.v_proj": 425.1963195800781,
    "model.layers.16.self_attn.o_proj": 377.02484130859375,
    "model.layers.16.mlp.gate_proj": 597.849365234375,
    "model.layers.16.mlp.up_proj": 578.04345703125,
    "model.layers.16.mlp.down_proj": 645.2688598632812,
    "model.layers.17.self_attn.q_proj": 389.67626953125,
    "model.layers.17.self_attn.k_proj": 398.01123046875,
    "model.layers.17.self_attn.v_proj": 427.7465515136719,
    "model.layers.17.self_attn.o_proj": 355.9597473144531,
    "model.layers.17.mlp.gate_proj": 618.0574340820312,
    "model.layers.17.mlp.up_proj": 610.5384521484375,
    "model.layers.17.mlp.down_proj": 619.6988525390625,
    "model.layers.18.self_attn.q_proj": 395.99951171875,
    "model.layers.18.self_attn.k_proj": 391.3818054199219,
    "model.layers.18.self_attn.v_proj": 439.1972961425781,
    "model.layers.18.self_attn.o_proj": 428.5160217285156,
    "model.layers.18.mlp.gate_proj": 610.6946411132812,
    "model.layers.18.mlp.up_proj": 605.9837646484375,
    "model.layers.18.mlp.down_proj": 609.2171630859375,
    "model.layers.19.self_attn.q_proj": 401.298095703125,
    "model.layers.19.self_attn.k_proj": 368.291015625,
    "model.layers.19.self_attn.v_proj": 426.4610900878906,
    "model.layers.19.self_attn.o_proj": 387.23382568359375,
    "model.layers.19.mlp.gate_proj": 620.2938232421875,
    "model.layers.19.mlp.up_proj": 584.8969116210938,
    "model.layers.19.mlp.down_proj": 622.9884643554688,
    "model.layers.20.self_attn.q_proj": 392.64739990234375,