{
    "model.layers.0.self_attn.q_proj": 360.33697509765625,
    "model.layers.0.self_attn.k_proj": 414.7813720703125,
    "model.layers.0.self_attn.v_proj": 369.808837890625,
    "model.layers.0.self_attn.o_proj": 388.2281188964844,
    "model.layers.0.mlp.gate_proj": 682.0463256835938,
    "model.layers.0.mlp.up_proj": 650.6785888671875,
    "model.layers.0.mlp.down_proj": 583.063720703125,
    "model.layers.1.self_attn.q_proj": 424.51080322265625,
    "model.layers.1.self_attn.k_proj": 403.74176025390625,
    "model.layers.1.self_attn.v_proj": 414.8499450683594,
    "model.layers.1.self_attn.o_proj": 349.2225341796875,
    "model.layers.1.mlp.gate_proj": 633.8213500976562,
    "model.layers.1.mlp.up_proj": 703.9989624023438,
    "model.layers.1.mlp.down_proj": 632.3766479492188,
    "model.layers.2.self_attn.q_proj": 423.52545166015625,
    "model.layers.2.self_attn.k_proj": 407.74078369140625,
    "model.layers.2.self_attn.v_proj": 389.10302734375,
    "model.layers.2.self_attn.o_proj": 411.35943603515625,
    "model.layers.2.mlp.gate_proj": 649.9269409179688,
    "model.layers.2.mlp.up_proj": 684.0960693359375,
    "model.layers.2.mlp.down_proj": 574.9638061523438,
    "model.layers.3.self_attn.q_proj": 379.9071350097656,
    "model.layers.3.self_attn.k_proj": 398.6770935058594,
    "model.layers.3.self_attn.v_proj": 384.33642578125,
    "model.layers.3.self_attn.o_proj": 415.0399169921875,
    "model.layers.3.mlp.gate_proj": 637.861083984375,
    "model.layers.3.mlp.up_proj": 674.1084594726562,
    "model.layers.3.mlp.down_proj": 593.078369140625,
    "model.layers.4.self_attn.q_proj": 439.9268798828125,
    "model.layers.4.self_attn.k_proj": 413.1304016113281,
    "model.layers.4.self_attn.v_proj": 417.0198974609375,
    "model.layers.4.self_attn.o_proj": 448.28900146484375,
    "model.layers.4.mlp.gate_proj": 705.1160278320312,
    "model.layers.4.mlp.up_proj": 637.40234375,
    "model.layers.4.mlp.down_proj": 672.1718139648438,
    "model.layers.5.self_attn.q_proj": 382.4041442871094,
    "model.layers.5.self_attn.k_proj": 383.8916320800781,
    "model.layers.5.self_attn.v_proj": 431.6658630371094,
    "model.layers.5.self_attn.o_proj": 388.2104187011719,
    "model.layers.5.mlp.gate_proj": 577.6945190429688,
    "model.layers.5.mlp.up_proj": 597.3329467773438,
    "model.layers.5.mlp.down_proj": 638.9822387695312,
    "model.layers.6.self_attn.q_proj": 414.7802734375,
    "model.layers.6.self_attn.k_proj": 396.6528625488281,
    "model.layers.6.self_attn.v_proj": 454.4070739746094,
    "model.layers.6.self_attn.o_proj": 413.709228515625,
    "model.layers.6.mlp.gate_proj": 579.2620849609375,
    "model.layers.6.mlp.up_proj": 591.180419921875,
    "model.layers.6.mlp.down_proj": 586.7694091796875,
    "model.layers.7.self_attn.q_proj": 387.51727294921875,
    "model.layers.7.self_attn.k_proj": 382.58453369140625,
    "model.layers.7.self_attn.v_proj": 467.30810546875,
    "model.layers.7.self_attn.o_proj": 431.47747802734375,
    "model.layers.7.mlp.gate_proj": 649.7474365234375,
    "model.layers.7.mlp.up_proj": 614.4570922851562,
    "model.layers.7.mlp.down_proj": 603.8909912109375,
    "model.layers.8.self_attn.q_proj": 404.3698425292969,
    "model.layers.8.self_attn.k_proj": 394.6927795410156,
    "model.layers.8.self_attn.v_proj": 450.8625183105469,
    "model.layers.8.self_attn.o_proj": 441.6054992675781,
    "model.layers.8.mlp.gate_proj": 599.5538940429688,
    "model.layers.8.mlp.up_proj": 622.846435546875,
    "model.layers.8.mlp.down_proj": 608.4952392578125,
    "model.layers.9.self_attn.q_proj": 421.8560791015625,
    "model.layers.9.self_attn.k_proj": 400.6727294921875,
    "model.layers.9.self_attn.v_proj": 406.88507080078125,
    "model.layers.9.self_attn.o_proj": 373.7328796386719,
    "model.layers.9.mlp.gate_proj": 602.402587890625,
    "model.layers.9.mlp.up_proj": 619.1775512695312,
    "model.layers.9.mlp.down_proj": 583.2513427734375,
    "model.layers.10.self_attn.q_proj": 376.1532287597656,
    "model.layers.10.self_attn.k_proj": 421.92388916015625,
    "model.layers.10.self_attn.v_proj": 405.2719421386719,
    "model.layers.10.self_attn.o_proj": 416.64056396484375,
    "model.layers.10.mlp.gate_proj": 607.7037963867188,
    "model.layers.10.mlp.up_proj": 588.349365234375,
    "model.layers.10.mlp.down_proj": 626.5491333007812,
    "model.layers.11.self_attn.q_proj": 398.5505065917969,
    "model.layers.11.self_attn.k_proj": 366.4530944824219,
    "model.layers.11.self_attn.v_proj": 430.8423767089844,
    "model.layers.11.self_attn.o_proj": 378.452392578125,
    "model.layers.11.mlp.gate_proj": 600.5067749023438,
    "model.layers.11.mlp.up_proj": 566.6610107421875,
    "model.layers.11.mlp.down_proj": 630.3946533203125,
    "model.layers.12.self_attn.q_proj": 413.9410095214844,
    "model.layers.12.self_attn.k_proj": 366.2974548339844,
    "model.layers.12.self_attn.v_proj": 450.3983459472656,
    "model.layers.12.self_attn.o_proj": 387.9565124511719,
    "model.layers.12.mlp.gate_proj": 594.3349609375,
    "model.layers.12.mlp.up_proj": 581.9147338867188,
    "model.layers.12.mlp.down_proj": 633.3069458007812,
    "model.layers.13.self_attn.q_proj": 422.4927673339844,
    "model.layers.13.self_attn.k_proj": 418.6953430175781,
    "model.layers.13.self_attn.v_proj": 457.0430908203125,
    "model.layers.13.self_attn.o_proj": 372.4725036621094,
    "model.layers.13.mlp.gate_proj": 607.5156860351562,
    "model.layers.13.mlp.up_proj": 613.6272583007812,
    "model.layers.13.mlp.down_proj": 655.630615234375,
    "model.layers.14.self_attn.q_proj": 410.42095947265625,
    "model.layers.14.self_attn.k_proj": 410.36737060546875,
    "model.layers.14.self_attn.v_proj": 435.3414611816406,
    "model.layers.14.self_attn.o_proj": 362.4150390625,
    "model.layers.14.mlp.gate_proj": 593.068359375,
    "model.layers.14.mlp.up_proj": 611.8402099609375,
    "model.layers.14.mlp.down_proj": 626.1161499023438,
    "model.layers.15.self_attn.q_proj": 397.67578125,
    "model.layers.15.self_attn.k_proj": 407.8514709472656,
    "model.layers.15.self_attn.v_proj": 422.2124328613281,
    "model.layers.15.self_attn.o_proj": 400.6209716796875,
    "model.layers.15.mlp.gate_proj": 621.1097412109375,
    "model.layers.15.mlp.up_proj": 606.2505493164062,
    "model.layers.15.mlp.down_proj": 615.0979614257812,
    "model.layers.16.self_attn.q_proj": 395.4416809082031,
    "model.layers.16.self_attn.k_proj": 387.7575378417969,
    "model.layers.16.self_attn.v_proj": 428.1506042480469,
    "model.layers.16.self_attn.o_proj": 385.91668701171875,
    "model.layers.16.mlp.gate_proj": 599.3750610351562,
    "model.layers.16.mlp.up_proj": 580.6055297851562,
    "model.layers.16.mlp.down_proj": 643.7620239257812,
    "model.layers.17.self_attn.q_proj": 390.8899230957031,
    "model.layers.17.self_attn.k_proj": 400.38323974609375,
    "model.layers.17.self_attn.v_proj": 429.7167663574219,
    "model.layers.17.self_attn.o_proj": 360.6940612792969,
    "model.layers.17.mlp.gate_proj": 619.3673095703125,
    "model.layers.17.mlp.up_proj": 612.9283447265625,
    "model.layers.17.mlp.down_proj": 622.3658447265625,
    "model.layers.18.self_attn.q_proj": 396.6270751953125,
    "model.layers.18.self_attn.k_proj": 394.2166748046875,
    "model.layers.18.self_attn.v_proj": 433.1393127441406,
    "model.layers.18.self_attn.o_proj": 424.78631591796875,
    "model.layers.18.mlp.gate_proj": 612.2696533203125,
    "model.layers.18.mlp.up_proj": 604.581787109375,
    "model.layers.18.mlp.down_proj": 610.2486572265625,
    "model.layers.19.self_attn.q_proj": 403.3583068847656,
    "model.layers.19.self_attn.k_proj": 374.25665283203125,
    "model.layers.19.self_attn.v_proj": 423.41046142578125,
    "model.layers.19.self_attn.o_proj": 387.22723388671875,
    "model.layers.19.mlp.gate_proj": 618.4308471679688,
    "model.layers.19.mlp.up_proj": 586.0523071289062,
    "model.layers.19.mlp.down_proj": 621.8609619140625,