{
    "model.layers.0.self_attn.q_proj": 406.759765625,
    "model.layers.0.self_attn.k_proj": 405.608642578125,
    "model.layers.0.self_attn.v_proj": 407.3021240234375,
    "model.layers.0.self_attn.o_proj": 406.3547668457031,
    "model.layers.0.mlp.gate_proj": 629.5431518554688,
    "model.layers.0.mlp.up_proj": 630.7592163085938,
    "model.layers.0.mlp.down_proj": 603.7428588867188,
    "model.layers.1.self_attn.q_proj": 407.3977966308594,
    "model.layers.1.self_attn.k_proj": 406.644775390625,
    "model.layers.1.self_attn.v_proj": 405.8921813964844,
    "model.layers.1.self_attn.o_proj": 403.44268798828125,
    "model.layers.1.mlp.gate_proj": 625.9727172851562,
    "model.layers.1.mlp.up_proj": 626.21923828125,
    "model.layers.1.mlp.down_proj": 608.5411987304688,
    "model.layers.2.self_attn.q_proj": 410.6398010253906,
    "model.layers.2.self_attn.k_proj": 397.9736633300781,
    "model.layers.2.self_attn.v_proj": 401.8652648925781,
    "model.layers.2.self_attn.o_proj": 425.0860290527344,
    "model.layers.2.mlp.gate_proj": 619.3983764648438,
    "model.layers.2.mlp.up_proj": 616.3565673828125,
    "model.layers.2.mlp.down_proj": 593.4580688476562,
    "model.layers.3.self_attn.q_proj": 398.21038818359375,
    "model.layers.3.self_attn.k_proj": 409.6148376464844,
    "model.layers.3.self_attn.v_proj": 393.08331298828125,
    "model.layers.3.self_attn.o_proj": 413.0547180175781,
    "model.layers.3.mlp.gate_proj": 616.9487915039062,
    "model.layers.3.mlp.up_proj": 622.794921875,
    "model.layers.3.mlp.down_proj": 590.4458618164062,
    "model.layers.4.self_attn.q_proj": 407.27734375,
    "model.layers.4.self_attn.k_proj": 410.9235534667969,
    "model.layers.4.self_attn.v_proj": 405.4595031738281,
    "model.layers.4.self_attn.o_proj": 416.0003967285156,
    "model.layers.4.mlp.gate_proj": 630.997802734375,
    "model.layers.4.mlp.up_proj": 631.2646484375,
    "model.layers.4.mlp.down_proj": 618.901123046875,
    "model.layers.5.self_attn.q_proj": 410.6754150390625,
    "model.layers.5.self_attn.k_proj": 404.7314453125,
    "model.layers.5.self_attn.v_proj": 418.05975341796875,
    "model.layers.5.self_attn.o_proj": 403.8545837402344,
    "model.layers.5.mlp.gate_proj": 587.0989990234375,
    "model.layers.5.mlp.up_proj": 577.2681274414062,
    "model.layers.5.mlp.down_proj": 591.1981811523438,
    "model.layers.6.self_attn.q_proj": 408.95733642578125,
    "model.layers.6.self_attn.k_proj": 409.1093444824219,
    "model.layers.6.self_attn.v_proj": 408.4217224121094,
    "model.layers.6.self_attn.o_proj": 403.4730529785156,
    "model.layers.6.mlp.gate_proj": 611.0239868164062,
    "model.layers.6.mlp.up_proj": 564.80126953125,
    "model.layers.6.mlp.down_proj": 625.8990478515625,
    "model.layers.7.self_attn.q_proj": 400.44586181640625,
    "model.layers.7.self_attn.k_proj": 413.09246826171875,
    "model.layers.7.self_attn.v_proj": 420.49871826171875,
    "model.layers.7.self_attn.o_proj": 404.1036376953125,
    "model.layers.7.mlp.gate_proj": 618.0895385742188,
    "model.layers.7.mlp.up_proj": 588.0013427734375,
    "model.layers.7.mlp.down_proj": 614.8294067382812,
    "model.layers.8.self_attn.q_proj": 402.69586181640625,
    "model.layers.8.self_attn.k_proj": 401.3774108886719,
    "model.layers.8.self_attn.v_proj": 420.60906982421875,
    "model.layers.8.self_attn.o_proj": 399.37506103515625,
    "model.layers.8.mlp.gate_proj": 614.8579711914062,
    "model.layers.8.mlp.up_proj": 622.0984497070312,
    "model.layers.8.mlp.down_proj": 609.4577026367188,
    "model.layers.9.self_attn.q_proj": 404.9332275390625,
    "model.layers.9.self_attn.k_proj": 402.5712585449219,
    "model.layers.9.self_attn.v_proj": 412.087890625,
    "model.layers.9.self_attn.o_proj": 408.3485412597656,
    "model.layers.9.mlp.gate_proj": 587.1044921875,
    "model.layers.9.mlp.up_proj": 624.0549926757812,
    "model.layers.9.mlp.down_proj": 584.5633544921875,
    "model.layers.10.self_attn.q_proj": 406.8289794921875,
    "model.layers.10.self_attn.k_proj": 403.8202819824219,
    "model.layers.10.self_attn.v_proj": 412.3564453125,
    "model.layers.10.self_attn.o_proj": 409.826904296875,
    "model.layers.10.mlp.gate_proj": 599.5856323242188,
    "model.layers.10.mlp.up_proj": 605.388427734375,
    "model.layers.10.mlp.down_proj": 602.7583618164062,
    "model.layers.11.self_attn.q_proj": 402.6872253417969,
    "model.layers.11.self_attn.k_proj": 408.4427185058594,
    "model.layers.11.self_attn.v_proj": 413.3876647949219,
    "model.layers.11.self_attn.o_proj": 398.2412414550781,
    "model.layers.11.mlp.gate_proj": 594.3082885742188,
    "model.layers.11.mlp.up_proj": 573.3575439453125,
    "model.layers.11.mlp.down_proj": 616.5241088867188,
    "model.layers.12.self_attn.q_proj": 409.48602294921875,
    "model.layers.12.self_attn.k_proj": 409.3111572265625,
    "model.layers.12.self_attn.v_proj": 409.2185974121094,
    "model.layers.12.self_attn.o_proj": 401.01678466796875,
    "model.layers.12.mlp.gate_proj": 607.3303833007812,
    "model.layers.12.mlp.up_proj": 596.6283569335938,
    "model.layers.12.mlp.down_proj": 608.5223999023438,
    "model.layers.13.self_attn.q_proj": 407.7200012207031,
    "model.layers.13.self_attn.k_proj": 407.619140625,
    "model.layers.13.self_attn.v_proj": 419.6181945800781,
    "model.layers.13.self_attn.o_proj": 405.9235534667969,
    "model.layers.13.mlp.gate_proj": 598.8668212890625,
    "model.layers.13.mlp.up_proj": 599.09423828125,
    "model.layers.13.mlp.down_proj": 612.1515502929688,
    "model.layers.14.self_attn.q_proj": 407.91943359375,
    "model.layers.14.self_attn.k_proj": 406.3193664550781,
    "model.layers.14.self_attn.v_proj": 410.93536376953125,
    "model.layers.14.self_attn.o_proj": 403.8076171875,
    "model.layers.14.mlp.gate_proj": 603.8345336914062,
    "model.layers.14.mlp.up_proj": 604.2474365234375,
    "model.layers.14.mlp.down_proj": 605.2176513671875,
    "model.layers.15.self_attn.q_proj": 409.6806640625,
    "model.layers.15.self_attn.k_proj": 408.0124816894531,
    "model.layers.15.self_attn.v_proj": 412.03228759765625,
    "model.layers.15.self_attn.o_proj": 410.63177490234375,
    "model.layers.15.mlp.gate_proj": 606.0829467773438,
    "model.layers.15.mlp.up_proj": 612.615966796875,
    "model.layers.15.mlp.down_proj": 607.8490600585938,
    "model.layers.16.self_attn.q_proj": 406.6617736816406,
    "model.layers.16.self_attn.k_proj": 406.55419921875,
    "model.layers.16.self_attn.v_proj": 408.99853515625,
    "model.layers.16.self_attn.o_proj": 406.6458740234375,
    "model.layers.16.mlp.gate_proj": 606.7984619140625,
    "model.layers.16.mlp.up_proj": 591.5785522460938,
    "model.layers.16.mlp.down_proj": 612.9600830078125,
    "model.layers.17.self_attn.q_proj": 406.79156494140625,
    "model.layers.17.self_attn.k_proj": 408.04620361328125,
    "model.layers.17.self_attn.v_proj": 410.3214416503906,
    "model.layers.17.self_attn.o_proj": 403.6712646484375,
    "model.layers.17.mlp.gate_proj": 610.9481811523438,
    "model.layers.17.mlp.up_proj": 606.028076171875,
    "model.layers.17.mlp.down_proj": 616.8003540039062,
    "model.layers.18.self_attn.q_proj": 407.27191162109375,
    "model.layers.18.self_attn.k_proj": 407.5391540527344,
    "model.layers.18.self_attn.v_proj": 410.17919921875,
    "model.layers.18.self_attn.o_proj": 407.97119140625,
    "model.layers.18.mlp.gate_proj": 605.7395629882812,
    "model.layers.18.mlp.up_proj": 603.927001953125,
    "model.layers.18.mlp.down_proj": 605.7313842773438,
    "model.layers.19.self_attn.q_proj": 407.31256103515625,
    "model.layers.19.self_attn.k_proj": 404.4918212890625,
    "model.layers.19.self_attn.v_proj": 405.5307922363281,
    "model.layers.19.self_attn.o_proj": 402.295166015625,
    "model.layers.19.mlp.gate_proj": 602.7095336914062,
    "model.layers.19.mlp.up_proj": 603.1051025390625,
    "model.layers.19.mlp.down_proj": 602.0462036132812,
    "model.layers.20.self_attn.q_proj": 408.06005859375,