{
    "model.layers.0.self_attn.q_proj": 362.9874572753906,
    "model.layers.0.self_attn.k_proj": 411.9331970214844,
    "model.layers.0.self_attn.v_proj": 373.6084899902344,
    "model.layers.0.self_attn.o_proj": 387.03057861328125,
    "model.layers.0.mlp.gate_proj": 677.3547973632812,
    "model.layers.0.mlp.up_proj": 651.9595947265625,
    "model.layers.0.mlp.down_proj": 582.6692504882812,
    "model.layers.1.self_attn.q_proj": 413.9154968261719,
    "model.layers.1.self_attn.k_proj": 408.6120910644531,
    "model.layers.1.self_attn.v_proj": 417.83056640625,
    "model.layers.1.self_attn.o_proj": 354.0395202636719,
    "model.layers.1.mlp.gate_proj": 632.7493896484375,
    "model.layers.1.mlp.up_proj": 692.683349609375,
    "model.layers.1.mlp.down_proj": 627.2088623046875,
    "model.layers.2.self_attn.q_proj": 411.7724609375,
    "model.layers.2.self_attn.k_proj": 401.60614013671875,
    "model.layers.2.self_attn.v_proj": 377.5542297363281,
    "model.layers.2.self_attn.o_proj": 415.0743103027344,
    "model.layers.2.mlp.gate_proj": 647.4415893554688,
    "model.layers.2.mlp.up_proj": 680.486572265625,
    "model.layers.2.mlp.down_proj": 573.8394165039062,
    "model.layers.3.self_attn.q_proj": 383.5296325683594,
    "model.layers.3.self_attn.k_proj": 401.7432556152344,
    "model.layers.3.self_attn.v_proj": 387.2021484375,
    "model.layers.3.self_attn.o_proj": 403.3768615722656,
    "model.layers.3.mlp.gate_proj": 628.4161376953125,
    "model.layers.3.mlp.up_proj": 659.37939453125,
    "model.layers.3.mlp.down_proj": 592.9505615234375,
    "model.layers.4.self_attn.q_proj": 437.471435546875,
    "model.layers.4.self_attn.k_proj": 413.54742431640625,
    "model.layers.4.self_attn.v_proj": 416.16632080078125,
    "model.layers.4.self_attn.o_proj": 443.4185485839844,
    "model.layers.4.mlp.gate_proj": 692.84033203125,
    "model.layers.4.mlp.up_proj": 646.1664428710938,
    "model.layers.4.mlp.down_proj": 672.6590576171875,
    "model.layers.5.self_attn.q_proj": 384.490478515625,
    "model.layers.5.self_attn.k_proj": 383.4930419921875,
    "model.layers.5.self_attn.v_proj": 429.98297119140625,
    "model.layers.5.self_attn.o_proj": 389.6754150390625,
    "model.layers.5.mlp.gate_proj": 580.0791015625,
    "model.layers.5.mlp.up_proj": 597.0400390625,
    "model.layers.5.mlp.down_proj": 635.1084594726562,
    "model.layers.6.self_attn.q_proj": 409.9633483886719,
    "model.layers.6.self_attn.k_proj": 399.52996826171875,
    "model.layers.6.self_attn.v_proj": 449.2752685546875,
    "model.layers.6.self_attn.o_proj": 409.6999206542969,
    "model.layers.6.mlp.gate_proj": 582.3760986328125,
    "model.layers.6.mlp.up_proj": 592.7782592773438,
    "model.layers.6.mlp.down_proj": 590.3113403320312,
    "model.layers.7.self_attn.q_proj": 391.5261535644531,
    "model.layers.7.self_attn.k_proj": 386.1678466796875,
    "model.layers.7.self_attn.v_proj": 464.3784484863281,
    "model.layers.7.self_attn.o_proj": 426.6518249511719,
    "model.layers.7.mlp.gate_proj": 646.1326904296875,
    "model.layers.7.mlp.up_proj": 614.6036987304688,
    "model.layers.7.mlp.down_proj": 603.8240966796875,
    "model.layers.8.self_attn.q_proj": 402.6202087402344,
    "model.layers.8.self_attn.k_proj": 391.0691833496094,
    "model.layers.8.self_attn.v_proj": 438.27197265625,
    "model.layers.8.self_attn.o_proj": 436.02203369140625,
    "model.layers.8.mlp.gate_proj": 601.1019897460938,
    "model.layers.8.mlp.up_proj": 618.80322265625,
    "model.layers.8.mlp.down_proj": 620.0118408203125,
    "model.layers.9.self_attn.q_proj": 415.7461853027344,
    "model.layers.9.self_attn.k_proj": 404.6564636230469,
    "model.layers.9.self_attn.v_proj": 406.86602783203125,
    "model.layers.9.self_attn.o_proj": 383.457763671875,
    "model.layers.9.mlp.gate_proj": 597.2509765625,
    "model.layers.9.mlp.up_proj": 623.9528198242188,
    "model.layers.9.mlp.down_proj": 584.7505493164062,
    "model.layers.10.self_attn.q_proj": 377.83502197265625,
    "model.layers.10.self_attn.k_proj": 425.43756103515625,
    "model.layers.10.self_attn.v_proj": 401.5796813964844,
    "model.layers.10.self_attn.o_proj": 421.9436950683594,
    "model.layers.10.mlp.gate_proj": 605.3020629882812,
    "model.layers.10.mlp.up_proj": 588.6891479492188,
    "model.layers.10.mlp.down_proj": 619.0948486328125,
    "model.layers.11.self_attn.q_proj": 386.4915771484375,
    "model.layers.11.self_attn.k_proj": 375.2093505859375,
    "model.layers.11.self_attn.v_proj": 432.0276794433594,
    "model.layers.11.self_attn.o_proj": 375.16845703125,
    "model.layers.11.mlp.gate_proj": 597.6864013671875,
    "model.layers.11.mlp.up_proj": 569.0977172851562,
    "model.layers.11.mlp.down_proj": 631.0111694335938,
    "model.layers.12.self_attn.q_proj": 404.5323486328125,
    "model.layers.12.self_attn.k_proj": 378.29486083984375,
    "model.layers.12.self_attn.v_proj": 438.1280212402344,
    "model.layers.12.self_attn.o_proj": 389.283935546875,
    "model.layers.12.mlp.gate_proj": 596.5067138671875,
    "model.layers.12.mlp.up_proj": 580.1874389648438,
    "model.layers.12.mlp.down_proj": 629.8787231445312,
    "model.layers.13.self_attn.q_proj": 416.54168701171875,
    "model.layers.13.self_attn.k_proj": 417.2391662597656,
    "model.layers.13.self_attn.v_proj": 457.5581970214844,
    "model.layers.13.self_attn.o_proj": 373.45330810546875,
    "model.layers.13.mlp.gate_proj": 603.5980834960938,
    "model.layers.13.mlp.up_proj": 610.7210083007812,
    "model.layers.13.mlp.down_proj": 649.6876220703125,
    "model.layers.14.self_attn.q_proj": 405.11248779296875,
    "model.layers.14.self_attn.k_proj": 406.8863525390625,
    "model.layers.14.self_attn.v_proj": 431.7021484375,
    "model.layers.14.self_attn.o_proj": 366.00323486328125,
    "model.layers.14.mlp.gate_proj": 589.925048828125,
    "model.layers.14.mlp.up_proj": 607.3218994140625,
    "model.layers.14.mlp.down_proj": 622.8972778320312,
    "model.layers.15.self_attn.q_proj": 396.84100341796875,
    "model.layers.15.self_attn.k_proj": 400.6772155761719,
    "model.layers.15.self_attn.v_proj": 418.8443908691406,
    "model.layers.15.self_attn.o_proj": 398.2079162597656,
    "model.layers.15.mlp.gate_proj": 618.8676147460938,
    "model.layers.15.mlp.up_proj": 605.6766967773438,
    "model.layers.15.mlp.down_proj": 611.8302001953125,
    "model.layers.16.self_attn.q_proj": 392.5389099121094,
    "model.layers.16.self_attn.k_proj": 387.57684326171875,
    "model.layers.16.self_attn.v_proj": 425.8224182128906,
    "model.layers.16.self_attn.o_proj": 385.82440185546875,
    "model.layers.16.mlp.gate_proj": 597.1557006835938,
    "model.layers.16.mlp.up_proj": 579.919677734375,
    "model.layers.16.mlp.down_proj": 636.1241455078125,
    "model.layers.17.self_attn.q_proj": 389.1746520996094,
    "model.layers.17.self_attn.k_proj": 397.2386474609375,
    "model.layers.17.self_attn.v_proj": 428.5820617675781,
    "model.layers.17.self_attn.o_proj": 361.7613525390625,
    "model.layers.17.mlp.gate_proj": 617.0848999023438,
    "model.layers.17.mlp.up_proj": 611.5232543945312,
    "model.layers.17.mlp.down_proj": 619.5706176757812,
    "model.layers.18.self_attn.q_proj": 392.725341796875,
    "model.layers.18.self_attn.k_proj": 393.7421569824219,
    "model.layers.18.self_attn.v_proj": 423.85833740234375,
    "model.layers.18.self_attn.o_proj": 416.2738952636719,
    "model.layers.18.mlp.gate_proj": 609.2949829101562,
    "model.layers.18.mlp.up_proj": 602.5785522460938,
    "model.layers.18.mlp.down_proj": 608.4242553710938,
    "model.layers.19.self_attn.q_proj": 402.12841796875,
    "model.layers.19.self_attn.k_proj": 375.6097717285156,
    "model.layers.19.self_attn.v_proj": 417.51580810546875,
    "model.layers.19.self_attn.o_proj": 380.56732177734375,
    "model.layers.19.mlp.gate_proj": 609.8269653320312,
    "model.layers.19.mlp.up_proj": 583.9217529296875,
    "model.layers.19.mlp.down_proj": 618.7950439453125,