{
    "model.layers.0.self_attn.q_proj": 403.63983154296875,
    "model.layers.0.self_attn.k_proj": 403.63555908203125,
    "model.layers.0.self_attn.v_proj": 403.6248779296875,
    "model.layers.0.self_attn.o_proj": 403.63079833984375,
    "model.layers.0.mlp.gate_proj": 616.171630859375,
    "model.layers.0.mlp.up_proj": 614.976806640625,
    "model.layers.0.mlp.down_proj": 596.2376098632812,
    "model.layers.1.self_attn.q_proj": 403.6056213378906,
    "model.layers.1.self_attn.k_proj": 403.7247314453125,
    "model.layers.1.self_attn.v_proj": 405.3316955566406,
    "model.layers.1.self_attn.o_proj": 403.49163818359375,
    "model.layers.1.mlp.gate_proj": 613.274658203125,
    "model.layers.1.mlp.up_proj": 614.5316772460938,
    "model.layers.1.mlp.down_proj": 600.8236694335938,
    "model.layers.2.self_attn.q_proj": 403.5862121582031,
    "model.layers.2.self_attn.k_proj": 403.6394958496094,
    "model.layers.2.self_attn.v_proj": 404.6532287597656,
    "model.layers.2.self_attn.o_proj": 412.5716247558594,
    "model.layers.2.mlp.gate_proj": 613.3914794921875,
    "model.layers.2.mlp.up_proj": 607.6963500976562,
    "model.layers.2.mlp.down_proj": 595.0634765625,
    "model.layers.3.self_attn.q_proj": 403.4461364746094,
    "model.layers.3.self_attn.k_proj": 403.5935974121094,
    "model.layers.3.self_attn.v_proj": 404.40753173828125,
    "model.layers.3.self_attn.o_proj": 406.1380310058594,
    "model.layers.3.mlp.gate_proj": 610.1712036132812,
    "model.layers.3.mlp.up_proj": 613.4552612304688,
    "model.layers.3.mlp.down_proj": 592.6398315429688,
    "model.layers.4.self_attn.q_proj": 403.5677490234375,
    "model.layers.4.self_attn.k_proj": 403.7197570800781,
    "model.layers.4.self_attn.v_proj": 406.205322265625,
    "model.layers.4.self_attn.o_proj": 405.0614318847656,
    "model.layers.4.mlp.gate_proj": 618.194091796875,
    "model.layers.4.mlp.up_proj": 617.2088012695312,
    "model.layers.4.mlp.down_proj": 614.6114501953125,
    "model.layers.5.self_attn.q_proj": 404.2587585449219,
    "model.layers.5.self_attn.k_proj": 403.6244812011719,
    "model.layers.5.self_attn.v_proj": 409.0773010253906,
    "model.layers.5.self_attn.o_proj": 403.5665588378906,
    "model.layers.5.mlp.gate_proj": 592.51025390625,
    "model.layers.5.mlp.up_proj": 583.1162719726562,
    "model.layers.5.mlp.down_proj": 589.5361938476562,
    "model.layers.6.self_attn.q_proj": 403.5928649902344,
    "model.layers.6.self_attn.k_proj": 404.8717346191406,
    "model.layers.6.self_attn.v_proj": 407.6680603027344,
    "model.layers.6.self_attn.o_proj": 406.97601318359375,
    "model.layers.6.mlp.gate_proj": 606.5847778320312,
    "model.layers.6.mlp.up_proj": 571.8078002929688,
    "model.layers.6.mlp.down_proj": 611.9912109375,
    "model.layers.7.self_attn.q_proj": 403.572021484375,
    "model.layers.7.self_attn.k_proj": 403.9866027832031,
    "model.layers.7.self_attn.v_proj": 410.18280029296875,
    "model.layers.7.self_attn.o_proj": 403.4713439941406,
    "model.layers.7.mlp.gate_proj": 608.5941162109375,
    "model.layers.7.mlp.up_proj": 594.036865234375,
    "model.layers.7.mlp.down_proj": 609.3870849609375,
    "model.layers.8.self_attn.q_proj": 403.63446044921875,
    "model.layers.8.self_attn.k_proj": 403.6614074707031,
    "model.layers.8.self_attn.v_proj": 409.885986328125,
    "model.layers.8.self_attn.o_proj": 403.9373474121094,
    "model.layers.8.mlp.gate_proj": 608.3674926757812,
    "model.layers.8.mlp.up_proj": 612.734130859375,
    "model.layers.8.mlp.down_proj": 603.2833251953125,
    "model.layers.9.self_attn.q_proj": 403.6418151855469,
    "model.layers.9.self_attn.k_proj": 403.5885009765625,
    "model.layers.9.self_attn.v_proj": 404.44549560546875,
    "model.layers.9.self_attn.o_proj": 403.728271484375,
    "model.layers.9.mlp.gate_proj": 582.2279052734375,
    "model.layers.9.mlp.up_proj": 611.4713745117188,
    "model.layers.9.mlp.down_proj": 593.028076171875,
    "model.layers.10.self_attn.q_proj": 403.5914001464844,
    "model.layers.10.self_attn.k_proj": 403.74658203125,
    "model.layers.10.self_attn.v_proj": 403.60357666015625,
    "model.layers.10.self_attn.o_proj": 403.7643737792969,
    "model.layers.10.mlp.gate_proj": 595.6036376953125,
    "model.layers.10.mlp.up_proj": 599.4286499023438,
    "model.layers.10.mlp.down_proj": 595.427490234375,
    "model.layers.11.self_attn.q_proj": 403.6775817871094,
    "model.layers.11.self_attn.k_proj": 405.9004211425781,
    "model.layers.11.self_attn.v_proj": 406.1004333496094,
    "model.layers.11.self_attn.o_proj": 403.66583251953125,
    "model.layers.11.mlp.gate_proj": 595.03369140625,
    "model.layers.11.mlp.up_proj": 569.1204223632812,
    "model.layers.11.mlp.down_proj": 603.0694580078125,
    "model.layers.12.self_attn.q_proj": 403.8333740234375,
    "model.layers.12.self_attn.k_proj": 403.6026611328125,
    "model.layers.12.self_attn.v_proj": 403.7474060058594,
    "model.layers.12.self_attn.o_proj": 404.09735107421875,
    "model.layers.12.mlp.gate_proj": 599.7166748046875,
    "model.layers.12.mlp.up_proj": 593.4636840820312,
    "model.layers.12.mlp.down_proj": 599.3082885742188,
    "model.layers.13.self_attn.q_proj": 403.7744140625,
    "model.layers.13.self_attn.k_proj": 403.6734313964844,
    "model.layers.13.self_attn.v_proj": 406.7917785644531,
    "model.layers.13.self_attn.o_proj": 403.7538146972656,
    "model.layers.13.mlp.gate_proj": 590.9424438476562,
    "model.layers.13.mlp.up_proj": 593.4815063476562,
    "model.layers.13.mlp.down_proj": 602.5672607421875,
    "model.layers.14.self_attn.q_proj": 403.72967529296875,
    "model.layers.14.self_attn.k_proj": 403.674072265625,
    "model.layers.14.self_attn.v_proj": 403.58135986328125,
    "model.layers.14.self_attn.o_proj": 403.6086120605469,
    "model.layers.14.mlp.gate_proj": 599.9725341796875,
    "model.layers.14.mlp.up_proj": 594.9833374023438,
    "model.layers.14.mlp.down_proj": 595.6389770507812,
    "model.layers.15.self_attn.q_proj": 403.67413330078125,
    "model.layers.15.self_attn.k_proj": 403.68621826171875,
    "model.layers.15.self_attn.v_proj": 403.646484375,
    "model.layers.15.self_attn.o_proj": 403.6494445800781,
    "model.layers.15.mlp.gate_proj": 597.0528564453125,
    "model.layers.15.mlp.up_proj": 604.14306640625,
    "model.layers.15.mlp.down_proj": 600.826904296875,
    "model.layers.16.self_attn.q_proj": 403.6870422363281,
    "model.layers.16.self_attn.k_proj": 403.5937194824219,
    "model.layers.16.self_attn.v_proj": 403.6856384277344,
    "model.layers.16.self_attn.o_proj": 403.5619201660156,
    "model.layers.16.mlp.gate_proj": 600.4743041992188,
    "model.layers.16.mlp.up_proj": 588.3890380859375,
    "model.layers.16.mlp.down_proj": 604.59765625,
    "model.layers.17.self_attn.q_proj": 403.654052734375,
    "model.layers.17.self_attn.k_proj": 403.61602783203125,
    "model.layers.17.self_attn.v_proj": 403.66558837890625,
    "model.layers.17.self_attn.o_proj": 403.61468505859375,
    "model.layers.17.mlp.gate_proj": 602.4598388671875,
    "model.layers.17.mlp.up_proj": 598.4718627929688,
    "model.layers.17.mlp.down_proj": 604.9988403320312,
    "model.layers.18.self_attn.q_proj": 403.6466979980469,
    "model.layers.18.self_attn.k_proj": 403.6662292480469,
    "model.layers.18.self_attn.v_proj": 403.7494201660156,
    "model.layers.18.self_attn.o_proj": 403.62908935546875,
    "model.layers.18.mlp.gate_proj": 599.5418090820312,
    "model.layers.18.mlp.up_proj": 598.3464965820312,
    "model.layers.18.mlp.down_proj": 599.7455444335938,
    "model.layers.19.self_attn.q_proj": 403.6800842285156,
    "model.layers.19.self_attn.k_proj": 403.5937194824219,
    "model.layers.19.self_attn.v_proj": 403.6805725097656,
    "model.layers.19.self_attn.o_proj": 403.6279602050781,
    "model.layers.19.mlp.gate_proj": 597.7265625,
    "model.layers.19.mlp.up_proj": 595.9877319335938,
    "model.layers.19.mlp.down_proj": 595.5670776367188,