{
    "model.layers.0.self_attn.q_proj": 399.3226013183594,
    "model.layers.0.self_attn.k_proj": 400.7656555175781,
    "model.layers.0.self_attn.v_proj": 411.0094299316406,
    "model.layers.0.self_attn.o_proj": 399.4833679199219,
    "model.layers.0.mlp.gate_proj": 638.145263671875,
    "model.layers.0.mlp.up_proj": 637.65185546875,
    "model.layers.0.mlp.down_proj": 607.5999755859375,
    "model.layers.1.self_attn.q_proj": 403.71673583984375,
    "model.layers.1.self_attn.k_proj": 412.57855224609375,
    "model.layers.1.self_attn.v_proj": 428.6146545410156,
    "model.layers.1.self_attn.o_proj": 399.44744873046875,
    "model.layers.1.mlp.gate_proj": 643.083984375,
    "model.layers.1.mlp.up_proj": 636.6112060546875,
    "model.layers.1.mlp.down_proj": 609.198486328125,
    "model.layers.2.self_attn.q_proj": 416.51068115234375,
    "model.layers.2.self_attn.k_proj": 382.5102844238281,
    "model.layers.2.self_attn.v_proj": 388.7875671386719,
    "model.layers.2.self_attn.o_proj": 446.40069580078125,
    "model.layers.2.mlp.gate_proj": 619.6337280273438,
    "model.layers.2.mlp.up_proj": 638.9256591796875,
    "model.layers.2.mlp.down_proj": 591.5223388671875,
    "model.layers.3.self_attn.q_proj": 403.8126220703125,
    "model.layers.3.self_attn.k_proj": 413.3571472167969,
    "model.layers.3.self_attn.v_proj": 386.1557312011719,
    "model.layers.3.self_attn.o_proj": 409.9973449707031,
    "model.layers.3.mlp.gate_proj": 627.9217529296875,
    "model.layers.3.mlp.up_proj": 631.0197143554688,
    "model.layers.3.mlp.down_proj": 593.6634521484375,
    "model.layers.4.self_attn.q_proj": 413.7483825683594,
    "model.layers.4.self_attn.k_proj": 413.0299072265625,
    "model.layers.4.self_attn.v_proj": 400.1208190917969,
    "model.layers.4.self_attn.o_proj": 423.7711181640625,
    "model.layers.4.mlp.gate_proj": 652.4287109375,
    "model.layers.4.mlp.up_proj": 643.38232421875,
    "model.layers.4.mlp.down_proj": 633.00634765625,
    "model.layers.5.self_attn.q_proj": 414.4720458984375,
    "model.layers.5.self_attn.k_proj": 402.4542236328125,
    "model.layers.5.self_attn.v_proj": 414.37420654296875,
    "model.layers.5.self_attn.o_proj": 403.6012878417969,
    "model.layers.5.mlp.gate_proj": 580.119873046875,
    "model.layers.5.mlp.up_proj": 575.5325317382812,
    "model.layers.5.mlp.down_proj": 597.150634765625,
    "model.layers.6.self_attn.q_proj": 406.8240051269531,
    "model.layers.6.self_attn.k_proj": 403.215087890625,
    "model.layers.6.self_attn.v_proj": 408.8218994140625,
    "model.layers.6.self_attn.o_proj": 395.7039489746094,
    "model.layers.6.mlp.gate_proj": 611.2052612304688,
    "model.layers.6.mlp.up_proj": 577.1736450195312,
    "model.layers.6.mlp.down_proj": 628.185791015625,
    "model.layers.7.self_attn.q_proj": 409.7275390625,
    "model.layers.7.self_attn.k_proj": 417.89739990234375,
    "model.layers.7.self_attn.v_proj": 441.8863830566406,
    "model.layers.7.self_attn.o_proj": 395.6119079589844,
    "model.layers.7.mlp.gate_proj": 620.146484375,
    "model.layers.7.mlp.up_proj": 597.5963745117188,
    "model.layers.7.mlp.down_proj": 620.2357788085938,
    "model.layers.8.self_attn.q_proj": 387.2094421386719,
    "model.layers.8.self_attn.k_proj": 394.66802978515625,
    "model.layers.8.self_attn.v_proj": 421.31597900390625,
    "model.layers.8.self_attn.o_proj": 408.2328796386719,
    "model.layers.8.mlp.gate_proj": 607.5552978515625,
    "model.layers.8.mlp.up_proj": 632.5028686523438,
    "model.layers.8.mlp.down_proj": 611.7070922851562,
    "model.layers.9.self_attn.q_proj": 405.5802307128906,
    "model.layers.9.self_attn.k_proj": 391.33233642578125,
    "model.layers.9.self_attn.v_proj": 422.9736633300781,
    "model.layers.9.self_attn.o_proj": 417.63153076171875,
    "model.layers.9.mlp.gate_proj": 588.000732421875,
    "model.layers.9.mlp.up_proj": 627.6802978515625,
    "model.layers.9.mlp.down_proj": 569.43408203125,
    "model.layers.10.self_attn.q_proj": 400.7805480957031,
    "model.layers.10.self_attn.k_proj": 411.0076599121094,
    "model.layers.10.self_attn.v_proj": 404.3544616699219,
    "model.layers.10.self_attn.o_proj": 421.4080505371094,
    "model.layers.10.mlp.gate_proj": 596.6553344726562,
    "model.layers.10.mlp.up_proj": 602.9513549804688,
    "model.layers.10.mlp.down_proj": 609.0991821289062,
    "model.layers.11.self_attn.q_proj": 387.5131530761719,
    "model.layers.11.self_attn.k_proj": 395.0820617675781,
    "model.layers.11.self_attn.v_proj": 418.184326171875,
    "model.layers.11.self_attn.o_proj": 387.3348693847656,
    "model.layers.11.mlp.gate_proj": 593.2522583007812,
    "model.layers.11.mlp.up_proj": 576.1368408203125,
    "model.layers.11.mlp.down_proj": 631.0511474609375,
    "model.layers.12.self_attn.q_proj": 406.94232177734375,
    "model.layers.12.self_attn.k_proj": 407.2799987792969,
    "model.layers.12.self_attn.v_proj": 414.7461242675781,
    "model.layers.12.self_attn.o_proj": 403.4868469238281,
    "model.layers.12.mlp.gate_proj": 608.3365478515625,
    "model.layers.12.mlp.up_proj": 587.7742309570312,
    "model.layers.12.mlp.down_proj": 616.47607421875,
    "model.layers.13.self_attn.q_proj": 406.3791809082031,
    "model.layers.13.self_attn.k_proj": 400.3364562988281,
    "model.layers.13.self_attn.v_proj": 442.9928894042969,
    "model.layers.13.self_attn.o_proj": 395.5430603027344,
    "model.layers.13.mlp.gate_proj": 604.9173583984375,
    "model.layers.13.mlp.up_proj": 603.0757446289062,
    "model.layers.13.mlp.down_proj": 627.5811767578125,
    "model.layers.14.self_attn.q_proj": 404.7698669433594,
    "model.layers.14.self_attn.k_proj": 402.7342529296875,
    "model.layers.14.self_attn.v_proj": 424.29107666015625,
    "model.layers.14.self_attn.o_proj": 393.748291015625,
    "model.layers.14.mlp.gate_proj": 599.4617919921875,
    "model.layers.14.mlp.up_proj": 604.0435180664062,
    "model.layers.14.mlp.down_proj": 610.4928588867188,
    "model.layers.15.self_attn.q_proj": 408.8454284667969,
    "model.layers.15.self_attn.k_proj": 402.6487121582031,
    "model.layers.15.self_attn.v_proj": 416.7388000488281,
    "model.layers.15.self_attn.o_proj": 409.7498474121094,
    "model.layers.15.mlp.gate_proj": 616.0297241210938,
    "model.layers.15.mlp.up_proj": 612.83056640625,
    "model.layers.15.mlp.down_proj": 610.1503295898438,
    "model.layers.16.self_attn.q_proj": 399.3970031738281,
    "model.layers.16.self_attn.k_proj": 401.8728332519531,
    "model.layers.16.self_attn.v_proj": 413.0616455078125,
    "model.layers.16.self_attn.o_proj": 400.2222900390625,
    "model.layers.16.mlp.gate_proj": 603.7987060546875,
    "model.layers.16.mlp.up_proj": 590.2177734375,
    "model.layers.16.mlp.down_proj": 619.3402099609375,
    "model.layers.17.self_attn.q_proj": 400.0290832519531,
    "model.layers.17.self_attn.k_proj": 403.2249450683594,
    "model.layers.17.self_attn.v_proj": 417.638916015625,
    "model.layers.17.self_attn.o_proj": 392.5859069824219,
    "model.layers.17.mlp.gate_proj": 613.0822143554688,
    "model.layers.17.mlp.up_proj": 613.919677734375,
    "model.layers.17.mlp.down_proj": 621.873291015625,
    "model.layers.18.self_attn.q_proj": 401.528564453125,
    "model.layers.18.self_attn.k_proj": 402.6225891113281,
    "model.layers.18.self_attn.v_proj": 414.5891418457031,
    "model.layers.18.self_attn.o_proj": 409.0032043457031,
    "model.layers.18.mlp.gate_proj": 609.8489990234375,
    "model.layers.18.mlp.up_proj": 606.5514526367188,
    "model.layers.18.mlp.down_proj": 603.9246826171875,
    "model.layers.19.self_attn.q_proj": 404.4962463378906,
    "model.layers.19.self_attn.k_proj": 395.32110595703125,
    "model.layers.19.self_attn.v_proj": 410.3020324707031,
    "model.layers.19.self_attn.o_proj": 393.7368469238281,
    "model.layers.19.mlp.gate_proj": 602.943359375,
    "model.layers.19.mlp.up_proj": 597.4410400390625,
    "model.layers.19.mlp.down_proj": 608.979736328125,
    "model.layers.20.self_attn.q_proj": 404.6824645996094,