{
    "model.layers.0.self_attn.q_proj": 351.71600341796875,
    "model.layers.0.self_attn.k_proj": 411.88824462890625,
    "model.layers.0.self_attn.v_proj": 365.1340637207031,
    "model.layers.0.self_attn.o_proj": 379.0349426269531,
    "model.layers.0.mlp.gate_proj": 690.099365234375,
    "model.layers.0.mlp.up_proj": 645.5709228515625,
    "model.layers.0.mlp.down_proj": 583.7572021484375,
    "model.layers.1.self_attn.q_proj": 434.39324951171875,
    "model.layers.1.self_attn.k_proj": 399.0130920410156,
    "model.layers.1.self_attn.v_proj": 434.9451599121094,
    "model.layers.1.self_attn.o_proj": 344.4276123046875,
    "model.layers.1.mlp.gate_proj": 630.1544799804688,
    "model.layers.1.mlp.up_proj": 693.5296630859375,
    "model.layers.1.mlp.down_proj": 633.9819946289062,
    "model.layers.2.self_attn.q_proj": 451.1396179199219,
    "model.layers.2.self_attn.k_proj": 404.35015869140625,
    "model.layers.2.self_attn.v_proj": 405.9371032714844,
    "model.layers.2.self_attn.o_proj": 405.5462951660156,
    "model.layers.2.mlp.gate_proj": 678.147216796875,
    "model.layers.2.mlp.up_proj": 683.4024047851562,
    "model.layers.2.mlp.down_proj": 574.722412109375,
    "model.layers.3.self_attn.q_proj": 371.12017822265625,
    "model.layers.3.self_attn.k_proj": 397.28631591796875,
    "model.layers.3.self_attn.v_proj": 381.36529541015625,
    "model.layers.3.self_attn.o_proj": 441.1097412109375,
    "model.layers.3.mlp.gate_proj": 650.1273193359375,
    "model.layers.3.mlp.up_proj": 664.22998046875,
    "model.layers.3.mlp.down_proj": 624.3619995117188,
    "model.layers.4.self_attn.q_proj": 444.41607666015625,
    "model.layers.4.self_attn.k_proj": 420.5835876464844,
    "model.layers.4.self_attn.v_proj": 414.5773620605469,
    "model.layers.4.self_attn.o_proj": 487.98651123046875,
    "model.layers.4.mlp.gate_proj": 698.5972900390625,
    "model.layers.4.mlp.up_proj": 596.5313110351562,
    "model.layers.4.mlp.down_proj": 667.6845703125,
    "model.layers.5.self_attn.q_proj": 373.76385498046875,
    "model.layers.5.self_attn.k_proj": 434.7748718261719,
    "model.layers.5.self_attn.v_proj": 399.5099182128906,
    "model.layers.5.self_attn.o_proj": 399.66650390625,
    "model.layers.5.mlp.gate_proj": 607.9463500976562,
    "model.layers.5.mlp.up_proj": 578.461669921875,
    "model.layers.5.mlp.down_proj": 647.0252685546875,
    "model.layers.6.self_attn.q_proj": 430.3553161621094,
    "model.layers.6.self_attn.k_proj": 342.7852783203125,
    "model.layers.6.self_attn.v_proj": 491.4927978515625,
    "model.layers.6.self_attn.o_proj": 420.3556213378906,
    "model.layers.6.mlp.gate_proj": 618.8452758789062,
    "model.layers.6.mlp.up_proj": 624.5116577148438,
    "model.layers.6.mlp.down_proj": 583.3069458007812,
    "model.layers.7.self_attn.q_proj": 384.6326904296875,
    "model.layers.7.self_attn.k_proj": 379.4154052734375,
    "model.layers.7.self_attn.v_proj": 474.90313720703125,
    "model.layers.7.self_attn.o_proj": 476.4297180175781,
    "model.layers.7.mlp.gate_proj": 655.2535400390625,
    "model.layers.7.mlp.up_proj": 629.0917358398438,
    "model.layers.7.mlp.down_proj": 641.4849243164062,
    "model.layers.8.self_attn.q_proj": 403.72686767578125,
    "model.layers.8.self_attn.k_proj": 413.02508544921875,
    "model.layers.8.self_attn.v_proj": 470.0472717285156,
    "model.layers.8.self_attn.o_proj": 469.4117736816406,
    "model.layers.8.mlp.gate_proj": 560.4295043945312,
    "model.layers.8.mlp.up_proj": 615.4237060546875,
    "model.layers.8.mlp.down_proj": 595.9725952148438,
    "model.layers.9.self_attn.q_proj": 436.0369873046875,
    "model.layers.9.self_attn.k_proj": 399.09454345703125,
    "model.layers.9.self_attn.v_proj": 413.4344482421875,
    "model.layers.9.self_attn.o_proj": 348.7551574707031,
    "model.layers.9.mlp.gate_proj": 565.6063842773438,
    "model.layers.9.mlp.up_proj": 614.4373168945312,
    "model.layers.9.mlp.down_proj": 583.4940185546875,
    "model.layers.10.self_attn.q_proj": 360.34210205078125,
    "model.layers.10.self_attn.k_proj": 417.9970397949219,
    "model.layers.10.self_attn.v_proj": 417.679443359375,
    "model.layers.10.self_attn.o_proj": 397.6015319824219,
    "model.layers.10.mlp.gate_proj": 614.6990356445312,
    "model.layers.10.mlp.up_proj": 591.6651611328125,
    "model.layers.10.mlp.down_proj": 642.974853515625,
    "model.layers.11.self_attn.q_proj": 387.333251953125,
    "model.layers.11.self_attn.k_proj": 355.2340393066406,
    "model.layers.11.self_attn.v_proj": 422.5255126953125,
    "model.layers.11.self_attn.o_proj": 395.1380920410156,
    "model.layers.11.mlp.gate_proj": 608.5633544921875,
    "model.layers.11.mlp.up_proj": 570.7545776367188,
    "model.layers.11.mlp.down_proj": 630.5059814453125,
    "model.layers.12.self_attn.q_proj": 436.3302307128906,
    "model.layers.12.self_attn.k_proj": 359.3389587402344,
    "model.layers.12.self_attn.v_proj": 491.72357177734375,
    "model.layers.12.self_attn.o_proj": 376.85699462890625,
    "model.layers.12.mlp.gate_proj": 591.5848388671875,
    "model.layers.12.mlp.up_proj": 603.0367431640625,
    "model.layers.12.mlp.down_proj": 634.4132080078125,
    "model.layers.13.self_attn.q_proj": 420.15350341796875,
    "model.layers.13.self_attn.k_proj": 416.5693664550781,
    "model.layers.13.self_attn.v_proj": 481.2467346191406,
    "model.layers.13.self_attn.o_proj": 356.484375,
    "model.layers.13.mlp.gate_proj": 613.2216186523438,
    "model.layers.13.mlp.up_proj": 611.2859497070312,
    "model.layers.13.mlp.down_proj": 662.7722778320312,
    "model.layers.14.self_attn.q_proj": 420.7957763671875,
    "model.layers.14.self_attn.k_proj": 402.82257080078125,
    "model.layers.14.self_attn.v_proj": 445.9974365234375,
    "model.layers.14.self_attn.o_proj": 350.560546875,
    "model.layers.14.mlp.gate_proj": 596.1892700195312,
    "model.layers.14.mlp.up_proj": 609.9035034179688,
    "model.layers.14.mlp.down_proj": 637.2906494140625,
    "model.layers.15.self_attn.q_proj": 397.64337158203125,
    "model.layers.15.self_attn.k_proj": 412.01568603515625,
    "model.layers.15.self_attn.v_proj": 448.63116455078125,
    "model.layers.15.self_attn.o_proj": 397.8812561035156,
    "model.layers.15.mlp.gate_proj": 626.048095703125,
    "model.layers.15.mlp.up_proj": 605.0310668945312,
    "model.layers.15.mlp.down_proj": 636.3563842773438,
    "model.layers.16.self_attn.q_proj": 388.5072021484375,
    "model.layers.16.self_attn.k_proj": 379.2834777832031,
    "model.layers.16.self_attn.v_proj": 441.9533386230469,
    "model.layers.16.self_attn.o_proj": 351.85638427734375,
    "model.layers.16.mlp.gate_proj": 601.9271850585938,
    "model.layers.16.mlp.up_proj": 579.590576171875,
    "model.layers.16.mlp.down_proj": 656.0460815429688,
    "model.layers.17.self_attn.q_proj": 376.3580627441406,
    "model.layers.17.self_attn.k_proj": 394.0537109375,
    "model.layers.17.self_attn.v_proj": 452.8309326171875,
    "model.layers.17.self_attn.o_proj": 343.2498474121094,
    "model.layers.17.mlp.gate_proj": 618.2120361328125,
    "model.layers.17.mlp.up_proj": 608.780517578125,
    "model.layers.17.mlp.down_proj": 618.950439453125,
    "model.layers.18.self_attn.q_proj": 391.42010498046875,
    "model.layers.18.self_attn.k_proj": 388.5780029296875,
    "model.layers.18.self_attn.v_proj": 457.4064636230469,
    "model.layers.18.self_attn.o_proj": 432.8105163574219,
    "model.layers.18.mlp.gate_proj": 613.8265991210938,
    "model.layers.18.mlp.up_proj": 613.8439331054688,
    "model.layers.18.mlp.down_proj": 622.0679321289062,
    "model.layers.19.self_attn.q_proj": 400.89935302734375,
    "model.layers.19.self_attn.k_proj": 359.61181640625,
    "model.layers.19.self_attn.v_proj": 436.0950012207031,
    "model.layers.19.self_attn.o_proj": 376.4811706542969,
    "model.layers.19.mlp.gate_proj": 627.2399291992188,
    "model.layers.19.mlp.up_proj": 591.1272583007812,
    "model.layers.19.mlp.down_proj": 644.9672241210938,