{
    "model.layers.0.self_attn.q_proj": 400.9043884277344,
    "model.layers.0.self_attn.k_proj": 398.6498107910156,
    "model.layers.0.self_attn.v_proj": 408.8558044433594,
    "model.layers.0.self_attn.o_proj": 400.230712890625,
    "model.layers.0.mlp.gate_proj": 629.9525756835938,
    "model.layers.0.mlp.up_proj": 635.5342407226562,
    "model.layers.0.mlp.down_proj": 604.9970092773438,
    "model.layers.1.self_attn.q_proj": 405.4491271972656,
    "model.layers.1.self_attn.k_proj": 406.44329833984375,
    "model.layers.1.self_attn.v_proj": 411.9184875488281,
    "model.layers.1.self_attn.o_proj": 396.9057922363281,
    "model.layers.1.mlp.gate_proj": 636.2526245117188,
    "model.layers.1.mlp.up_proj": 630.8811645507812,
    "model.layers.1.mlp.down_proj": 607.129638671875,
    "model.layers.2.self_attn.q_proj": 417.4294738769531,
    "model.layers.2.self_attn.k_proj": 387.65399169921875,
    "model.layers.2.self_attn.v_proj": 392.4252014160156,
    "model.layers.2.self_attn.o_proj": 439.4273681640625,
    "model.layers.2.mlp.gate_proj": 615.542724609375,
    "model.layers.2.mlp.up_proj": 628.81005859375,
    "model.layers.2.mlp.down_proj": 593.745849609375,
    "model.layers.3.self_attn.q_proj": 393.99151611328125,
    "model.layers.3.self_attn.k_proj": 408.4955749511719,
    "model.layers.3.self_attn.v_proj": 387.7870788574219,
    "model.layers.3.self_attn.o_proj": 411.898681640625,
    "model.layers.3.mlp.gate_proj": 617.0452880859375,
    "model.layers.3.mlp.up_proj": 625.3093872070312,
    "model.layers.3.mlp.down_proj": 589.371337890625,
    "model.layers.4.self_attn.q_proj": 402.0464172363281,
    "model.layers.4.self_attn.k_proj": 412.205810546875,
    "model.layers.4.self_attn.v_proj": 399.7285461425781,
    "model.layers.4.self_attn.o_proj": 423.78387451171875,
    "model.layers.4.mlp.gate_proj": 643.0924072265625,
    "model.layers.4.mlp.up_proj": 639.1251831054688,
    "model.layers.4.mlp.down_proj": 621.9320068359375,
    "model.layers.5.self_attn.q_proj": 414.7012634277344,
    "model.layers.5.self_attn.k_proj": 401.9562683105469,
    "model.layers.5.self_attn.v_proj": 411.34014892578125,
    "model.layers.5.self_attn.o_proj": 399.40960693359375,
    "model.layers.5.mlp.gate_proj": 581.3379516601562,
    "model.layers.5.mlp.up_proj": 566.802001953125,
    "model.layers.5.mlp.down_proj": 589.8739624023438,
    "model.layers.6.self_attn.q_proj": 404.6640930175781,
    "model.layers.6.self_attn.k_proj": 406.70294189453125,
    "model.layers.6.self_attn.v_proj": 406.45404052734375,
    "model.layers.6.self_attn.o_proj": 393.4586486816406,
    "model.layers.6.mlp.gate_proj": 609.7736206054688,
    "model.layers.6.mlp.up_proj": 570.421142578125,
    "model.layers.6.mlp.down_proj": 630.21240234375,
    "model.layers.7.self_attn.q_proj": 401.9035949707031,
    "model.layers.7.self_attn.k_proj": 416.2548522949219,
    "model.layers.7.self_attn.v_proj": 431.3015441894531,
    "model.layers.7.self_attn.o_proj": 393.5860290527344,
    "model.layers.7.mlp.gate_proj": 616.732421875,
    "model.layers.7.mlp.up_proj": 591.7357788085938,
    "model.layers.7.mlp.down_proj": 617.1946411132812,
    "model.layers.8.self_attn.q_proj": 392.2425231933594,
    "model.layers.8.self_attn.k_proj": 390.01934814453125,
    "model.layers.8.self_attn.v_proj": 425.10736083984375,
    "model.layers.8.self_attn.o_proj": 402.7571716308594,
    "model.layers.8.mlp.gate_proj": 608.5986328125,
    "model.layers.8.mlp.up_proj": 627.0054931640625,
    "model.layers.8.mlp.down_proj": 606.3375244140625,
    "model.layers.9.self_attn.q_proj": 404.0107421875,
    "model.layers.9.self_attn.k_proj": 396.1319274902344,
    "model.layers.9.self_attn.v_proj": 420.41021728515625,
    "model.layers.9.self_attn.o_proj": 415.7244567871094,
    "model.layers.9.mlp.gate_proj": 587.417724609375,
    "model.layers.9.mlp.up_proj": 625.1384887695312,
    "model.layers.9.mlp.down_proj": 571.9227905273438,
    "model.layers.10.self_attn.q_proj": 402.4880065917969,
    "model.layers.10.self_attn.k_proj": 401.15911865234375,
    "model.layers.10.self_attn.v_proj": 413.1448974609375,
    "model.layers.10.self_attn.o_proj": 415.4275207519531,
    "model.layers.10.mlp.gate_proj": 595.7672729492188,
    "model.layers.10.mlp.up_proj": 605.409423828125,
    "model.layers.10.mlp.down_proj": 602.7965087890625,
    "model.layers.11.self_attn.q_proj": 391.4645690917969,
    "model.layers.11.self_attn.k_proj": 400.89453125,
    "model.layers.11.self_attn.v_proj": 409.2403869628906,
    "model.layers.11.self_attn.o_proj": 389.4998474121094,
    "model.layers.11.mlp.gate_proj": 590.6517333984375,
    "model.layers.11.mlp.up_proj": 573.8326416015625,
    "model.layers.11.mlp.down_proj": 623.9638671875,
    "model.layers.12.self_attn.q_proj": 406.0191650390625,
    "model.layers.12.self_attn.k_proj": 407.03497314453125,
    "model.layers.12.self_attn.v_proj": 408.2633056640625,
    "model.layers.12.self_attn.o_proj": 397.0422058105469,
    "model.layers.12.mlp.gate_proj": 606.4502563476562,
    "model.layers.12.mlp.up_proj": 589.5467529296875,
    "model.layers.12.mlp.down_proj": 611.1153564453125,
    "model.layers.13.self_attn.q_proj": 402.2853698730469,
    "model.layers.13.self_attn.k_proj": 400.4659118652344,
    "model.layers.13.self_attn.v_proj": 431.63458251953125,
    "model.layers.13.self_attn.o_proj": 399.6437683105469,
    "model.layers.13.mlp.gate_proj": 600.3314819335938,
    "model.layers.13.mlp.up_proj": 596.970458984375,
    "model.layers.13.mlp.down_proj": 614.064697265625,
    "model.layers.14.self_attn.q_proj": 404.08172607421875,
    "model.layers.14.self_attn.k_proj": 399.5942077636719,
    "model.layers.14.self_attn.v_proj": 416.1203308105469,
    "model.layers.14.self_attn.o_proj": 396.89794921875,
    "model.layers.14.mlp.gate_proj": 599.2495727539062,
    "model.layers.14.mlp.up_proj": 602.22607421875,
    "model.layers.14.mlp.down_proj": 605.4691162109375,
    "model.layers.15.self_attn.q_proj": 407.2056579589844,
    "model.layers.15.self_attn.k_proj": 403.0841369628906,
    "model.layers.15.self_attn.v_proj": 413.8492736816406,
    "model.layers.15.self_attn.o_proj": 408.5799560546875,
    "model.layers.15.mlp.gate_proj": 609.9589233398438,
    "model.layers.15.mlp.up_proj": 611.1743774414062,
    "model.layers.15.mlp.down_proj": 604.6632080078125,
    "model.layers.16.self_attn.q_proj": 400.10986328125,
    "model.layers.16.self_attn.k_proj": 400.0356140136719,
    "model.layers.16.self_attn.v_proj": 409.3931884765625,
    "model.layers.16.self_attn.o_proj": 401.73431396484375,
    "model.layers.16.mlp.gate_proj": 602.496826171875,
    "model.layers.16.mlp.up_proj": 589.031005859375,
    "model.layers.16.mlp.down_proj": 614.1474609375,
    "model.layers.17.self_attn.q_proj": 400.71673583984375,
    "model.layers.17.self_attn.k_proj": 402.594970703125,
    "model.layers.17.self_attn.v_proj": 411.76641845703125,
    "model.layers.17.self_attn.o_proj": 395.6170959472656,
    "model.layers.17.mlp.gate_proj": 611.4656372070312,
    "model.layers.17.mlp.up_proj": 609.7025756835938,
    "model.layers.17.mlp.down_proj": 617.388916015625,
    "model.layers.18.self_attn.q_proj": 402.0886535644531,
    "model.layers.18.self_attn.k_proj": 402.35400390625,
    "model.layers.18.self_attn.v_proj": 410.86981201171875,
    "model.layers.18.self_attn.o_proj": 405.864990234375,
    "model.layers.18.mlp.gate_proj": 605.5436401367188,
    "model.layers.18.mlp.up_proj": 603.1448974609375,
    "model.layers.18.mlp.down_proj": 601.33544921875,
    "model.layers.19.self_attn.q_proj": 402.1980895996094,
    "model.layers.19.self_attn.k_proj": 395.97857666015625,
    "model.layers.19.self_attn.v_proj": 405.68450927734375,
    "model.layers.19.self_attn.o_proj": 393.8504943847656,
    "model.layers.19.mlp.gate_proj": 598.0322875976562,
    "model.layers.19.mlp.up_proj": 598.5090942382812,
    "model.layers.19.mlp.down_proj": 602.083251953125,
    "model.layers.20.self_attn.q_proj": 404.8080139160156,