{
    "model.layers.0.self_attn.q_proj": 383.12677001953125,
    "model.layers.0.self_attn.k_proj": 404.121337890625,
    "model.layers.0.self_attn.v_proj": 395.2718200683594,
    "model.layers.0.self_attn.o_proj": 392.5694885253906,
    "model.layers.0.mlp.gate_proj": 660.0379638671875,
    "model.layers.0.mlp.up_proj": 650.146484375,
    "model.layers.0.mlp.down_proj": 593.8970336914062,
    "model.layers.1.self_attn.q_proj": 399.8381042480469,
    "model.layers.1.self_attn.k_proj": 425.0628662109375,
    "model.layers.1.self_attn.v_proj": 431.4863586425781,
    "model.layers.1.self_attn.o_proj": 377.0289306640625,
    "model.layers.1.mlp.gate_proj": 636.5944213867188,
    "model.layers.1.mlp.up_proj": 662.9721069335938,
    "model.layers.1.mlp.down_proj": 605.7576904296875,
    "model.layers.2.self_attn.q_proj": 409.2156677246094,
    "model.layers.2.self_attn.k_proj": 381.3473815917969,
    "model.layers.2.self_attn.v_proj": 377.46685791015625,
    "model.layers.2.self_attn.o_proj": 433.44781494140625,
    "model.layers.2.mlp.gate_proj": 636.4075927734375,
    "model.layers.2.mlp.up_proj": 658.1449584960938,
    "model.layers.2.mlp.down_proj": 575.6455078125,
    "model.layers.3.self_attn.q_proj": 405.2419738769531,
    "model.layers.3.self_attn.k_proj": 422.2190856933594,
    "model.layers.3.self_attn.v_proj": 387.3140563964844,
    "model.layers.3.self_attn.o_proj": 402.1880187988281,
    "model.layers.3.mlp.gate_proj": 638.5079345703125,
    "model.layers.3.mlp.up_proj": 636.0565795898438,
    "model.layers.3.mlp.down_proj": 607.0335083007812,
    "model.layers.4.self_attn.q_proj": 430.5989074707031,
    "model.layers.4.self_attn.k_proj": 415.54913330078125,
    "model.layers.4.self_attn.v_proj": 410.3912353515625,
    "model.layers.4.self_attn.o_proj": 427.8706359863281,
    "model.layers.4.mlp.gate_proj": 668.9829711914062,
    "model.layers.4.mlp.up_proj": 654.2267456054688,
    "model.layers.4.mlp.down_proj": 655.4306640625,
    "model.layers.5.self_attn.q_proj": 398.2576904296875,
    "model.layers.5.self_attn.k_proj": 388.9673156738281,
    "model.layers.5.self_attn.v_proj": 427.0418395996094,
    "model.layers.5.self_attn.o_proj": 397.634521484375,
    "model.layers.5.mlp.gate_proj": 580.273193359375,
    "model.layers.5.mlp.up_proj": 595.4830932617188,
    "model.layers.5.mlp.down_proj": 613.741455078125,
    "model.layers.6.self_attn.q_proj": 395.04925537109375,
    "model.layers.6.self_attn.k_proj": 394.8787536621094,
    "model.layers.6.self_attn.v_proj": 425.1257629394531,
    "model.layers.6.self_attn.o_proj": 408.3802795410156,
    "model.layers.6.mlp.gate_proj": 603.3290405273438,
    "model.layers.6.mlp.up_proj": 593.11962890625,
    "model.layers.6.mlp.down_proj": 611.2457275390625,
    "model.layers.7.self_attn.q_proj": 412.18011474609375,
    "model.layers.7.self_attn.k_proj": 407.0653076171875,
    "model.layers.7.self_attn.v_proj": 458.3195495605469,
    "model.layers.7.self_attn.o_proj": 408.7479248046875,
    "model.layers.7.mlp.gate_proj": 632.7821044921875,
    "model.layers.7.mlp.up_proj": 611.941162109375,
    "model.layers.7.mlp.down_proj": 613.9610595703125,
    "model.layers.8.self_attn.q_proj": 392.91845703125,
    "model.layers.8.self_attn.k_proj": 393.234130859375,
    "model.layers.8.self_attn.v_proj": 429.685302734375,
    "model.layers.8.self_attn.o_proj": 424.7154846191406,
    "model.layers.8.mlp.gate_proj": 606.2357177734375,
    "model.layers.8.mlp.up_proj": 623.4104614257812,
    "model.layers.8.mlp.down_proj": 624.359130859375,
    "model.layers.9.self_attn.q_proj": 408.9490051269531,
    "model.layers.9.self_attn.k_proj": 398.59783935546875,
    "model.layers.9.self_attn.v_proj": 408.6628723144531,
    "model.layers.9.self_attn.o_proj": 405.6148986816406,
    "model.layers.9.mlp.gate_proj": 586.7504272460938,
    "model.layers.9.mlp.up_proj": 629.1914672851562,
    "model.layers.9.mlp.down_proj": 584.2982177734375,
    "model.layers.10.self_attn.q_proj": 389.1482238769531,
    "model.layers.10.self_attn.k_proj": 427.1324768066406,
    "model.layers.10.self_attn.v_proj": 396.6798095703125,
    "model.layers.10.self_attn.o_proj": 422.7445373535156,
    "model.layers.10.mlp.gate_proj": 596.7723388671875,
    "model.layers.10.mlp.up_proj": 593.7119750976562,
    "model.layers.10.mlp.down_proj": 610.440673828125,
    "model.layers.11.self_attn.q_proj": 384.30859375,
    "model.layers.11.self_attn.k_proj": 391.4684143066406,
    "model.layers.11.self_attn.v_proj": 428.7011413574219,
    "model.layers.11.self_attn.o_proj": 380.408935546875,
    "model.layers.11.mlp.gate_proj": 596.5407104492188,
    "model.layers.11.mlp.up_proj": 575.4603271484375,
    "model.layers.11.mlp.down_proj": 638.43603515625,
    "model.layers.12.self_attn.q_proj": 401.218994140625,
    "model.layers.12.self_attn.k_proj": 390.5964660644531,
    "model.layers.12.self_attn.v_proj": 426.7012023925781,
    "model.layers.12.self_attn.o_proj": 398.29058837890625,
    "model.layers.12.mlp.gate_proj": 604.411376953125,
    "model.layers.12.mlp.up_proj": 582.2835693359375,
    "model.layers.12.mlp.down_proj": 625.1468505859375,
    "model.layers.13.self_attn.q_proj": 411.98016357421875,
    "model.layers.13.self_attn.k_proj": 413.7508544921875,
    "model.layers.13.self_attn.v_proj": 457.6263732910156,
    "model.layers.13.self_attn.o_proj": 383.36749267578125,
    "model.layers.13.mlp.gate_proj": 603.140869140625,
    "model.layers.13.mlp.up_proj": 609.2423095703125,
    "model.layers.13.mlp.down_proj": 643.46435546875,
    "model.layers.14.self_attn.q_proj": 407.004150390625,
    "model.layers.14.self_attn.k_proj": 402.0917663574219,
    "model.layers.14.self_attn.v_proj": 431.6824035644531,
    "model.layers.14.self_attn.o_proj": 376.6099853515625,
    "model.layers.14.mlp.gate_proj": 594.6404418945312,
    "model.layers.14.mlp.up_proj": 607.2727661132812,
    "model.layers.14.mlp.down_proj": 620.5925903320312,
    "model.layers.15.self_attn.q_proj": 401.3134765625,
    "model.layers.15.self_attn.k_proj": 397.0525817871094,
    "model.layers.15.self_attn.v_proj": 415.0627136230469,
    "model.layers.15.self_attn.o_proj": 405.292724609375,
    "model.layers.15.mlp.gate_proj": 620.5596923828125,
    "model.layers.15.mlp.up_proj": 608.8592529296875,
    "model.layers.15.mlp.down_proj": 613.0930786132812,
    "model.layers.16.self_attn.q_proj": 394.6807861328125,
    "model.layers.16.self_attn.k_proj": 396.3125305175781,
    "model.layers.16.self_attn.v_proj": 419.7725830078125,
    "model.layers.16.self_attn.o_proj": 391.38983154296875,
    "model.layers.16.mlp.gate_proj": 600.6281127929688,
    "model.layers.16.mlp.up_proj": 584.9942016601562,
    "model.layers.16.mlp.down_proj": 623.4097900390625,
    "model.layers.17.self_attn.q_proj": 393.66864013671875,
    "model.layers.17.self_attn.k_proj": 398.814208984375,
    "model.layers.17.self_attn.v_proj": 427.80267333984375,
    "model.layers.17.self_attn.o_proj": 380.6334533691406,
    "model.layers.17.mlp.gate_proj": 615.3928833007812,
    "model.layers.17.mlp.up_proj": 613.7542114257812,
    "model.layers.17.mlp.down_proj": 621.5108642578125,
    "model.layers.18.self_attn.q_proj": 395.8876953125,
    "model.layers.18.self_attn.k_proj": 398.9291687011719,
    "model.layers.18.self_attn.v_proj": 417.3319091796875,
    "model.layers.18.self_attn.o_proj": 411.2800598144531,
    "model.layers.18.mlp.gate_proj": 610.075927734375,
    "model.layers.18.mlp.up_proj": 603.0250854492188,
    "model.layers.18.mlp.down_proj": 610.4600830078125,
    "model.layers.19.self_attn.q_proj": 405.7598876953125,
    "model.layers.19.self_attn.k_proj": 385.3943786621094,
    "model.layers.19.self_attn.v_proj": 408.976318359375,
    "model.layers.19.self_attn.o_proj": 387.0135803222656,
    "model.layers.19.mlp.gate_proj": 605.8204956054688,
    "model.layers.19.mlp.up_proj": 589.6803588867188,
    "model.layers.19.mlp.down_proj": 617.08642578125,
    "model.layers.20.self_attn.q_proj": 396.28076171875,