{
    "model.layers.0.self_attn.q_proj": 353.5255432128906,
    "model.layers.0.self_attn.k_proj": 413.6031188964844,
    "model.layers.0.self_attn.v_proj": 366.509033203125,
    "model.layers.0.self_attn.o_proj": 383.17901611328125,
    "model.layers.0.mlp.gate_proj": 687.3486328125,
    "model.layers.0.mlp.up_proj": 646.4815673828125,
    "model.layers.0.mlp.down_proj": 579.742431640625,
    "model.layers.1.self_attn.q_proj": 432.6453857421875,
    "model.layers.1.self_attn.k_proj": 399.5859069824219,
    "model.layers.1.self_attn.v_proj": 418.56097412109375,
    "model.layers.1.self_attn.o_proj": 344.1400451660156,
    "model.layers.1.mlp.gate_proj": 632.6253662109375,
    "model.layers.1.mlp.up_proj": 700.9876098632812,
    "model.layers.1.mlp.down_proj": 634.0979614257812,
    "model.layers.2.self_attn.q_proj": 439.7432556152344,
    "model.layers.2.self_attn.k_proj": 406.1491394042969,
    "model.layers.2.self_attn.v_proj": 398.87261962890625,
    "model.layers.2.self_attn.o_proj": 406.0284423828125,
    "model.layers.2.mlp.gate_proj": 660.4689331054688,
    "model.layers.2.mlp.up_proj": 684.1359252929688,
    "model.layers.2.mlp.down_proj": 575.0286254882812,
    "model.layers.3.self_attn.q_proj": 373.96734619140625,
    "model.layers.3.self_attn.k_proj": 398.94012451171875,
    "model.layers.3.self_attn.v_proj": 376.5263977050781,
    "model.layers.3.self_attn.o_proj": 431.3048400878906,
    "model.layers.3.mlp.gate_proj": 647.0205688476562,
    "model.layers.3.mlp.up_proj": 677.1182250976562,
    "model.layers.3.mlp.down_proj": 606.8290405273438,
    "model.layers.4.self_attn.q_proj": 442.1800842285156,
    "model.layers.4.self_attn.k_proj": 416.7904052734375,
    "model.layers.4.self_attn.v_proj": 414.9310607910156,
    "model.layers.4.self_attn.o_proj": 464.87750244140625,
    "model.layers.4.mlp.gate_proj": 707.1416015625,
    "model.layers.4.mlp.up_proj": 616.708251953125,
    "model.layers.4.mlp.down_proj": 670.5907592773438,
    "model.layers.5.self_attn.q_proj": 376.2511901855469,
    "model.layers.5.self_attn.k_proj": 397.9073486328125,
    "model.layers.5.self_attn.v_proj": 419.3521423339844,
    "model.layers.5.self_attn.o_proj": 390.92388916015625,
    "model.layers.5.mlp.gate_proj": 585.4259033203125,
    "model.layers.5.mlp.up_proj": 592.3482666015625,
    "model.layers.5.mlp.down_proj": 643.2890625,
    "model.layers.6.self_attn.q_proj": 428.18658447265625,
    "model.layers.6.self_attn.k_proj": 368.0124816894531,
    "model.layers.6.self_attn.v_proj": 471.6297607421875,
    "model.layers.6.self_attn.o_proj": 419.6867370605469,
    "model.layers.6.mlp.gate_proj": 595.2888793945312,
    "model.layers.6.mlp.up_proj": 606.2622680664062,
    "model.layers.6.mlp.down_proj": 583.6337280273438,
    "model.layers.7.self_attn.q_proj": 384.6264953613281,
    "model.layers.7.self_attn.k_proj": 379.45550537109375,
    "model.layers.7.self_attn.v_proj": 473.3475341796875,
    "model.layers.7.self_attn.o_proj": 455.3785095214844,
    "model.layers.7.mlp.gate_proj": 657.2448120117188,
    "model.layers.7.mlp.up_proj": 610.9029541015625,
    "model.layers.7.mlp.down_proj": 616.857421875,
    "model.layers.8.self_attn.q_proj": 407.1015319824219,
    "model.layers.8.self_attn.k_proj": 398.6817626953125,
    "model.layers.8.self_attn.v_proj": 458.47711181640625,
    "model.layers.8.self_attn.o_proj": 448.7027893066406,
    "model.layers.8.mlp.gate_proj": 580.467529296875,
    "model.layers.8.mlp.up_proj": 621.5460815429688,
    "model.layers.8.mlp.down_proj": 598.3549194335938,
    "model.layers.9.self_attn.q_proj": 427.4196472167969,
    "model.layers.9.self_attn.k_proj": 395.8916015625,
    "model.layers.9.self_attn.v_proj": 410.7667541503906,
    "model.layers.9.self_attn.o_proj": 358.4190979003906,
    "model.layers.9.mlp.gate_proj": 588.0263061523438,
    "model.layers.9.mlp.up_proj": 609.3509521484375,
    "model.layers.9.mlp.down_proj": 583.5714111328125,
    "model.layers.10.self_attn.q_proj": 364.5086975097656,
    "model.layers.10.self_attn.k_proj": 417.497802734375,
    "model.layers.10.self_attn.v_proj": 408.79571533203125,
    "model.layers.10.self_attn.o_proj": 403.6766662597656,
    "model.layers.10.mlp.gate_proj": 607.70849609375,
    "model.layers.10.mlp.up_proj": 586.6106567382812,
    "model.layers.10.mlp.down_proj": 626.381591796875,
    "model.layers.11.self_attn.q_proj": 389.3476257324219,
    "model.layers.11.self_attn.k_proj": 357.2599792480469,
    "model.layers.11.self_attn.v_proj": 425.19781494140625,
    "model.layers.11.self_attn.o_proj": 383.1206359863281,
    "model.layers.11.mlp.gate_proj": 602.0810546875,
    "model.layers.11.mlp.up_proj": 565.5647583007812,
    "model.layers.11.mlp.down_proj": 625.9453125,
    "model.layers.12.self_attn.q_proj": 417.28717041015625,
    "model.layers.12.self_attn.k_proj": 355.09466552734375,
    "model.layers.12.self_attn.v_proj": 460.0816650390625,
    "model.layers.12.self_attn.o_proj": 384.0910949707031,
    "model.layers.12.mlp.gate_proj": 587.94140625,
    "model.layers.12.mlp.up_proj": 583.6754760742188,
    "model.layers.12.mlp.down_proj": 636.4248657226562,
    "model.layers.13.self_attn.q_proj": 427.0446472167969,
    "model.layers.13.self_attn.k_proj": 418.3386535644531,
    "model.layers.13.self_attn.v_proj": 461.8049621582031,
    "model.layers.13.self_attn.o_proj": 362.4332275390625,
    "model.layers.13.mlp.gate_proj": 608.1273803710938,
    "model.layers.13.mlp.up_proj": 613.710205078125,
    "model.layers.13.mlp.down_proj": 659.2875366210938,
    "model.layers.14.self_attn.q_proj": 414.6706237792969,
    "model.layers.14.self_attn.k_proj": 409.7022705078125,
    "model.layers.14.self_attn.v_proj": 438.6461486816406,
    "model.layers.14.self_attn.o_proj": 355.5704345703125,
    "model.layers.14.mlp.gate_proj": 594.4532470703125,
    "model.layers.14.mlp.up_proj": 613.3401489257812,
    "model.layers.14.mlp.down_proj": 627.0333862304688,
    "model.layers.15.self_attn.q_proj": 395.7713928222656,
    "model.layers.15.self_attn.k_proj": 411.9486389160156,
    "model.layers.15.self_attn.v_proj": 424.9390869140625,
    "model.layers.15.self_attn.o_proj": 399.10382080078125,
    "model.layers.15.mlp.gate_proj": 620.1053466796875,
    "model.layers.15.mlp.up_proj": 602.8287963867188,
    "model.layers.15.mlp.down_proj": 621.8622436523438,
    "model.layers.16.self_attn.q_proj": 390.64642333984375,
    "model.layers.16.self_attn.k_proj": 381.00567626953125,
    "model.layers.16.self_attn.v_proj": 424.79754638671875,
    "model.layers.16.self_attn.o_proj": 369.5205078125,
    "model.layers.16.mlp.gate_proj": 597.4465942382812,
    "model.layers.16.mlp.up_proj": 575.94482421875,
    "model.layers.16.mlp.down_proj": 645.414794921875,
    "model.layers.17.self_attn.q_proj": 389.699462890625,
    "model.layers.17.self_attn.k_proj": 398.5944519042969,
    "model.layers.17.self_attn.v_proj": 429.9497375488281,
    "model.layers.17.self_attn.o_proj": 352.0849304199219,
    "model.layers.17.mlp.gate_proj": 617.2819213867188,
    "model.layers.17.mlp.up_proj": 609.154296875,
    "model.layers.17.mlp.down_proj": 618.0293579101562,
    "model.layers.18.self_attn.q_proj": 394.7359619140625,
    "model.layers.18.self_attn.k_proj": 390.7008361816406,
    "model.layers.18.self_attn.v_proj": 445.1340637207031,
    "model.layers.18.self_attn.o_proj": 431.37457275390625,
    "model.layers.18.mlp.gate_proj": 611.0750122070312,
    "model.layers.18.mlp.up_proj": 608.3936157226562,
    "model.layers.18.mlp.down_proj": 610.340576171875,
    "model.layers.19.self_attn.q_proj": 400.95843505859375,
    "model.layers.19.self_attn.k_proj": 365.572021484375,
    "model.layers.19.self_attn.v_proj": 428.6076965332031,
    "model.layers.19.self_attn.o_proj": 386.17730712890625,
    "model.layers.19.mlp.gate_proj": 621.4674072265625,
    "model.layers.19.mlp.up_proj": 585.2418212890625,
    "model.layers.19.mlp.down_proj": 626.8544311523438,
    "model.layers.20.self_attn.q_proj": 391.3984680175781,