{
    "model.layers.0.self_attn.q_proj": 351.1427307128906,
    "model.layers.0.self_attn.k_proj": 414.1860046386719,
    "model.layers.0.self_attn.v_proj": 365.9723205566406,
    "model.layers.0.self_attn.o_proj": 381.7264709472656,
    "model.layers.0.mlp.gate_proj": 688.7094116210938,
    "model.layers.0.mlp.up_proj": 645.58154296875,
    "model.layers.0.mlp.down_proj": 579.0147094726562,
    "model.layers.1.self_attn.q_proj": 434.96429443359375,
    "model.layers.1.self_attn.k_proj": 398.5049743652344,
    "model.layers.1.self_attn.v_proj": 421.11077880859375,
    "model.layers.1.self_attn.o_proj": 342.50830078125,
    "model.layers.1.mlp.gate_proj": 629.41259765625,
    "model.layers.1.mlp.up_proj": 695.3427124023438,
    "model.layers.1.mlp.down_proj": 633.4923706054688,
    "model.layers.2.self_attn.q_proj": 446.8883972167969,
    "model.layers.2.self_attn.k_proj": 404.21392822265625,
    "model.layers.2.self_attn.v_proj": 401.0342712402344,
    "model.layers.2.self_attn.o_proj": 405.1632385253906,
    "model.layers.2.mlp.gate_proj": 668.2049560546875,
    "model.layers.2.mlp.up_proj": 682.8150634765625,
    "model.layers.2.mlp.down_proj": 574.3797607421875,
    "model.layers.3.self_attn.q_proj": 371.1503601074219,
    "model.layers.3.self_attn.k_proj": 399.9582824707031,
    "model.layers.3.self_attn.v_proj": 371.9111022949219,
    "model.layers.3.self_attn.o_proj": 436.4630432128906,
    "model.layers.3.mlp.gate_proj": 649.1751708984375,
    "model.layers.3.mlp.up_proj": 669.8231811523438,
    "model.layers.3.mlp.down_proj": 616.4144287109375,
    "model.layers.4.self_attn.q_proj": 442.7403869628906,
    "model.layers.4.self_attn.k_proj": 418.0635681152344,
    "model.layers.4.self_attn.v_proj": 414.392822265625,
    "model.layers.4.self_attn.o_proj": 475.94366455078125,
    "model.layers.4.mlp.gate_proj": 700.2535400390625,
    "model.layers.4.mlp.up_proj": 605.417236328125,
    "model.layers.4.mlp.down_proj": 667.405517578125,
    "model.layers.5.self_attn.q_proj": 373.58502197265625,
    "model.layers.5.self_attn.k_proj": 416.6473693847656,
    "model.layers.5.self_attn.v_proj": 408.4139099121094,
    "model.layers.5.self_attn.o_proj": 393.78814697265625,
    "model.layers.5.mlp.gate_proj": 596.4332885742188,
    "model.layers.5.mlp.up_proj": 585.5966796875,
    "model.layers.5.mlp.down_proj": 644.6449584960938,
    "model.layers.6.self_attn.q_proj": 431.295654296875,
    "model.layers.6.self_attn.k_proj": 354.4976501464844,
    "model.layers.6.self_attn.v_proj": 482.363525390625,
    "model.layers.6.self_attn.o_proj": 420.3990478515625,
    "model.layers.6.mlp.gate_proj": 606.9104614257812,
    "model.layers.6.mlp.up_proj": 616.9625854492188,
    "model.layers.6.mlp.down_proj": 583.0285034179688,
    "model.layers.7.self_attn.q_proj": 384.2308349609375,
    "model.layers.7.self_attn.k_proj": 379.1117248535156,
    "model.layers.7.self_attn.v_proj": 478.718017578125,
    "model.layers.7.self_attn.o_proj": 468.8294372558594,
    "model.layers.7.mlp.gate_proj": 659.4066772460938,
    "model.layers.7.mlp.up_proj": 608.2685546875,
    "model.layers.7.mlp.down_proj": 628.525146484375,
    "model.layers.8.self_attn.q_proj": 407.69769287109375,
    "model.layers.8.self_attn.k_proj": 400.37091064453125,
    "model.layers.8.self_attn.v_proj": 458.6449890136719,
    "model.layers.8.self_attn.o_proj": 455.0771484375,
    "model.layers.8.mlp.gate_proj": 569.0440063476562,
    "model.layers.8.mlp.up_proj": 620.186279296875,
    "model.layers.8.mlp.down_proj": 598.14794921875,
    "model.layers.9.self_attn.q_proj": 428.4869384765625,
    "model.layers.9.self_attn.k_proj": 396.5827331542969,
    "model.layers.9.self_attn.v_proj": 412.7786560058594,
    "model.layers.9.self_attn.o_proj": 350.63067626953125,
    "model.layers.9.mlp.gate_proj": 575.4544067382812,
    "model.layers.9.mlp.up_proj": 606.3451538085938,
    "model.layers.9.mlp.down_proj": 583.4910278320312,
    "model.layers.10.self_attn.q_proj": 362.1814270019531,
    "model.layers.10.self_attn.k_proj": 417.01983642578125,
    "model.layers.10.self_attn.v_proj": 411.4520263671875,
    "model.layers.10.self_attn.o_proj": 401.8073425292969,
    "model.layers.10.mlp.gate_proj": 611.610595703125,
    "model.layers.10.mlp.up_proj": 585.9086303710938,
    "model.layers.10.mlp.down_proj": 633.1139526367188,
    "model.layers.11.self_attn.q_proj": 380.0036926269531,
    "model.layers.11.self_attn.k_proj": 357.1830749511719,
    "model.layers.11.self_attn.v_proj": 428.034912109375,
    "model.layers.11.self_attn.o_proj": 385.8561706542969,
    "model.layers.11.mlp.gate_proj": 606.5764770507812,
    "model.layers.11.mlp.up_proj": 568.2732543945312,
    "model.layers.11.mlp.down_proj": 628.0040893554688,
    "model.layers.12.self_attn.q_proj": 419.9299011230469,
    "model.layers.12.self_attn.k_proj": 353.4566650390625,
    "model.layers.12.self_attn.v_proj": 464.9140319824219,
    "model.layers.12.self_attn.o_proj": 381.2173767089844,
    "model.layers.12.mlp.gate_proj": 587.4733276367188,
    "model.layers.12.mlp.up_proj": 590.4729614257812,
    "model.layers.12.mlp.down_proj": 635.6307983398438,
    "model.layers.13.self_attn.q_proj": 426.8682861328125,
    "model.layers.13.self_attn.k_proj": 417.9251708984375,
    "model.layers.13.self_attn.v_proj": 466.799072265625,
    "model.layers.13.self_attn.o_proj": 360.28863525390625,
    "model.layers.13.mlp.gate_proj": 610.4487915039062,
    "model.layers.13.mlp.up_proj": 614.5827026367188,
    "model.layers.13.mlp.down_proj": 660.5458984375,
    "model.layers.14.self_attn.q_proj": 417.7542419433594,
    "model.layers.14.self_attn.k_proj": 409.5296936035156,
    "model.layers.14.self_attn.v_proj": 441.32171630859375,
    "model.layers.14.self_attn.o_proj": 354.75927734375,
    "model.layers.14.mlp.gate_proj": 594.6557006835938,
    "model.layers.14.mlp.up_proj": 613.8560180664062,
    "model.layers.14.mlp.down_proj": 630.4655151367188,
    "model.layers.15.self_attn.q_proj": 398.25482177734375,
    "model.layers.15.self_attn.k_proj": 413.8184509277344,
    "model.layers.15.self_attn.v_proj": 429.08062744140625,
    "model.layers.15.self_attn.o_proj": 399.2239990234375,
    "model.layers.15.mlp.gate_proj": 622.0422973632812,
    "model.layers.15.mlp.up_proj": 603.639892578125,
    "model.layers.15.mlp.down_proj": 626.6637573242188,
    "model.layers.16.self_attn.q_proj": 390.54058837890625,
    "model.layers.16.self_attn.k_proj": 380.43865966796875,
    "model.layers.16.self_attn.v_proj": 428.0583190917969,
    "model.layers.16.self_attn.o_proj": 364.52740478515625,
    "model.layers.16.mlp.gate_proj": 597.7301635742188,
    "model.layers.16.mlp.up_proj": 576.9943237304688,
    "model.layers.16.mlp.down_proj": 646.3259887695312,
    "model.layers.17.self_attn.q_proj": 389.1465759277344,
    "model.layers.17.self_attn.k_proj": 398.8660583496094,
    "model.layers.17.self_attn.v_proj": 438.0225524902344,
    "model.layers.17.self_attn.o_proj": 350.1220397949219,
    "model.layers.17.mlp.gate_proj": 617.433837890625,
    "model.layers.17.mlp.up_proj": 609.1876220703125,
    "model.layers.17.mlp.down_proj": 617.480224609375,
    "model.layers.18.self_attn.q_proj": 394.7982177734375,
    "model.layers.18.self_attn.k_proj": 390.4200134277344,
    "model.layers.18.self_attn.v_proj": 451.3325500488281,
    "model.layers.18.self_attn.o_proj": 433.6214294433594,
    "model.layers.18.mlp.gate_proj": 612.5994262695312,
    "model.layers.18.mlp.up_proj": 611.403076171875,
    "model.layers.18.mlp.down_proj": 613.6764526367188,
    "model.layers.19.self_attn.q_proj": 402.08258056640625,
    "model.layers.19.self_attn.k_proj": 364.4754638671875,
    "model.layers.19.self_attn.v_proj": 430.685546875,
    "model.layers.19.self_attn.o_proj": 382.7574462890625,
    "model.layers.19.mlp.gate_proj": 624.322998046875,
    "model.layers.19.mlp.up_proj": 588.123779296875,
    "model.layers.19.mlp.down_proj": 633.14013671875,