{
    "model.layers.0.self_attn.q_proj": 388.22662353515625,
    "model.layers.0.self_attn.k_proj": 399.8502197265625,
    "model.layers.0.self_attn.v_proj": 405.4467468261719,
    "model.layers.0.self_attn.o_proj": 392.0428771972656,
    "model.layers.0.mlp.gate_proj": 647.0635986328125,
    "model.layers.0.mlp.up_proj": 645.51171875,
    "model.layers.0.mlp.down_proj": 603.6248779296875,
    "model.layers.1.self_attn.q_proj": 394.620849609375,
    "model.layers.1.self_attn.k_proj": 414.1789855957031,
    "model.layers.1.self_attn.v_proj": 439.0596923828125,
    "model.layers.1.self_attn.o_proj": 388.15325927734375,
    "model.layers.1.mlp.gate_proj": 643.1920166015625,
    "model.layers.1.mlp.up_proj": 641.9991455078125,
    "model.layers.1.mlp.down_proj": 603.8751220703125,
    "model.layers.2.self_attn.q_proj": 409.0198669433594,
    "model.layers.2.self_attn.k_proj": 373.78704833984375,
    "model.layers.2.self_attn.v_proj": 385.22882080078125,
    "model.layers.2.self_attn.o_proj": 441.7212829589844,
    "model.layers.2.mlp.gate_proj": 629.6936645507812,
    "model.layers.2.mlp.up_proj": 644.069580078125,
    "model.layers.2.mlp.down_proj": 581.1849365234375,
    "model.layers.3.self_attn.q_proj": 406.7815856933594,
    "model.layers.3.self_attn.k_proj": 420.58837890625,
    "model.layers.3.self_attn.v_proj": 386.61309814453125,
    "model.layers.3.self_attn.o_proj": 404.8809814453125,
    "model.layers.3.mlp.gate_proj": 638.25244140625,
    "model.layers.3.mlp.up_proj": 630.9131469726562,
    "model.layers.3.mlp.down_proj": 603.7401123046875,
    "model.layers.4.self_attn.q_proj": 424.2855224609375,
    "model.layers.4.self_attn.k_proj": 413.4957275390625,
    "model.layers.4.self_attn.v_proj": 405.2378845214844,
    "model.layers.4.self_attn.o_proj": 423.5335998535156,
    "model.layers.4.mlp.gate_proj": 654.1602172851562,
    "model.layers.4.mlp.up_proj": 645.0488891601562,
    "model.layers.4.mlp.down_proj": 644.7402954101562,
    "model.layers.5.self_attn.q_proj": 404.0635070800781,
    "model.layers.5.self_attn.k_proj": 393.3826599121094,
    "model.layers.5.self_attn.v_proj": 423.611328125,
    "model.layers.5.self_attn.o_proj": 408.41595458984375,
    "model.layers.5.mlp.gate_proj": 580.2428588867188,
    "model.layers.5.mlp.up_proj": 587.09716796875,
    "model.layers.5.mlp.down_proj": 604.6306762695312,
    "model.layers.6.self_attn.q_proj": 404.50311279296875,
    "model.layers.6.self_attn.k_proj": 394.4466247558594,
    "model.layers.6.self_attn.v_proj": 409.9986877441406,
    "model.layers.6.self_attn.o_proj": 405.90283203125,
    "model.layers.6.mlp.gate_proj": 608.2099609375,
    "model.layers.6.mlp.up_proj": 582.3305053710938,
    "model.layers.6.mlp.down_proj": 618.4107666015625,
    "model.layers.7.self_attn.q_proj": 409.64105224609375,
    "model.layers.7.self_attn.k_proj": 413.545654296875,
    "model.layers.7.self_attn.v_proj": 452.8102722167969,
    "model.layers.7.self_attn.o_proj": 396.7510070800781,
    "model.layers.7.mlp.gate_proj": 620.4647216796875,
    "model.layers.7.mlp.up_proj": 606.4705200195312,
    "model.layers.7.mlp.down_proj": 615.643798828125,
    "model.layers.8.self_attn.q_proj": 380.02044677734375,
    "model.layers.8.self_attn.k_proj": 391.3893127441406,
    "model.layers.8.self_attn.v_proj": 425.7418212890625,
    "model.layers.8.self_attn.o_proj": 416.76348876953125,
    "model.layers.8.mlp.gate_proj": 603.5020751953125,
    "model.layers.8.mlp.up_proj": 631.079833984375,
    "model.layers.8.mlp.down_proj": 618.4722290039062,
    "model.layers.9.self_attn.q_proj": 406.259033203125,
    "model.layers.9.self_attn.k_proj": 387.1377868652344,
    "model.layers.9.self_attn.v_proj": 413.2715148925781,
    "model.layers.9.self_attn.o_proj": 411.8034973144531,
    "model.layers.9.mlp.gate_proj": 584.249267578125,
    "model.layers.9.mlp.up_proj": 629.8792114257812,
    "model.layers.9.mlp.down_proj": 578.70068359375,
    "model.layers.10.self_attn.q_proj": 393.5936584472656,
    "model.layers.10.self_attn.k_proj": 421.2500305175781,
    "model.layers.10.self_attn.v_proj": 394.8917236328125,
    "model.layers.10.self_attn.o_proj": 420.59063720703125,
    "model.layers.10.mlp.gate_proj": 591.0477905273438,
    "model.layers.10.mlp.up_proj": 595.122314453125,
    "model.layers.10.mlp.down_proj": 606.6982421875,
    "model.layers.11.self_attn.q_proj": 383.91229248046875,
    "model.layers.11.self_attn.k_proj": 388.0256652832031,
    "model.layers.11.self_attn.v_proj": 422.0103454589844,
    "model.layers.11.self_attn.o_proj": 379.7242736816406,
    "model.layers.11.mlp.gate_proj": 590.2537231445312,
    "model.layers.11.mlp.up_proj": 573.35107421875,
    "model.layers.11.mlp.down_proj": 633.2081298828125,
    "model.layers.12.self_attn.q_proj": 401.2970275878906,
    "model.layers.12.self_attn.k_proj": 397.4094543457031,
    "model.layers.12.self_attn.v_proj": 420.5257263183594,
    "model.layers.12.self_attn.o_proj": 399.41278076171875,
    "model.layers.12.mlp.gate_proj": 604.252197265625,
    "model.layers.12.mlp.up_proj": 582.3829956054688,
    "model.layers.12.mlp.down_proj": 615.931884765625,
    "model.layers.13.self_attn.q_proj": 407.0478820800781,
    "model.layers.13.self_attn.k_proj": 408.4588928222656,
    "model.layers.13.self_attn.v_proj": 449.60150146484375,
    "model.layers.13.self_attn.o_proj": 385.3686828613281,
    "model.layers.13.mlp.gate_proj": 600.0337524414062,
    "model.layers.13.mlp.up_proj": 604.2176513671875,
    "model.layers.13.mlp.down_proj": 636.0512084960938,
    "model.layers.14.self_attn.q_proj": 403.70233154296875,
    "model.layers.14.self_attn.k_proj": 399.3543395996094,
    "model.layers.14.self_attn.v_proj": 426.8462219238281,
    "model.layers.14.self_attn.o_proj": 382.9775085449219,
    "model.layers.14.mlp.gate_proj": 592.8690795898438,
    "model.layers.14.mlp.up_proj": 602.108154296875,
    "model.layers.14.mlp.down_proj": 615.6709594726562,
    "model.layers.15.self_attn.q_proj": 401.8271789550781,
    "model.layers.15.self_attn.k_proj": 395.7687683105469,
    "model.layers.15.self_attn.v_proj": 413.67034912109375,
    "model.layers.15.self_attn.o_proj": 405.2015380859375,
    "model.layers.15.mlp.gate_proj": 616.5712280273438,
    "model.layers.15.mlp.up_proj": 607.5951538085938,
    "model.layers.15.mlp.down_proj": 609.6314697265625,
    "model.layers.16.self_attn.q_proj": 393.44970703125,
    "model.layers.16.self_attn.k_proj": 396.7125244140625,
    "model.layers.16.self_attn.v_proj": 412.5052490234375,
    "model.layers.16.self_attn.o_proj": 391.29669189453125,
    "model.layers.16.mlp.gate_proj": 598.028564453125,
    "model.layers.16.mlp.up_proj": 584.2740478515625,
    "model.layers.16.mlp.down_proj": 618.258056640625,
    "model.layers.17.self_attn.q_proj": 393.3414001464844,
    "model.layers.17.self_attn.k_proj": 397.5450744628906,
    "model.layers.17.self_attn.v_proj": 420.3742370605469,
    "model.layers.17.self_attn.o_proj": 382.8447570800781,
    "model.layers.17.mlp.gate_proj": 609.5316162109375,
    "model.layers.17.mlp.up_proj": 611.2022705078125,
    "model.layers.17.mlp.down_proj": 617.9960327148438,
    "model.layers.18.self_attn.q_proj": 394.72698974609375,
    "model.layers.18.self_attn.k_proj": 397.4349060058594,
    "model.layers.18.self_attn.v_proj": 412.5361328125,
    "model.layers.18.self_attn.o_proj": 407.11859130859375,
    "model.layers.18.mlp.gate_proj": 606.3578491210938,
    "model.layers.18.mlp.up_proj": 601.346923828125,
    "model.layers.18.mlp.down_proj": 605.3825073242188,
    "model.layers.19.self_attn.q_proj": 402.9610595703125,
    "model.layers.19.self_attn.k_proj": 388.06402587890625,
    "model.layers.19.self_attn.v_proj": 406.34674072265625,
    "model.layers.19.self_attn.o_proj": 387.3528137207031,
    "model.layers.19.mlp.gate_proj": 601.109375,
    "model.layers.19.mlp.up_proj": 589.781005859375,
    "model.layers.19.mlp.down_proj": 612.6103515625,
    "model.layers.20.self_attn.q_proj": 396.3927001953125,