{
    "model.layers.0.self_attn.q_proj": 350.4489440917969,
    "model.layers.0.self_attn.k_proj": 407.4338684082031,
    "model.layers.0.self_attn.v_proj": 364.938232421875,
    "model.layers.0.self_attn.o_proj": 376.167724609375,
    "model.layers.0.mlp.gate_proj": 690.9908447265625,
    "model.layers.0.mlp.up_proj": 645.6148071289062,
    "model.layers.0.mlp.down_proj": 585.0464477539062,
    "model.layers.1.self_attn.q_proj": 432.2055358886719,
    "model.layers.1.self_attn.k_proj": 397.95751953125,
    "model.layers.1.self_attn.v_proj": 448.3616943359375,
    "model.layers.1.self_attn.o_proj": 344.7795104980469,
    "model.layers.1.mlp.gate_proj": 628.4987182617188,
    "model.layers.1.mlp.up_proj": 693.2896728515625,
    "model.layers.1.mlp.down_proj": 634.5239868164062,
    "model.layers.2.self_attn.q_proj": 450.3831481933594,
    "model.layers.2.self_attn.k_proj": 412.9190673828125,
    "model.layers.2.self_attn.v_proj": 407.0198059082031,
    "model.layers.2.self_attn.o_proj": 405.50286865234375,
    "model.layers.2.mlp.gate_proj": 679.6260375976562,
    "model.layers.2.mlp.up_proj": 682.9671020507812,
    "model.layers.2.mlp.down_proj": 574.7984619140625,
    "model.layers.3.self_attn.q_proj": 372.0235290527344,
    "model.layers.3.self_attn.k_proj": 394.98089599609375,
    "model.layers.3.self_attn.v_proj": 384.7714538574219,
    "model.layers.3.self_attn.o_proj": 442.6490783691406,
    "model.layers.3.mlp.gate_proj": 649.5625610351562,
    "model.layers.3.mlp.up_proj": 663.33935546875,
    "model.layers.3.mlp.down_proj": 624.8065185546875,
    "model.layers.4.self_attn.q_proj": 444.7447204589844,
    "model.layers.4.self_attn.k_proj": 416.1692199707031,
    "model.layers.4.self_attn.v_proj": 413.52362060546875,
    "model.layers.4.self_attn.o_proj": 488.76611328125,
    "model.layers.4.mlp.gate_proj": 699.7752075195312,
    "model.layers.4.mlp.up_proj": 595.2422485351562,
    "model.layers.4.mlp.down_proj": 669.3856201171875,
    "model.layers.5.self_attn.q_proj": 371.12030029296875,
    "model.layers.5.self_attn.k_proj": 449.8918151855469,
    "model.layers.5.self_attn.v_proj": 399.1908264160156,
    "model.layers.5.self_attn.o_proj": 400.9560241699219,
    "model.layers.5.mlp.gate_proj": 610.7518310546875,
    "model.layers.5.mlp.up_proj": 567.9644775390625,
    "model.layers.5.mlp.down_proj": 647.4410400390625,
    "model.layers.6.self_attn.q_proj": 424.70013427734375,
    "model.layers.6.self_attn.k_proj": 346.07244873046875,
    "model.layers.6.self_attn.v_proj": 492.8918762207031,
    "model.layers.6.self_attn.o_proj": 409.6289367675781,
    "model.layers.6.mlp.gate_proj": 619.8623657226562,
    "model.layers.6.mlp.up_proj": 625.0958862304688,
    "model.layers.6.mlp.down_proj": 583.38330078125,
    "model.layers.7.self_attn.q_proj": 384.2691650390625,
    "model.layers.7.self_attn.k_proj": 379.1451416015625,
    "model.layers.7.self_attn.v_proj": 470.1908264160156,
    "model.layers.7.self_attn.o_proj": 474.279541015625,
    "model.layers.7.mlp.gate_proj": 649.8397827148438,
    "model.layers.7.mlp.up_proj": 634.5504760742188,
    "model.layers.7.mlp.down_proj": 641.5393676757812,
    "model.layers.8.self_attn.q_proj": 401.0431213378906,
    "model.layers.8.self_attn.k_proj": 412.4539489746094,
    "model.layers.8.self_attn.v_proj": 487.1239929199219,
    "model.layers.8.self_attn.o_proj": 475.48223876953125,
    "model.layers.8.mlp.gate_proj": 561.4451293945312,
    "model.layers.8.mlp.up_proj": 605.1541748046875,
    "model.layers.8.mlp.down_proj": 594.3611450195312,
    "model.layers.9.self_attn.q_proj": 440.3932189941406,
    "model.layers.9.self_attn.k_proj": 400.1454772949219,
    "model.layers.9.self_attn.v_proj": 411.26947021484375,
    "model.layers.9.self_attn.o_proj": 349.6273193359375,
    "model.layers.9.mlp.gate_proj": 565.3442993164062,
    "model.layers.9.mlp.up_proj": 619.5973510742188,
    "model.layers.9.mlp.down_proj": 588.0516357421875,
    "model.layers.10.self_attn.q_proj": 361.57342529296875,
    "model.layers.10.self_attn.k_proj": 416.3458557128906,
    "model.layers.10.self_attn.v_proj": 420.3371276855469,
    "model.layers.10.self_attn.o_proj": 390.5082092285156,
    "model.layers.10.mlp.gate_proj": 619.9627075195312,
    "model.layers.10.mlp.up_proj": 591.00146484375,
    "model.layers.10.mlp.down_proj": 644.2199096679688,
    "model.layers.11.self_attn.q_proj": 396.8852233886719,
    "model.layers.11.self_attn.k_proj": 358.32830810546875,
    "model.layers.11.self_attn.v_proj": 422.1876525878906,
    "model.layers.11.self_attn.o_proj": 398.1541748046875,
    "model.layers.11.mlp.gate_proj": 602.5376586914062,
    "model.layers.11.mlp.up_proj": 566.0565185546875,
    "model.layers.11.mlp.down_proj": 628.4154052734375,
    "model.layers.12.self_attn.q_proj": 436.0504150390625,
    "model.layers.12.self_attn.k_proj": 366.322021484375,
    "model.layers.12.self_attn.v_proj": 499.3615417480469,
    "model.layers.12.self_attn.o_proj": 372.60260009765625,
    "model.layers.12.mlp.gate_proj": 588.8504638671875,
    "model.layers.12.mlp.up_proj": 601.9965209960938,
    "model.layers.12.mlp.down_proj": 636.8673706054688,
    "model.layers.13.self_attn.q_proj": 409.7977294921875,
    "model.layers.13.self_attn.k_proj": 414.3676452636719,
    "model.layers.13.self_attn.v_proj": 486.799072265625,
    "model.layers.13.self_attn.o_proj": 353.907470703125,
    "model.layers.13.mlp.gate_proj": 610.9174194335938,
    "model.layers.13.mlp.up_proj": 607.2406005859375,
    "model.layers.13.mlp.down_proj": 662.938232421875,
    "model.layers.14.self_attn.q_proj": 417.72955322265625,
    "model.layers.14.self_attn.k_proj": 397.80816650390625,
    "model.layers.14.self_attn.v_proj": 446.4371032714844,
    "model.layers.14.self_attn.o_proj": 346.6882629394531,
    "model.layers.14.mlp.gate_proj": 592.9256591796875,
    "model.layers.14.mlp.up_proj": 610.4150390625,
    "model.layers.14.mlp.down_proj": 637.0311889648438,
    "model.layers.15.self_attn.q_proj": 393.3959655761719,
    "model.layers.15.self_attn.k_proj": 406.0794982910156,
    "model.layers.15.self_attn.v_proj": 452.2454528808594,
    "model.layers.15.self_attn.o_proj": 392.64483642578125,
    "model.layers.15.mlp.gate_proj": 624.7470092773438,
    "model.layers.15.mlp.up_proj": 601.7869873046875,
    "model.layers.15.mlp.down_proj": 639.6163940429688,
    "model.layers.16.self_attn.q_proj": 382.7960510253906,
    "model.layers.16.self_attn.k_proj": 373.3929138183594,
    "model.layers.16.self_attn.v_proj": 445.3261413574219,
    "model.layers.16.self_attn.o_proj": 347.9585876464844,
    "model.layers.16.mlp.gate_proj": 601.3298950195312,
    "model.layers.16.mlp.up_proj": 578.056396484375,
    "model.layers.16.mlp.down_proj": 659.1693725585938,
    "model.layers.17.self_attn.q_proj": 369.3606262207031,
    "model.layers.17.self_attn.k_proj": 392.4046325683594,
    "model.layers.17.self_attn.v_proj": 453.3226013183594,
    "model.layers.17.self_attn.o_proj": 337.3846130371094,
    "model.layers.17.mlp.gate_proj": 615.0030517578125,
    "model.layers.17.mlp.up_proj": 604.4857788085938,
    "model.layers.17.mlp.down_proj": 617.4647827148438,
    "model.layers.18.self_attn.q_proj": 386.9261474609375,
    "model.layers.18.self_attn.k_proj": 383.63531494140625,
    "model.layers.18.self_attn.v_proj": 454.9770202636719,
    "model.layers.18.self_attn.o_proj": 428.3428039550781,
    "model.layers.18.mlp.gate_proj": 610.669677734375,
    "model.layers.18.mlp.up_proj": 610.7908935546875,
    "model.layers.18.mlp.down_proj": 625.7803955078125,
    "model.layers.19.self_attn.q_proj": 397.6231689453125,
    "model.layers.19.self_attn.k_proj": 354.5776062011719,
    "model.layers.19.self_attn.v_proj": 435.174560546875,
    "model.layers.19.self_attn.o_proj": 371.6758728027344,
    "model.layers.19.mlp.gate_proj": 624.6068115234375,
    "model.layers.19.mlp.up_proj": 587.9599609375,
    "model.layers.19.mlp.down_proj": 642.5259399414062,